D1,D2,D3,Label
-0.19250644981038073,-0.08313256174194572,-0.07865681745137315,0
-0.30187952306120036,-0.19751813755493217,0.06910659748053997,0
0.11544631465797833,0.051088433920731535,-0.08781556899319815,0
0.15627819063534068,0.2682656429533963,0.08914500463379692,0
0.1329517371305854,0.10850984617951687,-0.11841069537583596,0
-0.042959249538796394,0.05947433920939831,-0.08007886021932506,0
-0.007288832141889304,0.02149578330190159,0.11916174797843493,0
-0.029154696136252885,-0.04351057122708586,-0.1329075892454545,0
0.1368242680287551,-0.07453523380795632,0.02960810083303328,0
0.08719673488267038,0.16667799076488313,-0.07224256125845074,0
0.005837771980704074,0.0846059918652163,0.14202394248947547,0
0.07081236283128302,0.08872492297210745,0.007453260097776696,0
0.136030603397752,-0.1337405619627179,0.002057869943629003,0
0.037452505272166134,0.10267417827625672,-0.09934317247521073,0
-0.10855167946423785,-0.036140665800759905,-0.015292360098366957,0
-0.0074794914445132825,0.019679610003027696,0.07085881749700952,0
-0.04266565501982131,-0.041654171717570354,0.1248141270201864,0
-0.1591847288616188,-0.14859381184662954,-0.056177205973066593,0
-0.20458564600786958,0.008375572276467552,0.19268698549049246,0
0.014871256099989164,0.14304298651907052,0.027404420335658482,0
-0.1045382122238908,-0.10893721510090722,-0.1336388120628113,0
0.04143215007054392,0.11774669513296986,-0.013801202375195354,0
-0.08002148300104912,0.160569014017514,-0.03930885818857991,0
0.08030278646747248,-0.009398792897223824,-0.13266764227102082,0
0.0885075041426785,0.13931785454246157,0.023017700735321875,0
0.03822621141833038,0.03240552543827168,0.014373243403565428,0
-0.11992640930491333,-0.15935437775614136,0.07833574132077309,0
-0.20412527590777985,0.023737888609058566,0.01660069142226944,0
0.2141861457996631,0.12865450439010082,0.0843352577604566,0
-0.005345460228944405,0.14563810316978357,0.1673181473679059,0
0.20492663308238318,-0.279846028809634,0.07277721613210165,0
-0.023760244649637507,0.026011457398086697,-0.1402938814712452,0
-0.11791143385328935,0.037157692816692504,0.16135345071070403,0
0.000381842748735191,-0.10220556032585384,-0.008632624886207491,0
-0.12333371670837567,-0.13047456225905013,0.10956083175141473,0
0.004694664869575337,0.11149968245801654,-0.057677581120334304,0
0.1645894371231227,0.1360699636732636,-0.22343649386850425,0
0.09012759138878725,0.0924402009938831,-0.04844197576538878,0
0.3100969551187694,0.0311896979571817,0.06313918892048484,0
0.03708480695387392,0.07507568043288172,0.04872481139113425,0
0.03482981312485577,-0.01660670657452768,0.2180244070774563,0
-0.09027846477038957,0.06201027521979261,0.04349634076448702,0
-0.09296628437469089,0.09328561626034099,0.10519939828180971,0
0.027654000624419386,0.043351202066229166,0.09831332169137405,0
-0.08878052343125459,-0.10345170906929631,0.045561225277078454,0
-0.03132890447402386,0.06563841139174224,0.07094483566680675,0
-0.030420308225350585,-0.14950769703013214,0.30216782997050695,0
-0.11553833316193558,0.15120585478453133,0.01039298542456812,0
0.23403069890702036,0.1641886085556621,0.03113504205987963,0
-0.19401215592164645,0.017816959757499903,0.24637107235492617,0
0.015619020660676768,-0.0348971022694516,0.04082357092117389,0
0.10003005760005262,-0.07035087317448026,0.1317540603246277,0
0.11375543557366702,0.09867865208869236,0.020480235707092818,0
-0.04147559601689877,0.02137051832511962,0.06523562873770598,0
-0.10318733186058925,-0.21859453517401917,-0.05257906472981481,0
0.24780202371749743,-0.1714249852112902,0.09480470787602413,0
0.22227452991236626,0.04399816482671324,-0.09361236244507937,0
0.01800762488574206,0.023087846631738136,-0.05365933630612757,0
0.005161167546249193,-0.11437030619007843,-0.04022348119523236,0
0.013230574445475256,-0.06597954632880096,-0.17584088568078773,0
-0.11123575085393496,-0.03255572712938341,0.05475906264812679,0
-0.001576889465045249,-0.030603778607774593,-0.011471811356290846,0
0.11388359861283302,-0.09762785067175869,-0.05659776551059186,0
0.07828972849722188,0.07593069721117318,-0.2059458111245466,0
-0.09352105606807995,0.07423890365278353,-0.09222420343991648,0
0.0816469979945203,-0.06827257392447716,-0.024508704309041972,0
-0.0821518011242197,0.04734465882805914,-0.0948045198000703,0
-0.1641545149753898,-0.02302828705379146,-0.02973383734427732,0
0.03932832934745938,-0.16819247187572173,0.06947068657527862,0
4.068687931683568,-3.9908739340350774,0.10213855567888648,1
0.15288996245701283,0.08115897800361153,0.034735000107745766,0
-0.08398689685333505,-0.10473959111460321,0.1551769788665368,0
0.1106313138415998,-0.005875826964991932,0.13956943859632973,0
0.05854940180914177,-0.1431381895386224,0.06804718224075357,0
0.02876183510971611,-0.05330675208993799,-0.024459114129439317,0
-0.04082113003783445,-0.029547580903995785,-0.08974032457794368,0
-0.0228812880699083,0.0924743679769668,-0.1223053724248791,0
0.053379604313539886,0.0001851467239563608,0.13228339686164306,0
0.03628524047067793,0.15653466386737336,0.08107039310104924,0
-0.12089141540333015,-0.1281130472967573,0.015411431270924937,0
-0.05890422527075398,0.02023504204780188,-0.03838277772996457,0
-0.008100093739124811,-0.036856526051219564,-0.14635366969829966,0
0.10097336223493647,0.20242742927220864,-0.016184271168118696,0
0.04874460695993359,0.03227618682508706,-0.20503959065862787,0
-0.002661276366775354,0.10173160908933983,0.04595278015959663,0
-0.025274251476111294,0.014348356140290872,-0.2023350079351884,0
4.163207758398132,0.0002826259529068644,-0.08134862045066553,1
-0.04671124860494832,0.03499033924102621,0.07559375926814649,0
-0.07922513500841075,0.11802688043402032,0.14957082955210502,0
-0.04597440799639441,0.07292314556785617,0.04669991191993859,0
0.03681197966163168,0.06462111117314898,0.0014278091164704166,0
0.0006028550825019776,0.008995541520202597,-0.14854637883135532,0
-0.0558305124694066,-0.1638112498958948,-0.2009833875481824,0
-0.047917383720977924,0.011152420553630376,0.11577857287914502,0
0.055021553348354395,-0.02436457806947722,-0.006983468046003952,0
0.04959296919726817,0.07320979102790058,-0.06072473168311579,0
0.03340832884901645,0.03199655934199849,-0.15440951269213632,0
-0.09555959984772731,-0.08852854329686527,-0.041333501579727414,0
0.0015220227714146262,-0.022865589727129598,-0.050081710544780625,0
0.12532379789139636,2.1914320845422466e-05,0.044960681866111206,0
-0.0735900637902722,-0.07901274077530095,-0.2078729379966433,0
0.1746606272229141,0.04857712100579692,0.13546260389045917,0
0.024810301459803077,-0.10730703850976797,-0.08197767859680355,0
0.09904992738405,0.05690914261346566,0.009493742200539987,0
-0.10230518912095272,-0.0733340383287316,0.059690283790805924,0
0.14328297455751998,-0.13677581218914717,-0.07970622118425091,0
0.009864330944737564,-0.06628042815248346,0.13220776825735456,0
0.045830148252383296,-0.08471500461228822,0.03880977280738506,0
0.07669404545304287,-0.11151955127835084,-0.021177230274683375,0
0.1679651223150558,-0.042164192782515465,0.012522686034900608,0
-0.01091099376213063,-4.167398273416254,0.06615060704779917,1
0.0706242504102666,0.13671261569733018,-0.07679144512862418,0
0.02788190854626221,0.022302892085195355,0.1071853972754559,0
-0.1462396541932785,-0.15116651406439408,0.06481967778309358,0
-0.1102464215471351,0.1004190654322985,-0.27315229955685794,0
-0.13511691965950065,-0.17217563684315818,0.02221105609982477,0
-0.005896891079041292,-0.1537941814296522,0.14978999027881063,0
0.03263761801742714,0.00538288359257141,-0.003554499095316707,0
0.06057781913426709,-0.04844468855068432,0.05473001205549233,0
0.11000455665771061,-0.053129412090519336,0.07828663947176429,0
0.03619022958593807,0.01572207124788805,0.1350364354436337,0
-0.11884839010043576,0.003395897831278249,0.11368718203737689,0
0.18788355367218468,-0.009789908135637774,-0.10702817408359025,0
0.02582693128871191,0.05876141606092278,-0.0851539699855579,0
-0.053039957873671974,0.05641192126597129,-0.1452277942857446,0
-0.15528099975648568,0.17026262094976635,-0.09693001323024479,0
0.06603080206024908,-0.0045401476099601835,-0.011416494006808593,0
-0.1477226763015061,0.1950315608402497,-0.043504324845833026,0
0.1284563852013831,-0.029565688505417038,0.053249892029927484,0
0.030328371320507003,-0.0014869826427698332,-0.011840258140823028,0
-0.17464921841302478,0.06850839971776553,-0.0322714710441927,0
-0.03994212709668019,0.08883261726181511,-0.01999097342320079,0
0.1906254584827631,0.029963721079247475,0.0930673730647622,0
-0.18983524859691753,-0.009806560929978666,0.013099903909411448,0
-0.05170182847052301,0.10467672228403604,-0.000584389956962154,0
-0.21488657841532077,-0.14536373962209298,-0.06881921514888742,0
0.013091409264377976,-0.04601340640922415,-0.13892696345341798,0
0.18677707887005995,0.10656779678654366,-0.02386214655480913,0
-0.005728545172860373,0.18338597927329747,-0.15683202116789768,0
-0.015617426916330203,-0.014628212354283063,0.16059138375081572,0
-0.035388300085504296,-0.06432586680366781,0.03492728309351912,0
-0.031201021490574733,-0.11412370920829457,0.09443545932089384,0
-0.039121876982048054,0.12410298438110541,0.08987265139799336,0
0.06617662796065238,-0.07733985476033056,0.008592448387857096,0
0.10462930927558534,0.13529186118887787,0.010283478396368256,0
-0.24450450490303194,0.16001323554628996,0.002782003132067396,0
-0.2737119094352514,-0.09217823372174948,0.08206104660049855,0
0.10037246850315328,0.24563344352363958,-0.3101295485722584,0
0.10023787245290477,0.13173804155560379,-0.17655815630140298,0
-0.15358227785193723,0.10648993575144826,0.07120425604932218,0
-0.03529272488036099,0.1367209564186959,0.061671880555747786,0
0.029624776715323653,0.14320446875008075,-0.02546230219052811,0
0.06734833836993913,0.01552310805888264,0.05262269714664099,0
0.007506591848575707,-0.14022718084630686,-0.1111870085900216,0
0.02549741005327368,-0.002458825889688554,-0.19993456933035572,0
-0.02861217483707138,-0.08264740425442668,0.03162096278419354,0
0.07360549193688412,-0.014132819597417632,0.16662170875406482,0
-0.008423272286890403,-0.13442745550284327,-0.18968629831457126,0
-0.03176180287293877,0.1310391525390906,-0.051965196173912945,0
-0.04105796502525977,-0.06827004894709618,-0.013807753780721172,0
-0.07779058109393738,0.025234039827201134,-0.12412146018049285,0
0.0638990576373326,-0.06980601380564148,-0.11982013753458108,0
0.02525834565710265,0.19255352572153253,0.02373176672043035,0
0.020735221862054537,0.09675280850712385,-0.05455946563223051,0
-0.037040971814785745,-0.051148347265085076,-0.036007336122552074,0
0.06900778731821201,-0.016711705616571922,-0.06295379197776682,0
0.02319338690055988,0.094210516236758,0.09018047054691092,0
-0.12230539607852085,0.018437459052106864,0.005105131712694926,0
-0.25977473214887803,0.11225125780685091,0.0013440303859430115,0
-0.057111715461087835,-0.026250481409491634,-0.15243056753813777,0
-0.016081856945479495,-0.004135138909608529,-0.009163346493504974,0
0.20548609247879895,0.05648479189863719,-0.21396055084741042,0
0.1369242355488585,0.050750173312807706,0.1499403435869636,0
0.07697395356377859,0.014630371815422667,0.1032710710057127,0
0.24231657988632122,0.024512844949067216,0.022879078618418897,0
-0.05912988795411409,-0.00882153126220706,-0.088836854609436,0
0.015528180431941553,0.01979745168524037,-0.0635112085569628,0
0.0801042309976923,0.07572574511081118,0.0890203937879137,0
-0.004448479313778214,0.04949037674521576,0.14300305791959653,0
-0.021356634240823933,-0.015010261229034615,0.1024125477801326,0
0.04005429801527377,0.08597264223264417,-0.01314382266306727,0
-0.018787722501741058,0.14381443472488656,-0.039665346058334494,0
0.1155819801078235,-0.04092878964203961,-0.11016647100128221,0
-0.2015411542036465,0.0356377112170848,-0.003908249458663255,0
0.04457861923237002,0.16300169451820878,-0.03217913115981914,0
0.17056273598421068,-0.24822987357046333,0.13141441933052495,0
-0.06335939899657264,0.10610079924206005,-0.07627770097244439,0
-0.08517744296790382,-0.04752873575179453,0.060007936231670084,0
0.030824000990593355,-0.008051152448563182,-0.06266066652217396,0
-0.003977993018535824,-0.02395885500306999,0.0014941474659393966,0
0.04755996937918855,-0.02529996171105447,0.06330896299457028,0
-0.052492007613284555,0.06383297098214817,0.049751032490342836,0
0.02445672584380168,0.14530824333214828,-0.08649192717176699,0
0.06970760314534527,0.12607511016583126,0.02519236729049057,0
-0.23470751090130723,0.13030735432391843,-0.02982346851587857,0
-0.005863155646854273,-0.09687275274788437,0.058019594336947714,0
0.04884374855865926,0.03354274760637674,0.07906141708013693,0
-0.12452450470815249,0.04444578784416187,0.12717587093955435,0
-0.13314513625855637,0.13146163554912468,0.010437189804328707,0
0.08650566941317135,0.08138381562376656,0.0495153629139865,0
-0.0724724176463259,0.03851448772913895,3.991773665748623,1
0.026648493811683195,0.01382680938196631,-0.03511871250590048,0
0.07807874242206715,0.045797252593255816,0.03170914604026153,0
0.07916991977831074,-0.04665511894349587,0.09562006498394568,0
-0.16272415466294665,0.04303784326613829,-0.01186708121143591,0
0.01903604282957767,0.16679366385514066,-0.2955677943808424,0
-0.06877039818681961,-0.05222589515893771,-0.12180177143433964,0
-0.2158348211287,-0.00849466164710806,0.07736610755565704,0
0.029351036706623153,0.019741229915987733,0.04454211081380349,0
0.07787189680750223,-0.006119842426268288,-0.1007465145269727,0
-0.04425537072775435,0.01921988119849959,0.077911135823173,0
0.05656741222402985,-0.14762431140312723,0.04629633753135353,0
0.031415024533624124,-0.04823854438256443,0.04944454748377958,0
0.01892255222393506,-0.048569692950600644,-0.03827358224968063,0
-0.18850820717694738,-0.07855001142667833,0.11065915423706185,0
0.059519800233356616,-0.10464250646426516,0.09271353987411851,0
-0.14057016935079034,-0.09470196001899689,-0.15059397517320344,0
-0.15918246710102835,0.18378909443392905,-0.0959809518627686,0
-0.07466896273348442,0.0840357494893523,0.09300784037650175,0
0.1217003886841809,0.24695731028823165,0.07004364370073227,0
0.05833958181535286,-0.16293193226093616,-0.0416082180333221,0
0.1401422583874035,0.10262839341083174,0.041508111815423174,0
-0.03323407262082055,-0.2060173673072809,0.09679361610111278,0
0.0534611519849657,-0.02528336907623953,-0.04211580216406455,0
-0.04379501510465547,-0.001619178869498538,-0.02823924975080512,0
-0.057887656318062065,0.05693656882475369,0.06180628320981514,0
0.04836615009682777,-0.0776468570827505,-0.08969059462684648,0
-0.007290279243796706,0.010392625655868853,0.0012885575166689156,0
-0.1879171994656977,-0.007692988074982159,-0.00896812416918887,0
0.05354866440868557,-0.02962439443274112,-0.046617109824189165,0
-0.05936547767371834,-0.11920930440937623,-0.000520484289756145,0
0.19017581448036375,-0.03648395988270215,-0.06539085389824056,0
-0.0008072117714551588,-0.05986755942026472,0.00467719125691663,0
0.02459466238259775,0.11304048673061184,-0.042920916009227914,0
-0.1525998788925307,-0.03892218187338509,-0.0759514818944996,0
0.10762625027988289,-0.13522059615147047,-0.001642119166382268,0
0.06398508891323629,0.03863290672459199,0.05772616026643225,0
-0.09942654873791151,0.006986814356814822,0.005101649259662878,0
-0.0390434221287234,-0.04804448493158323,-0.019101278716110476,0
-0.1318909158521955,-0.07743276319085868,0.023287004583766407,0
0.19087656623783633,-0.14830162613105863,-0.025867015568466323,0
-0.12832539368078935,0.16694736813690575,0.09558118046144903,0
0.11063120570497237,0.07258292408243414,-0.09829567943726444,0
-0.10455814101086434,0.049762474949628814,-0.01588388017224989,0
0.2419752157187113,0.05584802986053096,0.11273582565748666,0
0.1648923211325512,-0.12961426895151199,0.048022502811299675,0
0.09417507039722248,0.1690529642287932,-0.03004778405060864,0
-0.016746220109197695,-0.014439797615872416,-0.04440546802725942,0
-0.05548925728439811,-0.051549307570887375,0.10404002215304592,0
0.06262484573781733,0.04820593727371213,0.022600814686741254,0
0.03411556522116535,0.17483722036615928,0.04632865814937036,0
-0.10827108504334987,0.14399890944750224,-0.044496901067300754,0
0.11144368640266292,-0.16095420734120836,0.0639586681288008,0
0.04452178712737237,0.12626318370463907,-0.12184474286243524,0
-0.04136008645357553,0.24283273203594644,-0.19615380179910671,0
-0.009797931424799584,0.0653223428357466,0.018540356404198554,0
0.05242231048532486,0.023514990059623698,-0.14103217726902076,0
0.06345536404316852,0.13095438224161557,0.02783421510706321,0
0.008814316595660761,-0.03822535291588313,0.09575382374401346,0
0.018190823684315762,0.12171147740516984,0.12227896489639123,0
-0.1716258442569262,0.22845930303156334,-0.07687218235415261,0
0.18939036030158637,-0.047071681086315625,-0.037080722596004444,0
-0.005531063390701613,0.028345466922252895,0.15227218101735804,0
-0.10705000048022402,-0.08923468520495587,-0.09263109225557092,0
0.07093295010973732,0.15541742125511002,0.06299308085637664,0
-0.1507167690955637,-0.05745556864168603,0.012962759896610927,0
-0.014894239106789987,0.0007587162710732101,0.06412869104023618,0
-0.2790695099545998,4.111235751510222,-0.04218788254547462,1
-0.030915150526404356,-0.06142199193270875,-0.0493959563333242,0
-0.09554714820156794,-0.14327572845459022,0.05532015108695307,0
-0.008046852732288909,-0.021549364975591345,0.019303913437309004,0
0.113723151206313,0.0397225752330821,0.1463565597034255,0
0.12788920823440073,-0.10131459475308058,0.004094968567778009,0
-0.043688750562107775,0.10473356761055375,-0.0023633674734937294,0
0.14522804414520782,-0.038926635075781424,0.1604339738912816,0
0.17912774815128307,0.036600588292684644,-0.02228357333234525,0
0.11223342904465244,-0.01613014236344107,0.0036916196937697462,0
-0.1097078417979293,0.07369669400642202,0.04422437468064225,0
-0.055881279966383215,0.12153610026540063,0.0033083173139043798,0
0.10417467863061558,-0.20235347374220966,-0.10206034037199313,0
-0.15593168539368227,0.08562556727285942,-0.00029344757842344983,0
0.09865560967416638,-0.03755463055677646,0.01152619613125882,0
0.004690119220223485,0.03819975267585479,-0.16620109479040301,0
0.2350537095035514,0.11536094071083314,-0.007380442696327025,0
0.0027409313366239443,-0.06671039457230092,0.05759037184427997,0
0.07426133191768496,0.012134483041785455,-0.04082597630599232,0
-0.04170170954909958,-0.18065118889716916,-0.17831829377299135,0
-0.12715630191674798,0.07081391492348099,-0.09117123161342404,0
0.009463827591201271,-0.007449102407431393,-0.07825753506458684,0
-0.07754999395279703,0.18031818449527326,-0.02131732376583558,0
0.08798240850744082,0.04636107169972809,0.09526517986105103,0
0.0880807711338415,-0.07909019326375155,0.05139076894108685,0
0.031081827612327157,-0.07408894631713539,-0.19180619058631296,0
-0.017446195312638507,0.06931468428341558,-0.021487853640622556,0
0.009478274736645934,0.02851589312355777,0.02616080411375936,0
-0.0567684731042421,-0.08157284755334127,-0.012117516374420462,0
-0.013135690062196424,-0.015811726730102713,-0.1031691440841547,0
0.021175959150210324,-0.18473811763906822,0.042661949081851946,0
0.04340798473985432,-0.036130902057986324,-0.022714878363045775,0
-0.03129507544925165,0.06282466332568841,-0.07343221696930949,0
0.017887288825750646,-0.019552735947404726,0.11009733690605182,0
-0.10690045958215588,-0.09631981789229754,0.0056546665343738325,0
0.017018493405980037,0.03686897513358778,-0.14889791638100208,0
0.1945476589077128,-0.26451050336921,0.12108018320702725,0
0.028925032446005236,0.054975765878348105,0.1550934883444061,0
-0.013151030486569838,-0.11364731984572657,-0.05268872748289798,0
-0.036531855111617224,-0.004865328467875995,-0.09917688961761179,0
-0.12970211241653892,0.23769606403881022,0.10033811697812423,0
0.026860747378981517,0.24383247732924823,0.07827646030452678,0
0.06399688418017188,0.14442082912312004,-0.1517117543066289,0
0.022194510850991254,0.00868214591331822,0.048723789449786635,0
-0.05672583836813086,-0.23668638082331156,-0.08349783185077797,0
0.003539913278082404,0.09490636442489485,0.1825481739347099,0
-0.04224098751538277,-0.07818315200116015,0.0154424567855714,0
0.11908860076169184,-0.22038699399413797,-0.03568877586087083,0
-0.04520434071009424,0.17540340126853624,0.14870695235546558,0
0.08994444266573255,0.14105225607778388,-0.007267878246782111,0
-0.059077883142302515,0.029523260299013268,-0.10606583764453228,0
-0.0890603710582627,0.012263087488871493,0.21108978085738755,0
0.00045152096755207396,-0.028521288135733732,0.03764238521139322,0
0.006923345739040481,0.09553227219518529,-0.10357094111230565,0
-0.053453629683408166,0.023979847551204195,-0.05691002432605764,0
0.09584209483272421,0.003909636635564146,0.1481195313748931,0
-0.14136043327507294,0.1040684272988237,-0.09411754775200559,0
-0.019935768593619677,0.04079696577012713,0.05992266675299647,0
0.0013283593106119687,0.05169491192308782,0.037637260421617275,0
-0.07708669623313305,0.012262467641987556,-0.03849442087426905,0
0.026903686308358765,-0.010367628112728816,0.1202919784456613,0
-0.14388018389981858,-0.030022243331084456,-0.023073254114817067,0
-0.1468536492236935,-0.13333743002815582,0.16049204713672294,0
0.019035297925712,-0.07124051745801245,-0.017560902385693657,0
0.01496100596166225,-0.10632640725672655,0.023478564322557956,0
0.11192526009857132,-0.05620831901197113,0.04276711401631986,0
0.040365307161698595,0.07709966627436658,0.027583240997140997,0
0.0131427113797494,0.008318734950842809,0.04054215305647054,0
0.0207612630657573,-0.01782751959111306,-0.0025304658286438787,0
0.0457600974595075,-0.0623808364110677,0.09143414993371007,0
-0.12979028362877806,0.07038215718517787,-0.035190750755373,0
0.05205759532527726,-0.12052503418053973,-0.15516453534267352,0
-0.015516480714178663,0.01060960960465579,-0.0644036806004267,0
0.05437314836072298,0.023852814674814093,-0.023528528935222726,0
-0.14562227527920565,-0.13308215640467833,-0.04352693613287806,0
0.09819552390671858,0.03410921569422875,-0.09885589722030831,0
0.1318452307082309,0.07324085987420152,0.025385451693046224,0
0.04009947197490297,0.03459076395636628,0.02996391733242343,0
0.23072806323298323,-0.16785344992878415,-3.9498613233675903,1
-0.146328871165265,-0.13465679540465098,-0.2770394040342885,0
-0.05823121191782743,-0.19330153294921992,-0.0740615580787128,0
-0.0039703671498317146,0.006351098906773743,0.05712847464540271,0
0.061144350986704336,0.16881926574612593,0.09516760528897628,0
0.010920989946731118,0.0984881901863822,0.11530418026022088,0
0.0377171667312694,0.036402593873908415,0.15028373816204177,0
0.06239346978883292,0.083413532341483,-0.1446768902561642,0
-0.05656505134431934,0.028663610810022506,-0.042622647018933764,0
0.12622781529231444,-0.0295673260946147,-0.059888676013938005,0
0.12679702943702018,-0.02216648070934213,0.09584257752226598,0
-0.05198431799232827,-0.15753088771059093,0.06571306830607157,0
-0.0810904746823556,0.15207541271951502,-0.033902774575256395,0
-0.05206465711648607,-0.03979709256131784,0.027135726454460496,0
-0.09305330900876715,0.16403269775450027,0.0029508172370617007,0
0.015547468830026459,-0.05390391338056814,0.07301162969982133,0
-0.008862700397865972,0.10444744737213263,-0.09118381262927652,0
0.05210908175540831,-0.06821208370925065,-0.07924107586025936,0
-0.12456380971789197,0.02742732535869622,-0.23128861659107908,0
-0.007353504626330236,-0.22370154911423762,0.07820456866603509,0
0.00020842179091005422,0.20395917389698212,-0.1794282133431364,0
0.03440546238823279,-0.005641731446815099,-0.1571830343565042,0
0.03793379231492086,0.053057590519341224,-0.04036388221147768,0
0.03778650201536064,-0.09837976418983048,-0.0773291726860948,0
0.003235280672230607,0.06199437239373045,0.06290637909401307,0
-0.1210524006722515,0.17804692823674342,-0.01270184093216886,0
-0.019850019467885567,-0.04576349966458454,0.2150159637631378,0
0.16827727168947723,-0.05658980774631675,0.1525211945054668,0
0.09493145840776002,-0.002820975898481173,-0.0007075398840874769,0
0.06939357842180995,0.048484526770755175,0.11998737240927256,0
-0.159958985968117,0.14884415766835155,-0.0508404122337546,0
0.0581937608992179,-0.0489449331350264,0.11315288249921472,0
0.08723009582897712,0.07673609644332613,0.12866490646636675,0
-0.01204730158676558,0.04275182298651099,0.03806916506244324,0
-0.15725696827285185,0.002212311632980814,0.1328262646746569,0
0.12947046277397678,-0.015764756139035406,-0.04740405351380919,0
-0.06960249237660462,0.042040209041657665,0.09836263521533949,0
0.013735040109213807,0.07317930537342329,0.13552214697102913,0
0.07919547758130975,-0.03475284018979848,0.0698540439384789,0
0.09513242894428063,0.029878835687181023,0.15099052787986866,0
0.06818785881184018,0.04075696133153767,0.026818852742250068,0
-0.23222386938676626,0.12474436343525644,0.007179944533074908,0
-0.022225408474588423,-0.07126794829239612,0.03691808182628147,0
-0.10459213729167678,0.19605384042366622,0.09296437382862621,0
-0.005160154402665502,-0.1880121560365752,-0.16674300200519246,0
-0.08098304252765398,-0.044718433690926235,0.23083512948637425,0
0.17847641525661956,0.1622783130525748,0.09803383736862396,0
-0.15405814524679778,0.11025568786931941,0.0014347129324504204,0
-3.88937465379753,-0.037555533958045915,0.031934516821447226,1
-0.015958074951348062,-0.06175607168781544,-0.036074954674648926,0
0.04672998894953913,0.14626936864780785,-0.0061850829474140116,0
-0.030755192994136923,-0.08967533581696699,0.07050382534082171,0
-0.04193166001924935,0.08012429884036892,0.05395217813490447,0
-0.08134379383790268,-0.11294498374631064,-0.0844067995903995,0
0.1353230509252111,-0.04637705446381821,0.03209725474629437,0
0.015805102012401557,0.0789160200173446,-0.06838314618311639,0
-0.021879845331288946,0.044772052554371736,-0.09059859593788522,0
0.041459868670511046,0.03840034870034159,0.19492648797355328,0
0.02384216620091448,-0.02950830720166113,-0.13600178857271164,0
-0.0342603283723209,-0.15855171151370898,0.12573231782505487,0
0.03410099968386834,-0.05094252493352979,-0.016807821348986365,0
0.052410659685124955,0.016945064954036217,-0.07148911461058621,0
0.17579912142847057,-0.0308698549233966,-0.203508510642275,0
-0.10559338804947987,-0.01843950145991839,0.01017358479832739,0
-0.20463075853488452,0.14958201257237377,0.11337871595027259,0
-0.04155239305608111,-0.07604577794715645,0.07607701017947116,0
0.18881232865180284,-0.11758964504240821,0.06434329068622652,0
0.06159828790572841,-0.02244544811092743,0.07401648376992762,0
-0.006551526161067147,-0.011523275901126756,0.053640733748556414,0
-0.03544117823257437,-0.04895611640428976,-0.1193597186649314,0
-0.14358610097923452,-0.005941466717938146,-0.06178431341968185,0
0.1405526004040598,0.06854306242340547,0.045942767903894004,0
0.10976020466103653,0.04082964420723492,-0.10361515498345915,0
0.17199712612285495,-0.01708400493456701,0.0521544334706987,0
-0.09792960620557796,0.15826493014113027,-0.05486555247774577,0
0.14317558761309399,-0.031083527379393155,0.25276955484990143,0
0.0946196216023573,0.01589976524385628,-0.055481364620566846,0
0.06901294113116985,-0.07315166517860792,-0.10916844884339541,0
-0.10152737053267125,-0.02155545256911451,-0.18042724176753563,0
0.009217594643162911,0.026192662070343427,0.12120780346040078,0
-0.0613426697726726,-0.08908739971842539,-0.04828593699208672,0
0.0101113207892549,-0.13531598577404347,0.0020930690059176266,0
-0.1695191245116964,0.07697110444179223,-0.10921229844229985,0
-0.10693092277318719,0.15375545517468625,0.008321757897606438,0
-0.04284156234038407,-0.07424715584226382,0.122593186367322,0
-0.19895712441829053,0.202133344302608,0.0015338273719960526,0
0.027841259463859964,0.1111734718503173,0.05475462931723662,0
0.07516971519498739,0.019930665327112136,0.03830125392595855,0
-0.04321773310219548,-0.1691412618185317,-0.17068363492772232,0
-0.01833874388864998,0.050915285907618825,-0.1615134919588615,0
-0.0075904635821316515,-0.13033119154678346,0.009847907193660733,0
0.10735796326888032,0.16642235036048147,-0.034897197196762916,0
0.07674901324922222,0.21319548241955794,0.026786216974393942,0
0.09898729736268069,-0.025269850229012288,0.06839979557467724,0
0.059628119933348524,-0.03041691992818726,-0.06362841594491202,0
0.028782784008979073,0.015785288768456345,-0.048449553204577375,0
0.07464880712431422,0.049765927648138725,0.06724639680369816,0
0.13027398137727764,-0.05605089100504708,0.020176984902774718,0
0.24951105055681252,0.022239107517942246,0.07405794145523435,0
0.10304616736222139,-0.13707215434910466,0.17003317947674032,0
-0.04316544120373864,0.1461689538750681,0.15743852935766275,0
-0.04788791713685711,-0.03870466602561919,-0.04943694147633776,0
-0.08127692329744943,-0.0036612651954825385,0.0512592686444889,0
0.033411022693586076,0.01919586843474604,-0.024513405399787802,0
0.05364782569010319,0.09810550599428575,-0.08612965224317354,0
-0.08102652472572966,0.017177764692656885,-0.0881771148239037,0
-0.03827607641886638,-0.0009893168494647217,0.011406681331158137,0
0.04533189411529895,0.002588733456916537,-0.09128558081166176,0
0.11004085933720785,0.04117133908210539,-0.03295682648645016,0
-0.0033403613579018293,0.0011889994665899937,0.03848580037844418,0
0.2242121744944865,-0.14528644546139488,-0.03022035561782757,0
0.06627128668525786,-0.08962119783842905,0.1005623376268866,0
0.045241018086801844,-0.036993352962404545,0.046791657677666076,0
-0.09756918480145411,0.18402100051522163,0.0758065071303841,0
0.10188219852958569,-0.10874959331406252,0.043801963558158984,0
-0.03339529411388546,0.04406713908405735,-0.0777472310741265,0
-0.01060413360274515,0.05477527879097083,-0.1518601702712526,0
-0.17230119806109448,-0.20042078138640518,0.015532408123380567,0
0.12166499358694685,0.03274705954408449,0.034134720338981704,0
0.20253291042739938,-0.14071438167322364,0.04708279664095799,0
0.019023941246124637,0.018234587786656483,0.061641180207906335,0
-0.02631192941046416,-0.04516896719598175,-0.06069199856778723,0
0.0009234060528456366,0.12222346317704963,0.0047355814812011995,0
-0.039424163727421926,0.02906298066152029,4.114726885092382,1
0.07371825862139639,0.0025428756363302745,0.16597427181299643,0
0.054792351876558246,0.13393316800868196,-0.20479913854804185,0
-4.017128316263836,-0.031218821820731588,0.014824443993232628,1
-0.11704844570519671,0.01821371477461343,-0.09672639686855002,0
-0.04568049712128354,0.18922366382035585,0.07737228529194577,0
-0.011254403363107547,0.2461070935085656,0.055872534473380586,0
-0.0706657753699432,-0.07665360955772635,0.09768062145906718,0
0.19894134857829948,-0.14377837361398646,0.10412023298048945,0
-0.14611112682437288,-0.11883480948840067,0.25039850095844646,0
-0.11313004143301686,0.1314154590950571,-0.13975811801733287,0
-0.027724472262958766,0.16034378337550648,0.09765198659761842,0
0.09777094629993584,-0.06868453756650417,0.13003365942838258,0
-0.04334563435524039,0.07513231145494592,0.03044995347582364,0
-0.0614144129428425,0.10952624697280139,-0.1568945614063948,0
0.08273763969123066,-0.04722613920101412,-0.036199849815180284,0
0.17734873521219707,-0.06211937335846354,0.1826202933275799,0
-0.03937021420093874,0.03046156213924523,0.05617515525053322,0
0.1016453221819575,0.024117567216081038,-0.17122146310710298,0
0.11822900591376523,-0.07614867993855254,-0.09877107756962984,0
-0.010447782030776247,-0.06643579216573767,-0.05201816077813254,0
-0.0907336013483252,0.06445997559070486,-0.06032982939584039,0
-0.009201260899109474,0.0001854403240103828,0.196368023214885,0
-0.009092259406337014,0.09298092270820284,-0.14314914543687227,0
0.08762309490253321,-0.022137650522972962,0.036459160409553014,0
-0.05064586620334721,0.06676106731852602,-0.05339664923328417,0
0.24545530514444414,-0.10955684898727223,0.10522225710445741,0
0.1283694975730128,-0.1394228392003117,-0.051185571221543616,0
0.01852092718601747,-0.16472189799851206,0.03442931714897897,0
0.026616800990904212,0.0019803611212818677,-0.0012591664559403418,0
-0.019830156098407936,-0.05340263705551665,-0.07039210732995561,0
-0.13615657215246474,-0.0044379417648717145,0.024306773228037135,0
0.01752034820560012,0.12190297628741938,-0.08395206753998709,0
0.05832382312310841,-0.05387220447306698,0.07981117969496371,0
-0.009878330744762189,-0.05219159330164095,-0.13921131660025146,0
0.1019476963992083,-0.018294546874236036,0.13422358545901306,0
0.008968162764764127,-0.04718845666016064,0.15983714013371939,0
-0.00046189386020118817,-0.02930118416163517,0.1244155757572528,0
-0.08044217404068754,0.06721245901840114,0.06465281286018347,0
0.07575094615549642,0.038759231647398376,0.061604534758636725,0
-0.14217536395401342,0.04502955080244761,0.027602819762161404,0
-0.0282862000345113,0.06597570104541127,0.19705596549114324,0
-0.03520158744447088,-0.10915005036411257,0.17712065947303274,0
0.15906082534853277,0.0722479380743986,0.039313834961012095,0
-0.12235006851315813,-0.015456998854503133,-0.09807836325664357,0
0.0062746731562141975,-0.14504094834036074,-0.14749811671950697,0
0.09625849495087425,-0.06253124043250097,-0.09720545784218494,0
-0.025730777144157554,-0.15639573612891294,0.08419348079603634,0
0.11715499006017834,0.02944145999348361,-0.06511127219773126,0
-0.005631542953606523,-0.1031250084234833,0.010555519739141572,0
0.03138630365755076,-0.1460365839637554,-0.1280393892879028,0
0.09491098944118186,-0.05552213739309804,-0.2691234512949987,0
0.08436272821988038,-0.06605671207987261,-0.023491554844361107,0
-0.06524414863699907,-0.05931891635793918,0.12349127506775107,0
0.1240451844022139,-0.0024542178483330265,-0.1834589015972466,0
-0.05947184080981095,0.0008049588783950329,0.0015704229675872863,0
0.19393084997453208,0.08170849211680353,0.026774638919010243,0
-0.05490276324467384,-0.059717661782403834,0.03475808064672057,0
0.06280160102896579,-0.009250041568173835,-0.21262426052111164,0
-0.03623229352273184,0.06147842387977396,-0.1674750347384584,0
0.1322131094960442,-0.16346639632921744,0.1413042916847215,0
0.12132199837959881,-0.06002279712454542,0.04806011121439328,0
0.05001099821433028,0.07529176906462537,-0.001303014182155842,0
0.0656459799022541,-0.17740322733742642,0.07406853686470674,0
-0.22960217763413504,-0.10708190132693325,-0.08460774605784799,0
-0.06838918738493462,0.02813758937382473,-0.059177589724892454,0
0.013374635494870833,-0.14579823872261252,0.047827730570647084,0
-0.007209678860114955,-0.0665620318279551,-0.07356850093797528,0
0.009914982355231312,0.047905554503791,-0.11782084744091958,0
0.05468747838531607,0.0751340590201193,0.26323786477910105,0
0.18916450318553013,-0.08086857136564153,-0.03298614199088594,0
0.024557435644168235,0.0390053884666423,0.10674228045058039,0
0.0019911861545683284,0.15635676654080238,-0.07699470074885985,0
0.026269471107653444,0.1066352387300253,-0.10482550103104973,0
0.08861006955935506,-0.12407303251368401,-0.08697785266998535,0
0.09922116990490443,0.2089733086038278,-0.007662630719300633,0
0.06402243006445664,0.02561231745250796,0.08461509001375672,0
0.167533481596353,0.03448962253405508,0.015851307885164295,0
0.04267398478120841,0.02921598603310138,-0.016162315015600816,0
0.03915209242254197,-0.09355839814122502,-0.024421011002915917,0
-0.04466836477805744,0.07476611553984223,0.0865202371875355,0
0.09695386062499502,0.0982516615357999,-0.09226784717208426,0
-0.015950279419102566,-0.086051009010942,-0.1997316032609179,0
0.1531747478587825,-0.0236922191583567,0.1286198329933209,0
-0.04555012339252624,-0.1950081849258183,-0.0290458496672604,0
0.07535435842968438,-0.05911831858995897,-0.058638170920109256,0
0.019398224322479327,0.2399046334856123,-0.07053906483474053,0
-0.10351978933936162,-0.08150049611871107,-0.03649452812856315,0
-0.3683804830773833,-0.011542363412541463,0.0040786461845853375,0
0.03679904915145908,0.024800894459342356,-0.0462787421782685,0
-0.02110403017587423,-0.08590524324352167,0.09471508186018776,0
-0.06791875189646711,-0.02416647239317879,0.013554199876627877,0
-0.10061830782506818,0.04684461229211366,0.10812063795466985,0
0.07952297439718879,0.05206041564573896,-0.16824937894865924,0
-0.005709851123853785,0.05892668660516374,0.11589679413776968,0
-0.16943903629006443,0.07982233752027577,0.045770739481423975,0
0.2016579893576191,-0.09266529340453726,-0.19844288916687433,0
-0.0813542048191764,0.11163891242052673,0.10638258601462616,0
-0.0902809410792195,-0.07640469657394845,-0.20014711135781604,0
0.036682458912656354,0.009937645615300757,-0.04372669616352417,0
-0.1454307759396053,-0.2347592872416982,0.0658237972315175,0
0.006019669009366123,0.04883961183484003,-0.05651561153960071,0
0.1807891169560627,-0.07588963374838703,-0.09832657762450432,0
0.023348175268899693,-0.03702127511366768,-0.11321814094414047,0
0.005354737917987486,0.014267247380558857,-0.0012050286430562197,0
0.03335701653952813,0.025891591343008433,-0.08525660690814656,0
-0.03694671187034387,-0.2026979738189505,0.0026636385277604116,0
-0.17880434033757173,0.022342553491475903,-0.08442354646673869,0
0.00173417904689488,0.2210738821661643,-0.09257690737324982,0
0.04382520350352387,-0.06560224113031103,0.17821194664910092,0
-0.0507529473319981,0.02937723524892217,0.06611658774890662,0
-0.08507983535420141,0.0362632904248588,-0.08558113734829474,0
-0.0022382702457782082,0.03371298191812132,0.14448338282121906,0
-0.011908480127788765,0.043348640206648276,0.0576124718997786,0
0.11936131606315684,0.06053515439212133,0.12853857430346122,0
0.042269036370806534,0.01198264278404891,-0.010848231452509127,0
0.029272425736180448,-0.0020443207047281943,-0.17571093823949863,0
-0.030786462409652673,0.05084335972658321,-0.20596674581649754,0
-0.1415810746863587,-0.01425859012292064,-0.040425072611042834,0
-0.0916273496260818,-0.15708800549142132,-0.06786731650410888,0
-3.982407622456708,0.18090414048024028,-0.14045622934530894,1
0.05775917622682136,0.022360016647184858,0.11596295380724067,0
0.04263527099534774,0.002366938253780769,0.17967143487700177,0
-0.12703445497049265,-0.10508870616242588,-0.09856671016266602,0
0.11351510692702492,-0.10878440267561496,-0.03225730931812931,0
-0.06876002220831239,0.11360793353704934,0.0899268497099038,0
0.04902486989130499,-0.05901226943745855,0.0329994369528314,0
0.0940346308167479,-0.04431591475450122,-0.0947655493307382,0
-0.06311093877049172,-0.08459632874685478,0.015536486640677721,0
0.11790302384998613,-0.10676050101713959,0.06847885331921236,0
-0.1490380494266504,-0.09633244601731127,-0.042820630382743426,0
-0.04058053712483142,-0.181303671206209,0.04670254571144838,0
-0.11592834820478733,0.10049422416145792,0.05657669076558212,0
0.10041768293279088,-0.061255020214098115,-0.0010157373090781843,0
0.05340714878417252,0.16214662381709793,-0.06844353703967507,0
0.23552073716590594,0.026060285852127052,-0.12505502918511918,0
0.10047773377064693,0.045279185376544503,-0.07769463486951587,0
0.026729220160569722,0.005756733132939274,0.03390425475434623,0
-0.1445702396720866,0.06630821778385695,0.07948239301700714,0
-0.0555157852809296,-0.007749644350429255,0.0715605846742997,0
-0.0007850342542998234,-0.07863376261097177,-0.14632304896752976,0
-0.03379368999079368,-0.14899736685103668,-0.08840423742226226,0
0.10148349095897014,-0.1077768566976241,0.07736837336418756,0
-0.04257387388794346,0.013991242808077007,0.13263428651533363,0
-0.07295595351805871,-0.0037813027481995577,-0.13217873437201344,0
-0.06381538059813546,-0.09117380818632642,0.009400237768900841,0
-0.11284088236432895,-0.09778761480542969,0.03399468509042538,0
-0.20572773180262816,0.03806388747990233,0.0281387025646634,0
0.06418430431142659,0.16335927810468506,-0.01527049552205071,0
0.0812239152353489,-0.023544990729984262,0.012987617800284443,0
-0.017579807439538884,0.1011435711907774,0.08299932875892414,0
-0.039252455463903387,-0.12155502531749729,0.0776213486362467,0
-0.19610156874026122,0.18344223968505713,0.17780041249155876,0
0.24547940451465522,0.17040070631914758,0.13724665925771018,0
0.07973786032868777,0.08083283710383443,-0.0424308622704121,0
-0.0580100019762124,0.07916921996814513,-0.03784132270314277,0
-0.07471664865181128,-0.049446380857467165,-0.03885108141813327,0
-0.002948822493462419,-0.05919508437228117,-0.046670777122900284,0
0.1715193646991936,-0.03104168103168269,-0.00819946068373889,0
-0.06769058432751489,0.17254087660813178,0.0154601983225973,0
-0.04907867790348858,0.0010931338474167497,0.042955680319207906,0
-0.12432804224489565,0.08891787213562717,0.04682173089545702,0
-0.0629370627717362,-0.07282525103386449,0.09288238140861356,0
0.10614474739900884,0.006999680851333731,-0.11612857893681916,0
-0.0022934859663249598,-0.12250480159991657,-0.16122769504295498,0
-0.10434047110143614,0.037478921132027096,0.010515452096639217,0
0.21684499264289495,-0.019542838681512242,-0.033710430143092655,0
-0.0730390091863445,0.03966686771837379,-0.10443979870058451,0
0.0788330059187434,0.006010515395471165,-0.005794837104414948,0
0.08506142382756277,0.053271005366130914,0.02783977791042156,0
-0.1684665643934595,-0.057596947104637745,-0.1272609371103036,0
-0.15566832899511587,0.0049481561208757265,-0.0025799518473288378,0
0.005977884718386199,0.1801174164941804,0.07256741447991293,0
-0.07523507048583349,-0.29060647974533976,0.2973463240296069,0
0.10682337304314436,0.08964645290853633,-0.05994462602300191,0
0.041105939841434055,0.008434236149630044,-0.06681102448257067,0
-0.2211041962342901,0.03853647588219594,-0.07890471381558192,0
0.187486191713291,-0.048782631817282526,-0.0671111517734153,0
-0.10874803844966036,0.012201121203832599,-0.05043523901399384,0
-0.029525344958425206,-0.00361543031475627,-0.04283033716827208,0
0.07833071979789376,-0.19063660787706277,-0.11224531541380144,0
0.02376755240320063,0.07084704664661905,-0.13398670637729537,0
0.00858956881194715,-0.07235283903831324,-0.046552195239400684,0
0.010978343617536218,0.006730728902896792,0.006828264209541815,0
0.021787050359334148,0.02212239093067495,-0.07663834427218061,0
0.06732654207470787,0.2471325800476418,-0.15037061994662915,0
-0.14115744139183603,-0.015037244895216937,-0.04858759945182822,0
0.04243217042785832,-0.10926932376826687,0.016044038637215784,0
0.004882794031850483,-0.005234275436869839,-0.07806883470206716,0
0.10810247339503454,0.001096690172987368,-0.03311759242366843,0
0.06181220873343875,0.09357018009598579,0.014414981657592196,0
-0.1466048749006122,-0.025320813555551897,-0.0540592480777968,0
-0.1881636653917259,0.015600471418522553,-0.015236828425757099,0
0.08096964855316582,-0.13544677840069494,-0.2623151050274536,0
-0.13019734164424648,-0.156533177698207,-0.04082961106436293,0
0.083869233169274,-0.005963458168823827,-0.02431024923174271,0
0.12863189637022526,-0.005587936735691113,-0.06398110613424061,0
-0.005078275511584268,0.014953257263194578,-0.07551340061458055,0
0.03461547888321997,-0.006564050641758312,-0.09448813440934994,0
-0.21933110147698787,-0.09624268733105804,0.20582132755896115,0
0.11660610147091897,-0.024745323490758676,0.16857760455032533,0
-0.060023941365048065,0.020862950800200408,-0.03125262231577474,0
0.09814915306254615,0.014666104763478863,-0.07425042470195396,0
0.027375654591115545,-0.022322706725689045,-0.024399540271450748,0
0.054581835119401435,-0.05006440060025036,-0.04312658385718993,0
-0.07148118260810347,-0.1075081144601322,-0.16616179897607378,0
-0.05284249138332724,-0.03633805084705798,0.1672289588167067,0
-0.36265817033481934,0.11968066165200418,0.13747544169534623,0
0.03335667318472226,0.005467700404346464,-0.10656419237312642,0
-0.1401843159963692,0.09367523771204553,-0.2055690469250962,0
-0.005653408971598134,-0.11326736196794077,0.07122520592933804,0
-0.21896588365745565,-0.1414348258163048,-0.09100733376034531,0
-0.08324783309528817,-0.08615643209800106,0.15380869321449606,0
-0.08379404906811593,0.17948996862008781,-0.06811439509751467,0
-0.030327616329515462,-0.05224805709533942,0.07523732922955709,0
-0.0970287699561292,0.05444614762302949,-0.01994948816945058,0
-0.01159784069299085,-0.02778765207145281,-0.010511108684220281,0
0.2624615971287504,-0.06423712470735468,0.09206140199802887,0
-0.030627755040367324,0.00252598915390313,0.0035161005133885776,0
-0.08460131152199474,-0.015919473441055123,-0.05360464974804872,0
-0.012266154802320909,0.05913677937030501,-0.12400954608807924,0
0.00887665397432257,0.03597249212694407,-0.047193726732695035,0
0.18742351130092305,0.1710703773417276,-0.0028164724016023247,0
-0.07897008148716238,-0.1007275424790784,-0.03735528308806523,0
0.029490488591209597,-0.10574803559644448,0.11169559262581535,0
-0.18421791235621396,-0.017270621682198128,0.09168675584280894,0
0.03951086722327658,0.19070163416701527,-0.16710052399999692,0
-0.03137847378152722,0.0657517078928181,0.18449878857086996,0
-0.15992772966578808,-0.10697874066612288,-0.09495113659972672,0
0.11317451222568337,0.08773259034312604,-0.11259248382043924,0
-0.20830350145090068,0.024041903800539083,0.0017099946249225818,0
-0.07383976116639122,0.05417357005442589,0.11409185846478075,0
-0.1257726019307878,-0.13762904323387787,-0.02636022105175298,0
-0.10900071292311744,-0.1576909002308147,-0.11530187830073434,0
0.020034273625732957,-0.07153136702023356,0.023578089747589053,0
-0.2379171979895629,0.05045642097556866,-0.09031350463563298,0
0.008361663782854573,0.10741226853322668,0.15700832448819058,0
0.1125271016870699,-0.03381124643479976,-0.03549370788145348,0
-0.07892770034775658,-0.21233051319442522,-0.12250415709970293,0
0.04642095655137767,0.20903408481884367,0.06599054702350608,0
0.044198295631808805,-0.0760872697971888,0.06406958636505987,0
0.04088534767246288,-0.14627232164477355,0.13339340087030416,0
-0.010015593716766488,-0.00910122776436159,0.05727345156169022,0
0.010638733681979365,0.09650432496380543,-0.008721915532316151,0
-0.11744532880061559,0.12077308156922582,-0.016377265306376548,0
-0.01712319497816644,0.028476790251059654,0.047001161792466044,0
-0.197447314487913,-0.10206736895616542,-0.13760791609520773,0
0.12464711400033507,-0.013946059643131085,-0.09064640463925416,0
-0.0007744878387388241,-0.13558330504101887,0.02502625273398267,0
-0.1580565230929749,0.0007577746576245136,-0.06767637412032394,0
0.11301675540475127,0.04599696251169974,-0.0707991234852955,0
-0.03951199295913524,-0.10929809664854442,-0.045754273446705115,0
-0.012929553902859471,-0.04734885618883038,0.06238985928906844,0
0.021661502475934288,0.11251043065601912,0.01230420398879256,0
-0.1405329389377342,0.04493521195538472,0.08982210169578222,0
0.05370659719879886,0.07086108003605511,-0.07082286223941048,0
-0.05929172279474171,0.07493777608379813,0.12904769215424833,0
0.1585777444158106,0.03483845116526615,-0.04067549159127615,0
-0.20524307429961297,-0.2737341778675527,-0.011452797458798895,0
0.17572976409283414,-0.15045422041482093,-0.05471690880485274,0
-0.016169433887208217,-0.02368415120105292,-0.08000529372638114,0
0.07285213549783696,0.07759542516994845,-0.04394604729868167,0
-0.09495557793421086,-0.0019737016230236834,0.02987062259590704,0
0.03804044596459246,-0.10862473638661979,0.12091946538503096,0
0.010765563618678408,0.11552156168495993,-0.1407677571562842,0
0.05120077799953693,0.029829235508369124,-0.04710437336070453,0
-0.008969133423034915,-0.1733576614778104,-0.03366615574545581,0
0.15111838787287513,0.0713738651413852,-0.07261336946002943,0
0.13041889077044552,0.03635445640039568,-0.0014529199002378812,0
0.08248404866421202,-0.07023129476673222,-0.019397340894039446,0
0.06669076149896101,0.17702118694374883,-0.09833040430676958,0
-0.055112824395728066,0.15405381516584293,0.06937767365977668,0
0.23892617033576685,0.09951287212195617,0.04879260132309059,0
0.028170493747059096,-0.04335587882809855,-0.07378545379326244,0
-0.018347088554468052,-0.0979385552755635,-0.2372904254643876,0
0.023083193181886244,0.019257226471537946,0.08300686216058828,0
-0.1259479985909002,0.060973279816951664,-0.13123584071408598,0
-0.0725213328954875,0.015692533536165645,-0.026083853075108028,0
0.09939789860385684,0.08456574330606843,-0.11361560299004787,0
-0.07681834018804486,0.0034457536972490954,0.08578078914178067,0
0.13316776560340723,-0.05047373228951353,-0.03392978572026712,0
-0.048385392757282465,0.16371620456857086,0.0551138574115601,0
0.23438109346663474,-0.0702652290652814,0.23766544686456548,0
0.04491232942271467,0.01166507935026981,0.22442235224286358,0
-0.027833950557345385,0.05329906823833495,-0.08709035374351252,0
0.061060492241417574,-0.17343062784284963,-0.0383889087219659,0
0.04540550990392932,-0.11433027316584875,0.0008255537401706197,0
-0.02636757663774042,-0.0042408595675656495,-0.07042756052281106,0
0.03974566017769018,0.18543996851340522,-0.04080078534731932,0
0.028840570506280735,-0.11629983737987132,0.05459883915438808,0
-0.25680127884958504,0.034899877699143725,-0.0799876963742216,0
-0.11810615331939174,-0.17641011216952074,-0.049682959908836706,0
0.08792011694904685,-0.08505170135794402,0.02527360358607222,0
-0.10293154428433522,0.1784197486125061,0.039706280568661566,0
0.12794146678901439,-0.01461474660556241,-0.07770169537695724,0
-0.02056907371166802,-0.14102967114556364,-0.08164061086909158,0
0.0020347676940324897,-0.0443763561055051,0.03891385551711964,0
-0.085559186978061,0.05019322172284381,0.04717944366739038,0
-0.007378487906286636,0.0810796092432518,-0.15531049482006315,0
0.11090752864868887,-0.2126695461127931,-0.13351594349687276,0
0.18679838079216515,-0.0350542714956209,-0.04074254754006169,0
-0.0995593249202363,-0.009132317127608803,0.06445423686260096,0
0.045620069247185334,0.029847750263615577,-0.10479295686832342,0
-0.15898792020101507,0.03652509434294098,-0.055762979551175595,0
-0.21270225696348977,-0.028854132367873344,0.0164424307306904,0
-0.15253404495081713,-0.06703396870161313,-0.19630101846817308,0
0.0018534679538743143,0.006750605656784263,-0.08403075103167185,0
-0.025079959720407725,0.010053688712758656,0.06343640562630984,0
0.009893880945206289,0.018502343191807883,0.08408741775880971,0
0.1159746017323631,-0.06394897179848061,-0.003187062978432879,0
0.09929666389898067,-0.0138976874705534,-0.04183348687060515,0
-0.012157907908747732,-0.07666941631806506,0.07526484011122203,0
-0.09543219291478862,0.004439820228981768,-0.047551733255497,0
-0.0593538209027206,-0.14242209804473635,0.06487155652888761,0
-0.004790187560777393,0.02309581276933463,-0.166289854351246,0
0.05378646457323887,-0.058523664679789894,0.09894039290573108,0
-0.014177204340129227,0.0005417065555930959,0.04407381855119008,0
0.009222246300884763,-0.08801006249858509,0.162930362916372,0
-0.1765786438276737,-0.1426620340996615,-0.1238267650784217,0
-0.05013553074097618,0.11473710972468165,-0.07091695432190771,0
-0.025530497467811275,0.20235186715628412,0.20831147519346077,0
-0.2324458146191385,-0.06863118448377478,0.07199011009381853,0
-0.11493669128382966,0.022407497063316337,-0.18026964040915838,0
-0.07188100772240749,-0.15410244146770635,-0.010224742242092232,0
0.00480520310034708,-0.07238100214668579,-0.17709496820433193,0
-0.009611150019598872,-0.006617735653598721,-0.04597537396334122,0
-0.21032465121144642,-0.021880642648470502,0.06205482738182566,0
0.0027393936746810676,-0.13334543912712304,0.011938959179056066,0
0.137012624314075,0.03399440573144327,0.08040609997951555,0
0.07471953642792845,0.20683145169723055,-0.009409486762481089,0
-0.08326803229732077,-0.11210771399081712,-0.11769420680401749,0
-0.11175280306234403,0.1511800031203727,-0.05735883622357654,0
0.13884712546269343,-0.12991248709645606,0.0027440660630595444,0
-0.056079141471582786,0.11482830145285361,-0.026090973631892368,0
-0.06774902661637104,-0.0842797041574213,0.18475794138980364,0
-0.18659295534463516,0.10721643593746394,0.026512043290197254,0
0.16880299230119358,0.15480168415452375,0.004543906415489548,0
-0.020356941409468293,0.046274578577902785,0.19061424476065572,0
-0.15117009587087987,0.08095468440597241,0.08778224302308374,0
-0.05181983860293084,-0.0377268987629023,0.10758701233691384,0
0.0077216757849895516,0.0035901057251058327,0.04245378251708422,0
0.12204941850240701,-0.14051558804476616,-0.10939405654282969,0
0.009714349581757506,-0.19762404032145975,-0.0683836802431728,0
-0.09296338900166036,-0.039830764606489016,0.02993545671210698,0
0.04367712410360153,-0.10109067640698277,0.007130481906695567,0
-0.03381598321248262,-0.06356177764826931,-0.25069803943079416,0
0.007904093096011056,0.05731361827389149,0.10606879231013294,0
0.012488477918168846,0.09503133520534053,-0.026283326232072964,0
-0.030462920847096238,-0.0034158927873873795,0.048833202271091,0
-0.03353297737641328,0.10835565574136359,-0.01614835877028828,0
-0.1882793140150214,0.00878391769961334,-0.00038450248343498497,0
0.08420508318673524,0.08068201604578586,-0.039637328665518834,0
-0.0507596582611924,-0.04986585533830413,0.06506202811108988,0
0.005053176255350413,0.10036281920707264,0.07996095298812039,0
0.04281418246523511,-0.027934594761677086,-0.021411608419216757,0
-0.04727090554321614,-0.030686083896803065,0.20710522632856737,0
0.07688471799812034,-0.12273227002758835,0.02447319632461677,0
0.05595378834792586,0.15503536466610837,-0.005533203361473406,0
0.09962739783803942,0.10266507138160529,0.10133600012277187,0
0.03925221662020572,-0.048635496585401325,0.10513753151031131,0
0.08847763355086886,-0.13959077740311962,-0.05873216642088443,0
0.14463323951475135,-0.06816062589326786,-0.030645255609694166,0
-0.06199049114242255,-0.061364092933534155,-0.10141177115767266,0
-0.15990594422254412,0.07841899735384239,0.11653374242817344,0
-0.04051728926399283,0.03601284422389861,0.14062762681827795,0
0.02427465799259583,0.14489343010864786,-0.05461813932871791,0
-0.11394300036262206,-0.01656767750125432,0.1622452675506566,0
-0.056097106860823136,0.03025834073006068,-0.08372905595779896,0
0.06559807299413441,-0.06959738279683586,-0.0028393322824502606,0
0.13506753034250196,-0.027473652902619012,-0.018735359251263805,0
-0.03937039029300722,-0.09615525200945517,0.12063105771667393,0
0.07127664188849912,-0.1407629113292794,-0.12518776415464206,0
0.04320504669246334,0.07287201850603543,-0.17932626087591041,0
-0.09064494647206303,0.046271984246032134,0.05062396642742514,0
-0.025836899406794706,-0.151093162487421,-0.09914370910073049,0
0.06849913148235863,0.039528956631457175,0.11918424202058508,0
0.0018710534322272287,-0.02815430117469981,-0.07834521872877549,0
0.05099806313640135,0.009721259513800883,0.19217728607223325,0
-0.132726284954899,0.08277127316115408,0.091038371732402,0
-0.011872261965694882,0.059694216545483486,0.00027188524377817064,0
-0.08648064170018889,0.18409750627542265,-0.09757885177710385,0
-0.13350370811597528,0.062737331313707,0.18493381889216953,0
0.010962769315883067,-0.0808112903074687,-0.21045225550677601,0
3.9685213253475813,0.03175700900540367,-0.03206743818500842,1
-0.14131208993511818,0.0740015094941127,-0.03496799315011528,0
0.08181933381561604,-0.18868597066919834,0.0051042028502731596,0
-0.17535864519289912,-0.0009099172121673518,-0.11577857919232067,0
-0.10318232995457177,-0.0064592460250240645,0.06630080519285036,0
0.10981191840920906,0.02883000446860148,-0.13708402231525793,0
0.05253598591601333,-0.01040405766976387,0.037693876395563826,0
0.08351294135791827,0.02067160042980683,0.062208497992532634,0
-0.047901712667077906,-0.06721673556701556,-0.03680696277649672,0
-0.007358598612304267,-0.20702279769456983,0.04244850255549992,0
-0.1881149683463725,-0.06381227083316385,-0.016211208399217476,0
-0.12145878633432561,0.08820131394168167,0.06657727678932972,0
0.11695152410466314,0.1561652443373528,0.15522662963674289,0
0.04034479594757982,0.12190745780952944,-0.12462915466107866,0
-0.0036028087854260726,-0.07762098923498618,0.014724848461667146,0
0.07663724381560849,-0.04609751834518634,-0.1568022632529391,0
0.08518468903237236,0.09665190825936776,0.11918528913645687,0
-0.12019438527100146,-0.020120013020022323,-0.13559502554946118,0
0.004155526175016007,-0.05109309882779703,0.1865004842513622,0
0.03757281434188403,0.18494830854014088,0.05109429579410484,0
-0.10869079093753493,-0.14148324470389242,0.06358518940878392,0
0.04665370382194459,0.08724300604086303,0.05888185531088254,0
-0.06492030198936337,0.04954223440067688,0.3097841669104389,0
0.09892491297147336,0.045175769829432735,0.1166213865222012,0
0.04328921503478454,-0.07196960578027395,-0.017424232382108936,0
-0.0123076892054916,-0.08985266590353289,0.04794168335782416,0
-0.11997851934987336,-0.02679212449904928,0.010418604500088928,0
0.08181087571481767,0.1148970181452812,-3.969245892589913,1
-0.0045484323162110546,0.04914340112651441,-0.0533506248595987,0
-0.03375183413299989,-0.08217504549820859,0.0069613330412246835,0
-0.06255650946002488,-0.11347702149941559,-0.16926075214507544,0
0.012173629380207801,-0.14962499950533123,-0.007616660236145819,0
0.0955908356041404,0.20771447016875488,0.04361822179751081,0
0.034679023843122735,0.06936698761588182,-0.057814141714702075,0
0.10489983618301918,0.13900037269328824,-0.027247122398142316,0
0.06139933811259884,-0.018452780378452036,-0.12356556853836949,0
-0.03188766349565948,0.08498537958047082,-0.1980549044281688,0
0.03568417724355007,0.049014852491756654,-0.12625112036132302,0
0.024324500037622335,0.001392298592118274,-0.03812459768865685,0
0.006564228364655991,0.019446576254601874,-0.050286162902380444,0
-0.013354047449681173,-0.09512257814563047,0.058345921298507714,0
0.034055048689585164,-0.01873319626664599,0.11963427681073158,0
0.09996708196294452,0.1992908534151587,-0.07106940250149678,0
0.11185528400398875,0.18157838818230218,-0.07909292629783903,0
-0.10892182691543784,-0.022589775522674924,-0.05229854471743922,0
0.06961561625950473,0.03822940065949371,-0.07791062557002815,0
0.1284757383348112,-0.0016608567068951358,-0.043698369430011784,0
-0.04799020116734757,-0.19578059609867163,0.11522743378445899,0
0.05872030292441441,0.08822092017995743,0.09305865490004185,0
-0.017185352888006145,0.044930109843616894,0.05269576481505647,0
-0.03219412660886684,-0.07835144026004387,-0.12962119132985073,0
0.11641821107092142,0.13396438452573664,0.02985737088575452,0
0.11046168777573662,-0.07859450230839983,-0.05290849362689825,0
0.011061223524550853,0.17154653113431365,-0.18999962949449686,0
-3.9667674582434422,0.18326797947591084,0.021063982680701553,1
-0.15865335899261224,0.17069082498293994,0.1559569816405259,0
-0.21872182714539196,0.10991006364697412,0.02438144267572018,0
-0.12055217861208001,-0.10082707897639659,-0.025823309640776206,0
-0.18188149877395368,0.14771893296965127,0.037069641020435036,0
-0.08720384223122815,0.005391263135991276,-0.14787597696547244,0
0.11570832816999321,0.03522906249399785,-0.09358512654965595,0
0.1138518375577558,-0.069743938927014,-0.2670135644272469,0
0.16653655896865524,0.02028926134884594,0.028264893951127152,0
0.09121002684744511,0.05456351535835137,-0.16950306866330878,0
-0.043750518859482314,0.08999489464694659,3.9300694678156245,1
-0.09937634880518732,0.05801400537960776,-0.0432321880857799,0
-6.525737652975222e-06,0.08773792927300583,0.046346214462652226,0
0.21840530634712485,0.013178141894927033,-0.19525060844676312,0
-0.17335966641331532,-0.10152006081552152,-0.0912175958536044,0
0.11941112161823937,-0.008483570328996257,0.010532691209604676,0
0.031595884787568175,-0.16014956306823447,0.022571199090228578,0
-0.1190316485024396,-0.0793882610096337,-0.2015970158041429,0
-0.084547407111019,-0.03760960839971415,-0.010367238654740894,0
-0.06265034049855873,-0.012552515410409979,0.08973676308578282,0
-0.08053488960709784,0.02848002091416923,-0.014104336639785213,0
-0.15134280464405026,-0.1859547567523686,0.11739141085540979,0
-0.01113062702704002,-0.08765472216454936,-0.16417694833059587,0
0.038542297789720945,0.07007182237392436,0.21375097589687117,0
-0.08553492433590584,0.1272113564054506,-0.05911667329376218,0
-0.037937214939643533,-0.11533497552862793,0.17967783234055498,0
-0.09549862147931353,-0.04252329938689986,-0.0386429864159331,0
0.07344905170925535,0.07698237785398207,-0.002545618160338741,0
-0.05124441326600503,-0.019983423525103836,-0.12918112541927834,0
-0.022892052902906784,-0.0597113524269342,-0.050222112679188906,0
0.14329358858408167,0.05853143035331935,0.07096362343845102,0
0.05034366806930614,-0.1312916520189096,0.053776548820656134,0
0.18530613011459207,0.04356515170277654,0.13589318109199108,0
0.11590497222126357,0.03561029626371059,0.027022466306178092,0
0.05037163715232688,0.06996382829678585,0.1911575768307019,0
-0.04802019773822565,0.17081344706699242,0.11948032690473734,0
0.03392771986887056,0.049835885380791166,-0.22563506526133775,0
0.11407054214220963,-0.006861706817933576,0.11786323062288553,0
-0.059564400962800836,0.03843885109181901,-0.010279832482673314,0
-0.07070343741793131,0.015989756149871363,-0.1349169576708514,0
-0.10815564058467458,0.08716061553122996,-0.2587842354934968,0
0.01613927068421146,0.15115219716746917,0.09254207631305256,0
-0.08573068458425905,-0.07424571357759115,0.12837097627852126,0
0.016002449491116486,0.18104657561546098,0.1046532015883201,0
0.03865390895540662,-0.022840832068994094,0.0949926681884774,0
0.09525036703034538,0.20680402362173417,0.049976449730548975,0
0.01313505903006006,-0.06981435826626206,-0.14589222534253737,0
0.03989635510012173,-0.059773838789362904,0.06392320976505683,0
-0.07931771332984909,0.05442610748264898,-0.018687121218947816,0
-0.08189288605523705,0.033840783997373516,0.09151531145716435,0
0.15890594967161747,-0.04268078466466435,-0.015315175308185922,0
0.022068872735432135,-0.011273657677478616,0.061046718456832405,0
0.0228391822135935,-0.10134144342747697,0.14427555414353255,0
0.10304130088774927,0.003491847077200685,0.2070911287395393,0
-0.07203527381504787,0.01987892593933012,0.11475624085426749,0
0.11803574602102838,0.008425451058147605,0.11900057643879802,0
0.16987884665428885,-0.007292442899563212,0.019423131294147043,0
0.15922127973724087,-0.18590819935883443,0.012264336931157641,0
0.049206461381023185,0.11259374865957461,-0.05594860140994245,0
0.02294923983251973,0.05885106643078406,0.001532709797160468,0
0.04218351534884429,0.049869607360537374,0.013057837672819907,0
-0.013566739407684936,-0.06575288511512714,-0.03965779385899246,0
-0.11901588799944839,0.14314505595530413,0.06251353200203684,0
0.09337561147554863,-0.01737081943358616,0.028961296935909417,0
-0.16048764236293622,0.034354755709295574,-0.009729011117598378,0
-0.04429665381732097,-0.07592827070143954,0.013216909451912838,0
-0.0067504150811953075,0.024542452091818896,0.06696071417970521,0
-0.1306177826327706,-0.012931910525358898,0.22208367392596384,0
-0.021420849396342954,-0.0002966552617665911,0.11869202728479976,0
0.12250519757302757,-0.15358637399073324,0.032088757627109624,0
0.014287949012681465,0.188859613021934,0.13777335801258758,0
0.14867418780683478,-0.09477669618111184,-0.10905765198845857,0
0.057813841049939446,0.11321598986979178,-0.02541052479145228,0
-0.14954733058888678,0.02421703460053168,0.03238092167942679,0
0.06916441739730998,-0.011543559210417031,0.06435831672813756,0
-0.10366828948461773,-0.09041831116158451,0.08171014024078314,0
0.18822938993497818,-0.07264244361332806,-0.019868131041215573,0
-0.06336032175043893,0.040707177431973024,0.16475324955651746,0
-0.010754130736289932,-0.03156890971804453,-0.10715347189980584,0
0.09966501596983815,0.09456491672928144,0.0799894733350981,0
0.01908372264187516,0.1574625024974623,0.10345283981962841,0
-0.07314877893405856,0.06512323507172713,0.03568992899082575,0
0.024323592041078118,-0.07601058511855115,-0.12300519344293073,0
0.04074056939801319,0.004636569944996123,0.05834786005871321,0
-0.04240461427114658,-0.15830017042078762,0.006919479405781504,0
-0.1683704131627295,-0.0003520806339590086,-0.0458156882661212,0
0.024452526696459503,-0.20588416950102026,-0.06613196728833014,0
-0.016610916814077215,0.0021059710330211382,-0.20724183665781398,0
-0.04455634079982483,0.2584411649627822,0.020911121768860078,0
-0.09964464830954457,-0.0574847072935377,-0.005922973877853958,0
0.1333946998045023,-0.028663153693299893,-0.05396029735368018,0
-0.08684930320616067,0.23891017394371872,-0.18072367208620535,0
0.05037594929441938,0.056159044333231434,0.12290188663759774,0
-0.08588339814232576,-0.2019524466935923,-0.1331495405310339,0
-0.016404149247077764,-0.04656190932531143,0.02107411483233746,0
-0.12392972271767802,-0.021886820412072024,-0.013485240585875037,0
-0.13069709045123765,0.30104945506564484,-0.13782903507308525,0
-0.025937335670095697,0.21273362233084844,-0.17212938515617027,0
0.09769823019880541,-0.09168381909475992,0.23187204111621199,0
-0.13422896307204416,0.02275198694655403,-0.07416439128964059,0
0.19387865318280117,-0.0360753750945986,-0.0581634746905246,0
-0.06609145179531278,0.035147482577732085,0.13625281665465092,0
0.13266716377111545,0.09953609925702839,0.08198182756345428,0
-0.10794738301593448,0.12673305077670852,-0.10981335878091594,0
-0.1180479548277653,0.11690007107973432,-0.03469053727437667,0
-0.0431467719126446,0.07627184180722517,0.0005930010130343028,0
-0.03841974842909991,0.048143794771883484,0.032541149089979765,0
-0.027705210914630785,0.045274182725153655,0.0877765428403446,0
-0.05296119489170156,-0.06823349739272375,0.007452328513972155,0
0.07486480291698931,-0.013577076885508042,0.08399629166341244,0
0.10249060130600017,-0.11089886489934167,-0.0036119053364591005,0
-0.010488841260072396,-4.018164575389682,0.06443754019679367,1
0.25380463271269454,-0.11088178453535708,0.06797211316975404,0
0.0861375172135294,0.09168895947207392,0.0522417099967487,0
0.1388341012713945,0.04341249231541694,0.057561128881112145,0
0.039198655363338476,0.10048092539456653,-0.1406097453147606,0
0.14741449892710287,0.15013941325343572,0.12212286684043978,0
-0.09135333163824949,-0.10602325560534748,-0.1207382009457211,0
0.05549475223731235,0.03490750964525595,-0.06789426949545495,0
0.020347848021615433,-0.04635919327892991,-0.11707806710595557,0
-0.14719024676620782,-0.07104549271528546,-0.05542492037005488,0
-0.19158793320122713,-0.11589809157007419,0.12661781390650115,0
-0.0676544722887533,0.08714565514613887,-0.08579189753062028,0
0.12350297970797362,0.002928854149234125,0.19174952177065113,0
-0.2359335643320228,0.07646629170926944,-0.01967626938511853,0
0.15047229406786838,-0.07289000474033604,-0.0340475587908844,0
0.08224887492359567,-0.006427028151394897,-0.09273020108341815,0
0.06744969996923172,0.03577077102737494,0.10735977476879222,0
-0.026725003290391614,0.12038281243096177,0.005919603973214498,0
-0.08176484557325907,0.001725726917768148,0.03752415967189371,0
-0.0034244537717298008,-0.153399770175692,-0.09688007451735553,0
0.14822940588984432,0.0557188314936331,0.17276184019360116,0
0.009248724246509672,-0.06422910030077622,-0.2656048251162743,0
-0.027453328174753336,0.056693688833429914,0.05164564255540827,0
0.04450083574401562,0.17483824658964692,0.03076936915819318,0
-0.021497347637531822,-0.10537747225529955,-0.06950675298771412,0
0.025541592793175166,0.1045847747670788,0.017650960383033876,0
-0.1824523355349819,0.09460773134138269,0.042681528893611376,0
0.06302921073180888,-0.005574398814933034,-0.01806488410731979,0
-0.10571582022320816,0.15206567978163862,-0.20091631218610342,0
0.12894486465303487,0.07185338273644028,-0.0457808610623304,0
0.04209264672858296,0.052452892429321364,-0.023231675755957224,0
0.021207656998846264,-0.10660233023156092,-0.01767471068915252,0
0.05388238991888353,0.07572241883775027,-0.013578767638760484,0
-0.03226975288371338,0.12594112649936745,-0.11794227890145481,0
0.03161596399387467,0.27141524581143794,-0.0718358419483065,0
-0.02879584705043144,-0.05702735943180379,-0.197619408165713,0
-0.09519319562329542,-0.049593672230785514,0.07790654194117182,0
0.056984303716780475,-0.2049907124823306,0.025958787980020766,0
-0.07867211007408988,0.014883193161598952,-0.07482863055187061,0
-0.013380668494051033,-0.06737346147688959,0.00729486156162677,0
-0.09276578571239959,-0.026994637167092907,0.03316643060700108,0
0.05510299243075617,0.036499543481702236,-0.17859962154424636,0
-0.10234355243142333,0.02498076302756428,0.16696293532964535,0
-0.022767532316046345,-0.09145433120453017,-0.1396424691137643,0
-0.0986180796209272,0.0647103041206418,-0.017443544006783166,0
0.07800378260015131,-0.05972951769938326,0.0723840460835825,0
0.03916318114909934,-0.002668498743102375,-0.13833851994141597,0
-0.020968498625049882,-0.11736836769571629,-0.041471022380763445,0
0.0528494699247834,0.010922335568225396,-0.12906730012985165,0
-0.04104465029124471,0.03146054757650863,-0.15750696551976648,0
0.116936564277758,-0.026140549273513804,0.048304546210163335,0
-0.17260298243985053,0.036154887178790375,-0.07843949487341641,0
-0.10593315649238827,-0.08560249586854861,0.19673200120259648,0
-0.246518383315645,0.061089918067034246,-0.11207069135318037,0
0.0009204453872078541,-0.03388851214424893,0.03764829653182193,0
0.11006830265957,0.15874477721611427,-0.06186792561674697,0
4.115231992437866,3.949162745818054,0.05908952150531446,1
-0.03581705607178737,0.16882825746271138,-0.13777367503293575,0
-0.0804876511060853,-0.08162645018939574,-0.14002349527689492,0
0.015224464480360562,-0.0517569986504564,0.10739185817146131,0
-0.12838205406973566,-0.005139452640878523,0.001021089265123248,0
-0.09827436786740848,-0.09930330176976065,-0.04899820918058289,0
0.14683410807899785,0.0018832778178422993,-0.09278331306553818,0
-0.10084049016386756,-0.058927462514572974,0.008540510405956358,0
0.13054452634499988,-0.14168025713512997,-0.2318977096171392,0
-0.19238457712315654,-0.14041483323440565,0.005599369129827201,0
0.04942107029515757,-0.051944952476486186,-0.06457509622382233,0
0.10531624024429231,-0.29012787773361864,-0.17895124863262157,0
0.10639488743173625,0.11339679766645983,0.07436855609781141,0
0.008389185228766647,0.01227184937882415,-0.07299361282754442,0
0.18573781576155862,0.020253028161906397,0.01218373799298994,0
0.028151397205303453,-0.13233327444105072,0.14993835317736576,0
0.10166080465297729,0.061302442931829265,0.046469266384011526,0
-0.01521482673042398,-0.05052069567943329,0.000648300513805111,0
0.19554936401048564,0.05529947991230258,0.030634618416777976,0
-0.044867634586003784,0.0977673340307175,-0.008467557504633459,0
-0.1839140403408488,-0.12740748271623345,-0.038864283068901107,0
0.04867495454128661,0.035696471299397625,0.05951237983061741,0
0.017183776187085296,-0.07586450582903698,0.018352873819746023,0
0.08924114191886973,-0.014135403453623397,-0.06749785611968703,0
-0.014726824999090558,-0.11497284010558453,0.10456825731404173,0
0.08134306663941412,0.027027816971588084,-0.10214093478775671,0
0.05596671406948572,0.0879458911744326,-0.05644427534994199,0
0.09211358532120678,-0.09340475567096897,-0.05708483872135911,0
0.16699948017398025,-0.03533407303400342,-0.01205442922899098,0
-0.010245473058915953,0.0677334774380302,0.062477632683383535,0
-0.06019117749179077,-0.038072730071137095,0.012780112722133431,0
0.0079335089241262,-0.03921529556242937,0.0023027211584671944,0
0.059493336551119706,0.026731387148038105,0.0978324782096957,0
-0.06411434879123096,0.06365891496315561,0.10345531714859163,0
-0.046945982863647644,0.13749143228861108,0.06631186477860089,0
-0.08876507980053945,0.0023274757589114288,0.18076191016732573,0
-0.277332492904569,-0.03534524479467098,0.18082284223256315,0
0.050742963697759214,0.16493670357687035,-0.17678017223627954,0
-0.09263127531893538,0.22025390671083156,-0.10214093682535313,0
0.2524134747182411,-0.04335308804011023,0.007541037213858555,0
0.044421252202269494,0.017931304126057625,-0.027632516362606496,0
0.021250036348414283,0.05947932095374064,-0.0922182220365274,0
-0.015529800315460474,0.02396093485483824,-0.12159580652865001,0
0.1589045104229201,-0.008817342895003289,-0.01087952068929457,0
-0.08077334119084176,0.06620987491382319,0.14917495498941657,0
-0.07417299334517317,-0.07552364985182558,-0.11453577982938515,0
0.03210453214662786,-0.07202642663304097,-0.12138234078942432,0
-0.08255744391919753,0.10159782100202384,0.1616348682624318,0
0.04998889470338582,-0.14488787836159234,-0.04296644249008773,0
0.06005605793107543,0.12441490269441109,0.10590852433409244,0
-0.22153834321579347,0.09434645144000081,0.11823189291874679,0
0.11477346354786114,0.04370507008520199,0.02913625259450291,0
-0.0180118128838953,0.10937967111022895,-0.004667663940742232,0
-0.0441977980041787,-0.03690137812406304,0.08141507963223521,0
-0.04803396810766288,0.01980460643345687,-0.15837530010237394,0
-0.06042116041137505,0.0685036389070756,0.0030659603614300876,0
0.1427172016600808,-0.053653656396917306,-0.13972691530291623,0
0.10223023424322991,-0.0028291724069296376,0.14504547074462282,0
0.21415206338158785,0.07321403026853383,-0.028198549649942783,0
0.0623297230339395,-0.006259915627692562,-0.06320809529570581,0
0.35860298919686073,0.058568745019723416,0.07628807897269207,0
-0.1759567225079664,-0.15357013107537115,0.16564145451992374,0
-0.320131008642777,0.09766303032592924,-0.05354403309297184,0
0.0053792251905078504,0.054147663863503774,-0.12982852884161833,0
0.12376585944823348,-0.11478055409024213,0.07113777584930792,0
-0.03986447591924372,0.1373247548176268,0.011458153182172075,0
0.1210452952088803,0.003588892530063814,-0.010308298259253347,0
-0.0013364016763864517,-0.02314042025054036,-0.10600480523290555,0
-0.16640007990634598,0.11153079881932038,0.10292670983992279,0
-0.1536429802201349,-0.10761992715659355,-0.14101769980801582,0
0.029777276551640527,-0.14957770024479172,-0.03957815618336358,0
0.04604867354324425,0.10536098018531569,0.02267202286540415,0
0.006171886002316891,0.08154961608211533,-0.07649329003740524,0
-0.10818192782596565,0.10800096993954936,0.0357784520584963,0
-0.0231358732798609,-0.0474449469855057,0.07734642051919778,0
0.18733935614315853,0.026494694928056922,-0.10795284319129256,0
-0.09538131685780643,0.1912380331808642,-0.11270282054181689,0
-0.14101289919356566,0.05574020958232302,0.013544918172006934,0
-0.06935779535129573,0.0038690985489344917,-0.18362713658923305,0
0.024737536531992933,-0.08936045936225101,0.1022075910982831,0
0.2938506535543532,-0.021289201727834488,-0.020696805472834767,0
-0.19084284430155485,-0.003715231723791519,-0.13960132799432085,0
0.10029356013230713,-0.1330148580613084,0.08956927531785379,0
-0.027778544646104776,0.10465753557501603,0.052777660277312635,0
-0.11028417832703447,-0.0043277689390549155,0.07805816161521398,0
-0.2550342363358825,-0.07580709832568196,0.13472599912475153,0
0.20040435858829175,0.033033297536320574,-4.011340418784302,1
0.15578616147244373,0.03892038717485114,-0.13464203879393635,0
0.026415386135381688,-0.09555645000850621,-0.08100734211786392,0
0.11328833205603069,-0.06416524171665515,-0.1252660344986529,0
-0.1335663298779799,-0.02865074036539679,0.19250064836917583,0
0.00025741487609652825,-0.009249255323633987,-0.1851247189510845,0
-0.09001873820768816,-0.2285276799888373,-0.07406202042694507,0
0.043865285578889114,0.012602309794123943,-0.012447829439400327,0
-0.10825583415198899,-0.008526173194270478,0.014568641090225194,0
0.05814040299622483,0.03512703020774683,0.16392908359158895,0
-0.03244343034032455,-0.10011710018264408,0.019121557432291544,0
-0.005694755079808105,-0.005579196783570212,0.194636992171705,0
-0.11044614661677317,-0.1745810394822791,-0.08276020272154096,0
0.014076264601567273,-0.024337988863771153,0.0677340566864749,0
-0.014835751063326203,-0.02656817855309676,0.07059690166344756,0
-0.07875582833039507,-0.11014401712297749,-0.031166737177192656,0
-0.08049362209795835,0.01218450947687555,-0.010671954745299925,0
-0.04025097628068243,-0.25074526535179215,-0.17244717674721266,0
0.2140515832318696,0.060653100622023885,-0.20536406516421574,0
0.0737796098789175,0.08926782478726408,0.03977079521644766,0
0.10672806535339946,-0.10478368381060427,0.05832227073508507,0
0.028987447197436192,-0.03366666253726063,-0.015105489265084147,0
0.1499472020695316,-0.04554238193432774,-0.10407972478952605,0
-0.03669416753807687,0.027372629338151183,0.1136262957398206,0
0.0803392665641478,-0.04358640521228431,-0.0890648901952864,0
0.09743130812192918,-0.018514688069464776,-0.06778714698209819,0
-0.08677979295073829,0.08065229986822148,-0.03582055993403995,0
0.0819923092820114,-0.06025826593479353,0.027726051166378576,0
-0.01943491656528594,0.1612017843144482,-0.013663513784942006,0
-0.11288241325025304,-0.11310453129717964,0.04569988303412946,0
0.07708114381400766,0.12495947673006347,-0.03570199377328055,0
0.05845160370556127,0.014954632969783367,-0.08230329286181194,0
-0.10623741354720735,0.04175206094035514,-0.0879030314913954,0
0.023924560515622705,0.06403836267025169,-0.11921410373307612,0
0.13160544161539692,-0.07677748714689947,0.16506499996261295,0
0.12097568457154224,-0.012005603803989994,0.033589750683392657,0
-0.027648887566852815,0.02287496123498175,-0.0039979451505267214,0
-0.012959108075628842,0.01708391734475526,-0.05242646433488183,0
-0.20242998149545055,-0.05559606203535716,0.049824163526220884,0
-0.08127316527455702,0.12308303717987779,-0.02359043397169769,0
-0.035028975420934735,-0.02506568649295179,0.11077564043700779,0
-0.04463727607714318,-0.011100308100036269,0.014928199180195865,0
0.07491759459930901,-0.10015917276628544,-0.04545146796409696,0
0.34675089987147967,-0.06301934182589189,-0.09684568935244582,0
-0.0008972799066307599,0.06433069059076761,-0.058920627217500236,0
0.14352883578169087,0.014625293419616985,0.0021105237219670395,0
0.006112864653398636,-0.030776531953581418,-0.1827707585247106,0
0.11556614016151766,-0.03743188683875439,0.04235080792003265,0
0.08434177823747611,-0.010246888740476781,-0.11572114352410517,0
0.13962202802285442,-0.13076507344402105,-0.07556075876875161,0
0.0012018655347176554,-0.12277134452913992,-0.23193243779215345,0
-0.08843516246957081,-0.21078670238702168,0.04887397846796135,0
-0.18617427395371228,0.06765655477585823,-0.009364776480716597,0
0.1548179835464662,-0.15184013830019322,-0.28602079072609715,0
-0.009550831452800619,-0.03034701035980313,0.015170927056607858,0
0.01819792415519694,0.08267553927834947,0.04395163383734087,0
0.026839313091760516,0.03933954772684642,-0.05233722757304752,0
0.11777187607299698,0.09002892632868734,-0.10236956931305113,0
-0.16326936988931248,-0.18668534910959575,-0.21338785660318105,0
-0.16091912134382028,-0.27390208753323275,-0.0622754909939237,0
-0.06484986680023506,0.06403178790248495,-0.2547299577351389,0
-0.13517307324783695,-0.14321851822480747,0.05957287317333235,0
-0.011661791009660694,-0.17317805677318007,0.08782175506102988,0
-0.09391103005047263,0.08024260405636546,-0.008239807243789983,0
0.019425413752602913,0.07912408624606561,-0.03652175018392227,0
0.03575679034128389,0.008599276319692721,0.0828409479361485,0
-0.06389696616705436,0.13958048274075194,0.015813179960960017,0
0.023044011175982555,0.0009843084599507263,-0.16606974950886608,0
0.07167010739212135,-0.03580174208594319,-0.10419068388987261,0
-0.05611119586579188,-0.06208505949463044,-0.02611242945739243,0
0.028310873259400956,0.0071178242814912245,0.1772608414598461,0
0.172139842131224,-0.07672571164182418,0.0947015658304658,0
-0.11599625690375914,-0.04742508595509805,0.14507954559873426,0
-0.30823503471733726,-0.04600544969276849,-0.0029199385752977443,0
-0.03560590214130357,0.27856320556940706,0.006714605726745939,0
0.07467488503288659,-0.05576294581757876,-0.13197085191686267,0
-0.07867535986571533,-0.03893992849340586,-0.057727918331552455,0
0.04302870086194982,0.1383116730317789,0.06293424926177621,0
-0.00800579315677884,0.08226751029126561,0.15868217629010473,0
-0.05171767263341312,-0.06069145115612177,-0.09301223297009621,0
-0.09983106370126055,0.09817891488043351,-0.052707231060559016,0
0.20699936628656013,-0.17885359356878514,-0.010964968706278602,0
-0.06658316673354447,0.024006863623048016,-0.002030033551701487,0
0.07431020902591222,0.10872150166332083,0.06619217997487652,0
0.06400160031731858,0.16838646042199218,-0.09247880278042227,0
0.04574006427494597,0.020713003434339065,-0.16045863530797952,0
0.03639755494167761,-0.07801348993996148,0.09268676732185317,0
-0.016419230370764915,-0.03209502362480659,-0.015088088470362446,0
-0.20543801825960264,-0.06827614017444121,-0.04537398963297849,0
0.0002228960607935292,0.10987115904469232,0.07870894624139199,0
0.13047315764712902,0.11050847534162785,-0.15736665134954694,0
0.08198129441204755,-0.18777512058527307,-0.11818617134626713,0
-0.006461947600491543,-0.04117165334087499,-0.015355351565841918,0
0.026652525553940126,-0.021900269900145923,0.1895314506503566,0
-0.007847204471608164,0.00968698853302664,-0.057187935461875165,0
0.06093560982243797,0.06010775592248248,0.032739539912865316,0
0.17671525158644308,0.10506621033005797,-0.19669911324663733,0
-0.0719342219089646,-0.06372888404795271,0.07425875747896692,0
0.07292915678897507,-0.12922769704911988,0.064885464869852,0
-0.08213713080095585,0.025747668937660274,-0.036425677877810744,0
0.10611651028926648,-0.14465451865298837,-0.10068295943238481,0
0.0178630301978597,0.08500301964390414,0.15822757905936324,0
0.19697013207816197,0.062087987530839175,-0.04152586567176199,0
-0.02217150324911016,0.10354057478539386,0.04889851822982163,0
-0.044388823785319,-0.0038025643774376415,0.08620356552319705,0
0.010372010633083647,-0.07208502221023401,-0.007010765783648576,0
0.040116277354579816,0.18507704677312076,0.014310119038421549,0
-0.04069272728673136,0.10837168569592959,-0.2619922778192137,0
-0.014790127992253044,0.09069020413234208,-0.09474408630546571,0
0.15105708484164382,-0.020189308855425397,0.022886403226672403,0
0.10762627135074863,-0.11742772142324542,-0.09825279370715065,0
0.02049016022523304,0.047302235694175625,-0.048569844291079904,0
-0.18636733792977028,-0.12648098617745257,-0.11425720375363863,0
-0.05231941671487686,-0.07041894152815173,-0.06145951840112373,0
0.07712753439253778,0.1241628669091791,-0.1622835524096142,0
-0.17150265862664718,-0.009271164721103765,-0.05672193391039158,0
-0.022831534017708054,0.1139490607273006,0.1571707125796804,0
0.26787018907638077,0.08925210553419137,-0.0518568584907737,0
-0.06278920474597154,-0.00024076325949347853,0.003062596110124194,0
0.037989169545658265,-0.10982632488342683,-0.0503703276458452,0
0.196596613925611,0.039531569972875165,-0.02953385294426176,0
-0.08567499569726403,0.0867147014139808,0.12276433384109971,0
0.00524331657605258,-0.1557292862893827,0.02808819332060371,0
-0.09183044151253762,0.0752945508784082,-0.05320436151738979,0
-0.04686209750700347,-0.11310342504969764,0.09026562391162833,0
0.007723280006228632,0.1812449124954323,0.1382026735262559,0
0.002101313929409027,-0.11846078037855196,0.07194702426836724,0
-0.020731131781349416,0.156788029606378,-0.011703528111913018,0
-0.07262345278389569,-0.027249220758599247,0.04169843048579889,0
-0.12536938796115712,-0.27970672065447255,-0.09215939404779988,0
-0.0943008547623247,-0.03429967228282202,0.13594050223450266,0
0.20906622748468423,-0.015949630725138428,0.1476960419378471,0
-0.13888692558876437,-0.11951279773813053,-0.07578577652658408,0
0.08737151771375357,-0.019456876826672208,0.06938851386532717,0
-0.046571207368336524,0.05710746831417162,-0.012754828724624655,0
-0.08157693702682021,-0.021402489121249868,-0.022817519194940863,0
0.00102857757883087,0.035552399325765045,-0.022603925690671572,0
-0.0428277095013744,-0.021040597281759076,-0.07116098654208061,0
-0.11983889305354621,-0.17701643002930956,-0.08444637899963274,0
-0.02573538088576532,0.07588714473442608,-0.2003008998664514,0
0.06335672686062542,0.006189949099764179,0.001501386509235936,0
0.05554380667534686,-0.006296625890998051,0.02378174836506732,0
-0.09771241603631238,0.06947291748157135,-0.2069895226778932,0
0.006474877887678647,0.14050801991008677,0.08607604947862778,0
0.03749605995604168,0.022682527412394623,0.1202416950630465,0
0.09917411874630529,-0.09079647346258053,-0.06453844754299386,0
0.1799677400271348,-0.08960735147274138,0.03858055277989083,0
-0.11584390484196638,-0.02771780170970861,0.034752763955070966,0
-0.02579165756851805,0.09684076560175787,-0.006803417058562794,0
0.03258360226417694,-0.05264482683796337,-0.017431567292165825,0
-0.11020470665564118,-0.05604562353827976,-0.031889782807536154,0
-0.06225335678999547,-0.0007274824194266848,0.055870470478210726,0
-0.04758795959125969,-0.1438380584833983,-0.15495984156821238,0
0.02412828604353364,-0.022614515516390682,0.031090089674248214,0
-0.1287920444187622,0.04596927649262957,0.10468901329529641,0
0.10121868917430164,0.05681156168432301,-0.1664272283799539,0
-0.14031860639307212,0.08594026249476691,0.03637589859419848,0
0.0030457881289365626,0.10220438491619006,-0.04329761384326313,0
-0.015320372652852077,-0.015284721233247948,-0.05003225994535028,0
0.021671583928154853,0.006645114235656491,0.04090459589553378,0
-0.02052475640632645,-0.11781931017276898,-0.15882481156952136,0
0.22098307958958593,0.07973448033492342,0.004457561899547663,0
-0.10829932586463248,-0.047314917487249246,0.005005714724138005,0
0.010253931860300904,-0.2012526545177259,-0.04696672096398369,0
0.10587854700468079,-0.021894038982833344,-0.11763657610535712,0
-0.1359523882103174,-0.21252451394722804,0.18358802876989277,0
-0.10543633103250515,-0.19002148569437272,-0.07946703717402712,0
-0.08406598575773938,-0.10881439762790829,0.0076462023262681205,0
0.06613885911039576,-0.17973847408269672,-0.09888695055374182,0
-0.04668946556447965,0.017856732543822387,-0.16425325662066168,0
-0.033233709891566814,-0.06851197718005227,0.025509068799214326,0
-0.0844793583333322,0.03644154859492995,-0.008738835867172163,0
0.018826019298630352,-0.02715967122573027,0.020468928225220093,0
0.08411315091798985,-0.07734423402942889,0.09871743529759949,0
-0.06827436053234302,-0.1956073906723074,0.020426602758147776,0
-0.07010319526773105,0.08821661977508084,0.06627517431162322,0
0.07575760315361292,-0.0420193006176537,0.06963127553025167,0
-0.1228409702112254,-0.12810112515776403,0.11405652712252211,0
0.05022644011258264,0.07703212672566752,-0.025871927228059418,0
0.08979811290606246,-0.013802972211539836,-0.02220931101120168,0
-0.17399479867207526,0.01594037200115498,-0.08989083048664179,0
0.11374652327160864,0.07028760578870773,-0.03495757209245594,0
-0.07423919796690359,0.006695076022978361,0.24966402238279806,0
-0.07268579004165908,-0.056932957126393596,-0.11680328721197385,0
0.17055861479317308,-0.05532347506124528,-0.03145211974381553,0
-0.16039032968217837,-0.09674108076364796,-0.032135733906259935,0
0.07176253700164874,-0.07007851541360928,-0.19551663177059977,0
-0.0779765440367263,-0.08364913086520503,0.02177421949796445,0
0.017870651782871932,0.09926407716860375,0.0347843586839511,0
0.02964650390939036,0.07334166395169503,-0.011517514133048768,0
-0.17044150344129336,0.017722757786132772,-0.15588400955522874,0
-0.11708440048027334,-0.10464556493249044,-0.1463760474610095,0
-0.16513576289340826,-0.29463379139797413,0.11987614045581714,0
-0.18398161298532548,0.034527466281579676,-0.058744226014578654,0
-0.1270318367781358,-0.005330692793721929,-0.03976897648101155,0
-0.15972977304462335,-0.04489171204049345,0.15471633483591163,0
-0.0665249117067072,-0.17943167427149764,-0.09703732907045394,0
0.07817958167458354,0.01252219145943223,-0.05868357464599283,0
0.11945625721186165,-0.09894607964252816,0.1856472594411619,0
-0.0372016509654745,0.08628219541750802,0.056455702225121786,0
0.15480498817456995,0.06639558207212992,0.06601853307126906,0
0.07295846804663761,0.14736065683040014,-0.01741007070182485,0
0.1433059878862961,-0.11792244306597473,0.024446278054332374,0
0.015182100441257097,0.05218394504567721,-0.07779387819455125,0
-0.22511956409046766,-0.010625737155020737,-0.06549141375241377,0
0.012885838840558578,-0.09406805947835824,0.14514492593488432,0
-0.011393488278778494,0.13421449990489495,0.12087993921700231,0
-0.0853880914608322,0.14456397677121632,-0.01859729809195745,0
-0.03992987713052642,-0.18436360030785984,-0.03732668982823802,0
0.08071566386156832,-0.05357364811469411,-0.036652184394432984,0
0.053493006221207534,0.01956111953223632,-0.08485709789221038,0
0.000140505683495909,0.03131248047667311,0.007540009099274861,0
-0.1806958994039573,-0.05547225520422769,-0.22456661956636936,0
0.01450010614749259,0.08444681960047717,-0.024200978040698196,0
-0.03417909478720055,-0.07223911917996964,-0.018680614863930484,0
0.021624587303431753,0.1771539149455284,0.07159514219168561,0
-0.1394848663094541,-0.013697239518257588,-0.0869240699877164,0
-0.277341104160793,-0.000900868395047952,0.035823839804063715,0
0.0027876462912264227,0.17449093605736282,0.04801752090885994,0
0.04764619308864491,0.12052218348408822,0.045887611375617546,0
0.19913515318027714,0.1611615438634975,0.0938553547490709,0
-0.03269205206740273,0.09906328310074687,0.03523254847209322,0
0.1189544094591051,-0.07281593796315233,0.0856568849971341,0
-0.06402099900366906,0.08832833509919627,0.2172838005917134,0
-0.05280290697127084,-0.05350057650676006,0.15663550222799083,0
0.03648655749970455,-0.12739425030006685,-0.018900871392906887,0
0.030286035724473987,0.02303039155915905,0.006271682589199513,0
-0.005866101461190865,-0.09630679878417613,0.040085710580940286,0
-0.0841341971059873,0.03120190778813254,0.14239319234117218,0
0.13218587595922485,-0.02384025901855531,0.03141486824036548,0
0.03826570176642093,0.07218304599386921,0.03817051131103984,0
0.10885541874530376,0.027180375156443826,-0.0313429120591238,0
0.020757709008319192,0.09158788193295626,0.11482143575644375,0
0.1521402491540108,0.07767924310852252,-0.20076767375250182,0
-0.0865173992576796,-0.0513985443278242,0.11905495083721694,0
0.08876253394943169,0.21169618652152897,0.028774849137393217,0
0.17213990365878665,-0.06188699982749954,0.06693130073412093,0
0.09423131709339577,-0.033420763931258424,-0.07261205343063876,0
0.12507772154840346,0.10285058051597495,-0.028761721055873865,0
0.08054186297006906,0.05051504667450384,-0.04520825903993072,0
-0.004566547535215823,0.028986919302807803,0.07514163772501026,0
-0.07426759501115425,-0.07061886062246135,0.12608670922759557,0
-0.12094664396269988,0.017203066396244606,0.012958759930879716,0
-0.15107512627594835,-0.10972177986573445,-0.1801492105953097,0
-0.0693479762014776,0.037167956324623434,-0.03982901519906723,0
-0.009766278319785326,-0.040177530598369086,-0.18125253398253516,0
-0.1006504881906615,-0.3322476038565612,-0.1452784476061773,0
0.055973139283300555,-0.16064781756968338,0.03936442351116822,0
-0.05055627861581338,-0.014296162264590701,0.08686083215662878,0
-0.010577130815907346,-0.030346304661943144,0.17810795845528946,0
-0.1347013760821556,-0.05499331529317217,-0.10586162471409069,0
0.03411067394890028,0.11405571390297436,0.14682989264011836,0
-0.09727383248715939,0.08852587035690768,0.07868609075982434,0
-0.059534791963554136,0.042163751299813305,-0.1504041021187705,0
0.07551923069054273,0.1368728966671575,-0.05355247896259108,0
0.2334160994378988,-0.122201513959029,0.11129587942033137,0
-0.10104520145756118,-0.15572361268772994,-0.13517997919575472,0
-0.0774361419194291,-0.13919700650849576,0.13134042782157673,0
-0.05844144963279738,-0.12899314245248247,0.0402768950050092,0
-0.034007979396437224,-0.14873171127107598,-0.15749557716857776,0
-0.07385080132910105,-0.05643533872630105,0.12989105816256272,0
-0.10863356173481953,0.047744509640954294,0.09343851670692425,0
0.09024985787567884,-0.061468174964436045,-0.05849923966893346,0
-0.164900046697656,-0.07330772384384442,0.16759652501076072,0
0.17155106858782232,0.06408046355179073,-0.06101811578636858,0
0.1134729227728951,0.057155381403150386,-0.0071525561094470825,0
0.03462096688469003,0.014046493572769776,-0.16448442873971486,0
-0.007577657723534354,0.08107823789910046,0.2415798606865338,0
-0.035513920398687976,0.042806355327113944,-0.07491663048870958,0
-0.10057828841516588,-0.04811417387950221,-0.03191477727982392,0
0.05881588194857815,-0.17630893507635984,-0.0624998783430658,0
0.19383742658144842,-0.1741791337109505,0.1317529153176784,0
-0.11362677096125617,-0.010074716834084327,0.08507935743949438,0
-0.0016081945850928638,0.15790056209726736,0.11056512149288777,0
0.027990040502830455,-0.06445732443596743,0.08341221722744885,0
0.1714598666818642,-0.023972803802300935,0.04295896200772456,0
0.04518114127618373,-0.07851020665969581,0.006918994122475135,0
0.22038761445849483,0.033740270966237426,0.00885375226123009,0
-0.21673235133651136,0.021424053141497562,0.050105139512770014,0
0.03852433886514215,0.09581669212036428,0.11957176530244079,0
0.07589959763947653,-0.11543156793467052,0.12326677668279827,0
0.023031945573175235,-0.23425184478106464,0.11522349380083259,0
-0.09177289641558234,-0.05884763322192538,-0.010539413967539234,0
-0.021914425961312933,0.19544385233610787,0.13012106807629215,0
0.08426842063497202,-0.12264103334478378,-0.08788774389750763,0
-0.19612905368423003,-0.09370540768674465,0.07917450543160579,0
-0.07746756001351823,-0.051436762044908074,0.019613395583823048,0
0.047738963502735834,-0.0744070991625653,-0.0451750853247768,0
-0.013679475738366165,0.057832853148370215,-0.16586579197183354,0
-0.03308325568160049,-0.07083534221366837,0.03607050166823022,0
-0.004933078477877745,0.019210390799211222,-0.09323796366112962,0
-0.1292686521069683,-0.09038301089268688,-0.023308680170826403,0
0.0912314666130254,-0.17902976321518912,-0.11103187498099719,0
0.0719038297304081,0.03889332663260611,-0.04320366358383306,0
0.05455010601351169,-0.17466839515191718,0.007909462279604448,0
-0.0800367510543714,-0.01764182950234527,-0.015403657697860024,0
-0.1358273408034271,-0.08693737245470601,-0.14163946795542925,0
0.005211661389423826,0.21144271451399207,-0.1053203391185895,0
0.004320901894703668,-0.044471682040996593,-0.1554993235347539,0
-0.038574738425479684,0.13822471940379352,-0.08714413162221736,0
0.20791139571460115,-0.1135210026797735,-0.0642076881579775,0
-0.07864655437886915,0.08925585433102856,0.04450907455268179,0
0.07635809296897071,-0.08637512838115652,-0.0004145072461565137,0
0.01464326026011003,-0.18023926309685137,0.1730635651013536,0
-0.09140249072135939,0.05639292209734201,-0.01232362800527951,0
0.07520432625157036,-0.25595478506484837,0.1275092206568662,0
-0.22940552631782354,0.16838431212259763,0.006272527973253979,0
-0.04357872211780975,0.15472841665773807,-0.06001219860534706,0
0.09975747242459233,-0.10397043678579283,-0.0787438183224417,0
0.1071905917287172,0.08491073681180583,-0.05045237695042665,0
-0.13525268219588457,0.010884106805558378,0.07798936725838768,0
0.06821096141556039,0.06989541170982688,-0.13963664497210604,0
4.083793818381509,-0.11551088353022587,-0.035992639986544527,1
0.0003470606914945572,-0.019500388079746977,-0.003973882586702012,0
0.14043612279851844,0.20623234833026896,0.03665429836721671,0
0.1430203129484958,0.120882186212472,0.04156225075761804,0
0.06796043570101289,0.062423103643832537,0.06524032141773807,0
0.012578254378758839,-0.004400420380965491,0.23255408956712953,0
-0.02395502093911119,0.11022919951684232,-0.24383677560373035,0
0.2733008724586775,0.015342646886064529,-0.10943710028284624,0
0.061980023197206274,0.18602636442265919,0.1054961681644699,0
0.2172442314177309,0.033885806494281905,0.1478466776813251,0
-0.20744464371365484,-0.06095900350799253,-0.12915569729526322,0
-0.05235969801317182,-0.1687841765618183,-0.09594285993601799,0
0.06716576107250657,0.004925170864690016,0.009427310752105475,0
-0.2264479977049907,-0.1652057442277661,-0.049214196910953384,0
0.012135468306580847,-0.019795900804927293,0.098502134138581,0
0.07460405206471539,0.03398749870306043,-0.1225120820893245,0
-0.07360549778798352,-0.14602589657871706,0.032558258879320304,0
0.06612475836377554,0.08137288423765189,0.1666398182896661,0
-0.05983248889424472,-0.042799433318791415,-0.0699035624786686,0
-0.035646236432203146,-0.053075856791663406,-0.08099977797486405,0
0.06504730608590457,-0.205096781399139,0.006305233005502817,0
0.024859958496514525,-0.0038347397256984685,0.05804618213464531,0
-0.06539730855043806,-0.015362791050948005,-0.4038635045078962,0
-0.006425064399141352,-0.002531127395882055,-0.19513892900031504,0
-0.10221431970946936,-0.04647421120034436,-0.021956720147495452,0
-0.028608775669513076,0.047993510714089305,0.05969393509455648,0
0.024806944812377843,-0.027808473803799107,0.052476707558624436,0
-0.14516402100677858,0.14099576603312144,0.006490021656666328,0
0.046494604720462206,0.07265596399072209,0.038648458528889096,0
-0.035109910513794286,0.0407334673940558,0.10028825604125831,0
0.018547847728072386,-0.01957462710317895,-0.05405900300531028,0
-0.04612761647818049,0.04726644636148354,-0.12121798801832602,0
-0.011457422082972941,0.09062481176394448,0.0796741907911514,0
0.07521006529022287,0.012258823351032087,0.038392421672008334,0
-0.006660618895923093,0.16172372635872445,0.1749050481837586,0
-0.04303936117463615,-0.012134872470814965,-0.012997241935772811,0
-0.050344246197150604,-0.040925134579152214,-0.02559216541705585,0
-0.16645969994265042,0.16049717477129632,0.006141648027602941,0
0.02925001816488439,-0.14099540606739105,0.025811484851293295,0
0.17707207107383446,-0.015127976784338394,0.10285671035656374,0
0.002766915547754427,-0.09539445280096756,-0.038611250340205405,0
0.0732627660798954,-0.021761990359069647,0.040202392483477775,0
-0.15342245687437583,-0.06023006001732363,0.18357122789663174,0
0.0695431498873731,-0.0972189048723962,0.043104478140144224,0
-0.027912523384345734,-0.09167211806545204,0.07890393567620275,0
0.02678631553915463,0.07849307327263148,0.07638557595426623,0
0.07837083402928041,-0.024437327556289523,-0.10649423131427034,0
-0.04650799464741881,0.004851572794462071,0.03294889330653328,0
-0.22343772265525558,0.04215251709169705,-0.0020087796147017774,0
0.06715379115694096,-0.11110471345838079,0.051622987835637416,0
-0.17147406215769084,0.1372023271782097,-0.05089468201929403,0
-0.02106469387331307,-0.009944617645764122,0.10142318223768346,0
-0.08061390430536826,0.029857405835572087,0.11220814268119948,0
-0.09604574112656186,-0.16117588576170835,-0.06274964373518778,0
0.2062059051042796,-0.1565582220240588,-0.04934337901811234,0
-0.1256424251354639,0.016262200617874183,0.03180509507013637,0
-0.09322045620701894,0.05586801391802555,0.06472842403106743,0
-0.08733791990014864,0.042226299338416595,0.171259590529782,0
-0.0008685052934730872,0.06473419156960326,0.11600895761803565,0
-0.05488068109362873,0.0065032952890820344,0.19131790099750026,0
-0.031678451114563515,0.031909479086807656,0.029663639067145288,0
0.032027293671961964,-0.1561314755221545,-0.05575868700418002,0
0.04212422348133955,-0.1010518200746617,0.0012522686375998338,0
0.0803985753538564,-0.045539014433833847,0.14009410844188763,0
0.1855650166868319,-0.18668545334689599,-0.09854559285498858,0
-0.03117182994854599,0.1471994771687408,0.058294823469628554,0
-0.028396803847028248,-0.044817651220204535,-0.044248679420912596,0
0.036585780946954964,-0.18283860272966285,-0.0002755014474383984,0
-0.16532263342631923,-0.05872359748265335,-3.997463834745058,1
-0.044477844554640655,-0.05158566360253733,0.026410539307718812,0
-0.04620147888684195,-0.0857138382148357,-0.16385574920366164,0
0.0479822562680154,-0.059042969811431256,0.0446910484322173,0
0.16804401944620317,-0.017246975420127354,0.014271652459465836,0
-0.0573828159155601,0.03608357699320291,0.03546941362529384,0
-0.007362904258774264,-0.00398344176216947,0.09555900342115786,0
-0.16671710685878446,-0.07020697680036295,0.012475358043049547,0
-0.06766962396878623,-0.0140583126068613,0.02171399652897895,0
0.1359247464362677,0.022741288894917618,-0.10183199853465547,0
0.019113141273568245,0.0009053547849170985,-0.051491521108477295,0
0.043305637092633714,-0.14326479180052912,-0.16966630173684635,0
0.18103583572258838,-0.15209276286988813,-0.030798476153969717,0
0.023566396542816843,-0.007049204243500657,0.03326045483298318,0
0.030797247893357357,-0.12424811203216984,-0.10857638128272462,0
-0.03188167985150496,-0.22463458746416878,0.2497948261460232,0
-0.0015881147642005816,0.026700133691908857,0.005370629249872352,0
-0.05844295700632027,0.09063850631082093,0.07998914086806248,0
0.043202630617904386,-0.006410527206922825,-0.06689572966194655,0
-0.06052607409633896,0.09951059367024363,-0.21546676574082047,0
-0.012545571816970042,0.09128986043117404,0.10501390095771679,0
0.07950321287756851,-0.10477046589660383,0.01074309049399756,0
0.1985788477810626,-0.0760587163022744,-0.08512539678616557,0
0.09701627903359364,0.001385700350734086,0.0072672294723697215,0
-0.010704766793786421,0.057698513424005754,-0.05690275667597309,0
-0.1192260433138887,0.17166720488400655,0.08457401243451715,0
-0.241777689137143,0.05069984674361827,-0.0399072475367238,0
0.11249836395911904,-0.007818270670255477,-0.1961569673964853,0
0.10393119251922522,-0.019577595144003153,-0.033114152976613354,0
0.10712533259565414,-0.02386650849337664,-0.13727074533475356,0
-0.018710144764645744,-0.08324220227454382,0.11677346114435952,0
0.1334400632213113,0.0012699006934651924,-0.08717873421127154,0
0.049760526456886556,0.09392420808491363,0.14068562039326465,0
-0.10655182763592608,0.05247984094225651,0.07012259351186188,0
0.03430536760232441,-0.2203614896132693,0.19121243912082372,0
0.07514952386767042,0.12161445083647018,-0.1061776603900079,0
0.147403992788103,0.25251173730179605,-0.086798756335263,0
0.015808432037500233,-0.007775656627448499,-0.04426332696719548,0
0.0016297532914548143,0.06597467381191512,0.0735023302461796,0
-0.06875668599428357,0.03665614134684605,0.037274188281944634,0
-0.040722457810986795,-0.10989629525089216,0.0004205149874090599,0
0.10022898970309223,-0.024889148957416573,-0.05403768394940526,0
0.06242032549807589,0.13650056939811583,-0.06721757605942613,0
-0.09130789427115778,0.052057137794232516,-0.07102904226129779,0
0.1596129761683493,0.1016532162665002,-0.021514447046811207,0
0.0018876501663394473,-0.0057305086807009275,-0.07942617856463968,0
-0.06087951534871471,-0.02921398725910267,0.11204921023816677,0
-0.056071469528519616,0.11278940744589153,0.0030223435601033203,0
0.14538219773193847,0.022143328540818807,-0.2329584887684391,0
-0.09357018030166142,-0.031293828956312685,-0.1818078940612781,0
-0.0990949772427937,-0.08973537740179277,0.016940026933294335,0
-0.0016717666222465966,0.006267404678912345,0.13524763851028762,0
-0.02838394244034383,-0.1081164698444333,0.029385871899563255,0
0.04204902690960037,-0.07681598716775223,0.07211689785028898,0
0.1099213077466033,-0.08635990073478385,0.010164376201613604,0
-0.033532442064649094,-0.02534162209499441,0.08471316335148833,0
-0.08377524608734828,0.20481525593422584,-0.02585599504170884,0
-0.0312171249466485,-0.031108058022541366,0.07145868740695287,0
0.09726983559164704,-0.02932680797221885,-0.08309105343261658,0
0.13677940546521358,-0.05357997500517972,-0.01709490952514088,0
0.08302369712417156,-0.2621289771486008,0.021447880697121353,0
-0.04419746263682957,0.09898336154130725,0.02713093568195542,0
-0.08718999148743103,0.1646725363575857,-0.02197124621652591,0
0.18213313620573213,-0.1060726540528973,-0.07908148258617086,0
-0.14959542383458824,0.15328323212337353,-0.15519675085349757,0
0.05751560843992486,0.07343924116497609,-0.04176617494805718,0
-0.09606923241552001,0.052000997201022636,0.124409041832176,0
0.1872944737097597,0.026199827751145644,0.07976431058508668,0
-0.06963948408093741,-0.03817982289200075,0.04477658185081668,0
-0.036221522646436376,0.06613818037664526,-0.24163364807891796,0
0.016670290374049313,0.005432292870679078,0.10712747809830823,0
-0.07710681754627674,0.05138564502468606,-0.16466022097515798,0
0.06119437784427272,-0.0845563952264618,-0.13535099333500286,0
-0.008631962287874124,-0.11552690816171494,-0.036458249831448485,0
0.03480139520937806,0.061643194713018025,0.09042949142529548,0
0.011904287354282892,0.05686398739536831,-0.037998566809438146,0
0.17132427182166637,-0.07310629954697048,-0.005684389044297537,0
-0.30149996964623316,-0.04402535528444095,0.025076139482276806,0
0.14049042166084819,0.024594642690815106,-0.24363917571769433,0
-0.1339431959409676,0.03003838008553113,0.011538553110270529,0
0.04849154940176283,-0.039651739718740475,-0.06985036929875446,0
-0.013099368405670329,0.11350631187564815,-0.08728366298689265,0
0.04101109497034868,0.09305751221999622,-0.05266479153569673,0
0.05135766480325942,-0.008724260267200584,0.030348706479552928,0
0.141740957360842,0.05851887641655545,-0.0045901106977049005,0
0.07313357470891156,-0.038067672626569425,0.06477281776431244,0
-0.11468450309555911,-0.08016174461552455,-0.051474673742597336,0
0.12217582508833438,-0.039613319019380554,0.06649283815742416,0
0.030168027934385916,-0.051643517153315305,-0.15558398154975767,0
-0.16121469763920313,-0.021345668376116428,0.10816701270573448,0
-0.010316333106565457,-0.08444568619786313,0.21307496893518485,0
-0.02664975548741047,-0.16093223942408091,-0.02469457048003897,0
-0.12352060206823204,0.015545157112366119,0.03268042287114208,0
0.07821302962492331,-0.043995879746978904,0.022416269137639652,0
0.06697535408473941,-0.11648607334105808,0.1221442425281101,0
-0.007479984708467347,-0.1059697861296991,0.04213197711663933,0
-0.010297817766267139,-0.11644116298707333,-0.006947609921282608,0
-0.10256917138839056,0.06942106964542835,0.18571616821596815,0
-0.1713453236970666,0.012796200845382464,-0.04288728088322932,0
0.12110775434686866,-0.017544336465902338,0.03684582369232523,0
0.07706464614112456,-0.02015194179629166,0.17183470170180692,0
-0.18809787973741218,-0.07687765856889522,0.17581380895164744,0
-0.05383826474986358,-0.09909149489210523,0.13109969312321632,0
-0.1318614463945298,-0.0019206198547485794,0.053529717809607136,0
0.0832668715124888,-0.03578184442721923,-0.21142360649517827,0
-0.02974498217311672,0.03528795486333854,-0.06354663524810543,0
-0.08071308799337007,-0.13106602451181287,-0.128446559093393,0
0.0274651266964828,0.0893594012788782,0.051516466533661,0
0.1905879266812773,-0.04889791271989303,0.19729110087526586,0
0.14598993899569615,-0.17332307626529797,-0.028756265929033895,0
0.120510630472665,-0.11297616392617581,-0.06729833792771786,0
0.007672064070757253,-0.11596107587045684,-0.007743514440125766,0
-0.027720390956251718,0.03653458642317925,0.03792253196059019,0
-0.04596019641283629,0.12405343728996457,0.039791696849018454,0
0.03233784616254537,0.08251882228440018,4.037136684249589,1
0.20127607286236304,-0.03416169694902405,-0.01233321353526703,0
-0.039946366582121515,-0.015642076121614595,0.034615603772412296,0
0.15858980346254598,0.05070347901371189,-0.07856190309854372,0
-0.10662188628466958,0.035787988541387206,-0.150738189920987,0
-0.08194165796351006,0.08665724103357075,-0.022846859864112598,0
0.0128720836608868,0.10996861271040215,-0.051709569181995846,0
-0.08704006037701952,-0.10377322562007679,0.01634108582886125,0
-0.0770203725568491,0.10342613003678858,-0.08355226847890285,0
0.033752002792607164,0.06436172950682657,0.009621547091006759,0
-0.19772451147223924,-0.023840522166249708,-0.10863243280379815,0
0.03389823756970197,-0.026217257860562778,0.0821509697138014,0
0.22566420084254168,0.10474911734477868,0.032352636838023724,0
-0.1271592489064604,0.015193754202855708,0.016967809752014743,0
0.0037411461346872465,0.026413326671035627,-0.12982652626762534,0
0.006519228017515967,0.1275603811616841,0.11961307851044821,0
-0.0389023500347463,0.07312856868018829,-0.08624866095154804,0
0.10865535853855834,0.060262946654074924,0.07459107753666484,0
0.03854982476361796,-0.06400577351169871,-0.22513322839594846,0
0.08966482501823338,0.0509867535362344,-0.06268320820514454,0
-0.1545117180080754,-0.04514867308726886,0.0667481257434844,0
-0.01724342212210033,0.07213624929781552,0.09145047835810229,0
0.09403746356430671,-0.016961920129083485,-0.08026073694918257,0
-0.10850168491310322,-0.003090339016997054,0.035566928592372093,0
0.012238354264905637,-3.927929961797508,0.009560349392074388,1
0.06325514658177689,0.1167870212972359,0.047890995479843365,0
-0.03130465667716283,-0.026904285650946897,0.09108499882211796,0
-0.0512318882675401,0.026620344353455196,-0.07050665747373644,0
0.06231068137008412,0.1253187081492514,0.0033919881489226805,0
-0.04260060485290418,-0.22112313562335464,0.08914190997853716,0
-0.23692576587966363,0.001895366376131408,-0.0346323010426127,0
0.04551092481450378,-0.07191124592482354,0.15054742553746797,0
-0.08857379444377513,0.016799994027072506,-0.1676929011117525,0
0.055346894915395406,-0.26100801788227085,0.3684719824801327,0
-0.09726317188866754,-0.10747576535217618,0.12296278550166458,0
0.0017075654133697892,0.0018723352761283018,-0.1637843786766736,0
0.10140778381665304,0.10845134415116027,-0.14189197556487146,0
0.13132920944590737,0.055952254142224725,0.1151905993847307,0
-0.004749437499932261,0.08458602617921313,-3.909118672793599,1
-0.14581909925285494,0.08719797741500168,0.033957794146015366,0
0.04844645096886319,0.1604314345213637,0.14150430246420573,0
-0.11016214805170017,-0.14394939951885544,0.08838426771909814,0
0.05798905501032954,0.21023833108970702,0.13846526956469704,0
-0.23229149296961774,-0.024007678374616183,-0.1495924533163921,0
0.1120532142009403,-0.08173014328932436,-0.03299905880568465,0
0.1524771648787006,0.05266986096622094,0.006687492548665704,0
-0.08433934158857927,-0.10039266113108783,0.04700356171120126,0
0.06899550031909304,0.08828633369096885,0.028112164292930387,0
0.10084248895665499,0.03502217237418568,-0.17062619926517214,0
0.11860392453030065,-0.121015117063409,0.042191499883524275,0
-0.03489642163475108,0.013091542267094903,0.06633073314236453,0
-0.029338064672030557,0.11336816959434458,-0.045525269253942804,0
-0.02279372521833859,0.21128077457577943,0.11002203730779209,0
-0.11480617639057585,0.021079256350731504,-0.013745041262937458,0
-0.01657733276662664,0.11910119012190337,0.09979387071462276,0
-0.06069736825578331,0.0022748003189486487,-0.10156144878464693,0
-0.039855426665348304,-0.04535777006460051,-0.014826533403331569,0
0.01292745174175284,0.016596902542726673,-0.08655745309719186,0
-0.055758067471431694,0.10479623054693005,0.008481517788830438,0
-0.05562166990716724,-0.07614874110553158,-0.09343127228624297,0
0.08601381422147655,0.12770395156788691,-0.010118116060806594,0
0.09897365696266912,0.15018674447805894,0.005625279368021835,0
-0.0534207153795051,0.09666068372208128,0.19736060871533959,0
-0.1275479324861002,-0.011224011412167976,-0.14785096314520893,0
0.11475671815443421,-0.14282594388738168,0.06657931232847598,0
-0.10611533260201991,0.18227076518151902,0.14043668008865035,0
0.10149177787148728,-0.008944637207234275,0.03960745929635814,0
-0.04074836408927261,-0.02747247649876331,-0.04442826109850251,0
-0.09686564207054499,-0.03411756165502922,0.09950681467536643,0
0.07966972771616813,0.06693844948791343,0.18780306236518857,0
-0.05490065634609209,-0.0072678442518738125,-0.06733526891473238,0
0.0683463462174586,0.07548595621933801,0.11455119037536486,0
-0.016050674612199365,0.055604556303249855,-0.08014937022298874,0
0.0007124811478726664,-0.04333070451879213,-0.059094090124609124,0
-0.011528539158611696,-0.2242752260265724,0.055440800025271735,0
0.015316747597026757,0.12956569205364346,-0.22537439273613483,0
-0.03785649409574969,0.07915897520547892,0.029825619310006785,0
0.042062292306339504,-0.18375689128806572,0.033829941793688,0
0.09489700788121792,0.03305392794194822,-0.02304311513909796,0
-0.08816132482181777,0.008219143619879648,0.10764074025114999,0
0.057015434591705376,-0.0382172128265619,-0.024534476795585708,0
0.13624536373031518,-0.053890964025240885,0.023134003865082523,0
0.002981223999773789,0.026045700545270275,-0.1299567635727539,0
-0.0018434949766298688,-0.13495087048374807,0.04820174690794127,0
0.0400183559781123,-0.046308057597032604,-0.17613897259682956,0
-0.0879567664143886,0.12000629921034714,0.029703686038401195,0
0.062220167557726816,-0.22052436783463902,0.0821175055710997,0
0.11259540332977405,-0.06567669421274824,-0.17930503635990958,0
-0.009611032450687807,-0.016416320837208995,-0.0541195992503719,0
-0.006749527034262387,0.13740343096404656,-0.05657796965804105,0
0.06312908290087374,0.11109438973665403,-0.08934871871993338,0
0.11272106655875072,-0.18618030019364817,0.14398150684028074,0
0.10719873812444852,0.11885958384264711,0.10790255110987501,0
0.03692608352163709,-0.08837916687807784,0.1341288242621745,0
0.024667096931665192,-0.008106936289155072,0.01438420167186692,0
0.1063501097441989,0.10267828127507886,-0.02779601602342123,0
0.06200486366534611,-0.12070038141926714,0.15865644684027636,0
-0.006816910540240546,-0.09965055507093508,0.06271428927952132,0
0.13055257776267962,-0.019991966430973524,0.15009179799697275,0
-0.13795016228425355,0.08409415418693011,-0.041227855934417565,0
-0.06727637162206372,0.05035569552601567,-0.09077858081664036,0
0.14212398602863635,-0.13749418706001595,-0.10961767154834852,0
-0.02449730818383619,-0.19193363563404817,0.08970021146016197,0
0.1173605728042731,-0.04806368121160997,-0.07688501905716871,0
0.036888372583232486,-0.07380568027242122,-0.0573470738479922,0
-0.007265612283151758,-0.17171970547109364,0.07363272332359112,0
-0.03536261632779399,-0.07958042923837183,0.05679042008465726,0
-0.29368445843786545,0.11483332750510217,0.09914590769461074,0
-0.09478584924760995,-0.03977942461900207,0.015157714466638179,0
0.04577544195109595,-0.25166433165263596,-0.006718057008092692,0
0.04513157533165716,0.05858565518245006,-0.1292773952535393,0
0.13427002538004815,-0.0027794851007577146,0.1881083902038836,0
0.04267732839950869,-0.1003816140777135,0.023679367577210602,0
-0.05264856400029925,0.015297462307830322,0.05366065245534651,0
-0.07448007240209693,-0.0458648880937249,0.1080075619226658,0
-0.08412119617416491,0.13941314705098515,0.08090902850247057,0
-0.0804877033033411,0.12402134752981411,0.0969689657966877,0
-0.09127780716940319,-0.16984754648443154,0.07193828228387524,0
0.12389211191380659,0.10027162977649232,0.005828735855750836,0
-0.018855532590201354,-0.08939029241157073,0.041093451978733826,0
-0.07883951454561855,0.17146137445519952,-0.16124500679477174,0
0.12139459203887822,0.05767454459289489,0.14702276559765606,0
0.05034176719199959,-0.0966899297906209,-0.121323832125366,0
0.06031970250980752,0.2056596870146029,-0.05516088518948477,0
0.011794761868516856,-0.009448598813046691,-0.005602999961373152,0
0.10262807065684676,0.004960956745316406,-0.06842451308079366,0
0.17749697286920868,-0.10037111982510077,0.023382145909660673,0
0.061131703895349165,0.11326807095054535,-0.11973647406603918,0
-0.09156161247818187,-0.012544285496971392,-0.12384736130812231,0
-0.016003460657387458,0.025871567743532643,0.06199015147212853,0
-0.126435176441122,0.17588159513485457,-0.249576702949584,0
-0.11375780529745601,-0.021205905250938354,-0.20878122155592008,0
-0.10893744409105997,-0.02708332357693561,-0.04048266340257189,0
0.26587848739765185,0.0159766130112677,-0.06448080131624621,0
-0.23122717162595033,0.01762666055121193,-0.10655464522317754,0
0.010234663537233062,-0.14305877466127453,-0.17984405661580027,0
0.14338362238659172,-0.11850194786442997,0.14396523658154137,0
-0.013998943682648854,-0.047736424866066246,-0.09231384415392256,0
-0.11901076953716386,-0.05493079340077957,0.07613737423441072,0
0.021903494356013034,-0.016136272643251133,0.10334793343100396,0
0.04817392911096811,-0.08221810526797971,-0.13698931716028717,0
0.03308414024141902,0.049632034069686276,0.11068626988229618,0
0.07168468410085688,0.17144559511312607,-0.02611995449597143,0
-0.04343337958707145,0.15460141202600286,-0.09062027398407603,0
-0.06843326873554607,-0.03114197352790607,0.1905121057164917,0
0.097747483162116,0.012588459925021521,0.06548123448064269,0
-0.00293678127787319,-0.019397031769917562,-0.06825196093458594,0
0.09211725973846385,0.04671286267993295,-0.07616858362645511,0
-0.06503241075987554,0.11662705899464298,0.1333868263352302,0
-0.07066745653497065,-0.04533116526780417,-0.10905872192605266,0
-0.01583100919934639,-0.09851886369041712,-0.05381476381360611,0
0.1114127520449859,0.11942884345342082,0.17358095786534022,0
-0.13766034182691284,0.06833626288189297,0.06872204064683789,0
-0.19777123500545107,0.03865381332604367,-0.13909704948159926,0
-0.07421371432353008,0.09795143955123516,-0.03453647968060158,0
-0.0064953488591462495,-0.058402085410211135,-0.05645288203750698,0
0.2153750551288925,0.10168340912118755,0.05295394376644341,0
0.037598457868871143,0.10038172108741475,0.01445527931516234,0
0.029393718158638057,0.09454719439010652,0.01812308978606407,0
-0.050081458485852395,-0.06907600871599373,0.14439995816097578,0
-0.014510520597327907,0.037717575330025406,0.08089396673798693,0
-0.11933701344846517,-0.025995797680082262,-0.32268224206087215,0
-0.11060719185045718,-0.08717615868591734,-0.18889114860466721,0
-0.16746194478086363,-0.11493760637466927,-0.00722019401872268,0
0.09697265871907289,0.07168969381543776,-0.19393069479455413,0
0.189031361857172,0.05268148682150869,0.029215800634382172,0
-0.11530348689408215,0.20335703856552986,0.05204433675714189,0
-0.12804673387233018,0.14937603757469056,-0.06320224288423254,0
-0.1647293374145335,0.14975356630336317,-0.06582953177857521,0
-0.17259059096122553,0.03428071475115092,-0.13372587807512684,0
-0.06035233205395777,0.04958367264669656,0.13231870183454736,0
-0.15878019615060182,-0.16377700129576178,0.11205700196440638,0
0.07464262361267512,0.17984204233794326,0.07781850451742496,0
0.055676538122111575,0.1863794890332592,0.02667061010607946,0
0.06245913932524279,0.10731884949455524,-0.18050461079234556,0
-0.1716478019029867,-0.04091715902494658,0.09997013233680409,0
0.05045171564952074,-0.00842408066246892,-0.05080713259029432,0
0.06355598088472608,-0.08147294413722153,-0.09578796917245704,0
0.01035804532222811,0.16881071482100807,-0.0706899905629519,0
0.05910109481576792,-0.08133983065624155,-0.07566927552928501,0
0.07136571965859827,0.06328015990638508,-0.04542072108823053,0
0.00517553482361454,0.03315047748084192,0.027065869264668085,0
-0.055614470825183115,0.1415170521548883,-0.06773490143246878,0
0.06162032882136399,0.015295137949510727,-0.03478654256172217,0
-0.09944168822221766,0.028398722224640995,0.05684579044311871,0
-0.0773430340167309,-0.08636830895452102,0.06803959043590513,0
0.040343923330325625,-0.13417027790011152,0.04961336217997971,0
0.18582151346280784,0.03182959667764924,0.09661332910019689,0
-0.060763058216008276,0.03184236896307089,-0.08844656398479739,0
-0.08964911003790932,0.15301078631105006,-0.009445506486576723,0
0.17545625723953182,0.047237512373090866,-0.12085325944418708,0
-0.2342041473107207,0.011575594585965942,-0.0545211938849753,0
0.016754043954067876,-0.10620949092713686,0.1503473382468019,0
0.11986527025032752,0.032328024788645264,0.0653082589181404,0
0.025075884590262616,-0.07282094811826331,0.08302921697332463,0
-0.017097011519143477,-0.011447971861842536,0.03143867156004331,0
0.2143106700180334,0.02361624379422851,-0.08010339358332408,0
-0.0323838309424037,-0.047218834688873,-3.9208571189008325,1
-0.13198785103805163,0.1660560990781158,0.12125308459760148,0
-0.017482685376327266,0.007898447341793693,0.19224288096565811,0
-0.09469943837939697,-0.036407333368257015,-0.10646685602824346,0
-0.05133060530402744,0.08284151613599794,-0.22194288682330457,0
-0.07523694283067063,0.02707540155565369,0.021334543126782457,0
0.09289390819047838,0.03320686017320426,-0.11369687669771662,0
0.02469728275482072,0.043564056600324114,0.11194330082343501,0
-0.07642944532431337,0.04241804295207986,0.010166162304789287,0
-3.985831546478886,-0.04486114562087325,-0.1449770748947483,1
0.03306544725522116,0.11423402394721636,0.10274890139537146,0
0.09326950786270462,0.04319303343715902,0.1871890031015918,0
0.04797604950676478,-0.09254465180551069,-0.11620854685971241,0
-0.08581890757101213,-0.030647941333372505,0.10483410456784166,0
-0.05470795715466599,0.16542064122735944,-0.007816974439470412,0
-0.038322155518305784,-0.08215652412708284,0.018429410432385353,0
0.051948501228006094,-0.10448463918600526,0.05832390609770305,0
-0.1643392819177778,-0.12312024806148343,0.02136710678626895,0
-0.006253514600833752,-0.07780682263077209,-0.031581018701521725,0
-0.025729303632334194,-0.03799502842339848,0.08013792524788829,0
0.10354892030361214,0.10511518736261474,0.1495454984314011,0
-0.02450116786774091,-0.05497650528096033,-0.041895028980789645,0
-0.03682018799530727,0.04373004593720162,-0.12425158788600335,0
0.0762764588120464,-0.10292343322907685,0.10438394936735483,0
0.04258863387100384,-0.03420671499340507,-0.09167960810215625,0
-0.04614942877403082,0.05156202833052664,-0.033248239903674835,0
-0.07640645627560592,0.07029995994212615,0.06668430346835977,0
0.11228536322071195,-0.011409919454941114,0.05684724748327207,0
-0.04566747162862998,0.1635409193217842,-0.013786218105570517,0
0.07437107692495219,0.014636272692726571,-0.08213513192548083,0
-0.10547252671527133,-0.01613472217676287,0.06249201831136684,0
-0.09142237928021729,-0.019264969390779024,0.04613010274423718,0
-0.03460726266786925,0.03436205519594022,-0.03220785309720211,0
-0.0017763475941471188,0.0852437467273942,-0.02337682898198705,0
0.1536489131320533,0.14829406768824507,-0.08558808194728576,0
0.08104402280719371,-0.03674619341293771,-0.029405737228472242,0
-0.08219527934292963,0.052585946268299114,-0.11902910732590277,0
0.046273076270983704,0.013167158329064472,-0.14712486188940593,0
0.08536571935559346,-0.036524213881665636,-0.04746545678596111,0
-0.06165661530352199,0.0806105328712512,0.042629016498225196,0
-0.11218024740938698,0.1022460260372795,-0.02718449342390963,0
-0.1536705436565516,0.02599271456447503,-0.12248104419731172,0
-0.062226709114201285,0.10188090263124985,-0.009670404089040371,0
0.2976016232811986,0.028280626377888148,0.10971721561901482,0
0.010817391234632767,4.0751543763276725,0.02085288543061121,1
-0.13176915594472774,0.01857689660428147,-0.19871558148412102,0
0.06479956812683947,-0.04274443080436291,0.1190161131531278,0
-0.050413890448156654,0.10292805883648747,0.021652541885882705,0
-0.0498758467682412,0.071124797589736,-0.05693623135239591,0
-0.22383167035268575,0.10548116063054831,0.06825710559767932,0
-0.08431784134256028,0.07389651244660632,-0.04074998098321917,0
0.041076533271939886,-0.12687289856173598,-0.075162709718543,0
0.1864627064276995,0.03844597601456858,-0.05529336948061504,0
-0.00018412511321212884,-0.026826807010701698,-0.08852248124856885,0
-0.0021853697408691186,-0.21132572847264566,-0.14305596015399458,0
0.05949681305499217,-0.11270595551128236,-0.15191809328064232,0
-0.06701362174842555,0.16098948822566297,-0.12296295901711628,0
-0.11849765755524909,0.04378126863823404,0.009364499502646591,0
0.07002354745114205,0.15296657173547587,-0.09049007714345858,0
0.11409785783970053,0.03018418048605891,0.035616314423858174,0
0.11390025853401145,0.11366207331244678,-0.06482365869179497,0
-0.015124362959109914,0.023547811739712182,-0.2557649437159382,0
-0.07915185056916985,-0.16408297966320176,0.04788943182242095,0
-0.056299760841845896,-0.12782552180368492,-0.1427431434077314,0
-0.10848741868538958,0.04303865752416221,0.0020822838434298814,0
0.1200500493030869,0.004070779311820389,-0.0877448363731853,0
-0.12936127548094395,0.08311535296744542,0.011250227924730377,0
0.16532362166650144,0.0546198760040479,-0.26691966418021684,0
0.048820298830525154,-0.021862811534225368,-0.04785712626379005,0
-0.0065862034175377384,-0.02738677242927768,-0.03337991283595414,0
-0.20411222862750633,-0.11583577918652906,0.07359028227205172,0
-0.06478200463894121,0.19728768726955082,0.03533052775452899,0
-0.10850814092388324,0.03799456685357754,0.04297933563311085,0
0.17679678003352317,-0.12871742806509676,-0.0647661685938156,0
-0.0744341625735891,-0.005447624619404767,0.032224236354583484,0
0.07854159549285479,0.08642396967177711,-0.06262761258294426,0
0.02072552599238932,-0.17978608494221077,-0.004764942399216497,0
-0.01269932940404796,-0.0720109845250086,0.04933396736925791,0
5.1674960914792486e-05,0.07108596011100686,-0.03567327907690867,0
0.11263706058060728,0.031019152988434374,0.03899860555449787,0
-0.022119971640914657,0.032012304266523614,0.12989004810776136,0
-0.15804481941884707,0.08381529675738852,0.13171021796923435,0
0.018933306905356675,0.007441322973141189,0.009959085566310493,0
-0.05590512793147964,-0.014544809776884266,-0.0635951681821354,0
-0.04624633711291891,0.13344726620866335,-0.01103090961202778,0
0.13710573959727243,0.10325803791209845,0.09078175151239266,0
0.002942003317368992,-0.24481714321253667,0.08898263548957655,0
-0.13489225994578888,-0.24081622305344946,0.03756642613892969,0
0.10447783915020536,0.031574487857730246,-0.012815469091101745,0
-0.16194278319626512,-0.004478799546796362,0.14311955558057504,0
0.013280771254457858,-0.06773619924297648,0.05639865332826177,0
0.0874836753875986,-0.18232635504621353,-0.1287557048822948,0
0.053018784936109946,0.1273044809245609,0.26018110900469726,0
-0.024958795960823715,0.011221796201562849,-0.10774124002019035,0
-0.05220419347838734,-0.13402512453404067,0.1619063560078964,0
-0.11452893965872797,0.15308660597399182,0.02241392858798554,0
0.1331927058688405,-0.027273710405100224,-0.08452955041096688,0
-0.06385170587219595,-0.07419564904579849,-0.0439699545336632,0
0.09919838337901857,-0.02362630480463488,-0.15104958251026068,0
-0.03414202242054223,-0.01702448841624094,0.03312799155214926,0
0.01858992502241611,-0.14585866021078817,-0.06647968761915485,0
0.046809927146439605,-0.08093491188875143,0.052422391749533205,0
-0.021225529370642007,-0.1281613881121172,-0.09774762844904528,0
0.10780821689379372,0.025888576747114464,-0.024914737604642835,0
0.030475389873574028,-0.04473625242456576,0.031630863525224616,0
0.048581489557827845,0.02423399813419506,-0.14153432839156663,0
-0.05710338981827985,-0.12751944602572754,0.1069252404590138,0
0.0758890754280306,-0.07084002885248492,-0.15469466206145926,0
-0.12473889645299359,0.10588036627748461,0.03689662109426234,0
-0.05017665347241558,0.019416457956166647,0.01878657459138586,0
-0.07107477564335607,0.07345364487570431,0.022679994743333487,0
-0.008630545639738979,-0.07653895039221723,-0.015990346428224663,0
0.030970745239125155,-0.08666991808506622,0.1309850830384373,0
0.17097531987019396,0.12709985267286758,0.02107023602864061,0
-0.07581326936118704,0.046955474884269606,-0.08759034869945587,0
0.15607262336786304,0.01140048192901932,-0.010069623930234297,0
-0.19562346761019572,0.04396709503867008,0.05279927291121287,0
-0.030038466702229705,0.07604965629446477,0.05389334859517071,0
0.08326344089388046,0.11350123876883261,-0.00041280675031081754,0
-0.16995235743691253,0.06433783531594227,0.06900484746793377,0
-0.19525289596237674,-0.03377809512679355,-0.07467753327113197,0
0.03553941577344747,-0.12847628920118845,0.08794593606524942,0
-0.0180465321660374,-0.03788288035027593,-0.08356884874498292,0
0.053318222324280844,0.05245698439847218,0.007655978526738993,0
-0.0030048985258956363,-0.032284607865869924,0.07054161900941906,0
-0.026009138776278223,0.02011739364051147,-0.10895612951714416,0
-0.1285184086311779,-0.24327951628858455,-0.04409321786827531,0
-0.05515631400693061,-0.055670776907838386,0.08573656051579198,0
-0.07481954643565074,0.09698258787771703,-0.05312404192773151,0
0.05191724026154933,0.0034131075385118005,0.07976231348565589,0
-0.08823837925568914,0.10486822625236494,-0.13136485724617866,0
-0.0598120660395003,0.13108779866201434,0.18624645361203113,0
0.01163017096207857,-0.03261350201034115,0.011149396999057785,0
0.09744030108738018,-0.03149065031532696,-0.030903940519460955,0
0.039861925748563815,-0.10337790989859184,-0.1328483202987498,0
0.04964204823165825,0.12889943335301488,0.08904810413173156,0
-0.1784748969755683,0.10088982752899414,-0.24594411547308517,0
-0.09271174638550995,0.13127811008670362,0.002615346480076388,0
0.03767075432114129,-0.050358604647121996,0.047677323465094776,0
-0.32809574876966247,-0.03342293841595433,-0.011013290120227812,0
0.1525120219854217,0.05029398310566894,-0.021639241089458208,0
0.04269602858929208,-0.03470993196426572,0.06552721094082374,0
0.053374113134680115,-0.03246909997808283,0.0931114739875967,0
-0.14202766953771437,-0.05270558602636736,-0.0007172942613931383,0
0.0541268213146428,-0.027832992315333035,0.03180345071338938,0
0.07317128324410387,0.12844267798718237,-0.017158767245320932,0
-0.041819791257861824,-0.1454479559989755,-0.0008019151262527168,0
-0.05924882669335644,0.027035270765119437,-0.04803718746761026,0
0.008296430668985302,0.02881435352560482,0.050983542885234184,0
0.004704196268538227,0.010598773960224954,-0.10161650236394174,0
0.01873301216788771,-0.053445047570859695,0.014698401669848508,0
0.14990435994677273,-0.15456327688486104,0.0901751153972321,0
-0.03835963458879131,-0.0334955939163813,-0.07219954274689737,0
-0.19466921742498106,-0.017047111637756147,0.018509439146792202,0
-0.011398442222390087,0.11802315334903724,-0.24309770255890892,0
0.10182588338056692,-0.08779302458263039,-0.2473782387663795,0
-0.10836192883453254,-0.00016801429415045968,0.036643380189247766,0
0.1264851477711567,0.07134391215699323,0.07377775903243537,0
-0.004748104996081977,0.02562019870664264,-0.007139372685827735,0
-0.017984181932580473,0.061684308157444016,0.0876066129869994,0
-0.08917850172078688,-0.06918919824138046,-0.1505035448070077,0
0.1871888112181451,0.09470514916014289,0.019266289938119307,0
-0.04679701977472733,0.10448494803609457,0.01771226348202073,0
-0.09732620230270744,0.1721394614264529,0.008979569680899446,0
-0.020074522073468118,0.010882932297145834,-0.07340628774343048,0
-0.0044751105693621035,-0.024294533321718017,0.12684268566607168,0
-0.05021617694928746,-0.04050979188727762,-0.09089959376461146,0
0.09593042156385098,-0.059582064412426965,0.09143828509173484,0
-0.0834825889026568,-0.016147151683841388,0.15353124724076894,0
0.061843747411293275,0.02241897666080596,0.0035050552943906286,0
-0.0027472109738196538,0.02593176124883322,-0.0383128779467239,0
-0.06969873690608137,0.2164905486390435,-0.12447258793740959,0
0.026706235529581148,0.06202699901720004,-0.09511519159262866,0
-0.16562021675181196,-0.003561130722295658,-0.07778395315038196,0
0.097855614480578,0.14854349304497022,0.1415733796307678,0
0.004228650921243352,-0.07081803831752069,-0.0490909323574787,0
0.12206926117543215,-0.038499983485785844,0.03976273710352498,0
-0.17634339422138345,0.1122557471499744,0.05186905937282427,0
-0.027356395741062918,-0.08101893358767955,0.06886763837556616,0
0.014658553228505662,0.045080959115727806,0.0485430541546293,0
0.1707036145953594,0.1501496107078949,0.15159442803382317,0
0.12228281689143956,0.05755201744763965,0.014565063975652265,0
-0.013572181402276576,-0.0026360329261765274,-0.20765002086757445,0
-0.14121654740982106,0.016365182904023366,-0.05422272280980094,0
-0.038125724201362426,-0.09070864234477477,-0.09199075679173294,0
-0.20556404476668286,-0.004721381380327332,-0.06386915070613924,0
-0.024726560540268568,-0.028025772869540683,-0.08905852930461299,0
0.08432246546354971,-0.04363140594818101,-0.030938675035635313,0
0.12406667785528887,0.07792628017217441,-0.09940256068894526,0
0.04919243827442783,-0.09124614467781421,0.0010611555624665781,0
0.02746421467165616,-0.09989019059039117,-0.20424319076604777,0
0.14270510276414156,0.1328146950219196,0.10129206825905085,0
-0.19117158099455103,0.08163483380414471,-0.07380973036487402,0
-0.025395445351720336,-0.037428507008927935,-0.18528397676814584,0
0.1389260788216912,0.06815275379076467,0.03445985277341023,0
-0.14252908116391114,-0.20552264141175047,-0.011696932609365267,0
0.19510486066926563,-0.07271829421554907,-0.03984556743933446,0
0.018837361830262182,-0.09628794984148008,0.10152173191952285,0
0.058501985118040584,0.11125721617235879,0.13349451459148912,0
0.07092876637415237,-0.08486349787363334,0.07375250842671582,0
-0.15883603482330821,-0.012004746930879471,0.00843001374436957,0
-0.022956311150055447,-0.19665151858299354,0.144763428108269,0
0.07668624739550045,0.004304011124578956,0.09265462195457266,0
0.08197913590538547,-0.13172574871938186,-0.03012464702074077,0
0.13793927625483524,-0.005019980691866557,0.008129704159604111,0
-0.12640226673018654,-0.05417887233948222,-0.06515184691146046,0
0.24939054650947745,0.01588608361324789,-0.059246916187216725,0
-0.01563564602397206,-0.036864303175176014,-0.08297731197182887,0
0.06792022881322829,0.0623072795180846,-0.009430552811100532,0
0.2945821225196907,0.055267250633309756,-0.030339230739686474,0
0.07119916686988363,-0.07632996841500443,-0.2105428329359695,0
0.10853683722610619,-0.02760287777044039,0.20162843734496008,0
0.17220023414775523,-0.11742734255604366,-0.03388366135530382,0
0.04299255131049687,-0.140874837731756,0.0208900310768196,0
-0.03204204045831357,-0.18634540093434016,0.04007170425729171,0
0.08086086475288788,0.023082058929465778,-0.005440507259536008,0
0.02366584770921076,-0.00687995435225525,0.02376508634758617,0
-0.16498493087609534,0.08153500510523345,0.16155308564603554,0
0.08075959117516206,0.10780002273896423,-0.05061233816726826,0
0.01691930022662272,-0.04205843893631257,0.028544807745296642,0
0.12443547379343907,-0.10598942078196277,0.22708126150642438,0
0.13600404676092168,0.10643911959546454,0.07383564506109586,0
0.02889895896637907,-0.12265333613407198,-0.21015134976979613,0
-0.03561625807448295,-0.20176662158630831,-0.060935538774243896,0
-0.24985210965202442,-0.027050651898575962,0.11369624041365543,0
-0.07700877555226743,0.006365790654488945,0.03511930350506949,0
-0.013139532944005182,0.23778337800715868,0.0020134705943288572,0
0.04063018751010508,0.059177042601729596,-0.07799703682092557,0
-3.89299786394792,0.08458630624727581,-0.09443484178033743,1
-0.023143108191087735,0.18690185054060338,0.09022708559930898,0
-0.2052214339309543,0.12233806528142144,0.058069955012506405,0
0.15546123628595895,0.07173043591981512,0.1555283668806204,0
0.11257732025575101,0.13149550465158774,-0.09917664463334702,0
-0.025004690406295372,-0.06526347237020534,-0.15563853205068118,0
-0.10294710429759224,-0.053059688581025055,-0.006386326760386538,0
-0.09043080828909589,0.0039579076724263525,0.10712062649352078,0
0.1383689998822447,0.08176806760608894,0.012008832997982897,0
-0.058464128331339384,-0.13372242629519446,-0.10565603943679763,0
4.032686761918501,-0.16864952587588736,0.16772694977400787,1
-0.1079138539639759,-0.03244882095767525,-0.07749086689750706,0
-0.10877342126263533,0.04920600774947048,0.14495108322370368,0
-0.09693491511667446,-0.041678059501450454,-0.02020411274023924,0
-0.008045663796824457,-0.1380091683600125,0.2003037848466554,0
-0.022395797846663634,0.09735298900108083,-0.02726640916443416,0
-0.036945954860046336,0.06224998646265545,-0.02174052124691871,0
-0.06263246652261253,-0.09733090272891362,0.04425357840213759,0
0.06908463297835025,-0.11179189414146613,0.1487391070190047,0
0.006240029420522744,0.06275949841848955,0.18980597807982288,0
0.1195810183639866,0.059311073334638725,0.16105029900934328,0
-0.1891729073472514,-0.08697856365087592,-0.04031609903682428,0
0.15605018027081186,-0.01478872992682242,0.018107653611250156,0
0.04060903614428683,0.1818855257506352,0.23083944092678121,0
-0.003652295576711685,0.00808377602166205,-0.17249231343758847,0
0.002249689346488861,0.2294047345433267,-0.1446003510395318,0
-0.08756565496841485,0.06766497969755762,0.07578603166284305,0
-0.05266252827050888,0.05735087519207288,-0.16420804825897284,0
0.047818067106969585,-0.053073996239704116,-0.039488825432675345,0
0.34000281505014684,0.17101056041511645,0.23644254944351384,0
0.026835755197542277,-0.1509528294281158,0.08481748878545813,0
-0.13015690536731514,-0.038585607717240296,0.10794611351653982,0
-0.07519825214506008,0.0003608564541539854,-0.03156245418863675,0
-0.04257606511835746,-0.029857663346611746,0.31614032183990437,0
-0.10944315484203737,-0.02921550765946403,-0.11589828847428843,0
0.10812508127891794,-0.06388724999584176,0.13496705793460986,0
0.040155372707836166,-0.31791459277177925,0.06363675705828913,0
0.062134552437930514,-0.08491603266046754,-0.07676124934947882,0
-0.05811299589575271,0.06779922040846646,0.04731938572413533,0
0.1738859477986917,0.061450586599690375,0.13173686111415167,0
0.07074232978906753,-0.061454945962236156,0.018778586246676044,0
-0.15079776940108777,-0.09199499179883178,0.01482706081326907,0
-0.07578116804423399,-0.07119607173441364,0.056086803794878154,0
0.15132495502383442,-0.13502581156514937,-0.1552391653038337,0
0.07091599679522424,-0.03472146742348179,-0.12314109888337187,0
0.1822321378138437,0.00010186871010470789,0.0065843153721592065,0
0.22900167014536166,-0.13004234417660573,0.139698534658909,0
0.14236204908766412,-0.016118346510985117,0.0021710320183502842,0
0.16619419842448668,0.022870065047946232,0.013927896716818794,0
0.029610420569913004,-0.08714000465524908,-0.06643771822962506,0
-0.06638629704171925,-0.11189236144278342,-0.07539859523010539,0
-0.11497824746962737,0.05368341765297886,0.08132900965712003,0
-0.21158581902379814,0.12066501800888062,0.07347728109900768,0
0.1040918727829828,-0.023156832184812334,0.04441374489047009,0
0.02163373725700371,0.15155672841193402,-0.23101449875979696,0
-0.106582334618137,0.023981394626563433,-0.07183883652701904,0
-0.15641326112926598,-0.043053983026997894,-0.09843871664776482,0
0.03386549140728085,0.042321479909176826,0.06578740856066455,0
-0.07874206331794725,-0.05567263308252619,-0.026273022963191246,0
0.087115354068105,-0.056933198493480525,-0.17033461174495498,0
-0.020295755927299604,0.11691955174922236,0.048265340459748514,0
0.033667475055307663,0.152667893683937,-0.0005109433395089058,0
0.016025316860230412,-0.1218685671749063,0.14600224975463658,0
-0.01728491869654931,0.08415229595644344,-0.06581181367138073,0
0.0661725100789809,-0.05654170703445338,-0.15326751218860685,0
0.01905509370774402,-0.01578854959239447,0.0871826468034514,0
-0.04505878617154146,0.04905432706497547,0.041191570889077364,0
0.10365692025164752,0.07582822382743078,-0.016316133268200913,0
0.07057073549843257,-0.043884023933756414,0.06737875972623004,0
-0.04449847261794958,0.1098689800682199,-0.1355814916373952,0
0.09570500184894952,0.07927136653777443,0.014365918128852746,0
0.015098163580887995,0.13692515734017388,0.03649826398938362,0
-0.057695957372374186,-0.009531135724011068,-0.2070162725072595,0
0.047380794551842444,0.08773665134934398,0.03725309126158895,0
0.09430361039785556,0.020664098477298155,-0.14548364601072103,0
-0.0497803459336717,-0.14106269973753421,-0.002182130052892545,0
0.09604129193865511,-0.0573622399041121,-0.24750480978086295,0
0.027386108791029002,-0.02661421936082084,0.07579381264013041,0
0.004901877207531486,0.19326087127127922,0.018911971573800174,0
0.10801158233896267,-0.10414360756590424,0.02664738402247084,0
0.04898086579157663,0.028407544802377168,-0.07982157197838369,0
0.0703506053524838,0.0018638088346307623,-0.08939177906762243,0
0.09741429342768992,0.08562027677235828,0.06983931263757447,0
0.1900019496348896,0.07790856418832078,0.02880706442721534,0
0.07059571270717628,-0.006229578705042886,0.04867013380669474,0
0.014722083656744128,0.07881965108268105,-0.01298024447868525,0
-0.10526765344229108,-0.07111259408230437,0.05847958506352552,0
-0.04213648348773513,-0.020592053961842154,-0.19052481320148706,0
0.011090466022690775,-0.03328554657254973,0.032848171252914136,0
0.08343496047382597,-0.08870197362617988,0.009067135681319933,0
0.1411045431277101,0.10897788434736147,0.07723154069090649,0
-0.12180537549849045,-0.04914238896933633,0.07988078837654533,0
0.06993053294079883,-0.07337624683975114,-0.0775730465260486,0
0.04788369379037063,-0.09040869663390765,-0.12887225089351415,0
0.008396844539698366,0.16344549195268296,0.0037771177118984863,0
0.024818861173588266,-0.12567633091603655,-0.09231075081540964,0
0.0918491149493132,-0.03033399573852167,0.018546895512629398,0
-0.0463938701463629,-0.06894204638008217,-0.12108639124799864,0
0.04517616934248402,-0.218657421807967,-0.07289264195601215,0
-0.03368635864461011,-0.19214992533359518,0.022325212915366186,0
-0.12240835259704264,-0.0540584555967361,-0.13978599251532892,0
-0.03152192031114725,0.08131544042435884,-0.07437936430688633,0
-0.18364141008541707,-0.02815165516313883,-0.15062701169807824,0
0.06140766510288473,-0.10398585566572215,-0.08297618795659044,0
0.12371370309507397,0.003451076589863824,-0.08828949508030572,0
-0.04937151880331389,-0.08856142680703985,0.04482247914052488,0
0.17827491781202998,-0.05265677301227241,0.02743953504111915,0
0.20790032189240493,-0.2545986684135061,-0.04207610863022409,0
-0.05214784764510688,0.11858430275369024,0.005215965777028646,0
-0.029010452013070877,-0.18421799214804155,0.12491785896518448,0
-0.07178872898460546,0.09202020088942856,0.010063824941868612,0
0.06137081464032911,0.09966451319801728,0.03550248004457562,0
-0.09095880679431805,0.018344129093416015,-0.04246084447409662,0
0.10852917305508927,-0.03241605927335591,-0.09446339020136917,0
0.044796712185009906,-0.014432759355741828,0.022618136178730805,0
-0.09890091091749831,0.07174015325707882,0.022110920278818724,0
0.05134007830568293,0.04278338026371035,0.15730327623523288,0
-0.23006033721230518,-0.03718181898844408,0.0941004125451955,0
0.026155541386065257,0.11212012014699856,-0.016844409847849524,0
-0.03597582281055044,0.1314868546560551,0.19143850784732805,0
-4.1846735904058345,-0.09741799841392387,-0.12328251984125471,1
0.0561230009932823,-0.03901877945734618,0.035113862125504124,0
0.162403855146901,0.20052851896926574,-0.01814609547794234,0
-0.06314687195128917,0.009991601514785961,-0.01149257571256438,0
0.04292148433919215,-0.0836033944694545,0.18281118125182305,0
0.007649361813928868,0.1113626850925304,0.08901599438549906,0
-0.12138583804228809,-0.1624503998916121,-0.2589138856637268,0
0.024445569071340392,-0.06588834045021828,-0.17690861709055145,0
0.15877742730493177,-0.1631894858074417,0.020606421648561735,0
0.08652980958671518,-0.04976654146497847,-0.10091711085021665,0
-0.15944673613047228,-0.15414998535564714,-0.03570689727942776,0
-0.005301056001911081,0.06286387198331657,-0.1681341767678612,0
-0.04387638025558244,-0.10729313157503528,-0.15943783297907302,0
0.14280566284131835,-0.04996571159543379,-0.13238190664505797,0
0.04120489435227532,0.03640612643304197,-0.00022622806919244298,0
-0.04399415273877469,0.013471662190071504,0.005331130624464892,0
-0.0596290670786607,0.03300660115183197,-0.017817536503556008,0
0.058505581316357094,0.05021071140470094,-0.019518669909030804,0
-0.025870327857117743,-0.017234100788575027,-0.11646763568154142,0
-0.0017894123060578047,0.1879593892774175,0.22876309151879975,0
-0.021010929071187692,0.003993481296029029,0.13916797571652165,0
-0.018769515184244315,0.1315635747696392,0.004037530118287905,0
-0.14487154835152485,0.04061823509135007,0.02645591225525992,0
-0.004146380955532436,-0.0702986002074361,0.028802218695088866,0
0.03595909563726372,0.0657261709269688,0.021820604730139047,0
-0.012535000687540952,-0.03812805156243211,-0.08892559175905755,0
0.005854210590335413,-0.15404804025221053,-0.0912595073414642,0
-0.019751103574380504,-0.08612497527134702,0.022944945518731632,0
0.02155993435909394,-0.00023223874382946494,-0.07539903309356723,0
-0.07877571865149173,-0.01945416939113025,0.031230156188809144,0
0.26325309805745983,0.020664091363287816,0.02130943246480461,0
0.07401330433992445,0.023968192982314424,0.009131233859597984,0
0.0972420118401069,-0.23778956407910856,-0.002842806387705466,0
-0.02918171633736959,-0.08217614253375194,-0.1154693737638089,0
-0.11543575755181817,0.01366824737336085,-0.05467213634578837,0
-0.08130270879295694,-0.13508662723629153,-0.037705647012213545,0
0.013722433663988379,0.17765136947586657,0.12473661418927749,0
0.05334899955898603,0.07889484252521252,0.135543671429167,0
0.1702330252668878,4.117344073202037,0.13235926717260682,1
0.04462600332609727,-0.14688350750653878,-0.06554121782195477,0
0.05835783614366187,0.03964789560749005,-0.12269449105550559,0
-0.031190547435470947,-0.091533054330848,-0.006357129192352923,0
-0.1370304913663036,0.10532205946404859,0.08568057049647854,0
-0.06445941704510248,0.13420048921839575,-0.024039282869237406,0
0.11193987077135657,-0.002763164729602358,-0.005743923906430998,0
0.15881820011127962,0.06546682130016905,0.00964085006506168,0
-0.14157076895270257,0.05153738502719255,-0.06458270611286351,0
0.1261455309820007,0.06986716657493351,0.052007230382149675,0
-0.011995696479293263,0.1467356374955973,-0.08465848018969262,0
0.15683091798455945,-0.0036591852064328913,-0.140381405658225,0
-0.031389688625464846,0.008265734695069969,-0.07051584148327981,0
-0.029775051275588212,-0.1302984659481025,0.13225259377222362,0
0.01191363117637084,0.053802979995395385,0.224408490047883,0
0.11826332619600576,0.15240369456516617,-0.056030620492375095,0
0.028528407122064427,-0.01883281220618164,0.03651612608589596,0
0.07389687379577192,0.11474115417472389,-0.015518383513756851,0
0.1004906979379186,0.18701647134017266,0.02985342073168395,0
-0.0986725597718163,0.12215586699382619,0.0361936485720795,0
0.01729423740399799,0.11121726603296721,0.16282974955385232,0
0.0123733015476307,-0.10656939140383022,0.07286788861065871,0
0.025899595998351746,-0.18305128401874318,0.07054695893154124,0
-0.09534579604490388,-0.13280363970310705,0.05218753380452188,0
-0.038783232121748744,0.03875958617693281,0.050827242260832274,0
0.009320757223428199,-0.10883463541029906,0.10931320658703753,0
0.0027776389422547723,0.08769004122968999,0.03080122074769164,0
-0.028223580273632604,0.04608970062522745,-0.0068695336858111125,0
-0.1565946012596736,-0.0922406438151869,-0.00869771300827097,0
0.05725764322638626,-0.1334376668212311,-0.07564185375310523,0
0.023726164773153126,0.16698148242067823,-0.2515323820122755,0
-0.009421123273973339,0.12489840053821169,-0.08028376803286896,0
-0.08797855865162972,0.09527351518339966,0.005995191390930554,0
-0.025156046533952554,-0.07788750326742219,0.04526037019488653,0
0.15114365705412858,0.09161094149575322,0.07775941872190699,0
-0.13676775166007996,0.1282454340380116,-0.10160227579826352,0
0.11925261369664947,0.004692004886265816,-0.1796339272665573,0
-0.0786080104803575,0.03924226611942401,-0.08466134977047335,0
-0.08130227963312366,-0.042628202104081414,0.1419381531253795,0
-0.23713024553548392,0.10648389912304307,-0.019759173338746855,0
-0.007604641872389123,0.06312669500207391,0.004715708493830794,0
0.0002432737089933249,0.2296359072619755,0.05725123350044236,0
-0.04320685996149808,0.13667878992491156,0.10255318777974465,0
0.05253815324563524,0.2242775970695699,0.026535099174556865,0
0.14236651952230178,-0.030796968976087344,-0.1151095167537932,0
-0.1120141276669483,-0.15206689913516339,0.027376532674425615,0
0.08761604446983327,0.09890209223583911,-0.22713580248731927,0
0.02951594873393438,-0.1591714750090304,0.08834045800975299,0
-0.015930747207120493,-0.16917897070152868,-0.14178805815460924,0
-0.06364109610448486,0.1261347379751679,-0.1860269192172951,0
0.11125485745424278,-0.02898868434191709,-0.046348420227341564,0
0.07005437132938946,-0.09763795530341651,-0.11693184630753364,0
0.008791041432291544,-0.0007652016278359391,0.05545052857598209,0
0.048553291972991935,0.05657712359858402,-0.1096261765897567,0
0.0012600221138939706,-0.034549803619384645,0.10716422318297443,0
0.025335145465403566,-0.13218977262532017,-0.09386907156227033,0
-0.11205512996003011,-0.11369039241071684,-0.2265522062161155,0
0.08322864146346094,-0.11325630850499827,0.11706646704333863,0
0.01371800487600141,0.00495433929078275,0.009488608618411436,0
0.03602714754431799,0.13937769419763077,-0.002273792006828795,0
0.0745606925084583,0.057608466304342354,-0.01603764464898889,0
0.025159278180628575,-0.10938463686856262,-0.00978937907520051,0
0.1071753706212587,-0.1761325198961525,0.003642582094262813,0
-0.040489807902489676,-0.10706449849130749,-0.08416690193830763,0
0.006955938157043776,-0.030495450965337942,0.08767332096469531,0
-0.041897606190454406,-0.03401409330138507,-0.0035251017757310953,0
0.004865525404832004,0.03597995254183258,0.20842101399346924,0
0.02071596905871613,0.005413153627170367,0.004711143667596638,0
0.09018603241753004,0.011531833548207464,0.04958784031812061,0
0.07633043438637861,-0.03724473059279442,0.08051684860535122,0
-0.08938705703957221,-0.07484232752469688,0.300835931114731,0
0.040560972279348295,0.08937817120164365,0.11537775067189115,0
0.08547652078243598,-0.03871970560072978,-0.033888802636716675,0
-0.03425874554257798,0.1682485738765626,-0.07184692150761961,0
0.08986536388999306,0.047046881213689516,0.1692775426868996,0
-0.003366459490656846,0.13317709989598137,0.003128354926002988,0
0.05386011000430714,0.11986713669336375,-0.06548417106408733,0
-0.06895403285604781,0.0600294787694767,-0.08558070486919593,0
0.09597065929248474,0.015919025933449054,0.0357853384520662,0
0.0039044559879448932,0.01996410966075158,0.037407158558895114,0
-0.10048978680601046,-0.030787020006742955,-0.016913307421551574,0
0.07733667635567931,0.06761920083040684,-0.09290475567488254,0
-0.06621223665519939,0.06214506362415089,0.03104594155132815,0
-0.03604989304129049,-0.12189209310748968,0.038103483264627896,0
0.1836013978457644,0.1426195009308487,-0.12874706472999528,0
0.053804783949790116,0.030500183441358904,-0.16471347031796302,0
0.1089303496732969,0.028076184160605297,-0.03872551406908337,0
0.037743745959438635,0.12855399722093472,-0.01507534645382119,0
-0.0189656316108436,0.07387513889275125,0.20143538991817753,0
-0.03769485340489855,0.010683244813786671,-0.035189074449997054,0
0.11762023870813598,-0.10984826570645073,0.001829257255161679,0
-0.0212600623940492,-0.22511488622181464,-0.08652811090277966,0
0.0074451206245042785,0.009135553578022391,0.09523262598294352,0
0.044764275442508106,0.042476186523291735,0.13231262785141515,0
-0.0791100997619486,-0.04443550521393473,-0.08790441609105037,0
-0.15864634528924093,-0.014759445126519775,-0.15980688132132792,0
-0.0189968222200839,0.10626248150597005,0.11701588249169587,0
-0.038790780770243366,-0.02403403765044497,0.0373878230280943,0
0.09256157179873413,-0.013587303056568932,0.1239153733676262,0
0.007167086452595133,0.12540497046218024,0.0050122177723775085,0
0.19705957270890048,0.05277597019052097,0.000775263796104544,0
0.024243534319366152,0.015542875847289054,0.06243719156740024,0
-0.015706539888749857,0.12190468543184532,0.1869167282562265,0
-0.026925662534591062,0.0073342889645355005,-0.03589774611268664,0
0.023561044864407202,0.2841577584343911,-0.08185341847691513,0
-0.1782327785134027,0.036258660383092486,-0.04820968679249249,0
-0.08133250751240144,-0.007389801810851474,0.10426426876747173,0
0.14240434299187427,-0.01609813027842148,0.07715723193477181,0
0.05061436322219912,-0.1124698334755258,-0.10772596674072588,0
-0.07756459057233613,0.08565551163427265,-0.16784760736872617,0
-0.1735684020690155,0.0841548506862883,0.06819004898088375,0
-0.08757227280614274,0.12014374743515188,0.0763712899249282,0
-0.18240710963082915,-0.10421103000083332,-0.11028119336629634,0
0.16890316081151058,0.1614711917858482,-0.18043804916324774,0
-0.06470875847230005,0.11776850228901847,-0.15057501876071522,0
0.09208575888559328,-0.015517421113841391,-0.06794429621385416,0
0.03866367915350638,0.04102298918489181,0.09015098675912364,0
0.09335411699112402,-0.10053781603119037,0.131209384628802,0
0.04855551707752189,-0.1389631165765044,0.18916395217132584,0
-0.13877095044405746,-0.005425738195746174,0.034319891487090144,0
-4.07976727728443,0.009150969658073741,0.028592642848190294,1
-0.004509605250358813,0.032746991642487004,0.13027368627184713,0
0.07687251215914048,0.025178438317724157,-0.1362551206901113,0
-0.009877077334639899,3.8979523735551673,-0.0031700717930016054,1
-0.04204878447061764,-0.03758380637344569,0.15704765167326518,0
-0.04164631948425286,-0.009980749336632252,0.03701613483644615,0
0.0180920508666577,-0.025852244257691087,0.008633409785704654,0
-0.09563344628219969,-0.07009901810962697,-0.22540652221724697,0
-0.21675217551814466,0.009336320585720518,-0.1557327384279758,0
-0.08281731040919646,0.12902707198958055,0.054067875836252235,0
0.0357157336953442,-0.024244889540116735,0.0488042474977124,0
-0.00879540936954711,0.00884843619114419,-0.02655743497647651,0
-0.024722811632414868,0.04398261206564801,-0.11022055387010343,0
0.0280941618618141,0.18060090876087498,0.10882877668822939,0
-0.007176505280452621,-0.10225639216898692,-0.1248187279496018,0
0.007332464383011651,-0.02628520816729466,-0.09167228972468561,0
-0.013340939834547306,0.060701553448828986,-0.00466621483508703,0
-0.08862537393824753,-0.1826802825360323,0.09515250847531333,0
0.02756641773419879,-0.0028959537201515423,0.027121090875771664,0
-0.05690025861917898,-0.032330069887863265,0.009341778026478058,0
0.03139597226704966,0.09734956396606315,-0.11150929569029355,0
-0.012331776984789248,0.11839741281693428,-0.01998273868080891,0
0.019736863651151897,0.06517101620939363,0.048394601378039415,0
0.0920777987686824,0.002113478327104089,0.1233412525338346,0
-0.11065046837205864,-0.011276004280202355,0.016952203893466543,0
0.2394293180242919,0.029630492156865914,0.019345922260589517,0
0.09791118240187037,-0.12499979999273325,-0.112037895143863,0
-0.0411626753512357,-0.006658950103928349,-0.22438471751634995,0
-0.0015384233879162713,0.023192948484742407,-0.08025303119226078,0
-0.030342520511046647,0.1290173571790063,0.07318513783801246,0
0.008318712458101505,-0.08165618804211551,-0.21504096514819004,0
0.011665861957365494,-0.12785708973543633,-0.10846071625867237,0
0.1283532390652566,0.049190851494348986,-0.16198105715683542,0
0.22508175333835695,0.029132012875945724,-0.1127937341773996,0
0.012272480628198038,0.10333106406887145,-0.29911858243295186,0
-0.0916581020292222,-0.036694638933701354,-0.1009362660187757,0
-0.05237061846686791,-0.07359739486610546,0.03240283305990556,0
-0.006953051312606812,-0.16780142255354502,-0.20481793499982803,0
-0.003082523570749279,0.0004473852399153827,0.175165156122235,0
0.1515969615555301,-0.09919611084638857,0.003894202449650096,0
-0.09371026853495588,4.135757258766936,-0.06248772321934829,1
-0.1277913765718367,0.01897008881740438,-0.05598506615694252,0
0.050138061165825344,0.2610839284856758,0.0836992556949957,0
-0.0722769173276782,0.09127704915648792,0.09475681764026855,0
0.10370353494355898,-0.03114222366652323,0.11084731910685174,0
-0.06024425038278211,-0.0029254833972513494,0.13496133732240687,0
-0.03602045262764564,-0.1244856732092409,0.04960184920576144,0
0.0695832366456716,-0.1894817727612158,-0.1641388791767758,0
-0.10859223179461056,-0.02676833354820926,0.035830191600472065,0
-0.05093599089040665,-0.08354550114451498,0.06994893881134125,0
-0.171827308479758,0.16711980227876194,-0.03289184649165247,0
0.010798702579280872,0.1071080629353165,-0.01737718151624413,0
0.06681104987230978,0.007165881561967443,-0.22356374768434747,0
0.1592027058462545,-0.0038005831976749022,-0.041847057388724525,0
4.012825124398221,0.018217934788653394,0.1383370312202929,1
-0.07460084993646725,-0.09180218744152034,0.10845348947949654,0
-0.10245592627712796,-0.10860680576412735,-0.04048794243928079,0
-0.003140330377695369,-0.07400268891893412,0.04216551367266064,0
-0.14575424927236313,-0.08588663251028923,0.03220995702700538,0
0.14052901627763734,-0.047134161452919265,-0.029609205041583594,0
-0.0346472857881851,0.13108119678964378,0.034505979560054086,0
-0.0022677022814732613,0.1283230613671756,-0.06308979608549663,0
-0.105197982337436,-0.12211590398093415,0.10282238286354398,0
0.0013712283934881138,0.10084644341975456,0.07281741266090933,0
-0.05578401007603287,0.009666099503179374,-3.9214154248878543,1
0.09569352141878039,-0.04514961611674764,0.04839986085115532,0
0.08925144571947653,0.10089156351815387,-0.021415836137261095,0
-0.048870857134776576,-0.006884864701951846,-0.09823136549708326,0
0.08845499948125518,0.10301373846516222,-0.07052163841330573,0
-0.008364401032533343,0.07380945870327923,-0.008705041306080496,0
-0.13941695768060072,-0.12371578665505403,-0.19720282171269277,0
-0.02272194606214882,0.014624561778957016,-0.062188778610882935,0
0.05854386557107727,-0.011871963762745637,0.02704218366160437,0
-0.04671087510924072,0.02101646932792918,0.10672850526061656,0
0.13442189016776152,-0.17155301270624496,-0.061103629557642175,0
-0.056028960654069426,0.014414487141141586,0.04138796429766956,0
0.00206382072650543,-0.049682565418902154,-0.26294767262159463,0
0.10210302513041601,0.058865239855425334,0.01685326079488738,0
0.1588551886168831,0.02178293109197913,0.13497686822587887,0
-0.11261843931768012,-0.14130975517979838,-0.024275408278774488,0
0.1908066428550023,0.006143653500954701,0.06516706777908697,0
-0.02011907673628655,0.15234784630902073,0.0021229855558698046,0
0.10480799386942195,-0.028169401977075955,-0.04701661232684297,0
-0.0588048959038831,0.04144720715283081,0.1575701662544292,0
-0.19345391686071156,-0.0227520995017644,0.010814737493520687,0
0.04538419703657959,-0.13275885816724683,-0.03840220577738285,0
-0.10097420726361368,0.1112191759335445,-0.04230223509906285,0
0.07716188591480405,-0.14108836912263858,0.1002405643280792,0
0.06629014182556256,0.0918103388160309,-0.029849046110557883,0
0.010145638563985674,0.06614977099344159,-0.019246812381486903,0
0.05961677343243787,-0.1892392418204959,-0.22373620740276126,0
-0.011318410345228553,0.11942776951611966,0.1058000956362011,0
-0.05400407807979588,-0.01659080862193608,0.039495699396981374,0
-0.0855752287202322,0.13510941730692191,-0.02847591453124866,0
-0.0014956279094288985,0.0352534689748233,-0.056487805762358324,0
-0.013904484105050977,0.05158915504714582,-0.04135825279044755,0
-0.060652206790101075,-0.08436216808931549,0.25720807922807687,0
-0.021550715645690995,-0.003922262115983517,-0.12606974340399352,0
-0.05926393039167776,0.082453151762175,-0.05776078277669142,0
0.027863281579003765,0.039224711081406356,0.039311993596082694,0
0.018172196016894106,-0.044337412449281216,-0.16846999503531054,0
-0.12621447570815494,0.08502516936375153,0.08253993532814063,0
-0.17923703788957923,0.07002498437039133,-0.07523093234224494,0
0.17588705400915652,-0.021265229814523647,0.05376014356949896,0
-0.1758355737259375,-0.1414780102613053,-0.05586923159809955,0
-0.029174348689038322,-0.03697336600720579,-0.04603574889202916,0
0.0818855933340939,0.025897984276001568,0.02661986778257386,0
-0.07906646544716675,0.016397853358772783,0.014505970339508895,0
0.06000267758190625,0.1714003363086708,-0.14946356971070127,0
-0.0033006964945601343,0.07765560366051029,0.105120755892715,0
0.022888519242167383,0.046268586350582515,0.06873531261079757,0
-0.030107662577655615,-0.026519262007116903,0.18706755748043746,0
-0.021067359593882534,-0.12443214171863737,-0.17450986242188304,0
0.02475325095508113,-0.07069390234904334,0.09814331631990914,0
-0.12355049159922682,-0.031146869098572446,0.058480723808370064,0
-0.04004753459267352,0.016127411130747896,-0.027355331973583225,0
-0.06005493390509367,0.10907774307116268,-0.02380743658364595,0
-0.18505690166307098,0.020606739224308113,-0.011934232982811387,0
0.07157557025579324,-0.10892224410709175,-0.03649339443454317,0
-0.15491405394848679,-0.10548363151652423,-0.13552227851762133,0
-0.2106363560542798,-0.05371230735420163,0.10742496651916518,0
-0.08144285441439124,-0.15723236358351833,-0.0011611447196149924,0
0.0853575809158907,-0.05753672277455812,-0.07263533278911587,0
0.05307098179884559,0.13727966188530838,0.11356907012342597,0
0.2945270056590043,0.04610362384142149,-0.060953020003606674,0
-0.10539526795446452,0.04242341413239198,-0.05673348511002973,0
0.02668919458325435,-0.0787674537905157,0.03551563518121149,0
0.014145968608340912,-0.10665901883703509,-0.08678274066031062,0
-0.0021873461284031524,0.17388154343407597,0.07237269793910084,0
-0.0042835106560332,0.084816323262408,0.036332696893229176,0
-0.07054557745712109,0.04964474852576166,-0.23475662372220057,0
0.014593630719081,0.04218185133587615,-0.012381725386048608,0
0.054115143063039266,0.005259277419463132,-0.08581909371210325,0
-0.02595647683192503,0.10512620758027014,0.14169058723731895,0
-0.071388079352803,-0.09995386012840221,0.018964877287712,0
-0.14910015944289262,0.015415908463312856,-0.047544284064143454,0
-0.0883053901660431,0.02922818691781008,-0.08155057629135581,0
-0.03127635114186978,0.16284850467721596,0.005195898011478726,0
-0.1300771766058584,-0.11565133781029974,-0.17928466055842687,0
0.10906406018502389,-0.018531399769397366,0.02229844570187522,0
0.07029514957615833,0.0068814166036722055,-0.018914710244907314,0
-0.10504650544719306,0.2312740624941014,0.07115179215381233,0
-0.11135833963815145,0.04403534021686581,-0.03950839794089393,0
0.07278001079367079,0.019960664287673405,0.004193303713388659,0
-0.013037391960102488,-0.011766112402001802,-0.06070776568619516,0
0.07099185897320169,0.2932428903289565,-0.18716046377819934,0
-0.19374727811008485,-0.07147653037485495,-0.21309526849251503,0
-0.031107870455540698,0.0815693205667049,-0.13545644937988277,0
-0.04234136517047689,0.05502109603376009,-0.06332314379781913,0
-0.2905671094898022,0.014564230707278037,0.05045302671490059,0
0.023419174745508788,0.031121705953943313,0.05740668400054697,0
-0.04663799157035417,-0.14345300786686274,0.04160171205234748,0
0.025666560964757324,-0.04327437747509386,0.07061774009829322,0
0.02196067425506061,-0.18274891558304673,0.24568607778710438,0
-0.057901252704729705,-0.0025827593258305913,0.06141138109646345,0
-0.23439951854623173,0.06548568039770684,0.014456291027419195,0
-0.0937571563965985,0.14022307421948915,0.02283856653632639,0
-0.15995015887677222,0.06815303604865545,-0.0021155615551751725,0
-0.07146790084243215,0.0532568984257089,-0.18122279746954773,0
-0.08309131079109218,0.10694675992603596,0.047905349058887124,0
0.14190162379367782,-0.009455292549636908,0.05266721358880168,0
0.003231701849543161,-0.21769778005926993,0.14467796790496742,0
-0.04456510366312671,0.15305213344330104,-0.024060988040183497,0
0.019774006878319275,0.06515050801275306,0.02780039508410675,0
0.23355863036345623,0.07206221270237573,-0.005253503807595728,0
-0.04046542198970126,-0.17264217730048775,-0.043695293424440514,0
-0.06478552137961374,-0.17395538844676092,0.023137241429826157,0
-0.01067044432889552,-0.11461090765166367,0.04949977993647242,0
0.04827908104252644,0.06204673395761182,-0.003153607020374616,0
0.08395526630988076,-0.2446538263781287,0.10980378929260744,0
0.013056089896032328,-0.03621709297992147,-0.2524640275992919,0
-0.010559781887327386,0.03253473048195293,-0.0158190654392195,0
-0.008658987382986802,-0.03964474863760182,0.024289000674297293,0
0.035969753247534514,-0.015821842938477007,0.057875851938787304,0
0.08387252086917045,0.029248892679262853,0.14541219650258616,0
0.05405283821228141,-0.12478890559063016,0.21308812965026147,0
0.09680693209922304,-0.10987192192296519,0.27487040762387926,0
-0.15818580303822252,-0.011894105357990683,-0.02653324015623673,0
0.002000912325779785,-0.08667179973132755,-0.03685524115630686,0
-0.054214517188841474,0.2004024683233118,0.062326476046758894,0
0.1679338871247384,-0.023406503407809805,-0.046220356466801865,0
-0.04543318114316974,0.13166364099819225,-0.020524375024343608,0
0.16241267647979424,-0.04121028629457142,0.005742451602104054,0
0.1680599962039956,-0.08715532905923476,0.013126875500539604,0
-0.04063752373450142,-0.01885234569588488,-0.05258135240779167,0
-0.013814086368502055,0.014297364018872378,0.1300442710856302,0
0.10446702118751859,0.07271806476396162,-0.09871494455605305,0
-0.04593542909495923,-0.1192930513630247,0.145840244823195,0
0.1102353613030484,0.02958308452357168,0.06263805953589159,0
-0.060716534396992594,-0.13308413590550955,0.026346065711506352,0
-0.10069092307494187,-0.09587861340175688,-0.018718922961038435,0
-0.0648993730471713,-0.14481405951585305,0.09582100441144681,0
-0.18883194972688466,0.015597111451976776,0.08678773128677528,0
0.0071990979500054595,0.014202232993103504,0.03100046626907653,0
0.018393815555210784,-0.0003068662133523885,0.11071169642851811,0
0.09070101621455962,0.15463412004157273,-0.044236628060615686,0
-0.06271980438747012,-0.0534314917407457,0.10085660692507337,0
-0.13236897315261373,-0.06719447804985915,-0.11710450416851476,0
0.022718350156582304,0.019927595500689343,-0.04760343296958651,0
0.20904842526181003,-0.04412335213894683,0.06757913099226671,0
-0.04038565267271294,-0.011436209573637161,0.10158226985926706,0
4.015735812965158,-0.0557356988037821,-0.05006830670066895,1
0.029235396779056944,-0.09917197462797554,-0.03744480080600276,0
-0.20585596166257494,-0.03609913563728827,-0.21472284692787025,0
0.05893914191917519,0.0006893952723688155,0.12323709903500953,0
-0.14296671417808537,0.14165976890574852,-0.10681450423999256,0
0.12514963147496472,0.09751351751256843,-0.058608636416309125,0
0.13400192622134438,-0.07248512747885222,0.003581046276312757,0
0.0049183450244399615,-0.037685203509256575,0.03384819659821686,0
0.0028543255534654883,-0.06540487190365872,-0.09737410287599191,0
-0.09420355791743329,0.06258420168617833,0.04988255177725489,0
-0.018696357146154103,-0.20986586168485336,0.1519657819175048,0
0.09296709084518817,-0.0637159429013691,0.09682867495043936,0
0.02298605169844551,0.051292756778377885,-0.10514558421303632,0
0.0378396224160315,-0.1401032597896506,-0.0159974686945443,0
0.11670399656453954,0.1769497059118799,0.16773506292533366,0
0.008587200007131765,-0.2979458561256116,-0.09002521758772447,0
-0.04447392441598816,-0.1442804115867531,0.14219935979755013,0
0.17105919811692977,-0.014602985984804815,0.08653512192940106,0
-0.04807662136283194,0.0312721827348404,-0.07886821149517785,0
-0.15098829168722527,-0.013174906632328119,-0.0374278175501122,0
-0.06272015831579685,-0.15897079873203307,-0.027173730940775048,0
-0.0011464424838624658,0.09445629936694412,0.06204711426528277,0
0.2025514758065985,-0.016303019556101493,0.0010310603315525676,0
-0.05777301004171113,-0.019164328541776,0.08129461476849482,0
0.09836878009028972,0.11250695565887725,0.02083077353531866,0
0.003945188815984569,0.030625187660499504,0.03826955307905045,0
-0.08540805436189004,0.11971508799248645,-0.045899908289602005,0
-0.026233874981415512,0.03240357454802945,-0.17745728020863794,0
0.06752263216593822,-0.16132962284483113,0.0937368693742365,0
0.021839290292698165,-0.08400931943937588,0.18621958489118437,0
0.030016004444436153,0.044357495559880895,0.013627095593637515,0
0.15073766333374605,-0.1848647130597491,-0.1531732347097908,0
0.12236841893207284,0.013775792609193649,0.0173234723709077,0
0.03806296584059641,0.1426658596251304,-0.013976048661496064,0
-0.09407771325052021,-0.10766322701867817,0.09009060655286522,0
0.16316913645595144,0.08580009387952697,0.08397794383777905,0
0.10145566631789119,-0.02793301483781679,-0.17274532326764655,0
-0.05010137330828131,0.03426195993850033,-0.07997972061299319,0
0.11083521408623664,-0.02802369768887454,0.11192284189990487,0
0.05336022101435346,-0.016961921408168875,-0.07112353960524709,0
0.004954964148973198,-0.008748921199303664,0.04878523383582455,0
0.00775281441462061,-0.10933015640158512,0.12082873764214824,0
-0.017267110046605416,-0.10252372262130781,-0.02148622991575662,0
0.09287721908265296,-0.015551820315152069,-0.16320144148115323,0
-0.0906064482039736,0.028990925125958467,0.05962760714531458,0
0.11045562146453614,-0.21578067635971468,0.26298913581152816,0
-0.2225788012464249,-0.18526896753180724,-0.22544813131181765,0
0.02473890056510861,0.0033999252634255676,0.1162601592231961,0
-0.22294531862668082,-0.039468984865447206,-0.1486733920051396,0
-0.023554858296739315,0.01896551795479043,0.1317212008224223,0
-0.005553471958222812,-0.15271292967209898,-0.019741036040383263,0
0.016493119445812495,0.13648278242703268,0.07332051723536434,0
0.06906288626303247,0.09964370055571041,-0.2041510251108974,0
0.09985593333894525,-0.01145187718937799,0.04457943305205586,0
0.11616364949437029,-0.01128107939751634,0.03806136618073265,0
-0.049981368444430976,-0.05274375568324324,0.08544667836633627,0
-0.10427087082467745,0.1085646166652245,-0.0875963005784352,0
-0.019389648907490207,-0.1526701445437749,0.0852864450243784,0
-0.14042813986977118,-0.14893807897747627,-0.10812147153811574,0
0.020210486410406757,0.1438530649819541,0.18056657147913358,0
-0.255381949751954,0.1433978485639865,-0.011433407877916659,0
0.11993004171041169,0.0545354765033173,-0.050949934159396186,0
0.1078744598806791,-0.004234236054725215,0.05288310692818249,0
-0.25867138890275004,0.24990389212267253,-0.018999222810774315,0
-0.03523047475538058,-0.0043739393628061864,0.07045126045524991,0
-0.15512457213476072,0.023573496179967797,0.19560842713832965,0
-0.062379182090303346,0.22565122861192077,-0.1903758624656664,0
0.10942441177247307,0.01082560813690324,-0.11630029548668815,0
-0.08091339729565114,-0.04136360766431397,0.07267859142031516,0
0.08364717268841242,0.05271823253593049,-0.14667220468733116,0
0.010994724376660714,0.045137584971206665,0.07185538667149859,0
0.22392242915729244,-0.1943292911382849,-0.047779518862282856,0
-0.014103121458098078,-0.009659042172648381,-0.001753643750031947,0
0.11914724154022566,-0.008118159853911828,-0.09718507418587391,0
0.115014262723453,0.21057010693294076,-0.004764864083040397,0
0.0654753423345405,-0.07022265738264706,0.1069334818231204,0
-0.11466187617794268,0.006010225051586582,-0.08122501219688319,0
0.14340396201684916,0.0018337166571675532,0.03031154250375357,0
-0.061762418466312245,-0.006409488928751059,-0.10609206446812697,0
0.033447720374588104,-0.1674913786744192,0.06115576233246711,0
0.18492328838565608,0.07245375697743511,0.053852419556918885,0
-0.03061267849973992,0.07441774853602796,0.17703968129889847,0
-0.09088222514324827,-0.01754051672519372,-0.08006806292551978,0
-0.009044736606749723,-0.18277450763667466,0.0395399673351152,0
-0.008645905314140723,-0.05632427032906561,-0.01030783554756088,0
-0.07195591002874809,0.14067832935679606,0.013698605549979433,0
0.11992252183719393,0.06825827109602726,-0.12562318882062934,0
0.034943756468120465,-0.22460897883493647,0.12298711955329351,0
-0.015075311692004914,0.07142605602295292,0.04538067780950992,0
-0.038118628641432666,-0.005426199182990615,0.10434517777889413,0
-0.004572855490020253,-0.05830064703575419,-0.051485889638052465,0
-0.04491480322414919,0.00959864622435715,-0.06001376858774785,0
0.11782027517748278,-0.020898982888400065,0.025952915805072897,0
-0.00459856468610817,0.1442310374166271,0.0026328725118356165,0
-0.06789795734804648,-0.10450745945006468,0.0917230992513063,0
0.02916628335564646,-0.08588002506513503,0.08333337858902023,0
0.097069273544182,-0.08599712768193497,-0.055572312221212644,0
-0.012042910388570326,-0.08241475861932408,0.12287555238227142,0
0.02596647546106451,0.025364235920950974,0.1032652202246168,0
-0.005229974832158695,0.12288023579286592,0.07251557991827964,0
0.17287666823948147,0.07694799900070437,-0.14055059520111104,0
0.13004641810236872,0.07366712451193214,0.07632459368525576,0
0.1276355412896897,-0.07759339514989327,0.09732439213167066,0
-0.11524162127816161,3.9188878101552205,-0.04284990137462839,1
0.11065156837811813,-0.08234320113706994,-0.12063838228871547,0
0.07098346529318982,-0.03580989643827897,0.03061627487824203,0
-0.05784683358233464,0.02058956461566215,-0.05132304580383401,0
-0.03544160385860331,-0.08363106897966267,-0.08022957579303228,0
0.10895218963589033,0.06468793704097257,-0.027387842956530684,0
-0.07995656824536666,-0.026542572114134206,0.0465062697748423,0
-0.09974865924213284,0.055249625882576564,0.10886179722847773,0
-0.06605124909247431,-0.23945702610003453,-0.023424258800080915,0
0.21654719783588364,-0.06463902171635572,-0.07455189256715246,0
-0.06426406167653025,0.000756832056512241,0.16128487308989836,0
-0.007488453475476657,0.04910536699360857,-0.05174260584752255,0
-0.060770445428924805,0.04930503928267459,-0.0687719568326596,0
0.03407603448224671,-0.0329021626083096,0.1707117670233198,0
-0.013381733421193859,-0.006018048138281504,0.012080292513993826,0
0.0111005979172759,-0.07485215654061618,0.010161028113652095,0
-0.09395350298598092,0.012312261051101956,0.03646983726759689,0
-0.0959000569588049,0.13678313093668712,0.14258229060209693,0
0.04938184331193998,0.054106225259703156,0.029196955306336526,0
0.07373904706276953,0.07868527822921587,0.081505143178013,0
-0.19564403944496217,-0.026235006280866315,0.020199935074066495,0
-0.03354220672775521,-0.04609342317777862,-0.12396160755275423,0
-0.03373828101319722,-0.1397019122380156,0.1392960823224377,0
0.13679732971252537,-0.03128075518133296,0.01642516617481623,0
-0.026218100102546382,0.022098766060900273,-0.06629483280285803,0
0.15486219237546495,0.08308249355389725,-0.033725401424535915,0
0.26376418140520314,-0.05090078240111892,0.018966560550405256,0
0.056816985723624175,0.015167151423337927,0.0944442663463583,0
0.09963226326996799,0.03185907663255697,-0.20163710509127727,0
-0.005049413318014728,-0.23937136860348718,0.18106829209638384,0
0.03790541925111027,0.06636525208244524,0.049400642482056674,0
-0.03358558948932382,0.02575866155012986,-0.0158826990045995,0
0.05530583856710848,0.033807335093930024,0.05204142047216251,0
0.02987726895400596,-0.030799964726441864,0.01587289602100683,0
0.010142925545836547,0.04299369942219339,-0.03261558468364333,0
0.06861089115063507,-0.1659325513542414,-0.020219559442116425,0
0.02241344955366075,-0.08729244450231118,-0.026984891499245735,0
0.04032400333004177,0.1769045907629823,0.02548644485572244,0
0.11354421753578246,-0.007629652373737843,-0.02842207224907475,0
-0.163936177857313,-0.02932338470251718,-0.05885088231970799,0
0.1408943042614477,-0.049616343616034245,-0.12103123810775647,0
-0.1142133226872048,0.22293266257011363,-0.047502634263169995,0
0.06392823765393403,0.14647229828541491,0.009823070390227416,0
0.06577408890032081,0.10656713451289807,0.02448037381529887,0
-0.01130784537550551,-0.16214694047698258,0.036587504834667425,0
0.09954356813578301,0.06026584837340603,-0.06145661773276617,0
0.13371016226860047,-0.053246948153032096,0.03514891171402056,0
-0.0832045361591849,-0.008521704374242404,0.11478645001331528,0
0.02986636267790388,0.14889704944458346,-0.06571603419217412,0
-0.10541247740711338,0.05834584559078784,-0.03586290776647204,0
0.052780070739465425,-0.14683642461895177,0.020353210086755058,0
-0.11724630876057672,0.0450744672080777,-0.0597259735822152,0
-0.11834732197766679,0.19049365193019416,-0.00963973170289848,0
-0.19733743765547185,0.08138878607682369,-0.12657145345267892,0
-0.00398505694741468,-0.0020825212719838867,-0.09233682908028962,0
0.013631287714686777,0.008080659241655233,0.11069685417592552,0
-0.10415869922244503,0.10257284871237884,0.15014242235289663,0
-0.11174604704718959,-0.019940308596374117,-0.05720797239438438,0
0.008139496248553127,-0.006228179816930541,0.040288429031191585,0
-0.0415831571056928,0.21373799860351556,-0.21658115713545045,0
-0.12663824597810844,-0.06432762672933184,-0.19398048101169024,0
-0.08245749501887317,-0.06635938487069377,0.09929661888276063,0
0.04307031501005652,-0.0794777389644356,-0.06028011228397423,0
-0.016864284686511587,-0.13515627125313484,-0.016236288643127064,0
0.01801467281345008,-0.03397634873903056,-0.08507388732494048,0
-0.015301894144557801,-0.11108008202819852,0.09002609369917068,0
-0.05007128328872684,0.023223768228652464,0.14128060134515716,0
-0.053291955103836754,0.01855250922692945,-0.08436164046635704,0
0.06015111853890176,0.12954466284866914,-0.07833153730535304,0
0.17000137309547225,0.0259128183477168,0.012968204933932132,0
0.032932128153908606,-0.04074668838215363,0.11216251625827522,0
0.05882339143327292,-0.0795154895153911,0.06536439397809958,0
0.09264153411763411,-0.17464020841558356,-0.21849327347804942,0
0.017950583773079246,0.04901386172009961,0.002448889854242349,0
-0.012114314463590604,-0.0036373081430449298,-0.14906939172481584,0
-0.03355345567144546,0.06773430387536858,-0.05827636794350084,0
-0.10655627242172379,0.14251145429125409,0.06297221752253465,0
-0.1463393752732097,0.054713199414456376,0.2503936410198144,0
-0.005822743745753046,0.1730077048291874,-0.053841045211506504,0
-0.24055216671467827,0.1106897730538588,-0.17971014940563407,0
0.06012600789682553,-0.1235417935136438,-0.062034658333197115,0
0.017994878737359804,0.03680625974505498,0.25988901879306636,0
0.18819095910568034,0.021216897893207305,-0.02854893685391321,0
0.14245909709914653,-0.22055372439746562,-0.06838260857044857,0
-0.01755264968512784,-0.06425098070988598,0.041669827516483536,0
-0.06067945888774678,-0.044629163795068504,-0.04503081352709276,0
0.05215884274325441,-0.07861265626871425,0.11658918107203275,0
0.1474899905488533,0.0468097495661388,0.04178803677572685,0
0.08775073197004798,-0.04842513294060758,-0.09216703772508208,0
-0.004637406792262002,-0.035987432782518904,0.05739467012244527,0
0.12635312117558617,-0.0016223979117433386,-0.015932716369383648,0
-0.003295919354281101,0.06775773351623136,-0.05370194977673638,0
0.09054464332090861,-0.04530061351402392,-0.23610570000334408,0
0.022705548215059615,0.06308728996009784,0.09821688520098108,0
-0.1868111754850066,-0.04972249550189198,0.05802367201669156,0
-0.06922510667646213,0.006625625358035795,-0.09206125010473894,0
0.024235880525446254,-0.13328498134255348,-0.04457545043115557,0
-0.042448821951623514,0.027688759507498037,0.06785503309268469,0
-0.017672158153799626,-0.035214914940554794,-0.0007046438882299076,0
-0.10940787482022261,-0.02174092562168517,0.05422587587246931,0
0.07386469565470784,-0.08512034648244585,-0.12471320218139026,0
0.019090073414110342,0.13331995431326824,0.03128282086440519,0
0.0130818185737667,-0.13372725517465484,0.07848097875507247,0
-0.07187108809850729,0.1200709697881566,-0.1040805766517422,0
-0.0010629950776255442,-0.12178900199059722,-0.09194006946559136,0
-0.01775100979162049,-0.022235797025775047,0.06964507244823477,0
0.03621506942780005,0.014530619598252335,0.07029534301922188,0
-0.01712950659492066,-0.04251317253063497,-0.020484005632177966,0
-0.07888494647824393,0.11862605757905938,0.017496487201747585,0
0.021450830603710974,-0.15738308287775157,-0.020683215644617017,0
-0.05907456627070493,0.047969963520634304,-0.1799183564490168,0
-0.0011004869647283594,0.06139600337065561,-0.12404676556187709,0
-0.002396923080495131,0.06211671625387857,0.11383843565353682,0
-0.06051902098547771,-0.10280458953687657,0.11459627307290493,0
-0.041066199232690365,-0.03218097134065108,0.15679224125308444,0
0.05051644150847367,0.009465781478033607,0.0966480442391661,0
-0.03682513259531552,0.2184470355126644,0.11002371230668272,0
-0.14911628400384355,0.021685858611886065,-0.0002924833687816372,0
-0.05084566703526429,0.00872504172933084,0.053934486973511823,0
-0.14821077063545676,0.0571867283588354,-0.009074852348269725,0
-0.04201183592626204,-0.009661114584151559,0.05433871851229534,0
0.06354598686391492,0.10623361504205948,0.11802094740599318,0
0.017613553690527677,0.02858679491639479,-0.01292488736706479,0
0.18411525768819406,-0.09583895741028607,-0.12764499855284242,0
0.1384922882600738,-0.05742716975299908,-0.18021435224962545,0
0.03709162049332542,0.021741044975892396,-0.0004550803800006466,0
0.21609995606880578,0.046112756154114996,-0.01636303304240617,0
0.19502369873895398,-0.09013504609861656,-0.08313295142886211,0
-0.019870207839380306,0.015880339153069065,0.08129120896061078,0
0.11905437232643455,0.009525211636328083,0.12280348407673412,0
-0.038889532560899685,-0.11551026413186578,-0.06983657296372364,0
0.23091974398358237,-0.06653137659852403,-0.19815192987851227,0
-0.04578125656476032,-0.10563883285763731,0.13239558058908837,0
-0.04705059539583357,-0.2949935905236866,0.014615952987123402,0
0.06331672953496113,0.04520297696317749,-0.0071353059346869535,0
-0.04634919645617387,0.11332280244744881,0.1261566412495552,0
0.019981961792969738,0.05532115045658159,-0.016729080042795174,0
-0.22312311761826012,0.17918908300216882,-0.04144402872510894,0
0.2285501098009448,-0.07449105673711652,0.07110755853042192,0
-0.10873305618827807,-0.14492359411341052,-0.1449407685056982,0
0.20901827737652728,-0.15575813721453302,0.10051900084232089,0
0.0733533126374979,-0.042662727627458374,-0.02693427058481658,0
0.015628032278364977,-0.14455591120251807,0.01488199180781111,0
-0.03220089011189148,0.0638312522649686,-0.1740961223932053,0
0.03264791184231245,0.12546451183076837,-0.010291916736718074,0
-0.016124129052636525,-0.06775325650399848,0.016860932050002834,0
-0.2269378960125526,0.10804905124910702,0.0022776288608660745,0
-0.16570289710043842,0.07011386785292874,-0.1262200432198311,0
0.0315666255408181,0.20303319199761982,0.15492348536512862,0
0.08729258016931901,0.009603923846719422,-0.07052580817410341,0
0.04278894263916215,-0.13835697762495042,-0.05397644495323,0
-0.04211926752958942,-0.03500019693937759,-0.043752922714776044,0
-0.10817333178528349,-0.20802693203372535,0.0026884340754805077,0
0.09161766186222706,-0.07258736542751847,-0.011365342174231269,0
0.11863583194185041,0.21708473308759013,0.039027612303810445,0
-0.07299498673364052,0.09984509925016156,-0.03604723632058739,0
-0.1689761008495898,-0.00026110615234514067,0.054083660778031895,0
0.09082439512518918,-0.06111837177239269,0.008922541880004251,0
0.0364211076698013,0.15426442153114475,-0.04787610848418117,0
0.16001297451289367,-0.06337743917096006,0.03175174397848509,0
0.11983858019541949,0.06487202911628395,0.042424707386297826,0
-0.10981218236811884,-0.09419830428034785,-0.01687580192239733,0
-0.0486286872610907,0.04973866899193974,0.01433936306298661,0
-0.011211600071939519,-0.042801515420795286,-0.04767912126606177,0
-0.05318182610170036,0.13825287816140888,-0.1404047841111334,0
-0.038704407128876885,-0.1369801547616178,0.014974350858462172,0
-0.10664281810114495,-0.11490283419444398,-0.12439726160814657,0
0.0002713476809782989,0.02193086265462736,-0.10071915621448364,0
0.09302406542755876,-0.09253029398615727,0.024390410062701026,0
-0.02804710264555739,-0.042570553207206686,0.03595883088833364,0
-0.02331963182895912,0.07382548604671704,-0.08977395513759694,0
0.024213630033790807,-0.07102013452269638,-0.06495523755398988,0
-0.01077053500328898,0.11859769546763144,0.054266861251498724,0
0.13888259829287894,-0.11585250639947083,0.026507454899372996,0
-0.12714708524932414,0.03682421997217163,0.14069202050444302,0
0.00019852803719292672,-0.0728436911314144,-0.1422542888799735,0
-0.06374379959224644,0.022561702770848537,-0.11580712826877156,0
0.06963469567569192,-0.07971499352945284,-0.12689855984099477,0
-0.011826180059643325,0.09999181900235068,-0.05972547120831189,0
-0.026967288240155936,-0.1530844166101052,-0.05709169744198211,0
0.01416913775917393,0.07806553008022342,0.005142344502595024,0
-0.24238478976412342,-0.08916705019593871,0.108261426726575,0
-0.04013619238095972,0.1523175060132503,0.05350456541616955,0
0.05131341107631086,-0.031126847829232248,-0.08371125270556495,0
0.009913852370628836,0.15273491334609257,-0.20876318131624108,0
-0.07168048372165045,0.03878151962696749,-0.1481166603574064,0
0.15948764140072363,-0.052965495989376554,-0.19470405607640942,0
-0.035126952841263284,0.004879118834533293,-0.04421527205061837,0
-0.042562101428488854,0.14336774497116622,0.03307813002621599,0
-0.04662358695783297,0.1937428683089053,-0.07258631949951942,0
-0.07226912364819382,0.04739650589403862,-0.011551198543377878,0
0.22794753187364997,-0.0295234357808218,0.025970310974764738,0
0.015808641565395184,-0.1330160209225226,-0.15719387883534058,0
-0.07448794509958107,0.021796035054409198,0.024615328532008016,0
-0.18968204553839418,-0.05667394654999522,-0.12109937186694952,0
-0.027155758048040653,-0.03655847723499138,0.048133857391434,0
0.07194014569052434,-0.21785693732158548,-0.147724868884898,0
-0.04671608867737774,-0.06924892362305363,-0.07321081500201726,0
-0.11369219504024541,-0.030721431581339616,0.15097015037183598,0
0.12051642383419735,-0.046298089083292346,0.028215086445318505,0
-0.03672039105333766,0.14509699824970945,-0.006734355682533626,0
-0.03884452284489041,0.024846958738676796,0.02178510509485173,0
0.14464281842450982,0.21458579195654692,-0.1716833526430428,0
-0.09162698712378721,0.15264293492982656,-0.02502107480459764,0
-0.212555191597252,-0.2944402199652389,-0.0753750470325585,0
-0.004892102107591996,-0.0017366368861938186,0.01946421681068112,0
0.023818385431485803,0.13856008398098815,0.0322687061007486,0
0.21413158112090833,-0.04748991469304453,4.042141511362984,1
-0.0003848836638350038,-0.024648944778489407,-0.16995792156909853,0
0.03561079647327002,0.06800439672611586,0.009156395433503292,0
0.18082520048252476,0.026425981594165305,0.12972952052280148,0
-0.11545400370024295,0.1681028670179754,-0.026794586449988916,0
0.17224635633114233,-0.05932695175660838,-0.016364999394006905,0
-0.058103861914906844,-0.09810852636884514,-0.10951099655344457,0
0.009688113464248332,-0.10845935363324073,-0.14618304864749987,0
0.09136026409363918,0.06326021732492404,-0.12331413063654838,0
-0.08990097766778764,-0.04151854609321006,0.06431080836409837,0
0.012341955037219611,-0.14530917838721513,0.03284131147995891,0
0.050619706821199074,-0.028964179486555428,-0.06685602238302338,0
-0.023456284322495455,0.16290609772742617,0.13114575886356367,0
0.10631160451088113,-0.025825206013095955,-0.15015386832612765,0
0.1795123453431067,0.05423377650831066,0.0378915124966991,0
-0.00287340089968721,-0.011653095644180182,0.05053637884596351,0
-0.1388266669584269,-0.09338814429988036,0.09241239183833247,0
0.19861081971496294,0.1432874668475814,0.041059113667454905,0
-0.08100140713423752,0.09363084024836368,-0.18451101169308154,0
-0.016315958900179926,0.10554848067800598,-0.03844614237644471,0
-0.07388638336614892,-0.007615870674573213,-0.006469803481198199,0
-0.15948125606170402,0.13829358206242792,0.034662925227106164,0
-0.022892400496084837,-0.1971043853687067,-0.0622254950754207,0
0.2658214227339939,-0.04928599178834925,-0.05079777088933751,0
0.08508317561584372,-0.04286239585581446,-0.0052299835940052075,0
0.062094802228201754,-0.05712532198764823,-0.007114402110869779,0
-0.2186232093907922,-0.16229382780147367,-0.09711151380187744,0
-0.04901649734286999,-0.061050199965774946,0.053928330457174184,0
-0.005817630682890443,0.07081115134184655,0.01878831702482674,0
0.13677134532821034,-0.024469304625776147,-0.03972029920871084,0
0.09649625917047655,0.06806417409580162,-0.011957500495458635,0
0.10564670986757448,-0.048002766666281955,0.15397958055090782,0
-0.06816728004714095,-0.04353875097780106,0.13425279225131367,0
-0.09875010332284584,0.06861047316584638,0.12980728340505254,0
-0.11674161255545566,0.009224630298753294,0.05358409518833564,0
0.05121788951759603,-0.049486462350424976,0.017531531425661585,0
-0.09725612306663611,0.10126853713455986,-0.017101736157708415,0
-0.057874706972451076,0.07676484705558441,0.005683097150858038,0
0.149235173703505,0.04157036982277349,0.0939356387810777,0
0.15109228213724185,-0.11290031710509536,0.10255195566126339,0
-0.190997909914249,-0.016670700382277727,0.0384522463144748,0
0.11380697176428356,-0.04881352251273585,0.19572626078204736,0
-0.021854756940640124,-0.1699716015816006,-0.20559828319037152,0
-0.054368943121901096,-0.06981954642843616,0.04466092975948777,0
0.008585226049978174,-0.021268755744091584,-0.020493942195235773,0
-0.07246718359934999,-0.007126981129360991,-0.002903674251310391,0
0.09060145880950399,-0.22667025184579806,0.09100413502793787,0
-0.08070795766044948,-0.16446902099685526,-0.05842495230544881,0
0.0546624592892511,-0.03327012042846965,0.018546959930742443,0
0.09115541195593752,0.19090958316961537,-0.12621014385414928,0
0.1004424653962198,-0.011061650507599802,-0.0851057089806639,0
-0.033305712569936106,-0.10062422353632666,-0.025474789076986044,0
0.007013641722023094,0.14678543630980345,-0.010091226083946447,0
-0.006032309852055505,0.03730965700920009,0.09467271863697896,0
-0.08750978655981898,-0.03711400323089683,0.031147434893057914,0
0.11097273794046905,-0.024524858012071684,0.07831390760202232,0
0.02907723948709828,0.009788430492252089,0.048931941202568524,0
-0.0586161260156311,0.014075133158269469,0.03545015277931481,0
0.10228788839356705,-0.0776072762017264,-0.10527780435846695,0
0.061027321489509095,0.04833337238220637,-0.01539027514875857,0
-0.08264177575861102,0.14241246667023194,-0.08128783456215402,0
0.051458678530893136,-0.07772930980759087,0.04742707332159298,0
0.19049499954100102,-0.10443378719103791,0.02391641086428288,0
-0.062293551675173545,-0.08278098910378895,-0.023330881480939616,0
-0.0652375196980598,0.02927590767919171,-0.002367671608208345,0
0.02500815092988394,0.2063888013494306,0.022702944778786528,0
-0.012118347036676273,-0.1579980475470798,-0.09262284994333206,0
-0.07900968190453042,0.24546829259310693,-0.03822422891501439,0
-0.023711647755106178,0.06607227381025385,0.18386528636044236,0
0.05159655140559535,0.06083030863277577,-0.09774742774902423,0
-3.9311144306329746,-0.10319046267337449,-4.027090275333077,1
0.02117248079762732,-0.06597462815615689,-0.11577588100186396,0
-0.06702336505109817,-0.04719571518353913,-0.13487235096439346,0
0.05722931635274147,-0.10534959592934923,0.12493769639290418,0
-0.10928242212421312,-0.1700175902990791,-0.005224960853106207,0
0.006917993565927288,0.05369867451879268,-0.10332384276320117,0
-0.06750565173156156,-0.017166876607724448,-0.055980408681309705,0
0.02144278630283889,0.09751890276172628,0.08327662750057147,0
-0.05969242368465175,-0.00432520734296631,-0.07257897592418458,0
-0.0540344017080027,0.12783509592365297,0.09227525812513142,0
-0.027545016499027897,0.08291646892866211,-0.07613184614672805,0
0.04948568114489732,-0.15037375630103555,0.17235883022869267,0
-0.21446250258265911,-0.10343863856180567,-0.12099359542117094,0
-0.0332631436483545,0.14453891606847805,-0.0541199122075851,0
-0.030680588692791777,0.004420064588440728,0.0706674103999607,0
0.07871076414611149,0.11162891258447456,-0.0026253960892188774,0
0.07575331553183792,-0.02960289302324669,0.017746691151988264,0
0.10549166395502368,0.07198254930596859,-0.07413722309245804,0
0.10015244830386959,-0.06316034543396411,0.08136831643449094,0
0.07565688227598327,0.1304897223959786,-0.00978609046456715,0
-0.19210420032922623,0.10870030587448792,0.008899211334411912,0
-0.11779493250585969,-0.12889961830193705,0.0648133174043292,0
-0.22106077160469365,-0.24771041734695662,0.1015775846085215,0
0.1906989211694029,0.05418489819426436,-0.09367160125514462,0
-0.04134998112907947,-0.14115743870639932,-0.11195985827894264,0
0.14423985167697623,0.029390860288045724,0.010091735528580826,0
-0.13951892909579292,0.0018806006865754663,-0.08238856460233927,0
-0.13081547803724974,-0.030866106113555128,-0.060462675929377534,0
0.032926180006927784,-0.02692064199521262,-0.12899634834927806,0
-0.08421576512228572,-0.06053505605937442,0.1528852531817262,0
-0.09368537314776917,-0.07059221724210439,0.005051497798643209,0
-0.08617658381139871,0.01995582182932023,-0.01816694974186646,0
-0.018213013129574376,-0.07354734681742758,0.1316320412576548,0
0.044288994146613095,-0.02522146307480862,-0.08422128704020593,0
-0.04339557774253542,0.12310373910587598,-0.030378316477532377,0
-0.08934687931552668,-0.15329832923053546,0.02926511703444389,0
0.10022139007547791,0.12194562548225346,-0.167461756779531,0
0.02052875524950393,0.03724850119739125,0.014890287649088006,0
0.12598484559885822,-0.08137883310183026,0.007511286435047983,0
0.0015206494108019088,0.15647641320563355,0.13625110645291305,0
0.034148672254927764,0.11696658964166218,-0.011793830873227268,0
-0.018046469933889052,-0.1774537812128443,0.056722430839696275,0
0.03328759871274572,0.16218725421115793,-0.021503582280119633,0
0.39396297819496895,0.09300489406764989,-0.12136126928665068,0
0.02801712004750875,0.16308668938472254,-0.0502389593657162,0
-0.020060652112832287,0.20715719082988848,0.11011521747590645,0
0.07243110727282422,-0.10880491314377039,0.046386486409301826,0
0.07307582996709326,0.07834031242915361,-0.09450204259606863,0
0.02634132262818284,-0.03319734970776833,-0.03856768992413024,0
0.03730644460344087,-0.005320844601368214,-0.027008629034948335,0
-0.05168136261161369,0.027548855050029703,-0.033284831037401284,0
-0.02945190268623782,-0.21028969046192772,0.0032300021519215197,0
-0.19914719653051938,0.048778538168875334,-0.0911793043207804,0
0.034321732988925296,-0.02723909388645663,0.22246930380394025,0
0.034076281517230446,0.16697315942716792,-0.07331846250999731,0
0.07199513379455479,-0.15352914832582593,-0.0418825447860208,0
-0.14595880496052996,0.0348263885797694,0.015690584868019244,0
0.1082775986967546,0.20219568560592172,-0.0364300368173648,0
4.158369945509909,-0.02121836872090952,0.02986146221229985,1
0.04133609948832319,0.0204271094141312,-0.07818008289385399,0
-0.05570893668047455,0.02981329575680477,0.05361587184097793,0
-0.10319169170771741,-0.08224199957447582,0.18612226845238156,0
0.09934818651784943,-0.08136274451560785,-0.10278099154937292,0
0.056027844546000655,0.05044547394344681,0.05925196030255228,0
-0.018008269338808666,-0.14100961564834055,0.10844980211069243,0
-0.13383033297909583,0.006202325776056277,-0.23146016735072503,0
-0.003534648919507424,0.1819768217194146,-0.06726307913953462,0
-0.11103476612960322,0.02760624902652353,-0.09601026669536397,0
-0.006740286527819299,0.044031300025267395,-0.0008675778211147038,0
-0.008249695690238696,-0.08088013713971665,-0.011449491653601436,0
-0.0023451797230914385,-0.012468051986234041,-0.15792868097532106,0
0.027252963800825498,-0.08069858114371223,0.0865949222984187,0
0.024750205706766372,-0.06515700525042858,0.009239806019930635,0
0.1710388998666878,-0.1491447724112199,-0.04291103069889518,0
-0.17298475136705901,0.15557603613147794,-0.08868674244113262,0
0.038614159543410284,0.009502526225247249,-0.07815145515132312,0
0.05853227684726745,0.07739663482264802,-0.15394538468782254,0
0.07446375820894201,-0.03049771459227812,0.06834157888321185,0
-0.0052969694932397116,-0.10413643125608477,-0.03678437763875121,0
0.12739851495075957,0.07393379509132389,-0.09490989070244765,0
0.040825547462944145,-0.011851085507018973,0.08271431631889739,0
-0.06486665301207535,-0.06379528102272099,-0.042704538290915715,0
-0.02310405422111192,0.04598101396249741,0.021474703226028916,0
0.05960044479734275,-0.07017385081414816,-0.0810298301362585,0
-0.08478895017385055,0.1520666540357985,0.03813600384381785,0
0.05902612269109005,-0.07492130198406348,0.0019246586918226357,0
0.15019605545674086,0.05946310490012216,0.020321115795260844,0
0.019271220710805406,-0.21246290525597789,0.05983325789002032,0
-0.042610029388438886,0.054727248274340605,-0.20614958573400743,0
-0.03146608283038291,-0.0868206122920086,0.057630213271499975,0
0.027571937617076703,0.09757059260137868,-0.010532720631967921,0
-0.17091001110423776,-0.125963898683489,0.04350368965543955,0
-0.0007812337526023447,0.013576013813279504,-0.0368157542003831,0
0.07549818118232303,0.13420187914065596,-0.004572438378226935,0
0.08340517775494016,-0.17530323700126813,0.025226222113057247,0
0.15047060899155915,0.12422383572461759,-0.22035879360279886,0
-0.0014813686984209405,-0.10827000533296272,-0.03496497921450288,0
-0.18405105668226615,-0.03344347299927485,0.025129107614752434,0
0.011658824614901316,0.040465104906474175,0.1231001866640785,0
-0.047323130411527095,-0.025588498690698354,-0.05069072462857116,0
0.058243338951797424,-0.06551248052307626,0.017507451744598036,0
-0.11531405172076672,0.08522204979762843,-0.07447701793505022,0
-0.1358762161437859,0.045191780166876055,-0.02213185216590634,0
-0.09350224302500099,-0.15542430441213892,-0.03326437078571936,0
-0.15022091910429225,0.06079313215105985,0.038951486435018924,0
-0.07899249940839793,-0.034328973228368406,0.09880929135782093,0
0.13033557555242986,0.19104603276895932,0.017650014044710186,0
-0.08592090258938506,0.022597981199642663,0.15113773270496145,0
0.06108057219695823,0.015092286823570947,0.0731392003226899,0
-0.0048550990270857,0.12438620736701911,0.08941873890113915,0
0.014339247112975443,-0.02206109733173565,-4.114435741255738,1
0.11617336171359863,-0.05890727394140005,-0.06803830587505277,0
-0.04888188677448671,0.06231347833222665,0.1399185303221797,0
-0.0034698652335344634,-0.12789966478237286,-0.02883134318985253,0
-0.15457598536658068,0.24593547166087,-0.10462094751408671,0
-0.07037810203013016,-0.058116965445138925,-0.07097030673848319,0
-0.041083585718900584,0.06369326817586335,-0.021962821047259523,0
-0.01028319171970776,0.1505120044503239,-0.03637832209800614,0
0.035740237421842486,0.023730526328883395,-0.022549730121296362,0
-0.12405870326256951,0.1036426176322791,-0.0256998106900127,0
0.021608561617338713,-0.07050727333958362,0.0058630161324307395,0
-0.12926084130821378,0.12231375248987342,-0.006432239876011442,0
0.12147413264493082,-0.07523078592069837,-0.12761195281287194,0
0.020758382777342793,0.08425238800748062,0.05535125062789751,0
-0.07262810153885363,-0.14434316956728696,-0.02423893581053742,0
0.029324474059305217,0.030936856641966187,0.055470305598246145,0
0.08702326359853568,-0.009841787752422409,-0.011423334133782917,0
-0.061601708809570666,-0.028987995135253294,0.14810988003778977,0
0.07192916119509007,-0.011827806904021012,-0.009716493106061729,0
-0.20757772177617806,0.132040107103189,-0.05124776178422611,0
-0.27319215497576693,-0.04290353835330647,0.15043257936832177,0
0.06225347291449736,-0.031576854684946094,-0.0586689893345032,0
0.0012204427698786946,-0.08655379609559305,0.1179947273527998,0
0.017242632250809017,-0.12162083079212893,0.05376466366359445,0
-0.053891796753509386,-0.051406884967445235,-0.029224472570154866,0
0.08997377912718918,-0.017239250255080812,-0.004111131752203162,0
-0.08717938811344218,0.06876606287524224,0.09838205353946274,0
0.018750570795885088,0.0838163710652679,0.17124993227827146,0
0.07659993721996383,-0.0355198124827918,-0.0224676764581526,0
0.17656930265644277,0.019851977716323244,-0.15334239578477143,0
-0.060555499974684485,-0.1480819722239148,0.05026195257127122,0
0.013983372846919884,-0.017590204978220225,-0.04726729370711588,0
0.09372213242934362,0.051081491284607886,-0.2236104992110628,0
0.10284708083180157,-0.09892493878862318,0.10370910978738519,0
0.17856516253741087,-0.12793053572374566,0.07736858797989594,0
-0.007113541127671448,-0.12212198079381048,0.07228845430860024,0
0.19245907880390412,-0.060739361132843686,0.02689584353557824,0
-0.11275923764485007,-0.08934952213899729,-0.1568357252985897,0
0.04878396757736131,0.06741413559705536,-0.022905941034451396,0
0.058967515428451994,-0.18170162949377627,-0.005480442038084791,0
-0.17837688448594163,-0.10797463684951972,-0.2112736079293944,0
-0.11273030565164377,-0.1483201268415219,-0.21419468730040797,0
-0.10414860120266255,0.005086618633272148,0.06500733758181097,0
-0.07122283328954578,0.1580610852558616,-0.1122921209127291,0
-0.10818703436747948,0.07224687472465366,0.037929056255536164,0
-0.08019658427481202,-0.21704853628341533,0.028995237990819246,0
0.0020797741711374123,-0.14427573744912553,-0.0553215697758202,0
0.016765664654006588,0.014690780045594485,-0.013754381065215683,0
0.07352304676097086,0.09409704641894866,0.048060402554992804,0
0.04611320178354213,0.034771006145309834,3.934935147709356,1
-0.1522868584495014,0.07092054009567898,-0.2137250172745127,0
0.029774134956169047,0.01273439602116716,-0.08852367213261451,0
-0.12896726742821304,-0.05218828108788534,0.07094079856948249,0
0.07333311759298679,-0.11012096353975916,0.0606555606228003,0
0.10868837721078224,-0.014645781876470414,-0.17271324112476663,0
-0.02894546371738333,-0.001734782441045903,-0.16722606299320042,0
0.0505143940529345,0.11585693058364804,-0.043497835037330075,0
0.04782883623396734,0.12736839822203538,0.06350825510025514,0
-0.13483487271110228,0.038888958297931084,-0.10122140710681349,0
0.019170197476009607,-0.013532366720751934,0.07610949701673866,0
0.07686426037655891,-0.14815838210389687,0.04566093187501054,0
-3.9323835969387684,0.007324339661523659,0.10046134697964762,1
-0.08056773024324779,-0.15897176004732708,0.016040830209682357,0
-0.22551800375792214,-0.0339525263176795,0.03002349577728552,0
-0.055732791478562915,-0.04149032923635109,-0.0589140317604703,0
0.026049465855393496,0.04997785976186005,0.13680199061320764,0
-0.019037208377080173,-0.030157607145200112,0.16934339936227327,0
-0.003281475071064699,0.0397084133225828,-0.06555008504850378,0
-0.07699988521182415,-0.09701405751749696,-0.021646100428108092,0
0.20011288781294115,0.0039415552562377925,-0.03303544107666778,0
-0.07353033054802775,-0.08926105252261023,-0.10999417969805987,0
0.11370314363147749,-0.0042537852407820344,-0.11574258440372934,0
-0.028411559468226252,-0.06437218251292093,-0.004161918855424696,0
0.17881604060122316,0.018352777421726644,-0.05179372707521044,0
-0.06849226209491824,-0.06639232109048991,0.10460646399228986,0
0.08940827124583843,0.0030472408273089745,-0.08126465356209395,0
-0.04574733923648344,-0.08484024606175003,-0.02226884665468539,0
0.15225052292869282,-0.2253529736700155,-0.07366042322978904,0
0.0498668889189519,-0.08153237427767225,-0.11941845980314195,0
0.1577580987628271,0.09560600029775662,-0.07497602798607196,0
0.03781743852668326,-0.01143832633891067,-0.07867367866274394,0
-0.10652902447492457,0.058906540007379465,0.09554711015487972,0
-0.12194602382899583,-0.11486240716195223,0.14131549505827212,0
0.06706114407368834,-0.04231347630694068,-0.028926658556511956,0
0.014999952054265575,-0.00735964505680027,-0.13275825089535948,0
-0.03151025400222761,0.04216945848128631,0.06519505721221686,0
0.020870868008281376,0.17797160529619327,-0.1683420570512184,0
0.13423940855857489,0.046598452664655704,0.011281717220261452,0
0.014810567618158446,0.10173447584021673,0.21399595664577023,0
0.2029168219955528,-0.054948059170211866,-0.06851341849967674,0
0.08590311015013416,-0.07915094876472513,0.02576377846341495,0
-0.0035299589659012346,0.009069242544495381,0.07933077255539894,0
-0.1490938273906744,0.08910729186507718,0.062374888017231095,0
-0.06230831275332732,-0.09507970092924928,-0.06376152681417595,0
-0.0294246953480394,0.003203787084213116,0.05505660720380021,0
-0.010860566611867016,-0.07894457997384446,0.02544662999969102,0
0.088581588757601,0.07988119080710207,-0.08205799827419008,0
-0.04759455824831052,0.1378550016356853,0.02793807786086985,0
0.06588055139373288,-0.08154633865118607,-0.042980290269987204,0
0.05091930015205512,-0.1334023929045531,0.07427136950181279,0
0.12930388238746504,0.04493349382122664,-0.0937550687728746,0
-0.040493507984285,-0.1709536082939193,-0.002789176486499954,0
-0.02704644655283638,-0.17142228314453672,0.02580867153606302,0
0.03445069443904169,-0.18914230963575923,0.1847418990838404,0
-0.07473371758514692,-0.16165917690556875,0.11653154111619493,0
0.03424960268190054,0.0032505934234455212,-0.0775598745220014,0
-0.050473367183893836,0.0289782096584427,0.03156910249666519,0
-0.0018219579144077365,0.0264050223175127,0.045673807666632205,0
-0.04831245838503303,-0.05403476698324616,0.007806607191828539,0
0.23556024656446672,-0.023873471211943244,0.04581770427562632,0
0.004738433834203051,-0.06351215979436801,-0.01568131556790112,0
0.26402755016825763,0.03287752183184668,0.1881815087253137,0
-0.04120167068892668,0.20782140594120985,-0.030988275080196172,0
-0.036001355478913845,0.03456206092414433,-0.08510217907178685,0
-0.03774878321860581,0.08307273659046438,-0.17254690832744257,0
-0.04187352149635429,0.16443030654705004,0.0940771900616913,0
0.02108412939571577,-0.12608105241373788,0.07802927857909965,0
-0.00968320271738267,0.002125346180965197,-0.15991071213488994,0
0.16877378631824952,-0.10745378738975367,0.15800612352814453,0
0.09256806634268658,0.011847521683399694,0.043858767092249465,0
0.03591804695476016,0.10892000051210965,-0.0027407358841726407,0
-0.05418005970649255,-0.07675934609590213,4.042832807723165,1
-0.13117534679487616,-0.11178680274226534,0.10360759820771284,0
0.16148842450086054,-0.02017443907654691,-0.07717995610297132,0
-0.02145711530873461,-0.05047312940481692,-0.09626848065141357,0
-0.11364496130078644,-0.054880914352201986,0.11917930720848174,0
0.02736660834919436,-0.25751433758947967,0.0569551978993732,0
-0.11370509121821232,0.19642328910815027,-0.13152905772385978,0
-0.008796841048023071,0.2693821143685776,0.006773239574379947,0
0.005303406398381099,-0.014672527354572036,-0.04976424061670837,0
-0.001362566175203317,-0.13498113611718,0.053821375713990184,0
0.09248417797969986,-0.17327670920089522,0.02452319571196557,0
0.13380243948985474,-0.04986758744153117,-0.10408410672731583,0
-0.0132246478685335,0.05868265927478905,-0.08002943195339235,0
-0.08817399749865613,-0.18092250620327,-0.18854356233669514,0
-0.04368012799262794,0.03657719498762557,-0.07460372108955166,0
0.17642752587973765,-0.02531081050730863,0.019348289894398605,0
-0.2123447334655495,0.02219882312667127,0.07840317853487128,0
-0.03688820033129086,0.009914044419158935,-0.03508298975300172,0
-0.060634301390368406,0.08213214522098239,0.15071762144799555,0
-0.15953885591128253,-0.13596425839027024,0.04148919044010299,0
0.2109529164409857,0.01165523798642327,0.00863248226637022,0
0.016926071525684327,-0.05796576978604295,-0.004135785681708502,0
-0.03972145354100725,-0.07237192621770118,0.19699202378765435,0
0.06373572155730158,0.07284223326447463,0.06478710889190617,0
0.027116813883305415,0.16218524351791236,-0.18393720106078715,0
0.1361804513790381,-0.01509348977684433,-0.05494487523459374,0
0.006522585124039764,-0.014932139587972158,-0.13744635089632637,0
-0.15619342267561032,0.04149641616888281,0.1511415435036242,0
-0.14042099013874973,0.1048257259364953,-0.10106425383176441,0
-0.08987300661596959,-0.04787190562554551,0.11872654374414766,0
-0.0050675944325662735,-0.16733734788168764,-0.2248145127900276,0
-0.02864430372614163,0.04264551683513654,-0.05344025016087232,0
0.0027758411314065027,0.08073010527496789,0.037070704773992734,0
-0.012547238711301242,0.008133436157537675,0.16617105541852917,0
0.07294887342080954,-0.08022036265667487,-0.03425771576143901,0
-0.17483901738640986,-0.01208337077638687,0.12375661311864161,0
0.14580493564857253,0.11018317852040896,0.044627271701737074,0
0.03728983511491773,-0.04425704750130464,-0.0278751835149801,0
-0.1188187054502812,-0.1635526635232406,0.08374391592231255,0
0.18122229865657197,-0.08886115487920491,0.005244920798252713,0
0.07424494873908537,-0.06445017734430755,0.07619626996625604,0
-0.09474152484346976,0.013736731076319453,0.08248674448995202,0
-0.027463624780386532,-0.030045083904828893,0.00030534318343447455,0
-0.042559166897492895,0.17379800868901663,0.05525919292660299,0
0.20923181921156064,-0.1357751505093145,-0.007176541218046263,0
-0.05829275717854759,-0.11323432812166752,0.02786866774268726,0
-0.2045988479824511,0.04155525511382087,-0.09202005206032177,0
-0.09656202049154457,-0.07406498357078548,-0.248053180744242,0
-0.008382169295029973,-0.08903660470488158,0.02861159473063085,0
0.050064411637230244,-0.1833454777501803,-0.06501403161561821,0
0.08276687432660224,0.056694330355392925,0.040379911439560996,0
-0.04095810913568444,0.09528332261685094,0.11840263119025794,0
0.01569920786975504,-0.15597227466815322,-0.09932154576940971,0
0.005499987439178703,0.021121993247388914,-0.04326977809001433,0
0.06437021226452644,-0.001100607994161996,-0.048200843732513765,0
-0.12988781965345778,0.08823261775890161,-0.03111265871607098,0
0.017719791384710536,-0.06250317445092297,-0.014083951393119663,0
-0.028980150420901497,-0.017271291701743425,-0.032026473388006016,0
-0.01243304781123004,0.06390947312135395,-0.037707079224627356,0
0.021544652286232063,0.03283811548954742,-0.1815279067406289,0
-0.15861985842074122,0.0028708023016501645,-0.03084207927258178,0
-0.06817948332609042,-0.03343287302357184,-0.00818154650900381,0
-0.14420141975719267,-0.11018368594032545,0.15948838893803652,0
0.1304617973864244,-0.22706080046496493,-0.023702909484219745,0
-0.20729192549090852,-0.08994219964086647,-0.005234074137665951,0
0.0023038254094644387,0.211593387335058,-0.08593466796535326,0
0.07753622863803092,-0.01858134620530918,0.04271121060610936,0
-0.0760856710925336,0.023528715819425675,0.13550467189522328,0
-0.02614319924929663,0.0993699159085103,0.06796080030398825,0
-0.26056229115032575,0.013376740891355106,0.08397143377589239,0
0.13089771077532494,-0.06012532349925033,0.08767735056623463,0
-0.06783686544881531,0.13147394754957584,-0.12224766911504477,0
-0.07560038889465454,-0.015407971737151853,-0.1855034228924942,0
0.08445191428082453,-0.22416108828974657,-0.0873952780556619,0
0.08196499288026196,0.0700088192281531,0.08721864362924722,0
-0.16384060820758273,0.008053631995380936,-0.02726483304008616,0
-0.022871613957230922,-0.11507521180835872,0.05848025240758024,0
0.26222201291536534,-0.10965989378142116,-0.03913883456277314,0
-0.04791307987463412,0.09986658564092318,-0.007511680193522642,0
-0.04326396155474552,0.0028758336140305026,-0.009308196601801915,0
-0.08757884371146499,0.0163671405502313,0.1335690117021538,0
0.026367710673216607,-0.10545772637519824,-0.17722552448503473,0
0.0462875365702124,-0.04128129659945567,0.007136604224984907,0
-0.020101251620671154,-0.04755110000260253,0.17825282467296666,0
-0.06880836753661126,-0.07976515832217267,0.13196615904519113,0
-0.013755911606568156,-0.12051410580748162,-0.014937048245333241,0
0.13172358855262942,0.10470181511019548,0.12652819014823866,0
0.17999242742350902,-4.0695886797209315,-0.005798731027714217,1
0.012154874669476597,-0.02701614361383166,-0.08448104315154618,0
-0.05307022063578637,0.11977592945397819,-0.08384486059855001,0
-0.11999029017061165,0.0619811629266994,0.1036914113330849,0
-0.04021374124043428,-0.0012556618724716257,-0.022886217383767317,0
0.11464034224378782,0.04761344219739814,-0.0005388037388967705,0
0.0043999576018160505,-0.007552386820439995,-0.03220590611148904,0
0.03386123072408623,-0.018914104205358804,0.08843705696919427,0
0.025050451114542016,-0.03340082766170032,0.021219809955680274,0
0.06395822159414286,0.11763496418881195,-0.05474613009246457,0
-0.046266919963383585,-0.27253199530497974,-0.024763040824282725,0
0.11531782901240567,0.11950578210789271,-0.22090906320375883,0
-0.011805224236360025,-0.06972497858895185,-0.09945385926600156,0
-0.046007723596274495,0.1762371529396676,-0.056780934366335835,0
0.06721710304709615,-4.00692226782098,0.0012402760141091778,1
-0.03465470938765863,-0.12642884785169375,-0.06279037056944897,0
0.020342745550082076,0.06333372904994182,0.04431315954651931,0
0.078982271804616,0.13944394621998973,-0.13936028712836904,0
0.011457126180462364,-0.04771075094339071,0.09779585126189108,0
0.032074709272784066,0.10731318521357794,0.035686560456409104,0
0.24380542793653054,0.20234930563329395,-0.1305841371651195,0
-0.18002477726580948,0.014775647788998696,-0.05686707978676284,0
0.14717248851742668,-0.10807246530063933,-0.008624702985082208,0
0.03152391795272744,0.17789741662824,0.12750486102623199,0
-0.1170946488604477,0.06202814642949195,0.11797205442535907,0
0.11004096894614701,-0.039558297354338384,-0.13386662060950608,0
0.17924230570904387,-0.052788654296266835,-0.03487136595615489,0
0.028115637080003537,-0.1675180284727933,0.11282695267316947,0
0.01442873975643534,-0.044965519536898695,-0.14220149864501322,0
-0.09793062929899413,-0.07588700416740643,-0.049564799921835004,0
-0.03423446448709144,0.06952640674518532,-0.0436621292825655,0
0.015135351282469421,-0.013269983218098517,-0.14596916038279306,0
0.01878789518856685,-0.224967480483138,0.07236619582941942,0
-0.04429525321523557,-0.06552989838414004,-0.07386429549044475,0
0.11673672983731953,-0.005871558540738609,-0.06563456772783438,0
-0.06338967234347176,-0.05313929140190054,0.07630659475308946,0
0.09939524665017753,0.02543539884071599,-0.01205873683936638,0
0.14066371510827017,0.015906024669221707,0.24437549362108177,0
-0.03841280230053082,-0.037927605007602894,-0.1767116378410245,0
0.1773142832324703,-0.022363277500437588,-0.07720253969335401,0
0.030227497015680754,3.889380321933769,0.03209863319936373,1
0.07209538028716635,-0.03448589415602429,-0.11992626969406489,0
0.16335607919633624,-0.10499550303037647,-0.013657642415649414,0
-0.07394547992350023,0.12013883049796073,0.15358119013487811,0
-0.016711416759207114,-0.08568298397152053,0.06484822048419711,0
-0.01970903230650271,-0.11711928333755045,-0.05281755563475855,0
0.08276830875860892,-0.1348580323696755,0.13008141145544158,0
-0.053098786672956894,-0.05633917915456432,0.06882758702940645,0
-0.0206602608013053,0.0077838626747271395,0.019816302617225102,0
-0.10381552855043447,-0.14603914967003753,-0.03829846794894036,0
0.10340343966573334,0.007610683924849382,-0.06013086224058113,0
0.002044167974200854,0.09280803695765241,0.030559272726677696,0
0.028703914836693857,-0.13267023031964884,0.042118250923177954,0
-0.08974834690232973,0.04484975046776832,0.03452232354853904,0
0.05132181380577622,-0.048974017875399144,0.13974404302437105,0
0.047368218060398405,-0.008343677075994633,0.0031132030778785917,0
0.06571234393600899,0.025836335255879285,0.015204965766663218,0
-0.03742566309145623,-0.0883281891871636,-0.013809031939844977,0
-0.13325171998911733,0.12905083345710577,0.041470908394629497,0
0.11013918891183061,0.03229542464092332,-0.005828190185244296,0
-0.01384315261720652,0.11913657263560512,-0.2271467772681538,0
0.0016651815858345924,0.16717465572069165,0.04113966169562634,0
-0.0939940783271622,0.009567649866933023,0.004836508752868375,0
-0.09600043797559991,-0.09886185054506275,-0.03341851649468481,0
-0.012411473356796527,0.10154742508926935,0.09964061400196914,0
-0.05830687709026129,0.08120208592346467,-0.04948810676988977,0
0.00044442965916762764,0.06145822881105844,0.04389595701261236,0
-0.019222778443634934,-0.12362645730343465,-0.003588609192134302,0
0.03692297734450247,0.06184159287538324,-0.01840234097358038,0
-0.01214563277780282,-0.10276887132959611,0.14405264609464877,0
0.06264311521245765,-0.015060211360125737,-0.010192693973654347,0
-0.10764843670024021,0.016442073084866848,-0.1098217361991004,0
-0.014761098213612826,0.017316519291688322,-0.030728307184991772,0
-0.04348705722256246,-0.026007224571152926,0.12174061957026892,0
-0.06597188982160106,-0.10573092422181973,0.12223982401089813,0
-0.13764114828973734,-0.0889241462373996,0.03684016420951628,0
0.10618094178270109,-0.11005701353629237,0.08161993244419609,0
-0.05041537903797717,0.05909209279934396,0.117428075104782,0
0.14799322549591318,0.030870034359964927,-0.17050040618545892,0
0.20575588849580526,0.09702627876260911,-0.06203779733658448,0
0.08379933975420217,0.1115413574343886,0.03475643886233504,0
0.08890875443794745,-0.0098054480234598,-0.03104240631545793,0
0.1202803973685694,-0.005404630250721434,-0.00706229061378278,0
0.19170542511110455,-0.07783889327984746,-0.12297194733120718,0
-0.019577802411936296,0.10218471340311508,0.06250418884968033,0
0.172098845543876,-0.0319697694225993,0.13132347098565275,0
0.028120232380650013,0.18188928385233455,-0.03507451812411943,0
0.18955369485796889,-0.11815372713041211,0.09978398406930462,0
-0.0040005234378014355,0.027619829186785044,-0.051433624079913365,0
-0.06752503671997305,0.021269859951601234,0.16288349383913076,0
-0.020958501451405282,-0.045467853353034327,0.04871542617084816,0
-0.0037303664432140806,0.02829536788467249,-0.06235654853612538,0
0.07689237593054925,-0.04047522663278557,-0.013730816453740186,0
-0.1640270347026881,-0.11817798231022772,0.19741237993319438,0
0.028532756590394722,0.1143507040270489,-0.1511688929523782,0
-0.09052233245070103,-0.01013009802158809,-0.026308899076839327,0
-0.14013890355352915,-0.1481612146533496,0.014371976449680314,0
-0.18798942138990238,-0.07326499611504193,0.11886545843177561,0
-0.04325114516674414,-0.0021823195009641047,-0.1248004322787511,0
0.07351887771755689,0.0016837259226979446,-0.05138500710088553,0
-0.046303869336229195,0.12472178929772659,0.029369213547420003,0
0.01304453759178757,-0.029173524128043155,0.12450692151492315,0
0.07343774710210016,0.012593367148989934,-0.027485719675758715,0
0.028760844117594605,-0.14625296573557253,-0.021596379978208305,0
-0.07719479794725326,0.003220073635894249,-0.04078319415526803,0
-0.1326480240057457,-0.04223483832693223,-0.06625099932423423,0
-0.06647348880081794,-0.16925441629767157,0.1398692578390502,0
-0.08303834953683882,0.2021214556908153,0.05784399179775838,0
0.007114445826412005,0.007976629141260305,0.12904006977765883,0
0.04844793373388314,-0.038357408952352526,0.14894662412862356,0
0.13997827861392603,-0.06772239916357636,0.057294516437288126,0
-0.1797881413787899,-0.11237399861417025,-0.0796296803532241,0
0.051635922218808875,0.05186598806516898,-0.0057257135868217825,0
0.0008130918441464257,-0.053504174815066065,-0.03806106418001251,0
-0.07623340173053406,0.02470988595752168,-0.07547664642414978,0
-0.06785354589666379,0.04145447353176221,0.07163707979179536,0
0.060809478168870716,0.1117979339968571,-0.01461319746183826,0
-0.0056658470174843455,-0.0013236291657604282,-0.14623063020721763,0
-0.15690708310918922,0.06116008309498275,-0.07995884325920988,0
0.1517940933494046,0.055808101107058465,-0.11647834418978323,0
0.05178367146776502,0.10202799163218837,-0.024021577196341203,0
0.037112297030211204,-0.0985544557033903,0.17731911316563612,0
0.03328394167303927,-0.10649550418069886,-0.05769462010435601,0
-0.12618292321450086,0.11306550897505077,0.0916005115975191,0
-0.03964668545418026,0.13536328409117063,0.018848553088033654,0
0.03399849648131843,0.08991519240519155,0.049879747538476286,0
0.07797051466578107,0.12187103618451876,-0.21508683355639865,0
-0.18067478059003914,0.14181797014847516,0.184987052736338,0
0.02865117232615675,0.07889288966562913,-0.07622203193350369,0
0.007858277362109839,-0.08901988540697038,0.11139678341137771,0
-0.08406576795554074,-0.0454341187691398,-0.11049577600437387,0
0.18445294170052917,-0.013923271294614792,-0.013391958115660442,0
-0.18251779354874167,0.06825128900612748,0.1201080772491141,0
0.11821848811383034,-0.05204344772466442,-0.16721161658089267,0
-0.07645301667895911,0.21246612602519638,-0.04644805046946061,0
-0.19437510008655004,-0.20570154426397852,-0.11346518091736296,0
-0.01483257069404401,-0.11228075065996335,0.10577556367037795,0
-0.07004184918227871,-0.06624974300272622,0.06399542902545903,0
0.06958868725180238,0.019775504755707215,-0.023014491190064806,0
0.034842906826067215,0.12202685684312234,-0.019752923007145692,0
0.07850204654680627,-0.10644221221786687,0.07295185533747021,0
-0.050437070767796945,0.03857712009544218,-0.006947280633821981,0
-0.0014613321751138608,-0.005407720159801522,-0.023857085305147935,0
-0.010645186941390411,0.16936037172898744,-0.024323495552464405,0
0.11928026480463548,-0.0761743765948523,-0.038779652754772846,0
0.021844639049021373,-0.07608961692630967,0.044041395118609716,0
-0.08790082071089463,-0.10661765239029386,0.06963655130413014,0
0.06233478331411631,-0.09656357091389743,-0.014513954096923907,0
-0.10845141647386135,-0.07721707541928573,-0.041579222000982956,0
-0.11811218703935773,0.04047333599256878,0.09840996154136693,0
-0.029911910247791558,-0.2992291367441759,0.028022419098781445,0
-0.08453388436131812,0.04611299347665013,-0.07531517614984112,0
0.03559018844625261,-0.10055636592170814,-0.05077283543962177,0
0.07109846505776299,0.06370124334841769,-0.017559370557843526,0
-0.04889018869763925,0.10021172755029761,0.061523965391090174,0
0.05486114915372754,0.00292119575082375,0.030767238306294575,0
0.06932411448418636,-0.03455630349989442,-0.05364786292645727,0
0.11963549089913113,0.019012847665113915,-0.049361170435852496,0
0.18841167921118285,0.04252514414710986,-0.11367669292519339,0
-0.04662271639230997,0.007549537408061119,-0.030679479101350368,0
-0.20592680771444305,0.08182702065145583,0.04546600035292539,0
0.12030348614999281,-0.1772385751879336,-0.06140275462323369,0
-0.03012440951796407,-0.03504931440102418,0.03194180040256723,0
0.07674460735386342,0.1266814478282896,-0.011675657847270246,0
0.04311734851297479,0.0719655059389402,0.07572734103683243,0
-0.25628877523031707,-0.06486499398636864,0.04010717094667885,0
0.033493611222954,0.01482030200980873,-0.16302103527083622,0
0.018158931514958274,0.18698869288428133,-0.009090463149276527,0
0.022870517102311486,0.05062768359751174,-0.24003706037052025,0
-0.0755752569247008,-0.05654554793710768,-0.006939535595207949,0
0.045441103764965615,0.16783143695987046,0.05079433142144821,0
-0.19391786964802374,-0.017770743530934083,-0.146992339635312,0
-0.19604669381518164,-0.03442555266410469,-0.05378816627085936,0
-0.010512861909652236,0.05196495118831976,-0.05896551373011788,0
0.11737164620932328,-0.04059073382435563,-0.015405887462401291,0
-0.08579371653152777,-0.08852869420628344,-0.12383301591562262,0
0.14715426900827144,-0.1821935513869779,0.04717963947900628,0
-0.04043915595216564,0.168785366252252,0.010069885531996373,0
0.20899013078043593,-0.028765169599778585,-0.1165786716546413,0
-0.13684203217402358,0.08422726192426148,-0.023559833562473376,0
0.023996304526251303,-0.08437208672636326,0.020138924392108973,0
-0.05864787930520002,0.012924661863357362,0.0763565396746477,0
0.10410450613055254,-0.11663925906275424,-0.08467901076829767,0
-0.08814944837661265,0.05544241359341399,0.1046104493309139,0
-0.054433378380919675,0.08777941481411526,0.018752445797363432,0
-0.027965784696393832,-0.05991994280993895,-0.18774039701200518,0
-0.04189705365615281,0.0886879007116051,0.05340083226707503,0
0.015534181158914355,-0.1143884175953571,0.06349610879934993,0
0.08861245548334085,0.10853081866342262,-0.12090076241148731,0
0.08656574326829021,-0.045356889412821566,-0.06367168574025642,0
0.04341774005750334,-0.08780498169422216,0.020041296947455083,0
0.056392145933734074,0.0032624588179918216,0.10495558308981348,0
-0.06749003591871298,0.18308894049709523,0.01500534074914791,0
0.018246446745515715,0.11426641285363973,0.08200211928310717,0
0.02468226363444609,-0.024476315634218506,0.0435064229731818,0
0.08023015790824162,-0.031714364333868976,0.03019895156546846,0
0.06850536552708096,-0.06851665438185817,0.08742182221928596,0
0.09769240954010622,0.13856606816386371,0.042539541467898075,0
0.017874753743951526,0.061408247072606365,-0.22749788326205775,0
0.015089245857819079,0.1318925403932893,-0.05553692615678468,0
-0.11837967864315697,0.06977997264181346,-0.09290236737594998,0
-0.13939601270384383,0.037948608757683695,0.14007695072146437,0
0.03770335814147596,-0.16877925433308902,-0.10924301134379544,0
-0.007914124074905275,0.1613227564118047,0.06850333068267056,0
0.03651013085482084,0.06449253344103031,0.04338643204619688,0
-0.11391582476555158,0.1454862669449921,-0.10379522346206632,0
0.06751179001739897,-0.1003140208334654,-0.015355147681415687,0
0.12121853124655574,-0.07554555598532704,0.13771625150906608,0
0.031813522540417465,-0.09316090932955112,-0.06893511641049314,0
0.10468992837588485,0.03899549595532491,-0.20812369788981966,0
0.03541442925850213,-0.02901273444079915,0.07376365909976945,0
0.07620408877745857,-0.12772692762924595,0.0804013479496634,0
-0.0750195392390656,0.018135145764389526,0.11846699446310455,0
-0.03405769465902291,-0.02253559177707358,0.14742347497747846,0
-0.03190367829554463,-0.04743247340786308,-0.024272019752397164,0
0.05911141820343471,0.03605322288066318,-0.04520156026425701,0
-0.11202668564985158,-0.10687463262359387,-0.028686764997122485,0
0.23074236949507823,-0.09229615157583465,0.1568587229306458,0
0.024181769350932057,0.07200821127749123,0.0938806792608384,0
-0.11925542599180224,-0.08684821226834932,0.1155600177075151,0
0.10447040032453797,-0.021849647698122553,0.21872458225391128,0
-0.09715847279135742,-0.0467296397188347,0.20521592005319295,0
-0.07549449678270712,0.08577604595345817,-0.15055936790262117,0
0.06421841179080733,0.05454038238342162,-0.02046809474355202,0
0.08846291188271427,-0.19949344461868684,-0.15038556704468942,0
-0.04597985215222662,0.16959540814920687,0.03153922713385626,0
0.028683013648163204,0.18099895201178476,0.021172856421354483,0
-0.018286566942457987,0.0704414308353929,-0.03285220416299315,0
-0.09283793276744523,0.16546899913915253,-0.1710606879537305,0
0.18998022281620924,0.03819556379454082,0.09033655883284618,0
-0.19815564020914542,0.10352028655491513,-0.18167347688076502,0
0.07955745745318316,0.02032876128269205,0.10008902422133684,0
0.060609559760054235,-0.04704455528895619,-0.13132149717197225,0
0.030716281845620197,-0.07316171828847132,-0.06814966097863716,0
0.06361611248021733,-0.020225974244631947,0.08667069518869655,0
-0.08512881483896312,0.04598458278828796,-0.05830156046908596,0
0.21977294872707442,-0.08803545057168011,-0.02448519893523245,0
-0.19227622550530862,-0.041621922770113326,0.003123618175137922,0
-0.07848800497814232,0.20936075737036308,-0.03767544267572366,0
0.15361088025792174,-0.04306141753017721,-0.09584809017440024,0
-0.06097305709869884,0.151754037808436,-0.007724641144578036,0
0.09710120500705638,-0.05121234957566676,-0.05729032277184845,0
0.008601095601324504,0.050578400810675855,-0.0939297710891173,0
-0.07594653080396352,-0.04167259239350789,0.012404872122023188,0
0.04175583189038564,0.0015450037497945195,-0.05013091058007721,0
-0.09648994130044779,0.032061065349479376,-0.07055563890195694,0
0.07724160728345125,0.18275981528535679,-0.017407581719532553,0
0.18870343819259242,-0.028620142110510973,-0.04891734022968689,0
0.027162987340207796,0.04065768060419869,0.013024494225319636,0
-0.005022871827350908,0.041236469793254064,0.06811616325648626,0
-0.008501815308290526,0.1522856450298797,0.03948571744987403,0
-0.09780515871347262,0.12324208141631031,-0.16042189895967268,0
0.041689771474014606,0.047775505467306786,0.24687873717557351,0
-0.08562086543739283,-0.03754935717396112,0.07597171808066645,0
-0.003853401744922446,4.711514651083462e-05,-0.022370195525572234,0
-0.03219395055193144,0.010293590299746934,0.030516999808086545,0
-0.042124924518310014,0.10360144871796889,0.010806778502895548,0
0.007291894773564171,0.04688400501160178,-0.10828284449942781,0
0.04880335455870336,-0.11124418497859295,-0.0075867515653628955,0
-0.007154598559146207,0.08255481420704215,-0.08373596607576476,0
-0.056900942654526956,0.14291816914836614,0.03160377052014556,0
-0.0979876321089218,-0.06137139482156311,-0.07367607105066341,0
-0.028914420254545284,-0.09680817068366869,0.005003600942000298,0
-0.0576265513311903,-0.06606967307728633,0.027374312524373997,0
-0.05809726906537591,-0.05681465185201834,0.11390807991613183,0
-0.048109327388515456,-0.2018043350897658,-0.012077980546907677,0
0.11165697481262811,0.0664931911655318,-0.08819731425265441,0
-0.15574376804020665,-0.011857174222784247,0.013439127679809907,0
0.18315542246616082,-0.021116199741386076,0.059097873359591595,0
0.1349469782759669,0.061775420120952856,0.17124554179916884,0
-0.04718901404738171,-0.17024288057569914,0.12133987917932328,0
-0.11909778338658888,-0.02620152405265796,0.018333287918111896,0
-0.008894724805836569,0.10397373583654879,0.01963919397276785,0
0.06375757808617948,0.021494623800718204,4.002931531182851,1
0.04228231068457418,-0.028452269546837602,-0.028526449737346422,0
-0.13201506563089957,-0.041401328602543655,0.09556581752931703,0
0.09150231209821959,-0.008307882613226928,0.02411034828529468,0
-0.0015797416609794547,0.0036375014128994724,0.04467487456043695,0
0.01956769807756505,0.05016283785401093,0.10137841931998148,0
-0.13254647186088145,0.021654808823437476,-0.03025621966590887,0
-0.08680136414315573,0.19256067401199237,-0.11189248395590484,0
0.016818771883256978,0.08409468936624252,-0.00981689076759969,0
-0.10423938504738278,-0.055189599414667584,-0.1949160645832814,0
-0.05385518003622998,-0.12063653066703801,-0.05263036699189427,0
0.06649218127943793,0.06342346054285061,-0.11797853856889587,0
0.129933508292985,0.035779966065098825,0.09939328259097861,0
0.06826525909220169,-0.17647072979125858,0.14320675164550783,0
-0.03569701114158698,-0.01877385514442219,-0.18919507800039947,0
-0.12585584844428044,-0.03314169469413621,-0.026327301254709348,0
-0.11087220577849487,-0.0797612303611105,-0.04583064793290433,0
-0.04223853072014194,0.13966443362199152,0.19936575224523578,0
-0.06579068036478268,-0.018419171002828832,0.004352935621782256,0
0.022115114467637496,-0.0020636711233465678,0.07128836105523345,0
-0.0977751413783734,0.11527275883189972,-0.07192052902355368,0
-0.003887795372461496,0.17735647790232484,-0.14879366643254302,0
0.13552715651923636,4.01852997190032,-0.022404950809784566,1
-0.04503480812242761,3.9022756952940205,0.26870399025251673,1
0.03219326994971058,0.07707247507272197,-0.15949342431306485,0
-0.17633367731547142,-0.1731019139078517,4.072548719338536,1
0.2312336220678557,-0.012443756686568568,0.07679903384460429,0
-0.15484693309025466,-0.17887200339885975,0.12658230333686044,0
0.02198277626746685,-0.02157771068363058,0.12809752138889852,0
0.01248711975695871,-0.0911739010044945,0.09190570645218508,0
0.00043263069223253587,0.1637712269695757,0.014828734400833236,0
-0.0609163407244676,-0.2820618970335177,-0.0933307726387075,0
0.06278958827621361,0.015954846248234653,0.051472786401997477,0
-0.1479808103053369,0.009054416197325702,0.0924751124654617,0
0.003149061117286817,0.00010567017916215687,0.010124290402441902,0
0.0974449839375954,-0.0129948826385533,0.14140779075305474,0
0.011695511978043398,-0.17086895880087472,-0.022793101231881777,0
0.1230977375958719,-0.03312201311717167,-0.14471659594536618,0
-0.07179456590198599,0.031060069696640127,0.12194569329569127,0
0.11279224045959522,-0.07627603743723865,0.12226454945356535,0
-0.10000245353299526,0.11902157905719829,-0.003676652690666081,0
-0.08347706660150123,-0.0018540213528045102,0.06367234884152094,0
0.015060924708213947,0.07386391741978335,-0.04077834570807668,0
0.10936660947912463,-0.10783517638378942,-0.046425885023957,0
0.11290969788316357,-0.03881894687789647,-0.05251364466822979,0
-0.049085401648681,0.12115138135878108,-0.05953973961672363,0
0.20831354734472482,0.09703686680511081,-0.07766142248059318,0
-0.02511657422152036,0.04414075131245894,0.15203305541034703,0
0.11632735793564222,-0.10552369822542239,-0.1488568803864252,0
0.08634940786752243,0.15951437357754988,0.019733768545796483,0
0.12171412505291819,0.1629676887494706,-0.08790033142422572,0
0.07907817189852179,0.09487717374552192,-0.025339117334768575,0
-0.07612708400066737,-0.1484400889755446,-0.09213273921018501,0
0.038567510780627576,0.19161555528541446,-0.03381876590810064,0
0.04221909681886782,0.1943157242681031,0.1691080821894534,0
0.09217675290514227,-0.1968862999383224,0.2052564467815048,0
0.20807013742802516,-0.033780925531224554,-0.07208835528796487,0
0.05877460483866235,0.10562223001509836,0.11652451613068437,0
0.119972195883989,0.044862482137306835,-0.010167086898652507,0
0.03801152947666148,-0.19511336055462158,0.010328019954737276,0
0.15426089625245998,0.03489527156320376,-0.008522936858603286,0
3.8515529784811027,-0.2558685881447199,0.012804153829846385,1
0.1381605378122044,0.027056111488461293,-0.02621707572188872,0
0.07843528368893785,-0.008391979098729971,0.2771758188122831,0
-0.041220245840691234,-0.07140125140584423,-0.021591822919647122,0
-0.09194484452538779,0.14119701691547978,-0.17771967819633644,0
0.05922911113456944,0.18423779298909673,0.18200314428205436,0
-3.95708310307381,-0.17275612915481048,0.11999010218996845,1
-0.16598748042112565,0.10347980889739604,-0.08506086390124748,0
0.0016829307056020404,0.0578788985179224,0.08763196479674873,0
-0.010440623221553534,-0.0865791890965535,-0.059745973423601086,0
0.0487345476643892,-0.02093838549660891,-0.053042842479705726,0
0.02313856108393869,0.04631763554711173,0.03801149324888002,0
-0.07957144052804781,0.049373983518238046,-0.0022141874549779974,0
-0.08020811300887298,-0.16421035318117572,-0.009538749382906863,0
-0.061799491686690314,0.06329115890394099,-0.0654945049298174,0
0.055689269022820356,0.14951626951700808,0.13918982912904773,0
0.10145038440608012,0.1565441212795626,-0.11402611869297341,0
-0.008734787753912966,-0.1022274783468896,0.058685906370155354,0
0.12317451554052894,-0.06611062065640465,-0.029864668194910068,0
0.25703030399765586,-0.04846165901376858,-0.03504619865443582,0
-0.10288110715141917,-0.006370943879392831,0.1084833469146834,0
0.14833122875478025,0.07062704301983935,0.0042471049252389695,0
0.19735408117739084,-0.032699027564401704,0.18689955018029625,0
0.07981838905445797,0.05653444647733458,-0.05894983614977926,0
0.03821583264055137,0.024571841241839427,0.11049518906403649,0
-0.05297083046834133,-0.08438664238859779,0.01822745856703968,0
0.04276074265337759,-0.04391665478153808,0.020960726949798503,0
-0.0633622370286902,0.10056569984891278,-0.0012098785735590524,0
0.0741087543240814,-0.12427814968227038,-0.10195999743113725,0
-4.0423426372457,-0.05508836447118547,-0.09391749554253197,1
0.02628999564069631,-0.05573368939764407,0.054378915273564477,0
-0.10159750266682617,0.1305173867434623,0.0062345101424463225,0
-0.052489149916621236,-0.04801102385768226,-0.06539146284004506,0
-0.006840343277378956,0.010420048221443908,0.06858197334013448,0
-0.15181409370179244,-0.01663282707480772,0.01331375995914507,0
0.046400546427724516,0.0636350993186369,-0.0765409589578186,0
-0.07346333482573295,0.07558313851191929,-0.22121309451274557,0
-0.0019341204808061422,0.03079861191444025,-0.01520275728869023,0
0.003514540870351568,0.08638388257420265,0.06655024168959767,0
0.0016616761007582387,-0.07254111636451231,-0.02779534115267604,0
0.09372768669068943,0.04131451113942897,-0.018783229884870696,0
0.14799773569640937,0.14567813112074907,0.024684558104106066,0
-0.05865885492018507,-0.010474510056336865,-0.1972547590625983,0
0.15075919043727593,0.006705169365725328,-0.056596975221332314,0
-0.07777934997208262,-0.0692626726471146,0.0007248156371413304,0
-0.1765236850138,-0.2071130003411492,0.07625706534206758,0
0.054295489229823246,0.06998635101907406,-0.04033219955362391,0
-0.16995998420820266,-0.020564891743888748,0.10880639617135515,0
-0.07748402359367083,0.01641284333416612,-0.13241835620915296,0
0.002872820228887702,0.034439987562255234,-0.031409622547793274,0
0.06685915791594406,0.09328156248338383,0.13211630222434956,0
0.05420756886629261,0.08490561182701513,0.005972380063283399,0
0.1630827316694691,0.00043288194003836397,0.04047512857822761,0
-0.03710891012356616,-0.030707058460060388,-0.13905387667487948,0
-0.08273200275386243,0.03400594885466136,0.1523862675170617,0
0.07727429059775967,0.0034722469680813954,0.09844807512957848,0
-0.1940610652871318,-0.00995870267625429,0.29153754980088337,0
0.0073895926818857306,-0.026978708082502436,0.057305246769478874,0
0.1801758196521431,-0.21339101087922308,-0.12136010634146639,0
-0.08969152544600159,0.0313587638212118,-0.11153761169444076,0
0.03867309300276452,0.061046791890818825,0.027335429639332273,0
-0.05101638388807836,0.04108279410653638,0.009339634744870028,0
0.1660794149449569,0.14058942132305632,0.16375757324290144,0
0.0018048142001819173,-0.00012825408540562532,-0.038937478619119864,0
0.05579057988068647,-0.05876440310639095,-0.1416901180769615,0
-0.12087623926499423,-0.08975607555440285,-0.016793203399636508,0
-0.015339793293584952,0.13486625768018876,-0.040681137857915474,0
-0.028197903824035267,0.11036305096072992,0.0975176721395086,0
-0.03553331102878894,-0.1432221003514465,-0.03132817300860628,0
0.09093182793159016,-0.012784961164755103,0.016372948786209866,0
-0.0063693570714918575,-0.04861724433443939,-0.06341916784180664,0
0.08097938895258261,0.04281274983342431,-0.1422752300621589,0
-0.0497904404418924,0.06990426213459836,0.17336195305235824,0
0.1786330148687767,-0.0917553924612592,-0.07866518152187983,0
-0.001800169202591364,0.17397216920530797,0.11682211488657601,0
-0.01293586649360454,-0.08818113829177611,0.07402562314608291,0
0.07945888626382634,0.07773299978449302,-0.054516532333639636,0
-0.03041476435495051,0.00913804689006179,-0.008119576237881765,0
0.000773418509963164,-0.11139111347138318,-0.08369409844897394,0
0.004100261644005484,0.05346169934333242,-0.06153015846857242,0
-0.06185371445546617,-0.0027979448581744236,-0.08530739912554919,0
0.24164520354976426,0.10125836121565693,0.020442073160877792,0
-0.07972777406084741,0.06898008713361638,-0.01299034423374044,0
-0.10192636724301743,0.027454051434707617,0.011118497527133703,0
-0.04969022909241127,-0.08333378271097569,0.15893295690289183,0
-0.06851559604465084,-0.06506114733796056,-0.03376897671360765,0
0.08896952254729212,0.05265345147877826,-0.3689610618368995,0
-0.04534362473123281,-0.023856915475262485,-0.034010678789974234,0
0.018483825317321546,-0.018884946602950883,0.022533326573532197,0
-0.017772500811692297,-0.2586581298631358,-0.0009577229660177168,0
0.04051612281217473,0.27488059905849965,0.1294645808727579,0
-0.10609339629980936,-0.08279016796343208,0.007052723037133156,0
0.24490809194068208,-0.04247826659882064,-0.04829929450816176,0
-0.050454381596112846,-0.14672463560739019,-0.06363242164996093,0
0.10740201480773702,-0.03661092595574407,-0.13968075917171638,0
-0.016546891336891398,0.10015266229346016,-0.007885350225498182,0
0.013198285880095632,0.08880859810664692,-0.04355477223822581,0
-0.20165474549457008,0.16848726972980485,0.06115049012678825,0
-0.1473092372010277,-0.1015578511114485,-0.03627106577965041,0
-0.06777460088907586,0.06002909800655215,0.17730664303502763,0
0.04059943650958102,-0.051707363421269,0.1338684601719975,0
0.11704670079455842,0.003355053186306144,-0.03812369472249256,0
-0.015405838948609488,-0.10418164065372204,0.03403842618884234,0
0.04173802799170709,0.019885235550590075,-0.04439613702325704,0
0.08801925388934072,0.0964498775773251,0.043521930785678786,0
-0.11649760408899644,-0.09207313408745421,-0.1062037224038076,0
-0.08349820568003243,0.01188469540849345,-0.1455919694019162,0
-0.18036472403681328,0.11114829085346092,-0.08719238256536534,0
0.06711025398701008,0.04483057624702242,0.008903219449484396,0
-0.08850153364980895,0.03728527606521672,0.0913385692606442,0
0.015253087738365492,0.051951669562135254,0.0945073299126552,0
-0.032121382696200414,0.15381146493410605,-0.04060657023236464,0
-0.12371980647144275,-0.020028812218792432,-0.04830710743627512,0
-0.24011540011411708,-0.12004348156110423,-0.1246647454884587,0
-0.10114472799144213,-0.0947531576615885,-0.07014535346818492,0
0.07920307113611179,0.11005852463222504,-0.08375291898217829,0
0.09161505677493864,-0.04598621268421382,-0.01546557650030222,0
-0.08473581981498113,0.15463807576954858,0.12616969479745424,0
0.00586256865225297,-0.14988039412845897,-0.1226637286566119,0
-0.043476713479272316,0.0703332274673804,0.041580566696587565,0
-0.043966086036359514,0.15658364280471426,0.0603657720210153,0
-0.05762305519649119,-0.15188346530448238,-0.05883008675837375,0
0.05781051345481613,0.07512603823919833,-0.05514272914781976,0
0.07916973168126225,0.02979690252438473,0.04638680235203662,0
-0.021381599299285552,-0.035481505142824214,0.06004644576732065,0
-0.0016950231291647775,-0.11105958738513827,-0.06547406883768263,0
-0.015492093794942728,0.061330314224816156,-0.08015042226718955,0
0.001473456666775192,0.028502708834848796,-0.34906430598610305,0
0.007447326135872035,-0.08319845640851992,-0.03527781955744608,0
-0.09126780031711469,-0.0390357311208675,0.027856733500148126,0
0.00260367249544095,-0.19063192260145936,-0.12853400014384764,0
0.17471884590166165,0.17554801692474242,0.06393718287827538,0
0.016491981466831403,-0.12306414009482469,0.06774846116532145,0
0.012087442090371395,0.10042437368364508,-0.034266262936413494,0
-0.10422574142457744,-0.00689233329263622,-0.011759395005610573,0
0.04971773093102809,-0.04872606261011264,-0.01687307894465939,0
0.08196403760581505,0.025543957502481892,-0.012768297702008328,0
-0.09177399880249063,0.007385142679030882,0.04227707901791168,0
0.027121821259274856,0.022596358052517994,-0.007844104159736376,0
-0.16294855545174325,0.0861451843762368,0.004857742806310824,0
-0.08299670840038993,-0.018384411073548,-0.018232266994025484,0
-0.09492354700603389,0.053905563091587595,0.00021375304939103563,0
-0.015173174854259017,-0.20652892011774227,0.014431532464487189,0
-0.0050183885869270785,0.18847941342107052,0.15238065154180905,0
0.06122276725211931,-0.010254461205773484,-0.012283912071822254,0
-0.11868930923932663,0.11013164182166098,0.18710067366579128,0
0.11229501419457971,-0.034943945592817265,-0.02355032290002666,0
0.0926793617486103,0.2656377177636983,0.05599077168045677,0
0.16939617120221595,0.07333369429054883,-0.12281700018359337,0
0.01590923528008743,-0.02766915080525594,0.1392388483191684,0
-0.023336395758022474,-0.007734264956004479,0.05846685030624596,0
-0.18703886292371874,0.036226702882369885,0.13125397168559966,0
0.11336121857243767,-0.013430116226935938,0.04005455020077723,0
0.09341109011439472,-0.010078368037354714,-0.21060161136363553,0
0.22573531588122384,0.07759903850959539,-0.045058348947027954,0
-0.14605950299352957,0.09867892917206396,-0.1588934590779376,0
0.09005330558963627,0.015204304553391399,-0.0477432236019392,0
4.032096684949366,-3.9154814293041675,0.11169698258530272,1
0.011243529952550232,0.11245758237351178,-0.17296550309744105,0
0.07800343775183777,-0.0962204629919167,0.02396472211880969,0
-0.008678269160849749,-0.009715132589832854,-0.0556327562493459,0
0.18219013148110436,0.1249395055380793,0.006325587988240001,0
0.09815673519006514,0.06205897538218522,-0.05591449861999223,0
-0.09771300183602583,-0.09300892517245594,0.07604512061735663,0
-0.06412202706622418,0.22744620353318223,-0.06514160407842637,0
0.030899085402575546,0.15700670782748194,-0.07038162514016541,0
0.04987591519542817,0.05787315384063882,-0.1272981485037969,0
0.020270920189170323,0.03342198951879642,-0.0045654637524799495,0
0.03257157712066835,0.021278485395942404,-0.06428548498170161,0
0.0008884947432021254,-0.03752703946107679,-0.04447085505688778,0
0.02416672754394531,0.30141971813476903,-0.005084695053654092,0
-0.03847358270501283,0.15313203873252676,-0.1567580223581918,0
-0.06474139236659818,0.0992133909841249,0.17188258118987199,0
-0.0636295081841063,-0.1005197231075756,0.015827366291146963,0
0.02695806424605192,4.055740381501646,0.17222862983963508,1
0.06429682777937114,-0.14236655783291421,-0.08365588257169358,0
-0.10411986612390119,0.03834727771987356,-0.00046946690525698307,0
-0.07533489514161212,-0.16939771758759956,-3.8958334904298257,1
0.0069131046797302614,0.17370970376115136,-0.06151145364372303,0
-0.15116680029909718,0.05222710296306048,-0.07689026679876466,0
0.012512303370751515,-0.13345126887617023,0.13144991018193222,0
0.03835528103630301,0.060536715754519216,-0.008060048369079273,0
0.12408089458869574,0.18533052003892805,0.08842716266328318,0
0.055546696839360456,-0.12135542578647168,-0.13538714839770116,0
-0.21870564652514785,-0.08573037850888215,0.04057287377224761,0
-0.03289678216914912,0.009129394254410202,-0.03504474417335481,0
0.0697298095019538,-0.18191605496991634,0.13728700709262187,0
-0.10494427584354926,-0.31187505543686284,0.10725866644468317,0
0.09153262729862253,0.09581658320032926,-0.0715104149288934,0
-0.0015647022873864391,0.11401160239104452,0.01871363058026191,0
0.015987593625669497,0.06818146973766549,-0.16901032413189582,0
0.0014887987047320645,0.0634401907731238,0.057307035337647805,0
-0.05935220595427222,-0.10547024310585305,0.14381259430460716,0
-0.05109176111668495,0.04586928113818899,0.10103279639145564,0
0.06121334327740438,0.14145300154929571,-0.029538940313148878,0
0.002097345413476403,-0.13760002667876625,0.25258540117513967,0
0.02823503533217127,0.03656253364925249,0.01823930501331074,0
-0.09976021293653452,0.11186290274470803,-0.22549516112893087,0
0.05437839413538314,-0.21787209886994274,0.08375593203427631,0
0.2447665562218008,0.05015948630232862,-0.03853442456900806,0
-0.020646772952761468,-0.07911106632218338,0.1908338805007046,0
0.12451814191406306,0.04958421197714088,0.00021542438547827157,0
0.1463637782905829,-0.024130332127860185,0.1476032372926767,0
-0.08949780608071131,0.16413419960106312,0.07543803708488875,0
0.021369250021652256,-0.00223507465034904,0.04061104049751538,0
0.043986320643409856,0.121021153313215,0.012900499292570443,0
0.013476808385035047,0.01914439978222007,-0.003908152279365751,0
-0.004360908415147851,0.023087369391338243,0.17932655354870722,0
0.07392523543562571,0.03538207264893892,-0.09000216172252186,0
-0.11490584240021691,-0.005625673186456275,-0.21335789135729213,0
-0.03910725121882384,0.036107163025887776,-0.08982804984468419,0
0.14877725514520465,-0.07670542684600945,0.02115637256655499,0
0.018797227619248874,-0.002445505359752141,-0.03816171448704102,0
-0.03304185637884142,0.052204704452591316,0.41241730905950685,0
0.1979998374733839,0.07842532213385067,-0.03665152092700311,0
0.08650263901776158,-0.11832546842115883,-0.09904783988085605,0
-0.04435097498567747,0.16167333749863944,0.05342822221258671,0
-0.19505478834058643,0.00781155599525692,-0.17805537248216308,0
0.044341528408599035,0.04594915790969705,-0.10493246074460588,0
0.013006295199422611,-0.027025684757407055,0.00013091388814942862,0
0.017116110166663447,-0.00639386916369061,0.09929176770892345,0
0.09262578746263712,0.05443540110121652,-0.08581651709873073,0
0.12012795555587251,0.0024252354591242932,0.09268057300559704,0
0.07695144812534721,0.10696882464895885,-0.0221136880653202,0
0.01130371116706049,0.06603422195794312,-0.059459062753996844,0
0.14691077732012583,0.05064616371668428,-0.06589499616022039,0
-0.011879388587247805,0.0780251914898155,0.05115022167606519,0
-0.06174429843961496,-0.12508618078712566,0.05435649135685619,0
0.05805510058170015,0.012366568811638695,0.1307810852945652,0
-0.052646527670710666,-0.09471901972223884,0.22542493138334777,0
-0.0038413875711521025,-0.14442059453071873,0.13245053927028796,0
-0.022063954333610195,-0.14054633956393944,-0.03865155631355801,0
0.008327177161271876,-0.03235125488900733,-0.15749575102856472,0
-0.015303564390245489,0.17850194990364454,-0.09667085414536307,0
-0.13783501333552253,0.020583789203395226,0.022898854710878963,0
-0.004250385367780223,0.09144275418512288,-0.07704514128642208,0
-0.19606432677428573,0.07679352515579776,0.06214518775479852,0
-0.05023029599591078,-0.01650732645167006,-0.057975736362932295,0
0.1136523564583275,0.0824452276659031,-0.0027112245299076828,0
-0.16519951811532063,0.12858490326586774,-0.1300152610593541,0
-0.029396935944681565,-0.060079044714014734,0.10904415132507926,0
-0.11666887035835603,-0.01321763297218345,0.08815050110130654,0
-0.01106330500373319,-0.04440479403504121,-0.09661280189000408,0
0.14282741964300036,0.05579121459900121,0.031921173726115255,0
0.006576723430682434,-0.007508284299606329,-0.056426787768266096,0
-0.06202220413736051,-0.13229569461090326,-0.11325833583542924,0
0.1521031570480808,0.032549145861806454,0.0645711751506191,0
0.09052014388540573,0.0963021244585735,0.04305729109827153,0
-0.07044183228004315,-0.05480131348468817,-0.06898607561858643,0
-0.16549445443137922,-0.04166172894645495,-0.019539597084734506,0
-0.05301628541822967,0.01933822238918624,0.09075422853024127,0
-0.08763793152889907,-0.06049994259296011,0.02441098219269167,0
0.13745809132763773,-0.14054338321428958,-0.21296007928119007,0
0.020350109516693082,-0.11444365372806134,0.07679863839991069,0
-0.010032402653013424,0.1072222117290465,0.00561851874606147,0
0.056316792054670474,-0.04241790525963332,0.08815380859979581,0
0.08115270194962167,0.10444657631070589,-0.02777330911532403,0
0.1253325145951156,-0.011845194795210894,0.17296506774924858,0
0.008951803587592478,0.07603740880301785,-0.16866844771675138,0
0.08090516037758062,-0.10751674360574662,-0.0014230950476578363,0
-0.1786204889073878,0.05103443760256718,0.011117115968727161,0
-0.1549802349618435,0.0690031348137001,0.09135415492737081,0
-0.08271810341485204,-0.10034241641604938,-0.06125960926104495,0
0.033702986523705195,-0.09985247384923465,0.036447226539649345,0
-0.0944745168095174,0.20507169911292855,0.17235121006418896,0
-0.12908794797741419,0.01590203869784613,0.11498284185478386,0
0.02722697586203128,0.06036203711341064,-0.070349082092889,0
-0.0168253228016563,-0.11278104368088099,0.08974408833182476,0
-0.1280507068987011,-0.0026742914440010526,0.04677969045873398,0
0.06827294031544767,-0.046890275593633235,0.03434834483612605,0
0.02133604413501525,-0.0626649396823866,-0.1953030237597053,0
-0.06192699956525545,0.08315561487414125,0.015857240896471538,0
-0.03858703483076077,0.18304004204941077,-0.12962358513041902,0
0.024694812871257646,-0.20125201457968062,-0.13948416322232676,0
-0.04232061226136596,-0.07510274212487915,0.05382466388408141,0
-0.021914581685426777,-0.04135699255183472,-0.15470018128502971,0
0.04564875731395429,0.10194158665972236,-0.14777234776962975,0
0.05044476900390091,0.12339957925251131,0.048857987149804744,0
0.0997630283605846,-0.11374530858096717,0.0006749026001787667,0
-0.04951570555425808,0.006885460252693361,-0.1040521447897564,0
-0.06727682924938587,0.06731617677967441,-0.01606406091614999,0
0.12251583742520983,0.021545052504511716,-0.1052152614276489,0
0.13096099237852807,-0.06485684237917097,-0.1940339504482388,0
0.20023948655758825,-0.08098688785239731,0.019215807709422744,0
-0.15946289697753982,0.14582450824528279,-0.10313952153455025,0
0.047654564491529924,0.014732165742037912,-0.08552162449368908,0
0.13488866781208397,-0.14107231647514853,-0.07224651620312056,0
-0.07988485513110956,-0.011856643505681502,0.07872116465392405,0
0.14283199061873264,0.0602962737395461,0.04238034423789189,0
0.02367500831845049,-0.11121946373708809,0.01650365949252248,0
0.012634036532571025,0.17246367839935595,-0.054124710622142226,0
-0.01126137878739021,-0.19481930811356996,-0.06365518212605151,0
-0.09037678933265003,0.09184580794566495,-0.018162894058319716,0
0.24506943959740157,0.05232863620846687,-0.02017361068918688,0
-0.044228659294399376,0.00976779273435792,-0.03172931692199228,0
-0.08658033135026412,-4.169887195131383,0.11549206089463054,1
-0.1333441967758859,0.005423257672157799,-0.10345513484560408,0
-0.14154015244333118,0.14014099231265348,0.07631018343158685,0
-0.09691667232029431,0.018663485752547965,-0.13422972155612764,0
-0.05465403386147652,-0.07145866559081969,4.082837620176496,1
-0.0013066830934758097,-0.10223850319550257,-0.08088294162922131,0
0.011460438410877356,0.14457081896489735,0.16601016694697524,0
0.23109940985558894,-0.016523861377980117,-0.09782915813386622,0
-0.04855753968101761,0.0038204505655094626,0.010206874972472808,0
0.06801104203685279,-0.11307910893654763,-0.05887697937497299,0
-0.07137514110618108,-0.06769314521488817,0.03623860966384293,0
-0.007387083082880556,-0.1697963572358207,-0.1530594963449402,0
-0.07815807987096626,-0.05619940296589129,-0.1350769974999013,0
0.062429840666218844,0.028439519827083728,0.03835861188553686,0
0.03088823301927772,-0.21975197886792466,-0.08993698665240654,0
-0.07853316338039797,-0.1601052292797866,-0.13942277265846192,0
-0.03924886350455872,0.2313159219579397,-0.07399917228572743,0
0.06682991014141906,0.14310487860481055,3.94153937601173,1
-0.00698443552379565,0.052901861246751995,-0.03437319921650999,0
-0.02458083378592537,-0.048886378970656535,0.23001671084028713,0
-0.1413500008589252,0.06738498693424497,0.09056532461577924,0
-0.04642053101837437,-0.11208069950472817,-0.34306580480179827,0
0.11352628326254732,-0.13911426229639198,-0.17100303178914733,0
0.03800121424303797,0.10350723085739938,0.004942559090188462,0
-0.051240881619954354,-0.09967124428055729,0.0038080517062036214,0
-0.061149620509014506,0.13248748774915658,0.06590585414905073,0
-0.00459631467894338,-0.04636980701131646,0.03436387331240838,0
0.022461131874780244,-0.11759004418236096,0.2731490637154525,0
-0.06763304645195987,-0.1328067131585907,-0.07613455503575592,0
-0.06608118586884792,0.025131978042462477,0.05298602007981382,0
0.040031978885633944,0.058389827556499366,-0.04037961098247812,0
-0.04207327863032087,0.0013635699615105097,0.06590237026265476,0
0.08985533450865771,-0.16697363992749167,-0.01540869283013934,0
0.07500429373286668,-0.1047043185205378,-0.061620493946018456,0
0.15801450492493244,0.06790450301917077,-0.1593688863901944,0
-0.005709954748757901,-0.04514515709104627,-0.06511500127279933,0
-0.04989416186116958,0.18958990076941057,-0.07231123382816396,0
-0.13328180642891627,0.14916934970017143,0.16579033679623403,0
-0.13569918529951766,-0.0249359919898051,0.031841965635674326,0
0.051282770792012836,-0.004952752567239169,0.07260779322741469,0
-0.05664709793822423,0.0469361512906091,-0.0863197777976708,0
0.03512710257449437,0.053360653387937856,0.13216220930221365,0
0.07662053834629552,0.14766073518294784,0.057920932292307784,0
0.05928165325360853,0.11829895910510416,-0.03952014127875727,0
0.05146439599011774,-0.10010637423410013,0.13506864823199002,0
-0.09667002072665093,0.021430198212942526,0.1632183073170027,0
0.06461442555901785,0.034102533817157055,-0.03471334803332623,0
0.04433077453489545,-0.04407907256564792,0.19281777875332098,0
-0.09207679512161544,-0.05710842103652391,0.1065544985713411,0
0.03620418153245577,0.1030330414311777,0.09248803109230663,0
-0.030825284145002574,-0.07075501889198833,-0.07264223268076109,0
0.05473490771025992,-0.025899984512240615,0.1176149077767408,0
-0.0655005314810574,0.12599590692464477,-0.08429292158836965,0
0.08304271143852926,0.036314742594656654,0.08745609546188746,0
-0.08113998829124018,-0.0003132429603171615,-0.009307017672903142,0
0.00264988350242093,0.022654329699725324,-0.014398181063099827,0
0.016628870732002043,-0.0746762398140253,0.1315931375028243,0
-0.040303105647741984,0.13381806882398614,-0.008713826099686487,0
-0.14924297068396605,-0.07562796714338557,-0.11022119353943623,0
0.005962707253089741,0.016935979550277494,-0.010844915455150306,0
-0.13096426651544504,-0.04075672889824141,0.14581978700224094,0
3.966934388784204,0.09226915390385117,-0.07940233859330552,1
-0.07773751481941982,-0.027542902596258523,-0.05603035282654715,0
0.036313030963288875,0.15867435758401752,-0.08698134440853732,0
0.04415980142870752,0.07286756721167759,-0.21705191272229266,0
-0.06996451436079074,-0.07704645124652539,-0.005989469702573736,0
-0.015244510980570803,-0.09710820790289253,-0.04547970237822666,0
0.007185191858090297,-0.0320209281420458,0.0015344280472395896,0
0.17497097871612474,-0.049360030955391015,0.10528612796547353,0
0.00385454136987279,-0.10672294245591085,-0.04725599402574142,0
-0.049573225864208044,0.09774830661286492,0.11673980008302468,0
0.12270812752909924,-0.048323321010890256,0.05901649047352996,0
-0.05268524161489577,0.2998688909639881,0.06812529738845623,0
-0.20244787148930543,0.0196909185894341,-0.03408468130282848,0
0.05615933892202699,0.05645997022027341,0.026709324776064032,0
-0.052462878583021524,-0.035218256566684786,0.025076938850039546,0
-0.024347629519810447,0.007308717574183413,-0.10076631886688828,0
-0.018824872892449815,-0.16952727036882267,0.031451974876101844,0
0.08528010205765388,-4.164073392108681,-0.10993386017338343,1
0.0018642225482438293,0.06185706831317114,-0.018657889958502993,0
-0.02913973969723991,0.025578895962249656,-0.054248171151829054,0
0.15491360026350662,-0.0756107093016722,0.17579291174255077,0
-0.10816732882658575,-0.11786326243906871,0.16449880758643154,0
-0.1660077940858061,0.06992273794325247,-0.012163676309090684,0
0.012435317370509225,0.0703203471462276,-0.017426545707026442,0
0.0755115306577467,0.09003945031720192,-0.12929761919252292,0
-0.31367971733139627,-0.1837913111347107,0.11109315228028556,0
0.08352564093379242,-0.027525498364336168,-0.06987735046833236,0
0.04245091104061164,-0.16374781879692202,0.005594563796275998,0
-0.06690066453488847,0.016032823106783948,0.045684723527519996,0
-0.03385615928696515,0.006543226507263048,-0.13530370269894115,0
-0.14662198366837356,-0.0418277574334035,0.09360935202958796,0
0.04945938153934301,-0.11898215246030615,0.1489615412977156,0
-0.07585257276176169,-0.03784631913638147,0.16051992175496144,0
0.08909663775736137,-0.032049161900089,-0.0052288744756865705,0
0.13299106225839993,-0.07632147033498378,0.08828851283644945,0
0.10619915957284241,0.09810810720098956,0.04807829478216668,0
-0.050820319334750036,-0.011176187386253684,-0.05210356378548462,0
0.14263761901008937,0.11208824298966646,-0.14353963685892535,0
-0.002593650529286065,0.10559627991007976,0.1483866945298353,0
-0.00041840194206107243,-0.1293060434267611,0.021461948651470688,0
0.20034208292549238,0.058556138470050034,-0.06345313322629252,0
-0.025013042672096156,0.07711605856406693,-0.20315737621404845,0
0.15761148445767095,0.12351340027118707,0.13964381979851412,0
-0.05634734614595241,0.009487489906524543,0.10337858626587837,0
-0.1710042263176513,-0.08992940182707643,-0.17394605137300073,0
-0.011140535774149952,-0.23021228890090717,0.035415276112741784,0
0.1455486228108672,-0.287497876924809,-0.03844159629766449,0
0.07654068871912367,-0.03299271618572207,-0.07487859035801511,0
0.050658126465217335,0.14291902447366472,0.2284587598619662,0
0.17295567567777162,0.02023189718519421,0.026659625517044983,0
0.08465129588506137,0.09727122596213744,0.05456522142175745,0
0.003968406483428133,0.009914246507562358,0.0765223738507772,0
-0.020770603033973975,-0.21602420642276818,-0.009403083456642022,0
0.17970901149908625,0.07554207240907626,-0.012841026019597537,0
-0.03452601727147053,-0.18626539945592857,-0.13721426704113168,0
-0.20815628853051593,-0.01902295914467899,0.17810172148542822,0
-0.12587579278018612,-0.012817256707524436,0.06038287407163143,0
0.06042590379096513,0.013339187491322941,-0.030850017117540426,0
0.12310833475480482,-0.08473259505974819,-0.031605726202249725,0
-0.061157475597260716,0.0666690764461707,-0.00894474984451731,0
-0.0313674588820323,0.05710529632090444,0.042100065047921825,0
-0.17631731655235292,-0.11783201810785277,0.051261282619942644,0
-0.006353142245951411,-0.023369144671434288,-0.00021488321377407767,0
0.3334475936918332,0.060039260389807815,0.07725345502162184,0
-0.065066235609544,0.09673289498517712,-0.09095620674958098,0
-0.11285952067034935,0.06928697073140928,0.06479495555449935,0
0.018466381598581848,0.06883650691686131,-0.1860489728083707,0
0.16186005655226535,0.054958651366309966,0.13262423049447325,0
-0.06329660763248682,-0.06274839449403079,-0.000946618839539632,0
-0.1856872923558423,0.1920789131967497,-0.14323082282401273,0
0.017396987138517124,0.21754924799410952,0.037451625500643126,0
-0.07000438025490152,0.09297483630514493,0.1580115180919703,0
0.22214043235016404,-0.01831104932146554,-0.019135401825004596,0
-0.06671417224674896,0.015456381131999009,0.07383932427957844,0
-0.0029255719586321776,0.15982472815607904,-0.05532845190886635,0
0.0877825231106841,-0.05901962408056041,0.0038476329794392542,0
0.12864702534232925,-0.12730440250239286,0.04290556767079223,0
0.27839917892954763,0.12083596736251552,-0.019864178134473408,0
-0.1039246040873449,-0.06952926482471007,-0.061951863615966676,0
0.13155203915171285,0.11214035442916184,0.19440112277519517,0
0.07772064138749875,0.013065795200006251,-0.09375623145884088,0
0.02660713223508311,0.04150826136571088,0.008811420559851789,0
0.0251171765842605,0.021731891402795772,0.11993531581670941,0
0.2654012715699539,0.010186627393349289,-0.0515624825449689,0
-0.1183712998188417,-0.021210354599694985,0.2217988308850128,0
0.0365118819663397,-0.011931632923072928,-0.09449445417811238,0
0.020262847037577726,-0.0068419848163569375,0.154243138975023,0
0.020513320393840673,-0.0323813282110154,0.019820948911351804,0
-0.041745781045650465,0.03673143869190511,-0.0814887856395578,0
0.07705901179903864,0.046544396472336824,0.08133366203881517,0
-0.16355175409486195,-0.0943690059659496,0.06673310057735259,0
0.024955608231116908,0.10126737867974563,0.0464604079671099,0
0.1710613147349786,0.004080347548944862,0.03603585289518886,0
-0.08002675143610773,-0.015326123704754857,0.08838987129185506,0
0.20385028488527124,0.22537390959152234,0.09885152147502829,0
0.03228865511413144,-0.027623927404974,0.08242720228192241,0
0.06521499782128806,0.03146403623609039,-0.055463412192163455,0
0.08380583237109596,0.056224493654813745,-0.05453962970450441,0
0.07564588737220458,0.05088239257380896,-0.15335086341277965,0
0.05633299037822399,0.062011691223208446,0.07739250411543906,0
-0.16663708571007954,-0.09812335932852545,-0.14942281014908237,0
0.11367308749698934,-0.16861329798592994,-0.001134653057573132,0
-0.002793207797756643,-0.19951022802533783,0.09656115827571282,0
0.028810943763066768,0.04195756528298182,-0.09709657594742171,0
0.04492917563342561,0.02284751158693786,-0.0032886305338790753,0
-0.1373746477333285,0.11370018089999817,-0.09166628914860593,0
0.0754379865322588,-0.050253094128638244,0.06137948763537592,0
0.13531110077580608,0.051160076573828164,-0.09705926619250174,0
-0.16786678767629765,-0.06864191801843368,0.028563264801151646,0
0.13702127040849296,0.09162834494182845,-0.18457674562190765,0
0.17666209373488512,-0.12831501641757348,-0.05370112508501717,0
0.03148562886053088,0.055957579474259556,0.11485342599014714,0
0.06823867638433301,-0.11639904172478453,-0.1035036295032975,0
0.044927558468499953,0.06552243088834794,-0.0350689691236382,0
0.016742538346460042,0.013001971419535754,-0.0610908854975776,0
-0.1412672348583924,0.04365732594590551,-0.06577429221498728,0
-0.0466532736776569,-0.1417252443053643,-0.18209662600592866,0
0.037427693806306714,-0.019374362169141873,-0.23570110607562966,0
0.0527303592189066,0.027184095552618793,0.03362115469697389,0
0.05670828054102093,-0.11883092863563363,0.14510862993148108,0
0.06057619095105288,0.11746431228320892,0.07842960712102442,0
0.04950276000869955,0.03841457855279204,-0.09345488805040315,0
0.09590182257464756,-0.011702277334690432,-0.023616988680758306,0
0.25213685868225005,0.14989062001117193,0.16619078522512135,0
-0.2030955399885775,-0.17949716556480394,0.0862680877505938,0
-0.06644322327377054,0.01433928836402104,0.07016157809786776,0
-0.029265830024440734,0.047287525002213816,0.10935313746856722,0
-0.07951537327432834,0.06074568607508062,0.16072170411595874,0
0.08520474963940822,0.019993019206996466,-0.001804696203258885,0
-0.06838585484186616,-0.058161386116641456,0.023973613071488858,0
-0.09373815176915606,0.2185926365801495,0.15095602382199327,0
-0.12430019840305467,-0.14486639820255662,-0.15365498546834494,0
-0.1361898569058609,0.14614531303785644,0.04725917908315447,0
-0.0444850093605907,0.07101848396332257,0.0897942302112337,0
0.20649395765451814,-0.0038534420360523108,-0.022092382388542053,0
0.09910852481880812,0.12809010501209345,-0.08790713323651465,0
0.052392587650983695,0.19296788382847785,-0.21897948924243488,0
-0.003729883956336455,-0.12932704447881513,0.11472602647208266,0
-0.044315676255631625,-0.008658240652245689,-0.14468866004267514,0
-0.09719387216676309,-0.06417002886540596,0.19828219332820535,0
-0.008681039792626518,-0.10265800541547582,0.07292733579438083,0
0.04146482323341036,0.04297304068457678,0.13102055457241515,0
0.08669217612685555,0.12500546324435777,0.03903559984209533,0
-0.0764794143217495,-0.02443872141996217,0.05041860646174329,0
-0.015540633556178818,-0.03892863765998181,0.023539842218795192,0
-0.14321392074948336,-0.10140125844604363,0.009207742290080733,0
0.10476492085022399,0.024340705264310595,-0.04288569493224356,0
0.05244165646354554,0.11427538962470374,-0.11333998937539345,0
0.05769378967219979,0.025125097131603758,-0.022845138783000842,0
-0.15182265436156286,0.12997051105232071,0.02406533827131159,0
-0.07096349972816261,0.025974336058211797,-0.08095401590381783,0
-0.1668090431088487,-0.009813054179393998,0.11333435829811414,0
-0.12548518551290133,-0.1556036785961797,-0.16622308553700166,0
-0.0948466557511713,-0.13281454993763858,-0.017930761067305144,0
0.14507136420686903,-0.004954518690419321,-0.03911569543925227,0
0.03548696783257141,-0.01635296484002149,-0.013164379037060178,0
-0.026267631884589228,0.057593177132637445,-0.0709663335862151,0
0.01835907073591398,0.10442832810868954,0.06811474836574792,0
-0.03645305851007,-0.08481372150330818,-0.047720605330764,0
-0.06015314790744989,0.0028749998808802447,0.07835894859030003,0
-0.041734980875620026,0.15561863458338354,-0.05205013129203787,0
-0.0892308753362757,-0.12203782677054949,-0.23156614715691878,0
-0.09135824828997173,-0.10020651622496013,-0.11539078146700746,0
-0.06274283669948152,0.015517814660391894,0.11254410978658025,0
-0.010575804961032227,0.09248602126519571,-0.28205832233479355,0
0.18621474842590308,-0.1050595208349121,-0.00656170622631561,0
0.09104153906841984,-0.21048280749147394,0.14898580167080586,0
-0.024928909518215032,-0.15467853625147976,0.26355983640306624,0
-0.1451837481268767,0.00513383264602129,-0.10505989298515753,0
0.10090358081525935,-0.008891744177523447,-0.0032022769145478498,0
0.061929455522926696,-0.028390111539314124,-0.027130412514827375,0
0.020599948516780365,0.0966606213534464,0.059216339880789316,0
0.06511598907969104,0.0004522478756969742,-0.14495859341918346,0
-0.04594334423411201,-0.10779766014904082,-0.07922904399925496,0
0.19088250554787645,0.10769152858096871,-0.058732049506581264,0
-0.10287869463594915,0.02082974145504256,-0.07838733322241055,0
-0.1070164881861696,0.09357760731952286,-0.0683651739735499,0
0.0017085023954050548,0.0074071131992878726,0.01940328452404861,0
0.0402259277517202,-0.11988693703099472,-0.09581092670747295,0
0.021751391852925406,-0.06412063638373271,-0.13902754405265721,0
-0.04598218146328495,-0.19844251210122998,0.0034815541670263385,0
-0.03579494253853654,-0.0354694834697016,0.06809484759089462,0
0.14645864256480168,-0.0804621985401572,0.023372804217618132,0
0.024341913772376114,-0.04504043814584335,-0.07543777883401948,0
-0.14099732866882436,0.05935457763002901,0.16526836377111087,0
0.07045842537441209,0.06443212338234341,0.01629113165459553,0
0.09665703444190271,-0.0877325826892813,0.0023401013734071683,0
0.0025811773453058386,0.051797485729508264,-0.12700493003065846,0
0.08456422653503436,0.0015190803516836845,-0.10240621804067972,0
0.009994528225683984,-0.040763933722838014,-0.006825540528631337,0
-0.13495005635586135,0.08336737799428348,-0.01472499325419046,0
0.012682657177188453,0.037411769702535354,-0.056158144208297546,0
0.06238848383768833,-0.1761648149001277,-0.006267049037958966,0
-0.16654258544148315,0.09799326059113142,-0.17563451770805727,0
0.12863422527853366,0.11638304219441503,0.02918339992628942,0
0.012923833031286306,-0.002869643744385799,0.010331327166154248,0
0.04148682746260115,-0.11178297340529973,-0.0215968665467898,0
0.08614067047218835,-0.04480401631185571,0.05179060804446635,0
0.07554094802326318,-0.059502990670797666,0.06019993813252651,0
-0.01774967888399273,0.07717444493058336,0.08849923988364644,0
0.10515214999817808,-0.18999090997685408,-0.1437245353109675,0
0.049724229443154765,-0.05214327222664544,0.008400205345570283,0
-0.23640442419480695,-0.08715600298925777,-0.015263137633853133,0
-0.026974182338978265,-0.004850451566957463,0.028028288534256974,0
-0.024683232247062044,0.1145166874756855,0.07955947881629082,0
0.09511046194373776,-0.03461085208002162,0.1276655283989143,0
-0.05767159818658089,0.11982442862979191,-0.0010390484524438505,0
0.10746390673884759,-0.005410583387061508,0.009217563134513194,0
-0.035480741553165045,-0.15794842271783022,0.17726243418900522,0
-0.12044404596012835,4.057063538050862,0.05966778516623507,1
-0.061076020109460054,0.014299647216587172,-0.07942018046843324,0
0.09759769795645504,0.11115146217046226,0.053467897822824,0
-0.08083237965546325,0.0030248317555300226,0.07388546671415053,0
0.13105527615690296,-0.05190904723263116,-0.09637532146815597,0
-0.04057962435718721,0.010525801436039062,0.010995949647575408,0
-0.08410493078007736,-0.024760355669974615,0.1397962818317,0
0.0035090234485920992,0.20541697714142174,0.08701651751433559,0
0.018578833247802407,0.05733978461538103,-0.03880725493995114,0
-0.08689058723707808,0.2038599128956884,0.0622028913267737,0
-0.0384096285644855,0.005360814500376817,-0.09733407826889562,0
-0.03157445265167165,0.17049884030851226,0.06690206196388736,0
-0.17701904638733962,0.013172497975368022,-0.2120320737356175,0
0.07096767988878815,0.22639182820439588,-0.003587294248771583,0
0.0735893961254668,0.029223068948193615,0.1970891824906046,0
-0.11694619502757345,-0.03040972833496032,-0.07658643667355865,0
0.0896653332351654,-0.08675167636239599,-0.012529998558486322,0
0.04223578970048056,0.20814807792570555,-0.15296679818742476,0
-0.10356637078769665,0.15309123849418244,0.12232308047897647,0
0.08114730447828884,0.1959701848760356,-3.9581803830126723,1
0.25485109447073445,-0.061844257640401114,0.038298747768321734,0
0.013469494758420795,0.07596093290306932,-0.022370977521056545,0
-0.04605833278060077,-0.0843844331146047,0.11514230963154047,0
-0.17074698009988212,-0.03516711938651684,0.005384498414572996,0
0.05516910123097384,0.12672025593356517,-0.1337764971064137,0
-0.04887895930744243,0.09033408415732481,0.04669601010740494,0
0.08717688672167583,0.06905907418837157,0.10676968502834319,0
0.04200268313713956,-0.053230327083486996,0.14041197086531493,0
0.1877052273056193,0.17505346847558528,0.029371924762366098,0
0.09570917042129862,-0.019895347465627496,0.13581761016789987,0
0.05436900524615506,4.121297730515416,-0.0005904671567447787,1
0.3100813967587812,0.0872262562927232,0.19542726635832328,0
0.053539835137752824,-0.06292910585110947,0.1700796136056877,0
-0.09269043983063127,0.05332690240767693,-0.09211237673174794,0
0.03179900964308396,-0.003250325060185119,-0.06372640101280226,0
-0.0022642472333665345,0.02931707997487143,0.08096913562022409,0
-0.02164961331353343,-0.19765598600661294,-0.03374171955693006,0
-0.013937587239778951,0.24420271789020834,0.02692529917403777,0
-0.05247167083338278,-0.025051686006756703,0.17793880927273564,0
-0.004248473306646208,0.13165440535467163,0.04848684411628312,0
-0.08000697922404812,-0.05886437086584156,0.04180417886584394,0
-0.0669874888495293,0.10202871605433889,0.06574430134472296,0
0.1780501021206984,0.010795682112034116,0.13079654373487487,0
0.02396641657900364,0.0031888150590172557,0.043353287937830914,0
0.12127523460563645,0.016740425039038744,0.06084031461360917,0
0.09462941341971762,0.1199690769373078,-0.16926349815667496,0
0.034556745346370085,-0.1391375345079181,-0.20037014076910784,0
0.0022563968432418344,0.10905987019061658,0.0427000001098343,0
-0.0124355205934964,0.1473370594488955,-0.09768973040450829,0
-0.015576658008591288,-0.04714198319374046,-0.004522937356413276,0
0.05665148203058151,-0.2775495299143436,-0.008818142194119109,0
0.03414958054118053,0.19933151296924448,0.22004378750707485,0
-0.0016873673297039512,-0.045555612455350794,0.0342983182177572,0
-0.027517708123301232,-0.15247523204908606,0.10311102298575164,0
-0.1298084103365614,0.04874288294190481,0.05680536183817001,0
-0.09999048728098191,-0.16952736041841399,-0.2114067848006813,0
0.15034096648587236,-0.09465506293044139,0.05260219086514564,0
0.025770547331930772,-0.08358757395669447,-0.20251550735874524,0
0.010914662688257963,-0.0030382589573491343,0.040381345516473585,0
0.09128682255353243,0.07313795194628109,-0.07445288656860226,0
-0.016249186415326248,-0.1115540051767938,-0.12200592521341286,0
0.08381601027591956,0.08278118519190375,0.10042021038277167,0
0.0682328765628854,0.012045118793886032,-0.09004402566685453,0
0.14300489765034827,-0.08960887688259023,-0.1711663147223752,0
0.16588993213061082,-0.0630489194371387,0.10682429123041448,0
-0.001325140960324581,-0.17334536366825334,0.05679994135686472,0
-0.006108585763774922,0.007637707773337896,-0.1874059006046522,0
0.06897594169447005,-0.04950180025952894,-0.1176121061849441,0
0.05704149481508644,0.08836452230333192,0.04289361362460186,0
0.04769778257878696,-0.18485653050634931,-0.02955083183226917,0
0.208805877211927,-0.061193618054157684,0.04791296472478156,0
0.04863997370188061,0.17182576444373007,0.1414922341673755,0
0.017521883205155183,-0.064898106536074,0.14960464731368237,0
0.0679727729598581,0.02951393145482366,-0.13404804764407138,0
0.0024633130658818884,0.010168974637246588,0.11525790081892325,0
-0.010041538496734143,-0.10709289859157028,0.08336126470981009,0
0.05374473295919893,-0.17217650074196378,-0.009147249155257775,0
0.09691912306847653,-0.01934141213799616,-0.017481066173847554,0
0.11869196285656154,0.10813491390626727,0.0007891669097828989,0
-0.1174422921890938,-0.026314363828737905,-0.0027210516925842147,0
-0.15097935599335208,0.23150468546312558,-0.09285845142995325,0
0.05139967638067677,-0.013494006384726243,0.07535864528568227,0
-0.0952164635029965,0.026936314506348404,0.0005429482044895796,0
0.1051739516762899,-0.09633400074865149,-0.05350131752507791,0
-0.060565522614097526,-0.036133674526888135,-0.1713564810821064,0
0.04033729574643312,0.15577985858346613,0.0031781003302953736,0
-0.014646726103900266,0.04194444222103761,0.12526229271839504,0
0.10986001452699999,-0.0978310922920447,0.12835966064885426,0
0.045681925283811736,0.23563396521153612,0.012588477058479373,0
0.1310574466144184,0.13994189921339303,-0.057267470000254186,0
0.0041131990364236,0.0031120193355868835,0.004033119136326357,0
0.11236452442177819,-0.1540618087926368,0.1422196018466461,0
-0.06437213919546818,-0.06490429927323055,-0.018206931749257787,0
0.11991558550168131,-0.005175422707309935,0.05920139785860115,0
0.038201398282674916,0.11632225784698894,0.0515874723872247,0
-0.04676624033187915,-0.1009279079540473,0.006416460752466224,0
-0.15638947869091405,-0.19748685286591997,0.21421425985672926,0
0.027712188232805864,0.03743038738685152,0.05481554263646657,0
0.0015654143832601682,0.060562800928396214,-0.028298825441857106,0
-0.16103851758883264,-0.020778418703122845,0.07452587487968981,0
0.02283176809751057,-0.0816529051694777,0.0542822639185102,0
0.05230497627466499,-0.07256760701983826,0.06476964046253385,0
-0.02306171669450546,0.12024411487233846,-0.05776088847982918,0
-0.16520476221698002,0.07977166163970519,-0.1071707884989313,0
0.07952639323965052,0.0624912440900874,0.023546105834382994,0
0.049617178701692397,-0.08255317932913271,-0.13148324811363174,0
0.11200285872768995,0.020320343137386315,-0.01831086779176207,0
0.15167573246108076,0.08852357719086369,0.13343468869351366,0
-0.030149031287998687,0.12913677872669574,-0.15201979244019304,0
-0.10347865356608375,0.06384220384086989,0.043143644501555535,0
0.043690796685703505,-0.002091077467032671,-0.22608951536914212,0
-0.09363216615521665,-0.15213921169963862,0.035912504259155806,0
0.1380722464839579,-0.09243091343234974,0.01981589991595506,0
0.022437464395238933,0.04462356919009616,0.014733851085315448,0
0.29368795933127756,-0.009577439614459273,0.09741594419264213,0
-0.053886426287676106,-0.04701406267076994,0.05226040239262117,0
-0.06479555832995994,0.1443063186467212,0.12097826120810158,0
0.0019620452902787224,-0.00913614297383294,-0.06343798641574855,0
0.04214189073714094,-0.09270688175975636,0.11546088593104631,0
-0.017402126814446913,-0.13744986235356077,-0.03377912198584212,0
0.10623994093211891,0.049298960612019604,0.22548678244349227,0
0.04095516043000611,-0.07577986855850252,-0.00862869739456658,0
-0.10161869429453092,0.03919142614351963,-0.10620647914725455,0
-0.17919001679069557,-0.008375241808611045,0.052634320450750796,0
-0.21618252875119526,-0.2198679537266179,-0.142325319752848,0
0.0711757142938312,0.11129593185812026,0.15966302700981547,0
-0.06714700127892305,-0.02822486134458952,0.044404008293332464,0
0.08406852843345941,0.1302055636426191,0.08866126919341344,0
-0.0773957325627484,-0.07287332716973571,-0.17800489691357002,0
0.051927921462145435,0.048835840939669195,-0.0903379519775364,0
-0.19066588689446812,0.11931644000303993,-0.21026534439437425,0
0.053399645894882525,-0.07502548862926686,0.08507654527887987,0
0.11122399568078485,0.046360961970991,0.08846666182772182,0
-0.23217122995951547,0.000223991908450667,-0.06918556323620284,0
0.07778199275202602,0.10410150776232141,0.012255494627616857,0
0.11431113245731682,-0.0019517563258655462,-0.009703305095147637,0
-0.07922057394074389,0.019284575409804872,0.041747588583422264,0
-0.012023941101471525,0.023417714670287772,-0.18154540745427497,0
0.011313726560754956,-0.014854234576796618,-0.07118864993300665,0
0.030983083742307994,-0.032908987096294424,0.022355698217514642,0
0.0017530710428143926,0.15392652426326606,0.11024532183751085,0
-0.007725750873887587,0.05168127797008251,-0.05203208272607943,0
0.12131001671311886,-0.041084153000587334,-0.1762766469781896,0
0.04823278624540332,-0.03926978554148482,-0.01004641404000806,0
-0.028487609834396,-0.20889650748968147,0.0856684140956415,0
-0.013568224622225504,-0.051165410056552,-0.1306821823864492,0
0.026318771595341156,0.07464952863193275,0.020018896141833855,0
-0.020324215042111377,-0.011157012869927353,-0.015396157860262187,0
0.10310979257832736,0.0384453516500152,-0.07235316254339884,0
-0.0028491768735407785,0.017224468953515353,0.10298066472994967,0
0.06275146506572105,-0.011604662069859644,-0.08855644604676094,0
0.07018172106999372,-0.028701260948724223,0.045402391301341036,0
-0.14986024395751726,-0.15092104108231985,-0.14523238035320046,0
-0.17770427232518035,0.009440731754926844,0.006502539000889177,0
0.005533823073365637,-0.0495548815707571,0.10948738469653566,0
0.004389871837491513,0.09064116555020732,0.07664562927703679,0
0.012438977628235585,-0.003450715288334335,0.012697786769244513,0
0.03886811051496008,0.20338089070874613,-0.14498061927975697,0
-0.007080883420247666,-0.0018712792990489852,-0.028504519295417214,0
-0.0012320444030530172,-0.22797724803937558,0.10558267201370182,0
0.07086996037594927,-0.0841044557158323,-0.1256925182085345,0
0.07899501964147906,0.1511096950021117,-0.0882949701012946,0
0.030322648574674312,-0.15965238227901848,0.03305524474611174,0
0.09889746608361014,0.03060275504224513,0.11085687765592711,0
-0.05216153104860488,-0.20002197956927878,-0.19929716105982503,0
0.14703851265453227,0.030249621445159264,-0.15806491522120095,0
0.07248603767401639,0.0050785616506358105,-0.019227501583374957,0
-0.02684090188356202,0.15140651940409267,0.07000868708541583,0
0.1796382555714879,-0.08864648768580911,0.07749519759402163,0
-0.07498975207515488,-0.043066451826681326,-0.007314550043188178,0
-0.03289859136541461,-0.10100639868367255,0.05804133579232262,0
-0.04535274129116875,-0.12027504811816046,-0.02806859069859774,0
0.0924640654402573,-0.067305146046131,0.0969731343025586,0
0.03132937008201229,0.0006514122621779826,0.07242891799615027,0
-0.0014263498249172417,0.09903791346640273,-0.008587429970679347,0
-0.05319559202940737,-0.02703482206147563,0.05892670610319685,0
-0.17983804217578392,0.07229592970956637,0.0946902133944129,0
-0.06200171839172321,0.10127340242179926,0.1324651042654581,0
-0.02352891781507777,-0.0310386898990413,0.01765467733743274,0
0.11330716850180332,-0.053390351424435836,0.009836483895049583,0
0.06049640208577564,0.13237022616138874,-0.12631038052826868,0
0.003393883217794172,0.03092694743161727,-0.09560121732462579,0
0.011105292732206729,0.09576719489898078,0.26850388702024236,0
-0.09937984395990825,0.048195558636450746,-0.065213157869561,0
-0.05211220515610866,0.11812651684687764,0.04177961153910168,0
0.0007117264874858854,-0.1811587548887222,-0.09186973723264812,0
-0.11434833436972934,0.12468614422578411,0.11283048459707841,0
0.07337144475059784,-0.034112975988477,-0.06349698169424207,0
-0.11943027935565836,0.022412063983135458,-0.10109013779216242,0
0.026869206068087976,0.07195042249557408,0.01190623461961174,0
-0.04528812789326023,-0.07911357264467216,-0.030073139707891244,0
0.07705089795708495,0.030770014866198327,0.11429358649099602,0
0.05095704911126682,-0.0683940578462781,-0.05217531626870105,0
-0.2063251808136272,-0.1535547035269725,-0.048631298163266695,0
-4.111245666846246,0.017813186013949312,-0.022406661386952166,1
0.24676359540945156,0.18777253529490928,-0.028348872102568687,0
0.10981305976624244,-0.06286241317647522,-0.047889622967064054,0
-0.13608795600255288,0.09177219236787713,-0.04714596707379626,0
-0.02643220369122208,-0.025219533683596137,-0.18324365488668448,0
-0.10305437116807259,0.014021902867975078,-0.050393814519936846,0
0.01084562292563309,-0.06741668304104718,-0.004531823096086383,0
0.03559391403018966,0.20048902586951983,0.02896085662904595,0
-0.0016424125644605861,-0.04973283705260215,-0.3089874014602427,0
-0.018151014741715862,0.0053720862104868206,-0.11984237071798086,0
-0.015552385386266274,0.030891643907462497,-0.018660133133232205,0
-0.02190838357121648,0.04381122588447419,-0.14389282325174915,0
0.06513643597685924,0.056928721592179536,-0.17702678019165508,0
-0.0388183066948593,-0.06521128518317519,-0.022592777217029514,0
-0.026089552881377882,-0.03460627189490126,0.1340738611990317,0
0.10135056838524215,-0.04696538308020035,-0.02479438177445499,0
0.0858071975608328,0.0426208996075567,-0.0050533557543472616,0
-0.03281118904889769,-0.05688141055751897,-0.03590834944874232,0
-0.0939226231173586,0.09711671630894898,0.038982597644120424,0
0.09589664764641365,0.10857996505041148,-0.1468648201753465,0
-0.0769045583463633,-0.01567881940228111,0.10059299927586014,0
0.023140028680164817,-0.1122943000796347,0.12780780065579392,0
-0.1060471070647556,-0.16949462311010285,0.2213838934412693,0
-0.024293772748389633,0.20973532724523533,0.03862238483948188,0
0.043168508747476075,0.14338430722514464,0.01636294626286903,0
-0.06741326930138185,0.04841387439823404,0.043746042366471755,0
-0.11992480148223897,-0.02352046197211763,0.10855152685645708,0
-0.00463229809547343,0.01806805036859109,0.030516040409953926,0
0.07257457491265511,-0.1060832685265601,-0.008983357277744198,0
-0.1720370151183015,0.02355667609788341,-0.17353919289470854,0
0.16578310099061405,0.03132649373033535,-0.02741946801335332,0
0.19933913400736755,-0.03125530130718063,-0.03035129214955214,0
-0.13206972326598454,-0.07337544630292712,0.035464270062525234,0
0.08549779741450589,0.01652255912054655,0.013816653070756114,0
0.017867402507583532,0.031415846854813204,0.09310237527249828,0
0.07125015927216163,0.009745975935267676,0.17675355874108645,0
-0.04052075437586154,-0.07673594209111903,0.07762326978516582,0
-0.1172300532185532,-0.1438270167047576,0.2011166087975641,0
0.16128829867333846,-0.001733291442200716,0.12663124168221027,0
0.0070879296142228754,0.03651194613625042,0.004419927957962781,0
0.031122400594670852,-0.14777512499250586,0.1256127384530674,0
-0.028702876046916095,-0.008023173553650408,0.08196636793825501,0
-0.16611652009270417,-0.11858920221369434,0.013910743341201038,0
0.06752481557909777,0.10609175524650674,-0.00581113941457029,0
-0.15516032355682607,0.21571618782391924,-0.08240499595743793,0
-0.09841267525618208,0.048275122365037865,0.12778865238590045,0
0.10473172007006543,0.0766942187165922,-0.07078303978858891,0
-0.12429016728756037,-0.15970157056070464,0.04189770780321789,0
-0.21469135071769616,0.20784922926009786,0.002221563988363951,0
0.10049068903240893,-0.05061906117918413,0.1186536939257016,0
0.1565933833613287,-0.1252607938454564,0.08629343489187548,0
-0.02768716645360983,0.003855320943141739,-0.12642570659526856,0
0.01765652147202375,-0.09874129877120114,-0.035077167216557924,0
-0.04835140354948864,0.10602972322637594,-0.12210285187340959,0
-0.07447599469509797,0.04153957512771958,-0.07864094869317398,0
-0.10609251431197866,-0.009772375960836044,-0.055230558675085334,0
-0.10440804072935334,0.057127861928829266,0.1292601385396105,0
-0.32159787994490696,0.016262820113757636,-0.13389600810089078,0
0.037057791309179626,-0.09262882621437168,-0.09906149514844681,0
-0.2496403577888744,-0.016868864040166322,-0.05438321419409773,0
0.0969683353966805,-0.0924328651997042,0.11293970763028238,0
-0.01810257045385248,-0.10441382667231901,-0.0370330423528066,0
0.25115603940346926,0.05774545645124042,0.08838170872302807,0
-0.07609264594017268,-0.050344586083859215,0.14912467513706626,0
0.1752034090103899,0.06849313319943373,0.10623335064201544,0
-0.1082609187190631,0.014130656832068895,0.03716777133472426,0
0.045283522492173184,0.11781465088611945,-0.10104543156286963,0
-0.08111887637931038,-0.1658604746031949,0.08923374856417973,0
0.10403733092205392,-0.22386815774826468,-0.06063884800025659,0
-0.09243653186465578,0.014249310166891127,0.056252672112657234,0
0.17169536410838065,-0.14341619403997993,0.08852398929296756,0
0.06411483687062587,-0.00019007208602598614,-0.06805380203055081,0
0.007508412739544091,-0.13067837711368505,-0.014984814158233661,0
0.03872685976431317,-0.1910437343996285,0.16442999491467103,0
-0.005076657870863786,0.0023193503221935956,-0.029678432536655936,0
0.04004469187730981,0.06883817593198359,-0.008382058625574021,0
0.04660340360611241,0.16035207287593534,-0.023163387029153625,0
-0.01887873379733633,-0.004480956855638193,-4.059816405462046,1
0.10711614803124624,-0.03724441448402239,-0.07165137144732392,0
-0.09896255834050795,-0.0787371619864351,-0.06257853374995076,0
-0.19148278303739338,0.03510100033426111,0.12542203512768554,0
0.11501048401868907,-0.03554607520182963,-0.19424689146208243,0
0.09927874556471095,-0.13470931657450114,0.0024049728071904343,0
0.1729233349192719,0.020217945222513065,0.02529965410131337,0
-0.032790610750819196,-0.04144337955411964,0.025093110507947988,0
0.12578969151136246,-0.11082361725484549,0.050983212694447166,0
0.0330441834597257,0.05046858418994358,0.060486927487669075,0
0.07086359059367897,0.016759926464383346,0.028790129125595372,0
-0.03301759645215809,-0.025358232874529735,-0.052236636965736584,0
-0.029705857169850504,-0.024092041376600103,0.1352545408372383,0
0.19905124569389426,-0.04691290357458986,0.005699415301358527,0
-0.11373578974291994,-0.02636438376863559,-0.1640154128314266,0
-0.08278850852425466,-0.0781917918690217,0.04791954745767557,0
0.048870502499293894,-0.10290687789554974,0.04410546601227108,0
-0.047317003608984776,-0.1534771172754281,-0.08691838709051314,0
-0.17865699104347366,4.126442730614009,-0.05670209689006505,1
-0.1551389044551317,0.09357214475522153,-0.09504657184371523,0
0.014440548653300281,0.053561898603644145,-0.13575572789257778,0
-0.037006507611610166,0.08286089273489661,-0.04124627499843126,0
0.04517758581361904,-0.045322630521482665,-0.11449028806431619,0
0.1487191562093085,0.0739979266225309,-0.02719670748130772,0
-0.02121903476042278,-0.07556810977880986,0.10937702105770906,0
-0.05187437275618803,0.005539588461152882,0.01847358362476864,0
-0.07141759899797356,-0.055063221144487744,-0.041459448843236074,0
0.07312212454291171,-0.015310560075309166,0.04761832357151268,0
-0.09611984552171676,-0.04622350826586761,0.03494404570214658,0
0.1888796679105748,0.10220963090225846,-0.21475995200115358,0
-0.06142651479454008,0.03419872851668704,0.07121297135644009,0
-0.04912569228440214,-0.009596167637699401,0.05508320819743462,0
0.07085585934793016,-0.04941809669825344,0.23309840744626933,0
0.11810585584970085,-0.08997916724921108,-0.08602006841533548,0
-0.12716542793185778,-0.04073200275874489,0.09004765681336434,0
0.013289597444197774,-0.25817352164707236,0.1343690857021624,0
-0.12834581357503222,0.04918400865235118,0.04346955610848399,0
0.05702582417124809,-0.10643231776278501,0.005347190231373225,0
-0.07221087302173465,-0.006725034772064069,-0.10093755126134225,0
0.03306115502374563,-0.09942945709910471,0.007933508242317944,0
-0.12627589190234617,-0.025389000281781794,0.10739588636200761,0
0.15553253169087156,-0.22729091147221805,-0.060755146628635105,0
-0.006584607644687672,-0.09246213796584128,-0.03669074431417393,0
-0.0857673172148341,0.11948186690063872,-0.012277945638799944,0
-0.13335252631606306,-0.17161111328044865,0.1084954460608742,0
0.08449559127996026,0.016816903874508387,0.10664172879679208,0
-0.047067211473465445,0.04637934495834675,0.06398443105490707,0
0.011758166440628215,0.1269301735315408,0.15064385742346198,0
-0.016618223681026775,0.04368863457363115,0.04356200761172264,0
-0.018697013828268442,-0.1101069214745998,-0.055706820895930535,0
0.08229057849073605,-0.015472992140214317,-0.04454702894434502,0
0.189870841764587,0.009163946530964457,-0.09267947386041923,0
-0.014042397954223993,-0.0017637663799553189,-0.023653183737907226,0
-0.028942552285890745,-0.03774685248144197,0.03094431162422926,0
-0.22596505142980716,-0.07010971054911871,0.08281732791706783,0
0.12311014320931968,-0.03437071520641238,0.10537610962426235,0
-0.004308954728802797,0.04126788010653824,0.14157157287197458,0
-0.0029555344214009373,0.15328558885708707,0.21636581995405002,0
-0.007623574276461981,0.02160044708699711,-0.1352136203194256,0
0.04109505091958583,-0.05002853756436448,0.20700926981489817,0
0.08369462879854807,-0.09084265702147754,0.048989292696778285,0
0.023656500311564254,-0.07180601908206861,0.050616987181381023,0
-0.06554035805971785,0.09871635124648644,-0.04733676455735156,0
0.13892450161202247,0.0670795587726871,0.10421568214298489,0
0.1743487576738755,-0.039394204519292514,-0.16145198532300198,0
0.22255531192207104,-0.05070380398983646,0.03899312917964172,0
0.03846496021594654,0.05917645439336253,-0.024767160915663517,0
0.23388087268007288,0.015004820447688109,0.14861994622896127,0
-0.05943850057945757,0.17983242938417723,-0.12109329113982942,0
-0.18449774160123866,-0.010831006027321158,-0.03134707550696775,0
0.15493359872589446,-0.13225944978474782,-0.10855599945089929,0
0.024389307549465812,0.1127468608140549,0.025078495353198334,0
-0.06810002328770863,-0.14267107783544655,-0.017093340558936687,0
0.03703940135182101,-0.16331112535524586,0.07606224259656308,0
-0.0864351357271662,0.01366987950219765,0.03556636716096137,0
0.12970834122379235,-0.05371020386386793,0.025198482613486835,0
0.0002491732447401252,0.045249959132298234,0.08706907044630424,0
-0.061696615012521695,0.06952048120789589,-0.03981164977698569,0
0.1252015860348555,-0.03711064301281019,0.01001625396997914,0
0.10832456403291509,0.0403739623998124,0.10896230578656003,0
-0.15056844868786423,0.06848070355662081,0.09671354510799401,0
0.11022647188556188,0.033336612784563076,0.045913720348414296,0
-0.010494458716190494,-0.062188653501864345,0.12646180268916815,0
0.06900980555240747,-0.026877648429063886,-0.13054367286826335,0
0.019889611979767973,0.1929671405027679,0.1469725929323121,0
-0.18387680641097234,0.037594719443541834,0.025735998072157647,0
-0.16895477449360466,-0.00746844167381516,-0.09851264743818922,0
0.16194831095056542,-0.11754239279627997,0.032928867374456626,0
0.17952615938529354,-0.04342437081631004,-0.023701353395972194,0
0.08469939293318038,-0.12849317065680887,0.08341385916062838,0
-0.24399917658446757,-0.16219452476153062,0.14522538641562951,0
-0.11063121815172892,0.05282530624006274,-0.028849818047804537,0
0.02682679033872695,-0.03846140944770382,0.018156465396265028,0
0.010279279371766944,-0.07204278448840085,-0.04218138111757386,0
-0.06390566094288613,-0.008572661288150124,-0.117067910155446,0
0.03337899671404878,0.07496391756056948,-0.052737149027356545,0
-0.021656672072669414,0.09959076379110009,0.07542962428685969,0
0.12401959238086964,0.03964952750068527,-0.0733532196699354,0
-0.015014058099741448,0.026667547471572697,-0.0300447989975407,0
-0.009744936150575317,-0.167923964808043,0.0022034206725611567,0
0.0009203639363107381,0.03038260893611147,-0.0955215388767219,0
0.14079169316429158,-0.2491375372296327,-0.06796990312330459,0
-0.21927830965753292,0.0055478923457273665,0.07724271233235885,0
0.12531271149004974,0.08069065189457951,-0.04324004036973537,0
0.019912148116279796,-0.04105222429618019,-0.05549839220108395,0
0.13889538994727788,-0.07908955600898837,0.19669039265822993,0
-0.10488877755326896,-0.0025697986045158105,-0.04771978242854593,0
-0.11744590846636367,-0.059588081934024185,0.09600639497296058,0
0.004646145648716571,0.1889236540836254,0.06575659746669872,0
0.08308282013445939,0.10979039967969147,0.03600605407242571,0
0.15940904526277885,0.0765235757502694,-0.22824451242821653,0
-0.06514100303265163,-0.08872269757620803,0.1931138575206396,0
-0.004998944733401842,0.05383518476389546,-0.013522091723940472,0
0.005323826748565452,-0.06991655098334047,0.2258320599219844,0
-0.049368380626629654,0.09109496036790979,-0.014730873098412443,0
0.17002329887440926,-0.19744287738200558,-0.0348180961552128,0
0.011859152382855854,-0.016351319971557293,0.17229627085721366,0
-0.12865278444349995,0.1268888677254262,-0.07950109552374489,0
0.0969718267094718,-0.006976433489732448,-0.04685630669745794,0
-0.1558931401577549,-0.006599508152057643,-0.014736130912114896,0
-0.03668527595257803,-0.02351362266084911,0.014761455124092396,0
-0.09343913314701154,0.03535581811254921,0.00862383986075691,0
0.09191080157114329,-0.30476855049583274,-0.023893551048307517,0
-0.08016079544647553,-0.1319328047769411,-0.17215895559560385,0
0.010580859167222944,0.04730627047704824,-0.021680589090212442,0
-0.012667023246608561,-0.06274382533376849,-0.09697235233640676,0
0.028131681010385875,0.04185811177062494,-0.1047064497726882,0
-0.13701002460387654,0.06180902863340474,0.006474319784214132,0
0.02011215344060737,0.06324808254168095,-0.017818196373339378,0
-0.08467858524088479,-0.08875727738236776,0.04621564299583323,0
0.08951174705080263,-0.2180093311022521,0.19125445413608852,0
0.026302374873246843,-0.034284056694833226,-0.14142105892530282,0
-0.02747257683364268,-0.11081199165784417,-0.004414260541900144,0
-0.0743081938464511,0.030664962874275937,0.0360414109908878,0
-0.36291131016099987,0.04872114475476133,-0.12269261675738562,0
-0.023195202667302534,-0.18704298364774352,-0.08946333630551952,0
-0.0779400170853982,0.013007358655289398,0.009604037062192127,0
-0.1550580410578333,0.019324329312240488,-0.07939388434508582,0
0.12328311876984528,-0.06964322375430178,-0.16379546621288213,0
0.038301686474225674,0.17437110676044576,0.010412134337895907,0
-0.02742820141496402,-0.10052276735789273,0.014937209778948716,0
0.0028411387762127924,0.03303148729403045,0.013527542345574062,0
0.06440866363152024,0.06133025876793265,-0.2818369832102378,0
-0.04030248261148299,0.118113807121382,0.1609067882313995,0
0.12377895091867197,-0.04634758701597716,0.1297086554568944,0
-0.011409741528578052,0.12197109784389343,-0.1495003044943389,0
-0.027397193700016455,-0.08613518300421855,-0.08280073656163478,0
0.013725291492441683,-0.055542860456572654,-0.038893516091024705,0
0.014010483016652253,-0.04136158128920131,-0.07250866367744656,0
0.03878146488741248,-0.06331047053363113,0.18560002340646425,0
0.13611673273062525,0.03508161486697419,-0.010697352329938433,0
-0.15990310485520856,0.12503406414561638,4.001705013936975,1
0.07325088368954087,-0.07874367234466051,-0.05931828121162039,0
-0.07501017481690696,-0.07287417036892119,0.06575895293273697,0
0.09505225862416201,-0.01980514141357631,-0.09214348926192706,0
-0.011430484930869287,0.008516952464558289,-0.07181992384100559,0
-0.007012981231511341,-0.0034837408266126905,0.021588343468737847,0
-0.021360933885559385,0.12546756671501993,0.03166070776339823,0
-0.012120432096946257,-0.1076656586333453,-0.15332165536784723,0
0.021313243199683814,0.061492669619886454,0.00827487401670989,0
0.000729630925633539,-0.07697384769586363,-0.04175421761504175,0
-0.048502342143072995,0.01935946597887034,0.09604078935458628,0
-0.12495245015904473,-0.09170381594508326,0.035400599227815514,0
0.08988116063076317,0.19008199784943033,-0.22215243938353055,0
0.015066585451791605,-0.0061854204242023265,-0.0343002224057271,0
0.0895800746915138,0.07809612543309169,0.18551052181791805,0
-0.10495358135305018,0.006320040704351321,-0.063804078871995,0
-0.028851926672194373,-0.09244265401195782,-0.05897834178852201,0
0.12199609511111097,-0.2377501070374508,0.01970423159506622,0
-0.13092845618750099,0.07982226392265343,0.06683706775937125,0
0.0633562104500667,0.021936056625399034,0.11891763137478183,0
0.11286658755563848,0.018792998521592514,-0.0834765995091571,0
0.06256361529719523,0.0007050503455988535,-0.05814247903851945,0
0.057955412669352405,-0.15619301053896123,-0.08178246027058207,0
-0.12566625111009486,-0.0009740077631120803,-0.06901303882993615,0
0.016431580891688603,-0.04617381050287621,-0.07675137596795556,0
-0.035992859983076705,0.20775011340106522,-0.05756147947397705,0
0.10905042787845656,0.016380398307181465,0.14894892373165536,0
-0.1342662164637205,-0.05965548848651297,-0.17387752686980762,0
-0.04808125624012587,-0.002055277081076904,0.08220495196244193,0
0.06913579886304143,-0.11795220013739471,-0.05252284016335047,0
-0.06867278469558477,0.025364672697880276,0.024608965543589503,0
-0.027208329311212028,-0.12079884963383954,-0.030022415250830655,0
0.15140034861354335,0.028557056627045954,-0.025870929701992326,0
0.05425091290320758,-0.030657887468284663,0.07141081117804964,0
-0.04222873672130172,0.22310848629786906,-0.11711178217463446,0
-0.0060072207322459225,-0.06694502091304079,-0.025112887499080208,0
0.00044589656692915216,0.06773627365281033,-0.02222252123638622,0
-0.021903397856135223,-0.20319840455929716,-0.07042394444936016,0
-0.0568533744858453,-0.11985688928766894,0.2855695831671596,0
-0.12286894930883621,0.16047929295279914,-0.015580743391078351,0
0.04510254095538887,0.1951362470113987,0.07881644393545179,0
0.14419892205510418,-0.15516373275443945,0.042265590623022896,0
0.02464943514007179,-0.1408536293071423,-0.06959129077401185,0
0.057570679416595355,-0.02899100813030896,-0.04631656799572198,0
0.2717068479152043,-0.08647985074690238,0.02820235912015769,0
0.05611013423109882,0.0957294738216923,-0.08978143248715366,0
-0.11745980539646342,-0.14382989638427418,0.019481566108440058,0
0.032779976481806826,0.1272868820523483,0.053795835582975474,0
-0.0025860277653439318,-0.04287166376532301,0.09226586968900506,0
0.032986484989023006,0.024482410621363956,0.0032143316725109583,0
-0.17056102978655885,-0.03633628268192838,-0.044938467657375324,0
-0.10924635315486603,-0.07728305819579769,0.18900757040806623,0
0.0015357659329980468,-0.0990647405698305,-0.08800555297798981,0
0.09976156601462519,-0.06550847881870038,-0.034863266845712844,0
-0.1675040762531428,-0.12803915710708022,-0.0009098857267443292,0
-0.1771158917131484,0.15602299187921975,0.032478797772779074,0
-0.001809771429375528,-0.0728976504693529,-0.0870727327294477,0
0.049501189046315605,-0.113833947953723,0.08208201141897148,0
0.17392433302877075,-0.04857468133427315,-0.20295337864241172,0
0.06515446426445536,0.15479316298931955,0.1306071684189408,0
-0.11457575685693946,0.025525983323011738,-0.040963594330953895,0
-0.004721730882668872,-0.19836172008232036,0.006541563842922947,0
0.062062626723582585,0.13983938247272296,0.12656852304942154,0
0.2839229069135322,-0.01056555313270905,-0.07335940482340209,0
-0.013202991766568827,-0.24458991730417823,0.05414847322718467,0
0.012735343019235469,0.029555581146896888,-0.07243105892746494,0
-0.050331421610964024,0.013199966616533235,0.004267766968929382,0
-0.013861398512550041,0.03282932318537756,-0.028272969326048576,0
-0.028287102764611372,-0.014816824143213496,-0.08398680942973284,0
0.021705522847483227,3.8922207271519,0.087995437796547,1
0.04073972622341107,-0.13599472654700206,0.16072667325463352,0
0.0374549982508564,-0.023617914932700768,-0.025783675044152823,0
0.048251896904836035,-0.028019532931108634,0.05161591858438999,0
0.07584267080811424,-0.034885507790393254,-0.13587329430426884,0
-0.0896430972432204,-0.06198123481631055,0.00455514692250954,0
0.045966115362930854,0.034688076613136755,-0.13253722654913566,0
-0.0031333955540234167,-0.05421822180007321,0.15472059090113188,0
-0.053722672576217746,0.09321782470821396,0.006530216549890633,0
-0.06275621540686743,0.04163151021951184,-0.06036919378561554,0
-0.012656603154376415,-0.28425486683929313,0.09177866759972268,0
-0.01545942363708574,0.03419271167007908,-0.04818578620547821,0
-0.05086817824322126,0.01760855598475416,-0.009745197245852986,0
-0.06551574464975626,-0.2160782050696316,0.0006878519106284828,0
-0.015258045008557257,0.000382702550863353,-0.09301863259157477,0
0.039006227254801774,-0.06569855123500434,0.09374003798190994,0
-0.047768589441381015,0.05024714655739024,0.15703820884063913,0
-0.13615482271684834,-0.03510701750020342,0.1011631737420265,0
0.11530645432314138,0.036488805629927755,-0.08163082396455477,0
0.13158733723490038,0.0801179382102921,-0.031472756960607744,0
-0.06646568217677859,0.036948371463052285,-0.058765558535015805,0
-0.04540321675230811,0.022827715551967696,-0.0667054641167484,0
-0.07839265915880494,0.07189643471955302,0.1468202069624395,0
-0.23252450330825605,-0.0757780439382528,0.07892854970267318,0
-0.021870428583153002,0.035278283439417635,0.0414171560465772,0
0.06033578693942363,-0.06157992361189583,0.028548220291180433,0
-0.13123502820042282,-0.041151966751665325,-0.10517426576579601,0
-0.01824131941666025,0.13073066033810096,-0.12987738491311027,0
-0.08533353571263999,0.10545646078201493,0.1506720210988106,0
0.20952310480416694,0.12248269168517806,0.0347854471790627,0
-0.10455275660971751,0.010772299668562827,0.002990786835031,0
0.14789378676390247,-0.02588607951564458,0.08560457190003512,0
0.1536009511509963,-0.07119474284639456,-0.0853077246634094,0
0.026545391099358474,-0.013249603793609031,0.010872963761338348,0
0.08993463059819384,0.167168995935779,-0.10725805860123504,0
-0.16503766979462253,-0.0549607224976006,-0.16348235513191955,0
0.2045841570746354,-0.21028213814003457,-0.13631557435612626,0
-0.03621200646974728,0.23778821904173061,0.040903392284665274,0
-0.03828466639929181,0.010126427539138259,0.012378557001327025,0
-0.06400491458789218,-0.009831082729105604,0.028957067564755856,0
-0.0207273898960193,-0.05137220280902353,-0.001186831985744771,0
0.002123040135276848,0.013000320968909504,0.017863737452616487,0
-0.0556641709823755,0.009142256771025077,0.05769288746343975,0
-0.08546906463366734,-0.07454856079250564,0.07747166233852039,0
-0.15912713004941545,-0.09514682466222656,-0.05992544416569619,0
-0.1451755152786036,-0.04258558755593758,0.06228477127106738,0
-0.11203362254511709,0.18657371199002307,0.09760435964419736,0
0.09871752514854171,0.1067676197477918,0.024049755788878132,0
-0.12876623484200983,-0.019551657917397068,-0.043944794105566946,0
0.0023540617604117142,-0.019106601242801183,0.015185118128913941,0
-0.15247397095883375,0.08503462117725001,0.06503643583634261,0
0.02541656427325022,-0.01929231920047087,0.16676531093976193,0
0.030779920665460654,0.06123258783350223,0.26870220733644556,0
0.01771398247590702,0.022408230045378594,-0.26671926239964355,0
0.0359280098708433,0.09234652046024779,0.08474290443319991,0
0.059823527455342744,-0.044782917544956925,0.1409424824620708,0
0.022945118900777134,-0.02213292748402919,0.01039206618320989,0
-0.09029777329792145,-0.13555436029882528,0.01205084604333836,0
0.12434706353543788,-0.08394797620022537,-0.12448218811315709,0
-0.06276011978524597,-0.03402620263451658,-0.14722060422060118,0
-0.0511034970700329,-0.170964977328114,0.011346698508916933,0
0.12016592801607183,-0.025921524130858825,0.05166346241008714,0
0.04020316436885044,0.08133418689487192,-0.01815259377453266,0
-0.13149453878489337,0.07277973566713405,-0.23633064121378888,0
-0.14095824458478096,-0.10891345264626236,-0.05961227461274962,0
0.16788402672899078,-0.14265322938949815,0.054120873149315143,0
0.042979877006806305,-0.09881905107019431,0.17525759480237085,0
0.07430761049507344,-0.10267526212795958,0.029437381443661655,0
-0.06880285216939432,-0.04938839593338469,-0.059488653037939265,0
0.08962459909836502,-0.006321472285274708,0.09838032826357124,0
-0.06164201843078293,-0.027522067877866666,0.09484821282284725,0
0.08928242989722397,0.0414545865394981,-0.09990804515851565,0
0.17926943109457688,0.11104763518408507,-0.11166345708736165,0
0.07646140925713718,-0.06548626783485094,0.07459710269440704,0
-0.200108608982363,0.07809161513104214,-0.059130611811077975,0
0.19604151963601155,0.21048817173609358,0.010124430944324109,0
0.032302434068931594,0.11939637514504542,0.04147759733791703,0
-0.08780398635638886,0.1374465089427207,-0.001569089045159633,0
-0.09582815938803861,-0.01599629652262678,-0.028198137441579382,0
-0.07709562865044134,0.013501589662673542,0.026115408791275253,0
0.051042216748735963,-0.047879013151123,0.054928085302040575,0
0.11653031813887156,-0.050719204851657644,-0.009242736099115896,0
-0.02033778440608488,0.026730096863294292,0.07796794877798756,0
-0.0806533684001928,0.20330442041692875,-0.015118527127421781,0
0.013048503911606474,0.0927071032552769,-0.06997195769904042,0
-0.15434367573868035,-0.07412940040719278,-0.008831379087695292,0
0.043140592450799944,0.07989831460227037,0.009307359913672434,0
-0.049836196928638964,-0.004409456786924751,-0.029312406062705066,0
0.08368986639304063,-0.11118946446232864,-0.15365148328153871,0
0.05768635020106277,-0.02155823852956487,0.0039522830298501805,0
-0.09668352805917912,-0.09279403028435795,0.07151994229963818,0
-0.024231593565036263,-0.13620308266478612,-0.007694987547639354,0
-0.04067316681671133,-0.053835251522267605,-0.08135758329521942,0
0.03367925015552253,0.05731331306702771,-0.043496690485676316,0
-0.044911537716746844,0.03294455558329798,0.1379874072615673,0
0.18437229579120976,-0.018078173575591303,-0.03994789430738437,0
-0.01410349138168602,-0.0477452039543081,0.07203397767531043,0
-0.023134002993472978,0.025766146846798024,0.29460223570468363,0
-0.130009086796914,0.052520695507299736,-0.0033562435938693253,0
-0.05360172175320321,0.13112271562971223,0.014255912326452805,0
-0.055302987299517506,-0.08141703799956146,0.07709979675867883,0
0.06234430229845866,0.09714477408520839,0.12389755799261928,0
-0.045125718678285666,-0.13728933783862168,0.13127014480545884,0
-0.025349484919897525,-8.621483767457475e-05,-0.1422384396781895,0
-0.039254187967286164,0.024718495548921554,-0.03228217562175011,0
-0.07358545651592253,-0.07268493184031412,-0.08967467696131123,0
0.025616040997231422,-0.11196123806551656,-0.008662610048848097,0
-0.01996364226672423,0.09172398047784935,0.0941405603277205,0
0.28118449100940146,0.08376805689713401,0.11020076519434685,0
-0.018677820114688905,0.10764263973664907,-0.05602954130279182,0
-0.26619039419850465,-0.03709523366048158,0.07821010307449196,0
0.02094042587744558,0.020580408964911825,0.039176001012414884,0
0.13213289339060802,0.01282922715049027,0.14224843578923532,0
0.07706864467689196,0.026709743361685825,0.048133762401891794,0
0.15585627055157783,0.03945938439641011,0.1204475948615801,0
-0.08283496824477338,-0.046845724656012,-0.11526432858257163,0
-0.10083867795660457,0.1818828572155701,-0.014638234332944587,0
-0.12565862954408277,0.074817316735711,-0.14069741020339147,0
0.007096776246220446,0.06797781776607129,-0.04671979557651788,0
0.07301398357095966,0.06075796084001859,0.09606950963495782,0
-0.019252573201962695,0.13096822370481354,0.06256896991475806,0
-0.10727715435417945,-0.004097114060065086,-0.10705130555299147,0
-0.0897024983585161,-0.11527013668955857,0.019828253209862395,0
-0.12258362979426561,0.18526756893326904,0.036477562068620566,0
0.054644356540137065,-0.12399940644715679,-0.0479440691326356,0
-0.00677157972049567,-0.10550978567198409,0.05514963340797492,0
0.013664929804969458,-0.04255097634251403,0.06259154512799212,0
-0.12905310483534516,0.008593248156569132,-0.12721110156163673,0
-0.09842293531688164,0.07833277299299264,-0.011123117561318244,0
0.05910622179903752,0.055392093221344176,0.05215356955246443,0
-0.10640007556339015,0.12083214998312748,-0.12104970295825368,0
-0.09387158634507667,-0.09417243154770892,0.046596328717637844,0
0.020894669823657484,-0.018391147972019746,-0.2594664250186694,0
0.011261965821644175,0.09756835765654859,-0.06571847997164708,0
-0.012964376640550319,0.07914315777708722,0.18238796498248885,0
0.01820976128586923,0.03476695699940342,0.030291723336947303,0
0.03293190096163381,0.013849920783056541,-0.04572691589641564,0
0.03893419842185935,0.05711347997363771,-0.010882742325111775,0
-0.07857702855146827,0.06153133172708765,-0.1498717824074752,0
0.16541113224016843,0.14579393615464112,0.02243046887308231,0
-0.1147466179610845,0.16971922892950522,-0.1515442673964691,0
-0.053829554121537775,0.08799116889792374,0.07428981849113987,0
0.059295527967039054,-0.03376754489504432,0.16778187216409787,0
0.016810129998143453,0.010059040546341803,-0.037207779542566204,0
0.07255605212684682,0.18715110112196218,0.09937068707816951,0
-0.2387050986535364,0.20158239489333038,0.05645658900392486,0
-0.09596360907316834,0.06918621242429032,0.02932899797719677,0
-0.058157571073065274,0.0797248914381925,0.009830461959663559,0
0.06287249302041034,-0.13162816575585393,-0.05613390569655924,0
0.038985342384283896,0.06063072334293118,-0.12595944370263942,0
0.02222258046456937,0.03967271575589143,0.06707738431931633,0
-0.07071248379560734,0.028187908491785558,-0.03934922482713686,0
-0.0049512874455697195,-0.04919054498343623,-0.07948833976559662,0
0.06731566894802,0.005572289032276891,-0.14794043630723705,0
-0.0663124926129921,0.04964860073712798,0.093366378711748,0
-0.07019864429022331,0.10057742685414806,-0.21335243093137468,0
0.03116915587010931,-0.0022486935896304868,-0.03825965279568805,0
0.014945789185751613,-0.13885735398278123,-0.09009043338001715,0
0.02568297126992583,-0.1538761372568794,0.0032216418954141932,0
0.060078068729709715,0.22703410599636747,0.00813231445006584,0
0.035110572947284084,0.0306006036198794,0.051989691143711186,0
-0.14154999496146728,0.2527533866375912,0.0679224871844333,0
-0.025372785196428622,0.04218593401125032,0.08227463509009057,0
-0.011515973203233625,-0.17386722167643245,0.08976244461885488,0
0.12336330498777476,0.2074762595180768,0.11149328233796943,0
-0.000779048624431,-0.017735257564687825,0.02918240171925996,0
-0.07162511200824376,0.14376030279943566,-0.04376695389216285,0
-0.13037881046794952,0.06833078902719887,-0.11693277485828923,0
-0.039029371690400806,0.01849718656285652,0.16246573546512835,0
0.2418912985515311,0.10678885204491664,-0.11334364183239475,0
-0.09965125514074014,0.016360145734379904,-0.1441400972079578,0
-0.09062887531488978,0.14125170393540026,0.07302798944599548,0
0.11444464684090588,0.04353234368614032,-0.04978319893872929,0
-0.047328588894422485,0.14083660229203396,-0.04024305714822884,0
0.00335876879553265,0.09668604180679671,-0.06032407242811727,0
0.018379076855002414,-0.007502306417238921,-0.007575845906854692,0
-0.05699404847549501,0.04684263659812488,0.03553203320732562,0
0.06299143551464757,0.041356500312095486,0.1050641161435078,0
0.14097365883243568,-0.0255034574056208,-0.1358439080731509,0
-0.003190665442459951,0.07171880733456773,0.1612624816694742,0
0.09074015976780292,0.2011527469722122,-0.03526633227404879,0
-0.2848898520357543,-0.0039829646449923385,0.06160684837723887,0
-0.23173836581796162,0.14825491016557366,0.14161287521651172,0
-0.11488460387439306,-0.07684848605043573,0.037401849797692614,0
0.005111518034416378,-0.049815017334027406,0.08771613404908106,0
0.1488261305938992,0.10204492768802438,0.025600981246702004,0
-0.07536598264374615,-0.0712920653452239,0.030192443292441275,0
-0.0378616857504521,-0.05951854867684726,-0.07735632531354968,0
0.16911291906193593,0.02703474522823586,-0.09928028603032814,0
-0.22931180540789187,0.10325664642304162,0.12712683350603765,0
0.01183413630909455,-0.08437750017878942,-0.03137018628821566,0
0.0234203514532254,-0.02530084125115938,-0.030875990561565172,0
0.015436036616351609,0.11883408921253934,-0.023640843653784046,0
0.003723508645379929,0.08005789698204108,-0.09296667859923677,0
-0.0737786759249932,0.02217309513506015,0.11773058001010879,0
0.13434809849786142,0.0736341429476971,0.011138323005733653,0
-0.1393525295682195,-0.1487257374864611,-0.18826143705072368,0
-0.137725078966684,-0.003588937528643823,0.10503412568037979,0
0.07310967789578511,0.006890143582889446,0.029145291254771652,0
-0.16999029792177184,0.025809670731748627,0.027583413277087573,0
0.12497129540691294,0.0882918041322309,-0.14811076997512387,0
-0.006584589954476707,0.0433681361602862,-0.019597251914058013,0
0.08794952135658385,0.028941060270582287,-0.11897290217594314,0
0.06823636806682627,0.027103652844583093,-0.031784260167329235,0
0.05409794549264984,-0.09606122944571073,0.16661649552084432,0
0.06618564095979723,0.03945910346762077,0.12408781858806597,0
0.1074248752564543,-0.03631088776373898,-0.034252309275674346,0
-0.04712655452055187,-0.04899171372302387,-0.048229045688893996,0
-0.02954546351172876,-0.1285498799139491,-0.10429193686695588,0
-0.06786023315030032,-0.003033970815085235,0.1353812975410823,0
0.07801628274069836,0.049365132584179794,-0.020379212631077656,0
-0.16337551231408456,0.05104533343630327,-0.16041296506182667,0
0.10326265255777355,0.022021662602806608,-0.08819694606722511,0
0.018666828539178983,-0.07243157165570749,-0.0638482433792229,0
-0.027826590846771655,4.111153115144492,0.028943200098763857,1
0.05235750709392202,-0.061044795937664424,0.0940633601747363,0
0.026282879199377236,0.03400351531816011,0.061604093779737835,0
0.05812375015295526,-0.0453438077749097,-0.06513678871090299,0
-0.07553212687065558,-0.13037651605059933,-0.12374784455085613,0
0.11898829340970132,0.12284458362522316,0.06192900264814281,0
-0.03880886646405153,-0.09944210847524716,0.007424255562948153,0
0.08032858341998667,0.10973029930318356,-0.05929288078157742,0
0.12396137681816521,0.11825023186439361,0.05762610797252158,0
-0.12048705374873794,-0.11405066014275192,0.23008999029295207,0
-0.06744387498180578,-0.032167730148296374,0.01743232056015058,0
0.08129180861923051,0.010678603481002996,0.019030536685650898,0
-0.15720247117719335,0.2434740625568725,0.10188106034699246,0
-0.011119417553170129,-0.0731973451860643,-0.02863000226913528,0
0.032425482789050636,0.06861630604222618,0.08915741846924641,0
0.030917663057063196,-0.0878263303259899,0.07729772643235171,0
-0.03229737700543596,0.07795732038810808,-0.17689037121900164,0
0.16792410731202223,0.07031645694084655,0.06684202119366549,0
0.04446109730414039,0.19648457830660926,-0.04530092592408244,0
0.18810729585397457,-0.03717240534433198,-0.017685240489106083,0
0.047481618116360154,0.014158694574841793,0.15827546562700634,0
0.05220179484197253,-0.06898836638232657,0.19014049843072375,0
0.09773284265333834,0.01914816654389168,0.08246825770949628,0
0.0820541268399733,-0.04687407293371861,0.06609079232015448,0
-0.09187698708949431,-0.18831298222793455,0.12066236111062208,0
0.05099215322449191,0.1081449643764133,0.012717043955720993,0
0.020311586135198192,0.17493315606008575,-0.016215032161227542,0
-0.15076815564535315,0.08293481758307208,0.10176321056609505,0
-0.016760734599950967,0.16556075008890392,-0.05365488697491977,0
0.08728686633768791,0.0654332571173699,0.0804894463460632,0
-0.06343671369380474,0.14259775141145592,0.12940911064499805,0
-0.0004487899004808712,-0.024145714278399164,0.016045379662858454,0
0.055382461947570995,-0.0659570278514378,-0.1571237500596176,0
0.17137419555590944,0.1592605852291039,-0.002684329797189282,0
0.06877208403210959,0.07655627035841484,0.031638257987938095,0
-0.04511729938255221,0.20306436841291353,0.007825045379635394,0
0.06628375166545801,-0.059254544072412964,0.028158576874783865,0
-0.13263360098179092,-0.04270731129605951,-0.0003396461440791802,0
-0.07420797870080524,-0.1095787034370812,-0.06314702620748922,0
-0.1055170672748868,-0.056657438240794826,0.03523710628591349,0
-0.07908169409012568,-0.02877902668227408,-0.11902507830294472,0
0.047805657975102,-0.06581031795386817,0.033426837436380356,0
0.21900703414377054,-0.15681404251733067,-0.020462499130349945,0
0.11101248119383463,0.010836560009139774,-0.014637493008838527,0
0.21428103564483814,-0.13533588866749313,0.03626026708716781,0
0.12557190810030644,0.0667978262389449,-0.0405099002307637,0
-0.017599252487779864,-0.10846296910679931,0.17001375630317284,0
0.092414729234571,0.19012448822961303,0.09212367700524819,0
0.021835369838642912,-0.05792948941238815,-0.03045849030837415,0
0.11753993615525596,-0.004230040217453164,0.06901011088604503,0
-0.06852192841192586,0.13953753461290835,-0.04398073461776695,0
0.0456781158203736,0.20209432430491986,-0.006181579162029804,0
-0.07339534859927796,-0.08317828779785662,0.09115372334699079,0
0.09842622866810197,0.0032290260724574787,0.05008587808034812,0
0.09645135872655583,0.08393432404768118,-0.12695094297878018,0
0.025936339877231925,-0.006608956100852781,-0.09828039328635689,0
-0.01882973122826898,-0.11475888308779125,-0.057631904500880085,0
-0.033525235482125326,0.050636367937772986,-0.1281101065056873,0
-0.06605007052202976,0.010237409374064052,-0.008260268497026987,0
0.2105550088047768,0.05196256620650405,-4.165887968509386,1
-0.12676186080261795,-0.06025339330219658,-0.06703241926953726,0
-0.06411299329255844,-0.13123979876045835,0.06498773968989048,0
0.008080301081440557,0.06919476741842306,-0.00743588336492784,0
0.09158185031579213,-0.040308596182750484,-0.013850230028311504,0
-0.056880127345858816,0.02550567158791897,-0.03835634534075211,0
-0.06029362138434274,-0.0768441189843318,0.11471898680316911,0
-0.08704032721731951,-0.030309196601170724,0.08959788137787918,0
0.023602976601199074,0.15933291794578094,0.09187941152329926,0
0.13283748667381923,-0.013954562033135507,-0.06479819812386686,0
0.04342451339037736,0.0273221046560932,-0.018268579396526055,0
-0.1532707787344929,0.03590746228380135,-0.22179696441112134,0
-0.0012716193861516854,-0.17402074648249322,0.04950191579308807,0
0.04320536217014382,0.017333597123278182,0.01720304544519015,0
0.02187824071833036,0.10323158617452088,0.27157653736134074,0
0.09182077493935177,0.1256321357198288,0.08516003027621542,0
0.001287879437756812,-0.1731915459802275,-0.03013498041397596,0
0.16358274883784799,0.11532349914182577,-0.010992063433159796,0
0.22577771391702603,-0.1466411968233718,0.04541486565829259,0
-0.026299194147582923,0.0072862878012824655,0.05885577940240179,0
0.08112524046986705,0.028173229751894974,-0.22210009622484508,0
-0.04223034990447524,0.08764365148642106,-0.053816932363330475,0
0.009533139581722035,0.0634508161616082,0.00292857324459297,0
-0.002605948128240441,-0.2575954449569995,-0.08852121855171467,0
0.046325152222894087,0.1159857627338349,0.16714540588461213,0
0.10647686668949158,-0.08648555315243198,-0.12585724866236317,0
-0.11866536537607336,0.08561481843532277,0.015225348431056718,0
-0.08742338788848701,0.012451899977157259,0.10524117682517642,0
0.03153804367927298,0.07744245384709646,-0.05786910914743998,0
-0.071490033773185,-0.08095992110940882,0.07999333235781919,0
-0.10500169558685657,0.0411922236288503,0.06383948257011676,0
0.24141604128622818,0.12078933927018601,0.06784589636723701,0
0.023714860730831015,0.0006546151584501986,-0.037844961525523836,0
-0.19869421917124974,0.00423893555752345,0.15327870625907317,0
-0.10579125405887922,0.08456686108071308,-0.1466916348735769,0
0.005465234936633232,-0.09515688241531722,-0.3062748673968958,0
-0.054453368186613164,0.12033948216561133,-0.0935921472824098,0
-0.007205142841208398,0.1192638713751239,-0.0246652595919701,0
0.023034666435823047,0.12597871294008883,-0.04863018995745712,0
-0.1703810837509436,-0.003687573959901381,0.16169519102277813,0
0.1442658441078928,0.04612230891196378,0.04352431173115263,0
0.06538393520845029,0.03616339558774059,-0.041613310040732654,0
-0.0456103268305919,-0.18148046732353396,-0.07033959110017309,0
0.09912561507605001,-0.24653833737307745,0.09718052349205458,0
-0.036481147310776556,-0.045871840216591304,0.060108446759243844,0
-0.13380207770523697,-0.04199201734465494,0.06298049453257769,0
0.1271601323724915,-0.07104627271348263,-0.02073155460865345,0
-0.07404693067249271,0.04571333284881525,0.21421534436421985,0
0.058411801378066966,0.1060773562888932,-0.08197026913128744,0
-0.015377850085024073,-0.0905132093478661,0.11752797667729134,0
0.03317127432835736,-0.010207866784190597,0.17352678049795,0
0.16053408726740281,-0.016388596447566097,0.19544198113014513,0
-0.10924329612821644,0.014571690365473542,0.030745852978120353,0
0.053034268672925336,-0.027924799064344266,0.11314720091469184,0
0.10960024870863434,0.16562562606772627,-0.15689001011124304,0
0.0974690694851793,-0.018939837471699635,0.007744641160225512,0
0.0550452434511872,-0.09425613087220565,0.10980501791136975,0
-0.22059867270417532,-0.0579477702904799,-0.14345468294696567,0
0.014253361414521482,0.23989652647788945,0.08849038854743489,0
-0.04614220786706946,-0.11081721983247778,0.03973134462396398,0
-0.11538202184240175,0.016214497995737237,-0.28442245635329483,0
-0.14898531118306094,-0.16632963416205676,-0.05809184690208853,0
0.056517858246418744,0.057270753442723636,0.18647944002380848,0
-0.007998004536714051,0.18205095297225496,0.10556431666658926,0
0.030110083715382846,-0.1626742988568688,-0.0725698003634858,0
0.030383518411177986,0.09826075449981536,0.08785713423088513,0
-0.13674504872810353,-0.08834268139155826,0.10981084190389977,0
-0.12367537341203334,0.07679808256504421,-0.06536735886158772,0
-0.043732531869874906,-0.13713279618814098,0.026704187196593645,0
-0.11767814983987518,-0.057687230127341865,-0.02423681570615633,0
0.02167093173747215,-0.03530239661600983,-0.12447090083656216,0
-0.16152647913516027,0.006663319530214137,0.10267300688730503,0
0.08838795257476882,0.1412140475097476,-0.010442434173252722,0
0.0703527289376739,0.0010098374161276985,-0.04002999022560582,0
0.013598835875504943,0.06632153050017957,0.11457013071414719,0
0.20089841693255575,0.005434638588234149,0.056663143732796364,0
-0.14419765580367913,0.040850731976952055,-0.051728425079222755,0
0.06721974027434456,0.006392257301423574,0.06165674340150006,0
-0.10589452393919903,0.08728839330908142,0.12285143348294908,0
-0.22496684685639737,-0.02462104055190527,-0.19447559662580935,0
0.0627892424628265,0.10366092931507612,-0.03616827202768182,0
-0.09410807518891487,-0.005788671304841753,-0.21723401802296094,0
-0.03328443317402707,-0.0837923611567464,-0.0937960349899894,0
