D1,D2,D3,Label
0.08207790129836008,0.19193395811919334,0.1000222297150575,0
0.05196117084458676,0.1846569154140888,0.0061071849439663815,0
0.2843060264987226,0.00037294906748088516,-0.02994711478651535,0
0.003170860831785874,-0.2021090318771857,-0.15857094480431155,0
0.1360964748118803,0.0870893523329392,0.06217509408300775,0
0.31840743348344297,-0.14315853770187226,0.08669273179705589,0
0.10281820820017931,0.05977434510980287,-0.06756718525236571,0
0.11033160936201863,0.08923720492277738,0.12282102458734859,0
0.12058581114599899,0.010193988095839351,-0.030629803314403473,0
0.162870796752403,-0.04715075096680268,0.06104139282589399,0
0.10722709846622272,0.04746675232152067,-0.005836675005165141,0
0.2463533425962965,-0.10734894982060861,0.06557857527416439,0
0.07141046585473243,-0.040148633069384265,0.06262982300652829,0
0.0700370752035222,-0.0011892616017204875,0.0019557999464385185,0
0.2726933446229083,0.007522125047209379,-0.03691506354450612,0
-0.013456155072409937,0.03597893282507666,0.08153851759161,0
0.04952702335379031,0.10948501072614868,-0.07368365271973679,0
0.06118060005011168,-0.009741453938001762,-0.07883607113950207,0
0.10985876364510741,0.0432349263852988,-0.04553558105165212,0
0.05381531646463897,-0.0071704766304782515,-0.1449263639704593,0
0.05419345244642046,0.0836294552637397,-0.07961862077655818,0
0.33481245714727764,-0.031228135245347816,-0.2020562885156798,0
0.3200903464608913,-0.16392081138302117,-0.021962345550083917,0
0.1511035564970909,-0.009376010311434632,0.054114088242572,0
0.36844380873679516,-0.10230663575578554,0.18203799124581332,0
0.4913135357459728,-0.012291655642796077,-0.16228809358298413,0
0.26991028350350993,-0.03018197920693684,0.03814656620777945,0
0.3391130830081426,-0.0029687562560632083,0.01897152861447919,0
0.33447939925732045,-0.07550769389983131,-0.016414704604390037,0
0.40168915859018683,-0.004255523724518435,0.09810480150044053,0
0.2534782115881255,0.018561620521188083,-0.265669172425917,0
0.16789762259613944,-0.00038849380082860754,0.1065210858032225,0
0.2838652884087635,0.20840978872272428,0.006559952630486892,0
0.5049722940367902,-0.06570338621663793,-0.02596047652710459,0
0.5965652904912679,0.1079207706514713,0.0002445502658934146,0
0.6805174179383979,0.0018775636189168545,0.06974160627402418,0
0.5118208494750395,0.0253429506691778,0.056253365791076586,0
0.4843995168315249,0.006441499002535139,0.1409198564038866,0
0.4546464783494393,-0.04840826845057226,0.04177312853158113,0
0.31192453675160864,-0.04753851045175177,-0.021133445385079483,0
0.4466817508710729,-0.08157755397129271,0.1320226956936695,0
0.381822309310173,0.09179511742163987,0.020169280989620335,0
0.5012833274435821,0.042412115000361766,0.025043075109733765,0
0.42971140493525234,-0.07625906162129528,0.2091163482825357,0
0.3331596386204191,0.0750121667524135,0.02726135298548802,0
0.4991502529809443,0.09820985283933431,-0.04077367075819316,0
0.5017131224404312,0.09432533582825936,-0.2091244575965787,0
0.3662430417551982,0.08387389849496471,-0.05777285604417925,0
0.29500958288784385,0.001657531541366128,-0.2076804190214388,0
0.36519386273855386,0.1197271086892544,-0.019006594949636628,0
0.45066968347475916,-0.03221869452199486,-0.11676879699054875,0
0.4340370226254346,-0.03716534726195419,-0.10818916998611715,0
0.2424251286082464,0.09702846581747795,0.01611960343283298,0
0.3056949098476132,0.2159943872060502,-0.018674876876010396,0
0.4497772665135556,0.043853560994318946,-0.020565330453213203,0
0.46501124643358394,-0.0597894207105003,0.24485138449485877,0
0.494003340683909,-0.015943184298527303,-0.012744187314032394,0
0.4505614491945567,0.012872728478276044,-0.04192808872463413,0
0.4643033148922651,-0.04457809091126455,0.06690374824139732,0
0.6379312780598765,-0.08837150969956678,0.055958434071103305,0
0.6372495072292366,0.042296118082674715,-0.07303998876503998,0
0.33161388634336786,0.05624685228059442,0.05779533429554622,0
0.35413102746999825,0.11356545694331886,-0.1666453444493411,0
0.4566504601057153,-0.10421239613141385,-0.0474852178072848,0
0.4043421975744554,-0.08371258616913456,-0.04233329375719311,0
0.5243851374655476,0.23332959191680241,-0.06490774873900866,0
0.5784320482412719,0.03149815336376474,0.1948800986056035,0
0.6974863363723217,-0.07500417313472715,0.03368979281625836,0
0.7618087770762774,0.022077111846054254,0.1254727617030522,0
0.8155947096848657,-0.12529835034100237,0.02161797755365148,0
0.6737992053697807,-0.14727003407655714,0.023343272170743487,0
0.5716550290106441,-0.0007017108200822862,0.06596227178807569,0
0.8994556748849445,0.06646695633522363,-0.06632733106766824,0
0.6340488503885434,0.09169302803365975,0.030635397343199883,0
0.648650509850074,-0.11215179506965996,-0.08902057073854715,0
0.7379462544857037,-0.04318047438018244,-0.18351489199966542,0
0.5371948885786447,0.03302971022378131,0.2372965020889995,0
0.6111405191752741,0.11670139610352832,-0.1338066315260237,0
0.6058300355022024,-0.04339851095309167,0.15348086653879395,0
0.7668779706844014,0.0017267462880002128,0.193282983128016,0
0.5042688718610877,-0.02558138367972775,0.05157315277256769,0
0.8516697555093086,0.18854754475918412,-0.06855198779268455,0
0.6420801462967247,0.17600361007163662,0.0913686635361272,0
0.6067871108762868,0.05363557764727424,0.016305835357274267,0
0.5703764913736045,-0.05628468237593878,-0.20391946398008454,0
0.5635098840894308,-0.06771611445297866,-0.06544203077795814,0
0.5198945744846013,0.05644875035516005,-0.040312819727044376,0
0.7659155295319243,-0.06355796899411617,0.013007353571383521,0
0.7670798450713867,-0.10764661274258205,0.15196560371255857,0
0.7750055654927795,-0.21035776788329172,-0.04039621014144426,0
0.6401808352749137,-0.14194351561236418,0.010319036053118692,0
0.8189827096586108,-0.03050961604695353,0.00022886654036263196,0
0.5007859082018572,0.19057567746220716,-0.10041910170359206,0
0.6035357116701957,0.06930245344402904,-0.07543099045919971,0
0.5812343860782568,0.13090574568411859,0.04000774666885875,0
0.5273951516405797,0.0007755383794372233,0.08420756247849352,0
0.6196468937224681,-0.11085648292823494,-0.08910081048648091,0
0.5774448308387502,0.19954744508554292,-0.04310286406540769,0
0.4288442195384058,0.06348943178511167,-0.020675541432509006,0
0.31685710033618586,-0.04015058149161083,0.07190457260668748,0
0.318162112886063,-0.053128270395908284,-0.047211904725158994,0
0.4691912550099704,0.11950112157165114,-0.0650321082651159,0
0.5345409849286057,0.13017891091713335,0.004835324364282826,0
0.5244056282750622,0.006811359845952919,-0.04503385728536976,0
0.4451785002458925,0.0015363315823246641,0.04052569799030794,0
0.2906181439766965,0.029879160812962602,-0.17533551075288234,0
0.41641563931137415,0.02835366337679024,-0.01881600998794156,0
0.1907625487888677,0.04567984781051015,0.12724201391209297,0
0.6879893404949633,0.13279957036930282,0.09850505368272296,0
0.21335562845059924,0.19256880737548993,0.027630755190138658,0
0.3753386193487959,0.11542641256123874,0.16325381058702368,0
0.1951720907544905,-0.1031477300480052,-0.11343629004328437,0
0.3316098674491425,-0.010259484025699844,0.041679964294391914,0
0.3952840379437837,-0.01799270366609975,0.09202713359786337,0
0.533362006012805,0.013459745290789117,-0.06011469958743765,0
0.3002504598801584,0.0696651900964794,-0.052109067179962304,0
0.4055077595482276,0.13206732575272326,0.10523668757745144,0
0.2759063251124724,-0.2504707042010797,0.05841522137797033,0
0.4033490837095322,-0.04102641212080075,0.07099036897225931,0
0.4388160507982103,-0.06831531768973877,0.00031381738107363086,0
0.34694789861809805,0.008196310644944478,0.09273019941631216,0
0.37014134150242683,0.06782750161032787,-0.027845345515612064,0
0.27231498658107733,0.06028571681985176,0.008230017040093872,0
0.5328097798161829,0.033435807962889245,0.13261749083267466,0
0.5795517324829764,0.007343311806904157,0.09854162077556457,0
0.42870228795075227,-0.009539553322407971,0.09258238949327607,0
0.5025640765842968,-0.17382276456558687,-0.1405385206718664,0
0.588565327211336,-0.07065015770536902,0.009985421494522178,0
0.6043918353401455,0.08220230142873672,0.016648863512590668,0
0.7461359964800857,0.03200432160535372,-0.10910255343529762,0
0.4504891676341818,-0.1032223095116453,-0.027722218374691073,0
0.4266074003567846,0.2146041729258169,0.03889291362503204,0
0.45310214605843124,0.08079999693597835,-0.054150470447174984,0
0.489127217622913,-0.08643897489715036,0.18320466083740167,0
0.3103744710903338,0.0669559601555246,-0.02066210401836796,0
0.3016112945904925,0.038334662274897194,0.0818550421458611,0
0.540405748630839,-0.012785120323117738,0.0757440676504082,0
0.580450758876677,-0.137678843392797,0.014788389002964215,0
0.47082386725287717,-0.12139832913449647,0.019531693949119428,0
0.6970668505312069,-0.06070567222963846,0.007310751063353673,0
0.6306988761988771,-0.06817286436023844,-0.004412998797074466,0
0.6532217869264995,-0.006226268006181736,-0.06319235379003942,0
0.7379454851201362,-0.0008671136602198999,-0.04760870328423286,0
0.7787281791377748,0.0013324782543953154,0.051508059552487134,0
0.6963696126638997,0.09967587581532973,0.1624396161921124,0
0.9674668759330476,-0.13597567370122762,-0.032980282109359584,0
0.8982819756802032,-0.0006356692786767,-0.021039366748899106,0
0.6843153657130416,-0.05978093831062016,-0.22005113049776331,0
0.5063501966619978,-0.08640430397030492,0.08080413255010781,0
0.8500652674916533,0.22829051606813697,0.08865634458532143,0
0.6153230451599988,0.09055584264259732,0.015457764722060547,0
0.5455856127084241,0.017048501413836806,-0.0858373753300027,0
0.5819784739172109,-0.002510145791612611,-0.06105268498487326,0
0.2623605424533001,-0.10960651768226037,0.05243459604414961,0
0.38123354211006155,-0.01466065304241243,-0.038394961072359866,0
0.40086921573678735,0.051556808897890376,-0.1039388156446166,0
0.5288110116575947,-0.12502473805140837,0.0015129295059834943,0
0.5909528740240322,-0.04305233806956461,0.06994006702962428,0
0.5315002495712969,-0.12270246257860712,0.15145767883206696,0
0.5157209991296876,-0.15345764367986972,-0.007183201270849002,0
0.27313240383674486,-0.14763981762247566,-0.034402491579160456,0
0.586825660095063,0.034847915169791445,0.09483087558509445,0
0.5261524284744723,-0.05451085357123012,0.026809884938801643,0
0.7364634711456053,0.06526786255914321,-0.031077970367685438,0
0.5064335258529186,-0.07491226228001611,-0.0037859135373110976,0
0.5353382062822613,-0.00728074144971712,0.10381335385604276,0
0.43486712369243374,-0.009056605816566097,0.11272953355468546,0
0.3100149073778047,0.14555087023515262,-0.12165576017440452,0
0.5832188637700058,0.03748540428881712,0.039998263752488654,0
0.45740585132552997,0.009310465072121582,-0.140481076797448,0
0.34207668680446013,-0.18748436922811743,0.01031794469677092,0
0.3697837432471339,-0.04980197937193764,0.07164984276815656,0
0.3368946296787786,0.15433194103963074,-0.028417529884649507,0
0.48808677169211706,-0.08381220417482806,0.08339774809122735,0
0.580967864174114,0.1581834257965779,-0.10602306926474839,0
0.47187288214452744,0.2523241742330009,0.09160632976063171,0
0.3964530026991866,0.008065482663711312,0.03450398457086996,0
0.45316480782831375,0.03230512684245381,-0.009631269818410136,0
0.4638791577206384,0.02660296993295243,-0.035784202328387915,0
0.6329962173339352,0.07039960250959551,-0.053018684001693996,0
0.3982379340146268,0.009726422246180344,0.006724401547063908,0
0.46462203217622083,-0.004381597152417897,0.045976323963761834,0
0.26084712091262957,0.08646054809006865,0.11055607449638552,0
0.2742835095879878,0.01611011990157532,-0.0331549451867222,0
0.19498339338047252,-0.06121690590018804,-0.13391863194379683,0
0.45847910481143134,0.06551953853399188,-0.06539071715817697,0
0.2893559236955295,-0.044995821976340326,-0.09666616522542645,0
0.440619857509739,0.06693507099085563,0.06533203144471768,0
0.2161454171431389,0.09514624837433416,-0.03654667675714585,0
0.27573176947004285,-0.41933590818490124,0.03981867895550445,0
0.4179382482916914,-0.0548466538373283,0.0703248827986834,0
0.44526674802808547,0.16067394389025083,0.20905553837320154,0
0.30171274942899556,-0.13761496328597514,-0.011334964894088296,0
0.3032057556783963,-0.09497883446560418,-0.15266007384130345,0
0.3339682451494471,-0.007007064936672299,0.02754101051557601,0
0.39235408605886746,0.09621243726081019,-0.011930835134164234,0
0.31656406642277607,0.016907889021035096,-0.16817470391103817,0
0.15451359727969827,-0.047297343732557416,-0.035143839006513154,0
0.028988008327058487,-0.005593867579372639,0.010627830293005486,0
0.2673567892061356,0.0446161654505402,0.029796772773415043,0
0.2582117317476874,-0.0296824781582218,0.0625235015992568,0
-0.08175962148419011,0.02084795465567624,4.000368012443493,1
0.027386531756155796,0.018677862523843625,0.12582180563296477,0
-0.004837150695428422,-0.008606633388347124,0.025654014431590717,0
0.291122850153631,-0.011562332102839152,0.029292192477747232,0
0.16151932259982058,0.06008466004031689,-0.05739899784775574,0
0.1278109572566138,0.06838672184484677,-0.016709352929550024,0
0.3391767403378473,0.08294293932920732,0.025752078567383457,0
0.14282720431847362,-0.0572822531749305,-0.11050230154560084,0
-0.01576054647510941,-0.09431342953108679,-0.014865939122900004,0
0.19540195266691734,-0.11786405968599636,0.05533225469167773,0
0.02896126029463053,-0.015393346776525622,0.003216116271419313,0
0.04889987092810252,-0.12662311753638977,0.008922671228248868,0
-0.02999210215283138,-0.12744056568201428,0.04293682261277591,0
0.06778796532212349,0.029542959068153764,-0.08431420969438368,0
0.31548042185106717,-0.030357570308946258,-0.15506796723467453,0
0.2727960498187668,0.02515608647002089,-0.05809905111221614,0
0.2394985460825997,0.09680066223656277,0.1917806549451595,0
0.3700444220954085,0.16698674063654426,-0.07317890608280259,0
0.500510770779744,-0.027325711298778824,0.09775323169194938,0
0.34532153109878044,-0.02615160351772,0.17513268122804562,0
0.3840145910543557,-0.05412875776273114,-0.03934460680504275,0
0.28008747926334454,-0.1313737797043084,-0.13022419520383585,0
0.1860472649169114,0.006872839376889931,0.07020983118562554,0
0.27988476334789963,-0.21521506411817684,-0.0012581711004727748,0
0.31508432645088413,0.07013089031235212,0.06372384650280624,0
0.008768841800291138,-0.06483726353855727,-0.0014149857690133898,0
0.11403695562706426,-0.02059303870315065,0.2708574485908279,0
0.2253085703615965,-0.08650404762984389,0.19444389174961474,0
-0.05914537094021188,-0.07520794350312396,-0.03037205551990223,0
0.17219946720675272,-0.06468972432623103,0.0378210873352471,0
0.3011549739696427,-0.053271538737063966,0.018563451230346018,0
0.007175903967151898,-0.04678331084360259,-0.03755460549670548,0
0.2680446345418854,0.023001833767439393,0.1653006379002887,0
0.3623669745104027,0.043516391775201724,-0.031997789782618156,0
0.21583159946556552,-0.08410414240134086,-0.10577267201130942,0
0.3113748479926899,0.08577450936920664,-0.08318900271719726,0
0.30032571687337384,0.12462445682804524,0.17741064127247452,0
0.178655670237853,0.03951740725109926,0.08841786822254546,0
0.04519399301016708,0.05408818119791042,-0.0014778812662391684,0
0.2418720366343681,0.11941673656437571,-0.09838649570343362,0
0.1948194463442568,-0.007100865543377923,-0.05513602109455687,0
0.23191613675514047,0.03009241004712251,-0.07877487641327774,0
0.33490825058454193,0.055085627371080685,-0.06394544565657242,0
0.34391969337260403,-0.10874680151369745,-0.10392998186059171,0
0.2207186591204006,0.005951159477640069,0.04458611366409013,0
0.2350759164548571,-0.12365618589984795,0.04769100227144214,0
0.1073188296912248,0.08573083146497402,0.06402194711579616,0
0.3816963390352277,0.02116081936583788,-0.07057401217898092,0
0.5141055282835904,-0.01744182116109703,0.016384042284757174,0
0.40961685104612927,-0.06124761181002306,-0.045179374631282194,0
0.46841142753105763,-0.05628237285614717,-0.04815018470998031,0
0.5886719133071427,0.12897049204022124,-0.1225934330617299,0
0.3552483972428035,-0.16226992049056793,-0.07758911259899343,0
0.4260254089487078,-0.04473346189362448,0.029714909433389242,0
0.28159190222265357,0.09314239566730832,-0.08996601828961205,0
0.22787692617435215,-0.00271289244558767,-0.10180543818203802,0
0.34342781667054645,0.046505852634789416,0.028715034624187626,0
0.41140415433339006,-0.18727823820471792,-0.031138033981807298,0
0.09538688637144879,0.10446270978277959,0.03010815671112261,0
0.40262471275904527,-0.1413879401246992,0.14473531230237174,0
0.2773303311933778,0.13927337376017082,-0.12927329757112874,0
0.5237414691523286,0.1868849462652164,0.07051558179504686,0
0.2837135650318939,0.17472996816366979,-0.10615816997597267,0
0.5192648699806397,0.026932469085042123,-0.027756673742612523,0
0.5287825702815414,-0.10128136788529277,0.010951970000179648,0
0.523864061829402,-0.06016478094249439,0.14563561620391102,0
0.6344892377168323,0.11687268380364746,-0.01511798117355257,0
0.6000188347850255,-0.06958898183965154,-0.0284435092563501,0
0.657437732486718,-0.008396061175773628,0.08890824730189686,0
0.5451222976490591,0.0322222683661454,0.08118103832132617,0
0.5453148243710189,0.05206518047843527,0.17681202517806452,0
0.669563111056191,0.07672568983429157,0.06345946280376392,0
0.6787641889303406,-0.004261654867601786,0.004481591439461543,0
0.5985776627721302,-0.07728310860868069,-0.12945904142532805,0
0.476335544538866,-0.034369154851000165,-0.13397354645131787,0
0.598777560266198,-0.09665726161564395,0.3109071050400835,0
0.6047849127450206,-0.004329986805834082,0.029093899759802817,0
0.4686337287620621,-0.015677393754650628,-0.1333626090319906,0
0.45492758032935404,0.014398386761858504,-0.025727896038231102,0
0.264400338237829,0.04479910737754689,0.05857342549499315,0
0.3463270796033246,0.10357024465783973,0.09468105484742578,0
0.19910620825015027,0.08814607060427994,-0.04448980700864513,0
0.030535884599057317,-0.24856536662306944,0.15986006056927382,0
0.26605608536301023,0.07127507030857301,-0.11881190686209848,0
0.34852645544589217,0.11033832646970465,-0.09662105406902718,0
0.2768770241496458,-0.021866427534801457,-0.08487088599974854,0
0.1996792205101958,0.1520899346384643,0.02669326959718249,0
0.2196078741611203,0.1277423442948193,0.02766923489934488,0
0.06602181368784554,0.02416919611980234,0.1655764588530385,0
0.29605612122907166,0.05834750982681413,0.085040947266521,0
0.13688663472222132,-0.06100592311036294,-0.02379448711340045,0
0.3110977729231118,0.016732238745422068,0.16600708091554417,0
0.2822320731765041,-0.21152363479272693,0.023169557750333233,0
0.0546706305974036,-0.07934078179458559,-0.12370463113443904,0
0.18602385538121818,-0.11468169506267079,-0.1467677305455241,0
0.09116038575296297,0.11493205422218165,0.11736403509052827,0
0.15320563022838599,-0.18841826945983547,-0.038372289503300516,0
0.2624567504955082,-0.04539783095507824,0.054654840446967626,0
0.14263170739149403,-0.1395011101273459,-0.0272839966107237,0
0.1246803116967651,-0.10594649255350282,0.012070983542284197,0
0.15343589762505555,-0.18152291363910722,-0.010936718372061022,0
0.1377088882584329,-0.040052450053975584,0.14325947666981817,0
0.29362137141615213,0.005124047846725162,0.0019112532011732472,0
-0.1345270015411013,-0.045868815307658115,-0.1386856635447311,0
-0.19948580254930562,-0.16741085054370206,-0.08884552995195791,0
-0.13748079616154443,-0.054500593850229574,-0.038692988269376366,0
-0.17938938820189765,0.09390809454664566,0.02500976035293086,0
-0.20897942271933,-0.045566167648434935,0.3095865827425402,0
-0.2176001963981958,-0.016541557538824418,0.026627117652177373,0
-0.15820078686624744,0.25378385422085753,-0.013760232093555952,0
0.01991623212363397,-0.04659076029917347,0.0009174948019159085,0
0.008411063300536318,0.06258414667624373,-0.05631348094531291,0
0.09549754334722094,0.024415791503117776,-0.11445772477022903,0
-0.17939698450340696,0.21550434095156593,-0.015370354641817172,0
0.0612210284248951,-0.17249745286610882,-0.025239764732430555,0
0.007699262871667389,0.04437474777574046,0.2125111581108622,0
0.10564944980362297,0.046218612526970605,-0.028417297336415265,0
0.046913675727350196,-0.027915217210075418,0.038321078062855285,0
-0.014747455865782338,0.06750236354776869,0.006897169759777513,0
-0.15043350780460868,-0.002269460540895473,0.0045587200734445036,0
-0.03070845371858632,0.05349114332564145,-0.11174573102078866,0
0.04262310589060179,-0.1325720110574646,-0.0708711254254796,0
0.051553229894265654,-0.0811741485049376,0.01697933953874203,0
0.1658953526943957,0.04501647560987915,0.08618534548708458,0
0.001336906948889216,-0.004903257635608939,-0.13092852452804907,0
-0.0752373454734592,0.10215682607763087,-0.08823549862613714,0
0.043960241743641874,0.06651931838713476,0.12321020535792093,0
-0.0340724332324375,-0.04107469637575113,-0.014864004548779206,0
-0.08852216038731019,-0.12126584924780096,-0.08219322047078845,0
-0.034658165651442786,-0.014548061639102322,0.12544955743592504,0
-0.10818725382172234,-0.003142568245836279,-0.012249496947267876,0
-0.0006466023381758723,-0.002839036517645013,-0.14493370133784841,0
0.06711424522121763,0.02458414123625253,0.11655230475781019,0
0.06851733791283082,-0.05564794202024173,0.017322769518767763,0
0.11644378978450257,0.07445915301747993,-0.07783621405488776,0
-0.06507755519447624,0.1497796987935488,-0.13720196447670327,0
-0.05111372494942154,0.12474317041437376,0.06115963944432301,0
0.0454552498976088,0.18966639193835386,-0.01431015651153727,0
0.06932946418427827,0.031093525985036737,0.028109973054136973,0
-0.02794837400576612,-0.049644266114729246,-0.04783728718747417,0
0.08925908477548897,0.019181941840652774,0.18549415990051804,0
0.039582722188528915,-0.06053578553125577,0.0905264109834002,0
-0.08481739494431573,0.022887853086837058,0.006909534582993553,0
0.10527281525742764,-0.01231640089471394,-0.047809884935592906,0
-0.1416293893771315,0.12608593850262606,0.05186130936326594,0
-0.2497065953340516,0.043312044485540435,0.1868178049082073,0
-0.15542574328343634,0.008373837158666632,-0.03786800896181072,0
0.04713824073984499,-0.14818871304700346,0.009483991628125972,0
-0.02012703959572989,-0.1085641771533167,-0.029213165531331294,0
0.08817170183752013,0.12696777392032682,0.08406781622192466,0
-0.0034367785591444405,0.11175831951545022,-0.15317233030049907,0
0.16052385400245445,-0.048078115626705636,-0.043636978725411196,0
0.2269929424751092,0.09168721614265991,-0.023990598085681474,0
0.3643148898102567,-0.10144048036965776,0.024610506628569694,0
0.16884472880657303,-0.05850070087526367,0.02027040784554268,0
0.05398660377936397,-0.06903418306650667,-0.16070881919332192,0
0.10772934142190732,-0.057874193954663505,-0.033951707388476436,0
0.1947885690888571,0.036428067605688945,0.09582464128079535,0
-0.06767665595403687,0.05027319349730597,-0.014497483326881137,0
-0.03830871465713349,-0.12970552242123157,0.14345710908923942,0
-0.04603077701922745,0.0013065404462488273,-0.01696212900525179,0
0.13822128526164612,-0.07342483836270618,0.16480414673103494,0
-0.11987988698201968,-0.124262782460343,0.13363492466841348,0
0.07489004065861199,-0.054832916275044156,0.12041055288286116,0
-0.1523555576583259,0.1388334603000419,0.04321984264785512,0
-0.03834577109300538,0.10684238592196296,-0.05019200426827746,0
-0.018652113864995185,-0.11103250579041529,0.0569124653375655,0
-0.06324385989605283,-0.19189848017025982,-0.06173699349773896,0
-0.12332182386437669,-0.13614762866112898,0.04623577115950367,0
0.03738687759179932,0.21194464101706673,0.007248468439814921,0
-0.21117266986887556,-0.024458376552163458,0.03815474405178357,0
-0.07310310200993307,0.11970382361200145,-0.11037427605946126,0
-0.07533716711438848,-0.09581928918881512,-0.059991347971864485,0
-0.30679744935519826,-0.03940684421166933,-0.030703809206981614,0
-0.13856898663848305,-0.01950425529589589,-0.06892551206926834,0
-0.09897549173670478,0.10182775454575306,0.163067861774975,0
0.04153084673976251,-0.1011178781611976,0.16910954972002348,0
-0.20275118996997687,-0.15336371541369084,-0.09987867198809633,0
-0.11559272524262806,0.1633505629583842,0.037357758912599154,0
-0.16708292086089407,0.09089315054564241,0.08352887792679259,0
0.0836212548990561,-0.034806273496217226,-0.005234501597643579,0
0.1107681213839419,-0.09723970606211303,-0.2270419483818293,0
0.1031029073602395,-0.004769708731957535,-0.12558354663152713,0
-0.21197852696894093,0.05889822470657589,-0.1105128172378872,0
-0.22304261241442952,-0.05402849069778401,0.05549750110442704,0
-0.13407757210426272,-0.08315405152910463,-0.004105025415056178,0
-0.22516460640703584,0.034696494522098636,0.03906353921548347,0
-0.1851742780112924,0.07247291164394239,-0.017976295677144035,0
-0.22821043872909533,0.06758341171154451,-0.056912888144498866,0
-0.05208980659988141,0.11928761411393574,0.044204932234699484,0
-0.12635700398951505,-0.14977875789102157,0.16761086652823382,0
-0.35314119929204985,0.01544439449137563,-0.1907253008790742,0
-0.20228992815494232,0.07184949936476213,-0.087777392226537,0
-0.3053177330431458,-0.09535514361630155,0.09881122027595501,0
-0.41355216850400217,-0.1601377687051071,0.15155976994968412,0
-0.19547959627677036,0.16080079860089722,4.035670938600558,1
-0.16692137338310625,-0.1741381199096193,0.19539127842743134,0
-0.11056081305379525,-0.15733248214086007,-0.16591229781293249,0
-0.11460860830747006,-0.15675897540517403,-0.02256821572625299,0
-0.1967834288628866,-0.045859009315339115,-0.06813648522522138,0
-0.18873882215002233,0.10941171764671767,0.013709467331110748,0
-0.16967490887324224,-0.165962193300506,-0.005946194471467092,0
-0.19473843202191995,-0.026234023570883933,0.04643579742685889,0
-0.27731391073601264,-0.052633779118141634,-0.046340005885706435,0
-0.10045047150274364,-0.004105360859487895,0.07780978084915156,0
-0.08460481845746234,0.13135437962004737,-0.08712203186722434,0
-0.0542443071676999,-0.08866730497771158,-0.11439593856561406,0
-0.017051284002781053,-0.18136527427310434,0.22568123815278343,0
-0.10499920067739074,0.007185700772086883,-0.06710239134072475,0
-0.22183868851997915,0.07967088963700084,-0.137700524357917,0
-0.0758435543043978,0.11437787949649608,0.14264021779577293,0
-0.2165359594466047,-0.2807530844227633,-0.026345168191428264,0
-0.043333458629588095,-0.17109616372504213,-0.017357214603444495,0
-0.17427991911335314,-0.06538591232846938,0.0453523928607263,0
-0.2714951502246283,-0.08161796198553613,-0.08233365258027484,0
-0.1765904709135723,0.23172928354930142,-0.10902381576441665,0
-0.44485188297220246,-0.05292193662580472,-0.09463719121152203,0
-0.2540922547655123,0.011380763045362256,-0.03699562157279412,0
-0.37438143788489486,-0.007970792870447706,-0.0818970999853501,0
-0.39881633579222064,0.13192339781691573,-0.015410523734620658,0
-0.32290367120205843,0.1734317907430454,0.024143607638015735,0
-0.20429612120201135,0.12576886726736278,-0.1410987709739355,0
-0.2375152198251708,-0.01701903769438011,-0.2044828815878721,0
-0.1399093144163474,0.050057480312995964,0.09553647804911658,0
-0.43861555539720737,-0.05338750117357482,0.10915908582133776,0
-0.13680740834152505,-0.011343628786093803,0.029838826351330935,0
-0.3293376040082593,-0.01263106297523701,0.0706104248221305,0
-0.26097499235077687,0.03386640788513601,-0.0015467200989161033,0
-0.3471721140891211,0.2593991175602256,-0.005820920014605952,0
-0.10949292480587541,-0.04353926575065112,0.09878200215825843,0
-0.27850782889153963,-0.024808357297786167,-0.012346150568008623,0
-0.16264337246674265,-0.03719689837251585,-0.05719790872317998,0
-0.23596530998003853,0.018670181290503032,-0.18626276578983325,0
-0.24972373396434455,0.18511557146348775,-0.12617792752143553,0
-0.3096300993608759,-0.05753968528996484,0.09739855312257208,0
-0.3041212194202447,-0.0034271087905449423,-0.154186256433324,0
-0.2886991151999415,0.11523976258528679,-0.20510790829856732,0
-0.2848206799460003,0.21870980953870595,0.08183218009994872,0
-0.41968193174831103,-0.08740863336329069,0.027172376318180633,0
3.768684084244924,0.07297425891880382,-0.01896438102951409,1
-0.6783896526129403,0.22117279474925491,-0.16530465407803668,0
-0.4395180657340639,0.023691182087867396,0.03077791517854747,0
-0.47234355063859457,0.11332416256340237,0.26502108893819526,0
-0.4465183573514409,-0.04828569505791375,-0.12968025052750834,0
-0.601521025508782,-0.0180124303757497,-0.008592893722584916,0
-0.626968364286916,0.0024768969142974972,-0.029788908404389598,0
-0.6806187074504606,-0.02578346005931428,-0.07480314340981649,0
-0.49083379197532606,-0.026676945559115983,0.04881828624548751,0
-0.3825160314814944,0.12149830839561133,0.13261844979302131,0
-0.6053783279322339,0.00673075805702264,-0.020419690617299386,0
-0.38838133699215915,0.051482689663698025,0.004171695988604987,0
-0.5877913640815693,-0.0938143210395393,-0.1428412129111593,0
-0.42791972752913565,-0.08781096553591025,0.07874543681712426,0
-0.3540100922324934,-0.004259400530819093,0.14899782272528714,0
-0.2941822233445717,-0.0278087581485294,0.04308381609829307,0
-0.5842880239237943,0.027102080605216988,0.04791710521645473,0
-0.3397088932644079,0.20324152740544799,-0.012674404407310916,0
-0.41782757861517184,0.023880243811952917,-0.0549008754737256,0
-0.4208228851501584,-0.054200814631620645,-0.05450466803422203,0
-0.39316760066477285,-0.10833160938199045,-0.022170425546562414,0
-0.397081495202858,0.10522797233547546,0.09260035342913986,0
-0.24408752201660608,-0.002463151998513715,0.08960986853394291,0
-0.30063219845578915,0.08625588585043917,0.09388442735096351,0
-0.7254839413254939,0.11805094191129346,0.023788621830344112,0
-0.43972696845431924,0.016933216049164975,0.16592672905080694,0
-0.4872380955551235,0.2003130123932605,0.23309179387045803,0
-0.5334047555930249,-0.124394312583236,-3.797703508123282,1
-0.5281863067658494,0.1029402615785259,0.0707316647645013,0
-0.5625329535989991,0.011505117637128203,0.003939069174977179,0
-0.5996197373496601,-0.04025320768424286,-0.10179164896473512,0
-0.6163680694478083,-0.07784198330769682,-0.06371166172207295,0
-0.6190879621691756,0.007167886378184005,-0.06860302737053105,0
-0.2825947460935256,0.0035619741563267353,0.003800373558437262,0
-0.4475602493003625,0.0035392429812335156,0.0883547411052071,0
-0.639236591645277,-0.1782456276263161,-0.11683776987880973,0
-0.38384025527812127,-0.058757169242081166,0.0032367807392778567,0
-0.667869102718921,-0.04370302061206696,0.08121631744306879,0
-0.5077066773195523,0.02774949174467882,0.06764470982993119,0
-0.7316757282928867,0.10981845660559444,0.0277132184292204,0
-0.6085833675577123,0.18760679564063434,0.16488880764068756,0
-0.5973700768087642,-0.14296662638205174,0.07285773791139181,0
-0.6801275121695336,-0.1625854282818561,-0.18705402228842108,0
-0.8492942224288852,-0.0084874904831678,0.09227868415227887,0
-0.4885079244851678,-0.09718117710006728,0.039537536549956474,0
-0.7036794833766731,-0.2128146074584273,0.09373640677667876,0
-0.7339059600819261,-0.03222469485760264,0.13886461836723527,0
-0.7514851563855718,0.10807795885148962,-0.008459613388981822,0
-0.6607524583170385,-0.06879928255161236,-0.023431593231571596,0
-0.8625983196103737,-0.05587403153028625,-0.06138449257773279,0
-0.9193983888281991,-0.0375626921284459,-0.05790680410675267,0
-1.0143405763854096,0.07110693988703168,0.017155923652427046,0
-0.9182948450077212,-0.176160417850622,0.18927351903327874,0
-0.8670331573221245,0.04295221473550215,0.11548122006094685,0
-0.922019467130907,0.007761948431227026,-0.08937678651830507,0
-0.7976829274646823,0.023986168232844003,-0.05791140041451936,0
-0.9997607061710366,-0.04443963117694255,0.03295470753897445,0
-0.8985123878038931,0.03410196509424893,0.04471658542489551,0
-0.8224537081757242,0.018993226784003794,-0.11745312178031167,0
-0.920866670892677,0.062111646095353246,-0.17260524198170107,0
-0.994372381785203,0.018004779520292218,0.05801789844663005,0
-0.7933316535937094,0.009361433008882673,0.07918746132132234,0
-0.9247915601255827,-0.1995450809121133,0.028637570565593795,0
-1.006826809796899,0.2233748016752291,-0.16191407687136597,0
-0.8053003578806397,0.06002042906851049,0.04522618377856687,0
-0.9027501019001096,-0.016646611466572033,0.13478993822757498,0
-0.9854535614754879,0.14550078936985675,0.15620190413426216,0
-1.3007295426757348,0.04087729366356585,0.09249977902137964,0
-1.0579517977153576,-0.0832341272103877,0.19452842697609699,0
-0.8650630181752297,0.01984951179479201,0.11923514544720892,0
-1.149792536144924,-0.13596077498410847,-0.13504850268962384,0
-0.9230086595313326,-0.008538082666424541,0.06842722801202142,0
-1.1370011031035931,-0.022624923940922418,-0.15015810598077847,0
-1.1639508017002522,-0.07440859906377743,0.060735558449521,0
-1.0546143288916623,-4.025280767661814,-0.08796659375382625,1
-1.093380875783191,0.0460417865931422,-0.1467256753857433,0
-1.0554122626346782,0.013746872372661449,-0.1222891869125255,0
-0.9462537817768949,-0.009598016880390848,0.19542893024459307,0
-0.8917117757722008,0.01759740836716096,0.01612434677332028,0
-1.01406722308201,-0.12905581387885398,0.0671295268685955,0
-1.0586059427260819,0.09490739349409644,0.12397719434997984,0
-1.0431135714336368,0.08271249924562718,0.09469438181407266,0
-1.0475290480740846,-0.026155396593799007,0.09557012323578434,0
-1.055757556296838,-0.015730120518544683,0.049357424220607383,0
-1.0404988013276193,0.04866943011187579,-0.12622448137606507,0
-1.103608573775165,0.11118638556701382,0.10141037411791756,0
-0.7991841898232345,-0.015678730586593338,-0.0756618500714594,0
-0.9665510152594576,0.14075917693726478,0.183852074738046,0
-0.9828776430729347,-0.013906431906235726,-0.07535199732090603,0
-1.0177163477556763,0.019100201352198774,-0.045611449962312006,0
-0.9629935117517943,-0.1151601533843399,-0.1213253465497885,0
-1.0335226817625676,-0.06732697879494724,0.13094310325445294,0
-1.0008392694686634,-0.038495039482571054,0.09292888734430788,0
-1.1028856987157003,-0.16446503559885803,-0.16539641426984505,0
-0.9055484680437689,0.05157939407726722,0.11577683733358796,0
-0.9378722792503298,-0.17150726716748044,-0.18720644756165578,0
-1.0211595213387714,0.059312413745732484,0.05831258409310761,0
-1.079268136756225,-0.2580578316009282,-0.050043424558660635,0
-0.9815282720896673,-0.1469404492908598,0.0023184083466243057,0
-0.9772883692022307,0.12130194630275569,-0.012152224132087172,0
-0.9049184174520143,-0.0286482129711653,0.0579706315100405,0
-0.9330325499990375,0.028580526116370214,0.04849910886474089,0
-1.0229798473346103,0.13215506906124927,0.011751756888999057,0
-0.9078897666649537,-0.01990929179553983,-0.0922074556684873,0
-0.938863593639029,-0.07663686732870206,-0.12796081437443105,0
-0.8897139383032852,-0.24349491418576408,0.019811402479647834,0
-1.0203534346566596,-0.04106649936646102,-0.07523674638184463,0
-0.9339679834465363,0.029697206346363244,-0.06133010912650288,0
-0.9979772912788084,-0.02859269380465948,-0.12923072256635107,0
-1.0344584233071406,-0.043181617421392954,0.013245732436945587,0
-0.9517717376992513,0.11681067281318874,-0.030128997378043223,0
-1.011001065597674,0.11169386067271272,0.04861395682943581,0
-1.180956847076558,-0.08663962061593174,0.04626574963217461,0
-1.1731451769862797,0.08508386106209892,-0.033632740932510445,0
-1.3208566085279492,0.008216244135722228,0.01584316098690844,0
-1.3628595825032532,-0.013694284658924461,-0.01520155240133194,0
-1.061920502181049,0.010256620495314412,0.01837728128874253,0
-1.1259174150291662,0.08901196605372823,-0.043347852712200076,0
-1.195797472362329,0.11033191186813136,0.04455259227090627,0
-1.1953297743124107,-0.12436457945329304,0.1505558397539027,0
-1.1927985311409441,-0.08185293730620223,0.02770975751289588,0
-1.20783227053895,0.027104860185607968,-0.15077160892116845,0
-1.1231120106265748,0.10511188010052448,0.005011929069127543,0
-1.2219866730371678,-0.08891898819252572,0.1808325080469224,0
-1.0805793006262523,0.05606181053249868,0.15927197833984388,0
-1.0080886350320115,-0.020151577170363807,-0.06602114844127685,0
-1.0749194080701285,0.0020677720004027666,0.1339997626294228,0
-1.1110298712892632,-0.01664934922713856,0.11713755531988933,0
-1.1731018827888318,0.07482477972042421,0.16865442205668513,0
-1.0538680471097555,-0.04331150402818424,0.21988166381388738,0
-0.9477437187333537,-0.0311246659295457,0.23527421286692005,0
-1.1978657962471895,-0.060423336082341676,-0.019538748308054465,0
-1.2493836057292564,0.02105906539903148,-0.09562850099943974,0
-1.3116520371786486,0.19178660116269064,0.04103397833723372,0
-1.0577900207343134,0.0068726939070381,-0.03664747386430225,0
-1.0891247222190503,-0.0294303564850288,0.09760265239432034,0
-1.0693766507856286,0.003912748962509322,0.032415876142224,0
-0.8789630736287187,-0.19176796928561163,-0.10113249769601836,0
-0.969370509763078,-0.12147268320260088,0.0805152177869006,0
-1.1074627666092383,0.05890505266930068,-0.05546712028038523,0
-0.8183260663924414,0.0372551106891692,-0.01883571972830239,0
-0.8527933785438607,0.11608089157855045,0.08515719775678138,0
-1.0620073231250515,-0.0993521605207449,-0.012035136690095195,0
-0.9080956489453179,-0.1162461719460841,-0.02209826363079564,0
-1.004723916006319,0.06319027793096008,0.223760809214959,0
-0.9295693974611234,0.03744253277281905,-0.13177696498189226,0
-0.7824132967655066,-0.05122809143686696,-0.06298302533148069,0
-0.900770873356854,0.15419072147957003,-0.05393731845376875,0
-0.9072542888814297,0.12874276759856282,-0.0397225561471929,0
-0.8221659376035872,0.15772283164390974,-0.03974574453380153,0
-0.6519965246745982,0.041039840568394846,-0.13745376093070813,0
-0.997786750234085,0.005390667668944138,-0.14283654591206696,0
-0.897589357940252,0.013133219772230701,0.0652832570164898,0
-0.8128092252673322,0.060416364105965105,0.0398294225832041,0
-0.9671232046586021,-0.13303106817100838,0.024146240120780302,0
-0.7732748525914894,-0.12500280841044117,0.2363148656039535,0
-0.8131169673147071,0.014570509026573808,-0.1963742496771603,0
-0.7777622605517671,-0.16354014424142438,0.11583396317923629,0
-1.0185193058869497,0.08567193373882054,0.13997626270281707,0
-0.7747048432109069,0.13920105255187476,0.09809347137387514,0
-0.885917889213548,0.09582797301464145,0.00490637628514376,0
-0.9869271598256414,-0.041154789667138286,0.06960409401859101,0
-0.8016602207156615,-0.12936152825825273,0.03488522423238454,0
-0.8616031202847061,0.09993415467334713,0.09017951928897831,0
-0.5305273874891627,0.043284739473323425,-0.14419624422090727,0
-0.7805786201455525,0.040540183252389284,-0.019661617873903945,0
-0.7202371216138369,0.07594354442885125,0.08770457735435418,0
-0.8925064850119995,-0.058449414102014347,0.003611908159059963,0
-0.6380720919136592,0.05649523563747394,-0.024083746477389485,0
-0.74345284298949,0.24144186144073335,-0.03333281038560076,0
-0.9231453675884957,0.07857403919746236,0.06291108638074248,0
-1.0300137496293935,-0.06733889330385104,0.08408412811343793,0
-0.8654506988133527,0.009472693995879567,-0.1128865851417177,0
-0.7946449164983433,-0.1987389635061686,0.022511835700524792,0
-4.76021816452573,0.09851077733159522,-0.15664975147907428,1
-0.8658856985480603,-0.1926033763941935,0.020170364452458518,0
-0.7716966269914612,-0.052017130202562614,0.016716316872989256,0
-0.7308774923557477,-0.1729962405334066,0.11111573757308545,0
-0.754054132318686,0.1088371283536558,-0.22322344717905557,0
-0.9622694617229282,0.0972282646187085,0.009143555027837714,0
-0.7998706861605678,0.08332523215000995,0.0066535700317520395,0
-0.8208085044490633,-0.020796653067001344,-0.029618871062684307,0
-1.056237622510933,0.0709977817067088,-3.815321636311834,1
-0.9153610713880369,0.0021577226436718957,-0.03353276312108132,0
-0.9158208909909721,-0.10814395778372804,-0.09205690748740583,0
-0.7780955841574118,-0.1178157069691493,0.09671206903057722,0
-0.6510958096708899,-0.06768702060110332,-0.07775138130910611,0
-0.6057189138131707,-0.10928636205563423,0.09216086373055371,0
-0.7749807837206381,-0.023085705902177997,-0.16737125925689386,0
-0.3843554060501987,-0.06140876042430935,0.058833016518366955,0
-0.38638700285124794,-0.11552909554669946,-0.0969425422619192,0
-0.5393397888313354,3.832862353778514,0.020541827823137203,1
-0.31081237247141724,0.11116431927586952,0.007938139664660365,0
-0.5459014146048651,-0.0566577611736949,-0.038919830851750645,0
-0.5312930155973865,0.06675079974233655,-0.010833382408914141,0
-0.3100161735350839,-0.04657017493181691,-0.024346457959843974,0
-0.3467491806261088,0.007905330065280214,0.2390334363094697,0
-0.3516515409023957,-0.27593260005759185,-0.025483232073486895,0
-0.23332724286537562,0.06026070545179116,-0.027745487751606887,0
-0.3945941567131441,-0.04769483865796442,-0.029793100968905542,0
-0.3004749083896274,-0.325948893943252,0.1145704421622314,0
-0.456943849588389,0.12665506176551586,0.09199734548677947,0
-0.41498177427751104,-0.039412577937711524,0.036949348052511294,0
-0.4723369100578484,0.0623237773288679,0.04397282621082089,0
-0.3979869324391904,-0.013518754310659579,0.03655302511933503,0
-0.31472865515485676,0.043294058847003436,-0.009572499492828969,0
-0.3758115198478157,0.03626890012599532,0.07568447659896291,0
-0.5280834020699082,-0.06303182912664246,-0.03469484245693324,0
-0.4717409848226138,-0.020560090782438083,-0.04400080040073363,0
-0.33129930788023726,-0.05208727052192297,0.030055907779480435,0
-0.7887503377453158,0.0006906092692722732,-0.05057352052421193,0
-0.43841403090416314,-0.05917262921076725,-0.14533069946061328,0
-0.2729563324229144,-0.10268252028820922,0.08021299243261426,0
-0.4744749560425858,0.08696068720017046,0.02964423129522576,0
-0.35167109774098493,0.11684297927754383,0.10484240461221705,0
-0.4066246669321071,-0.054482590924848154,0.07989086420513214,0
-0.4365347897093204,0.005715128227634646,0.059237385489758126,0
-0.5678796216231291,-0.19901576154028877,-0.010068783845423906,0
-0.3529420128556558,-0.027372249701528597,0.09454951995062094,0
-0.2960532047229997,0.06378828104713655,-0.08060822562930062,0
-0.3790950141261079,-0.11431231120512658,0.10107058610807632,0
-0.18852036209884698,-0.06833115349241732,-0.010642741274562577,0
-0.21299428258478414,0.07743256728710247,0.03516124808236953,0
-0.18408979705549555,-0.04576469197437189,-0.15483490142523929,0
-0.2531569824709338,-0.015742153350426107,0.17187848698370597,0
-0.22834637781486614,-0.01155731779817256,0.05445730893751131,0
-0.20494607777716695,-0.009249686869632392,-0.02903081609096771,0
-0.22408257102451903,0.015073697114277328,0.03903695400015995,0
-0.3870621336711255,0.09700517960755212,-0.0038531341727866247,0
-0.2603194056594956,-0.0689685919278039,-0.04363873288982616,0
-0.38556523806569676,-0.1514533840314016,0.07350026661161499,0
-0.3194867134919927,0.053045221999396666,-0.07359030218749166,0
-0.5020191194444983,-0.1509574343748618,0.033226026874702885,0
-0.4696720667339313,-0.11058498608559153,-0.013865658617085778,0
-0.19044052641192075,0.1009019258024827,0.10434634243133,0
-0.262928244991041,-0.1572744724456551,-0.06204319144059888,0
-0.2765810265181268,0.06285279328100042,-0.048533739658100844,0
-0.10350609679326067,0.007930762180408703,0.11750555962458265,0
-0.1168438632289486,-0.0747191369338024,0.05209355943848462,0
-0.23874057758217948,-0.010463989417992757,0.03312054513233033,0
-0.035672839755188646,-0.07053416539326988,-0.030628026805264448,0
-0.19400182661626514,-0.048322920076879175,0.02370021199937452,0
-0.3318273254865882,0.02045799550487068,-0.3123166216519198,0
-0.560718558044065,-0.00647523981280338,0.12530628370897284,0
-0.37088711967782545,-0.01655612702228297,0.09390100645003271,0
-0.44381021792851616,0.026952949031301427,0.03325388748996392,0
-0.3587835135951474,0.13598765850573857,0.23167589881845788,0
-0.5370142767157573,-0.01900862995174914,0.1375591345184751,0
-0.39354287598807397,0.04653992626006604,-0.059951981341636054,0
-0.21065709868264793,-0.16332870971543909,-0.046440436693625665,0
-0.4406879208279882,0.008672962916270078,-0.0009679540348203103,0
-0.33712932246742716,0.039127685023112146,-0.006545329899133712,0
-0.27944977165271023,-0.04026052290622565,0.025205719483084574,0
-0.33370693031719456,0.11633115956122864,-0.11401452937605037,0
-0.25201789611871994,-0.09483113297713713,0.1136390770772646,0
-0.47396874287773677,0.058879436332896544,0.0004396624026130629,0
-0.319391577180043,-0.21093798197479707,0.014229737016767144,0
-0.32169789359689477,-0.09248684678365746,0.26488456490055806,0
-0.29697908042588267,0.015916102489545402,-0.2070425054918232,0
-0.19143072329912142,0.11394758110590425,-0.0003091381255605583,0
-0.23215933311703935,0.08555187168635237,0.014292203653092035,0
-0.2837362463172225,-0.012172343448121972,0.06851494488617914,0
-0.13819284003471297,0.02570997450012931,-0.021701875499794115,0
-0.20247551440490305,-0.00504687690531513,0.14107138860939236,0
-0.12457908984148883,-0.14835596174165663,0.21388502885618152,0
-0.22527940683243533,0.057748460340361886,0.019347127037653025,0
-0.39208148765720335,-0.049625539782213623,-0.11285630451472112,0
-0.32079245790313826,-0.019560421567936356,-0.12974021469195038,0
-0.33530085249742225,-0.10388817352834522,0.02502846310703248,0
0.038306522175608926,0.11941237701923531,-0.03625737759019842,0
-0.35960031949834115,0.063839876900829,0.0612757168866536,0
-0.13651803527099457,0.030692739222895806,-0.028045490204387624,0
-0.19586688503373567,-0.010717770365080202,-0.18554948759695708,0
-0.2837248405697592,-0.08010856011540012,-0.1782895164988269,0
-0.11635042983819402,0.21286195677386177,0.053934393097315736,0
-0.20830087922781693,0.07097190014395799,-0.1292725424508573,0
-0.23065715824945685,0.00483577863813725,0.03602832992655396,0
-0.23312802002209287,0.09553994932231501,0.16626070943380425,0
-0.02498694199069451,0.019899723958165267,0.0373703309706215,0
-0.15203507481139175,0.012007936587323395,-0.07438375490140385,0
-0.11964657981307132,-0.1423143565163411,-0.003079472716098624,0
-0.09871519213190318,0.06858592964420468,0.08686103117099495,0
0.02681187756065273,0.014148732086444472,-0.11441392906916381,0
-0.03182311765242104,0.2642248028222321,0.03620201637301584,0
0.1542779698324021,0.025629301492566304,-0.2993783910216817,0
0.1215452905846944,-0.03580672096879296,-0.003255831145807164,0
-0.20672049173458135,-0.11985592637589573,-0.015974487739607784,0
0.007641400825480165,-0.12000391909882438,0.055866604180004935,0
-0.03125566177488773,-0.04102658951200184,0.052671207761055244,0
-0.027524876622253096,-0.10397339894557141,-0.0661943582714208,0
0.044512240282467475,-0.09244583160409825,0.004940918810093134,0
-0.08151201482831226,-0.0007611176881638258,0.04220659665655134,0
-0.14260863182434444,-0.1042515964971855,0.06848690766711212,0
-0.061276202677184116,0.030566043551391694,-0.03112033335508811,0
-0.12073185052044616,0.11763242538595536,0.19443454212366568,0
-0.1345959301183363,0.015426891586561714,-0.01779309430423406,0
-0.15253504184037875,0.03171537831213251,0.11139603928566529,0
-0.06721590660363089,0.009990873212553052,-0.04312048045999356,0
-0.10393547629466644,-0.03288734918428632,0.06484673466746535,0
0.022159236095100045,-0.06817486047779224,-0.04232110816252338,0
-0.1030415983475554,-0.14855490364875779,0.042773013589626374,0
-0.20904978410325337,-0.06569166553375187,-0.046212132337660874,0
0.06368302343299334,-0.058239692298328406,-0.10149553471644644,0
0.13357580033149866,0.033069467689356,0.12029491131676487,0
0.042205349854156846,0.05954200423770322,-0.10322238321273053,0
-0.09671273712283007,-0.05937029650973964,0.11017179406751126,0
-0.2615910674738648,0.19901071105186685,-0.06481254274029934,0
-0.37104747324243015,-0.13107981711726316,0.04016397196673802,0
-0.2629048361395534,0.049478589952055604,-0.18405300212360842,0
-0.25428749818805085,0.10134845134265408,0.11785309284549982,0
-0.17514867484014734,-0.09801947953010476,0.04374275371725619,0
-0.1995466383080841,-0.014566051361874072,0.020062769824663595,0
-0.239470713139914,0.005379196743035253,0.0018230989448336727,0
-0.08839044409080876,0.04664887765235453,0.010224753210491256,0
-0.3155949742244667,0.07589191549674333,-0.17996515556707376,0
-0.19035245530233924,0.04794364630533461,-0.03633253758120428,0
-0.33616331127736554,-0.03131868822135494,0.01878005220087335,0
-0.35608051927692347,0.022949116323742618,-0.05630429647694299,0
-0.18983346482856156,0.019233931182920876,0.0980617636868838,0
-0.3039259081953314,0.11739528092837392,-0.012897993515772962,0
-0.05715718798718758,-0.13909887475997412,-0.062126544780209396,0
-0.1786401309467049,0.009762053995627231,-0.09629146355140275,0
-0.2925502858364334,-0.14840038186053325,-0.0011218556837855017,0
-0.285565658671072,-0.16181932917421332,0.0045946263554130905,0
-0.5522332295270398,0.020713398456829447,-0.00991376259348129,0
-0.2518369386431438,0.04226276611818419,-0.0006998836827232986,0
-0.26220413347467475,0.03414219076831539,0.0379345826433575,0
0.0005455982222027367,0.024656204371417884,0.11458203606696167,0
-0.17511365840197746,0.008727942759944096,0.09354767871229445,0
-0.20743191494951543,-0.05588875968837484,-0.017847219811204722,0
-0.20634541979739368,-0.163549086678207,0.05989928065437792,0
-0.25894412065374894,0.11855295132784674,0.07353271335274611,0
-0.10695583315323653,-0.056869830121994674,-0.10103207812080728,0
-0.2271732719062163,-0.05145908917280732,0.006186853805514262,0
-0.3811489472038727,-0.11988193323211854,0.0315742671182978,0
-0.3297318002858158,-0.02537994201890948,0.03808163888606268,0
-0.398703109375784,0.1546278880172973,-0.12552881428470725,0
-0.2702806066757921,-0.16187329731655864,0.01787720795833454,0
-0.36511350745152565,0.05316605515332691,-0.05101856415880284,0
-0.40721894883233617,0.016587345191259602,0.16153479897596973,0
-0.3768760132309744,-0.12805452927486838,0.020551419836323605,0
-0.28664780614416363,-0.03252710010927616,-0.016861371435659533,0
-0.30246237425922984,-0.008075457192606127,-0.042475920689771546,0
-0.5278972895938235,-0.2006454169891476,-0.12946684511456272,0
-0.2967849836615264,-0.14489077444374185,-0.08008520054578712,0
-0.4710373008091976,0.24097442438224453,0.04785534286468913,0
-0.46423775699430997,-0.12087180424629007,-0.09958322354024518,0
-0.44901889695658037,0.11929241953344938,0.016326047304060478,0
-0.6457302516670471,0.07503041926708288,0.05533448474719204,0
-0.5507197434574204,-0.03902869226577739,0.09655853780382843,0
-0.3826339754326803,-0.18190521924472072,-0.008429808475715148,0
-0.3978106931263391,0.09076134162456478,-0.1379179141207992,0
-0.5536791839539581,0.1749360922531782,-0.10136749469157738,0
-0.280611967288948,-0.03617155957629598,0.15025272576779344,0
-0.6169454024772454,-0.08036289957124128,-0.04463811103761156,0
-0.4982812522687786,-0.2075212549851218,-0.14126634419224549,0
-0.37336663413966875,0.14690529805062355,-0.07281493848970036,0
-0.32889588199325104,-0.006827085790109117,0.19149505768175873,0
-0.34158297381060987,-0.05341943009998737,-0.025971067080591898,0
-0.5004283032738909,-4.0413044340787865,0.09184997840870279,1
-0.44842491703460013,0.021468195689310063,-0.05353749122595761,0
-0.41747145646879413,-0.01688855437167414,0.15675334489231418,0
-0.4215570271210012,0.032701167245562504,0.053786566646079295,0
-0.38929160953424674,-0.022045064640965038,-0.02727658986385736,0
-0.370347640407757,-0.16878950711017673,-0.17017868977602157,0
-0.2230909773103506,-0.04000964239776986,0.00040878570458030165,0
-0.49792945478422523,0.12995667963906313,0.007756604355450704,0
-0.38673064298017357,0.046347292846583094,-0.09106385212086053,0
-0.28847642084178665,0.05260421883272342,-0.11382119385377883,0
-0.2781602974794089,0.07137032798663494,0.02638237377746641,0
-0.30943211376170526,0.026370453435046834,0.0832807449035665,0
-0.20436689015383053,-0.060619908167446626,0.05313438983434209,0
-0.44855287707489,-0.027783483953259705,0.013897412940266779,0
-0.4045893790733804,0.09069738587946874,-0.07621110267847962,0
-0.44412879530992605,-0.021762697744808154,-0.04273975224590712,0
-0.36820122783513853,0.006535358646464255,-0.1455814698310039,0
-0.5049289335820604,0.24296610990215375,-0.03194718644205033,0
-0.3085584440915632,0.03754388632094305,-0.09744797513701503,0
-0.5177643863991253,-0.03277894689628056,-0.17040744851398748,0
-0.2445596125905472,-0.10592215077744871,-0.02955221775112414,0
-0.17929422295779032,0.06739801348378273,0.08448737395922745,0
-0.3922839762870644,-0.08346655344554739,-0.10213187423787028,0
-0.29023916907907216,0.18471560449370242,0.10787005524807369,0
-0.30788723094696063,0.0468173116925016,-0.03345973074635999,0
-0.13338230650299102,-0.04456341971056382,0.1521808240730796,0
-0.20199949939147185,-0.1997798619225677,0.05644486976123902,0
0.017535676396727956,-0.04791234786108786,0.07028415069312342,0
-0.35192443437446463,0.012607711743295301,-0.08489015871255533,0
-0.3219300528636811,-0.08768696138285254,-0.21351760104846484,0
-0.14556258913658013,0.15799025629507407,-0.1107749510278921,0
-0.40560920975559145,0.13116545926686043,0.05490170004278825,0
-0.18113918465252998,-0.004674825070452344,-0.06541729332604002,0
-0.09995973081122012,0.12215059777106321,0.100172671001157,0
-0.11872020587660163,-0.019629801557151546,0.005959642347769674,0
-0.027709039179714297,-0.043154386653205284,-0.07040110769397698,0
-0.1818274702006515,-0.17588687151221982,0.10023391432695489,0
0.08483901540437837,0.04096734531936175,0.05066811568747481,0
-0.0768655489965554,0.17742121649816545,-0.12503305706570364,0
-0.19323948467776847,-0.11099490991657512,-0.07407900036534264,0
-0.2575860376249434,-0.018148090812560972,-0.017860417627414426,0
-0.3426484276993163,0.05867361729088875,0.05391891425118241,0
-0.31443677952231014,-0.08905763925920768,-0.15182762079611783,0
-0.4463290806075902,0.08892073080171058,-0.0003240008237030755,0
-0.36968680729537673,-0.07012984417364908,-0.0010536345290599071,0
-0.32736092243870113,0.10369316624338619,0.1265153933732938,0
-0.3826010586041725,0.04321938462724115,0.04976790833506914,0
-0.22336678167004181,-0.06024943166761451,-0.05157611134626209,0
-0.40521220467640007,0.12755951550225764,0.03216918136761634,0
-0.3410327375591454,0.09059319492787196,0.03188570491487356,0
-0.44914550523773117,-0.1804681813265176,-0.12626018411997322,0
-0.5109583842850598,-0.022886134792897368,0.05962544848664734,0
-0.4365485975222083,-0.06285751967056175,0.05610129771389071,0
-0.38576050851622123,-0.05840202095052852,-0.10475337887818242,0
-0.09518468567069957,-0.02745572472137013,0.06866106822847702,0
-0.2841017418659166,-0.012930167036858578,0.044141132757466166,0
-0.18960297987229344,0.10066897263277896,-0.17989447305624412,0
-0.06006300284791158,0.07124754863321975,0.08821874575777006,0
-0.09014835190872113,-0.03601272199061755,0.023634535170694713,0
-0.042689998560552694,0.09714869954804344,-0.021354624902472447,0
-0.13924417165818787,-0.24523259977434098,0.11150462025243363,0
-0.33998449228500227,0.02521039572117292,-0.009519509578452007,0
-0.3100238750576582,-0.08891001201945987,-0.004631355775251226,0
-0.09504039009697295,-0.020775556495377684,-0.010957827002606207,0
-0.0855695110062227,-0.12767393409425548,-0.035604026436111595,0
-0.26436644244268587,-0.18719339489617373,-0.12755722542153655,0
-0.23397454587735564,-0.14443117239610276,0.12263016425599996,0
-0.19690214305536452,0.040064479544214805,0.18063483041260264,0
-0.07783426682100487,-0.12499546761816643,0.28399777501598555,0
-0.07399334489662396,0.02798325587716906,0.06570687981890187,0
-0.17447829937731812,0.09565530818809326,-0.03341832753496619,0
-0.11742440511445265,-0.09131549246453877,-0.024854072290944426,0
-0.07378031277295924,-0.14499489980212443,-0.051325122806135604,0
-0.01300983736674799,-0.14663068940574098,0.00937203888252283,0
-0.15822476361917384,0.030446717434983707,-0.03244744236059402,0
-0.0773609274487482,-0.08550998212012079,-0.01992661574722511,0
-0.020164968938780663,-3.9611387897948442,0.12815640062687214,1
-0.08258201050779296,-0.06568120967528304,-0.27122099859058,0
0.0753836834021774,-0.06926902825442717,0.0013086675498222749,0
0.3529635735082399,0.04128766952319575,-0.05010323252266211,0
0.195075545846928,0.034741732512395866,-0.09461614082496152,0
0.28117926958433587,-0.014429188052983113,0.0010574141083882784,0
0.24816716771195826,-0.0614843280901059,-0.08788041655085937,0
0.4158801631868788,0.009295885076144999,0.02233695447271479,0
0.12054449428317035,-0.05654811477289882,0.011206754670823806,0
0.2099796530627134,-0.10446818367159466,0.05478786124646423,0
0.10325210703458584,0.00017328177907001787,0.09566701526165307,0
-0.09044818926286192,-0.10037477282594912,0.016638335930247886,0
0.07821820099090865,-0.11867907281768307,0.030534005063719134,0
0.13020031725783832,-0.11417650914759747,-0.02436158387354677,0
0.1846932988043933,-0.04765858470888256,0.14215294330721226,0
-0.030642780630621314,-0.011002985122011385,-0.0037691131119294303,0
0.1864687133425464,-0.02222459333625504,-0.20978518395280982,0
0.07339548725514873,-0.013603520889549576,0.10587138670514627,0
0.13210919248754693,-0.05633104629513548,0.04116574058708583,0
0.04896209887045194,0.07253309110904126,-0.06537985387761765,0
0.07837666963782518,0.19378845845986548,0.15412824286560947,0
0.40390276550307497,0.00975451483514514,-0.0745821192998426,0
0.16297792074140338,0.06747838121504086,-0.09219434722633282,0
0.3956120196292112,-0.042189691189897786,-0.052677235369623404,0
0.2719813139997471,0.09470351213348271,-0.11781890492045827,0
0.30091987370732654,-0.12150809501914615,-0.0010855925654208105,0
0.35046314332563766,-0.021643424484146922,-0.008850503784888343,0
0.17586211623295564,-0.13098733980013522,0.011987635948803936,0
0.2747762181116008,0.08740429707230052,0.01405695240425936,0
0.2053882306265551,0.010725607300731604,-0.06684899273976044,0
0.3231862473998745,-0.06039069990153785,-0.18987337668564339,0
0.5287175931626724,0.10887767944324817,-0.09571040536692665,0
0.34201463998259973,0.10294011762141236,-0.0702206043164124,0
0.42735964460178527,-0.1519261378155496,0.13954625685844188,0
0.2655722600215046,0.07634892376188113,-0.19999701216844096,0
0.32369295895792244,0.16165737169140323,0.001310389114778488,0
0.5090416646753405,0.039561422849546585,-0.03419601993896049,0
0.4274572314379184,0.030786338226231516,-0.1685662883510206,0
0.3003917654714386,-0.04345378640165785,0.0020339438683978886,0
0.43491230392960323,0.06329535176360417,0.052935136613103465,0
0.22409362488517762,0.058687329548487426,0.05734825581754637,0
0.3121060022898647,0.11673505211046786,0.028863921998728677,0
0.47288904015270816,0.10188000497556882,0.12203009772550183,0
0.2089457180504098,0.06703922513896755,-0.07996777611812493,0
0.27811068215042395,-0.13895468627173088,0.011356225769528314,0
0.42500793734694664,0.021354918779665066,0.024959295421407082,0
0.29603035323967875,0.0351564678387584,-0.020646643260506515,0
0.02090725039545327,-0.08833438125976363,0.09089261761153017,0
0.38345682892193533,0.01789546142203149,-0.13505636370626403,0
0.20159356968519526,0.01400324752615362,0.017129380142889707,0
0.19061851874634833,-0.025540989168155084,0.13162372523367,0
0.17879375171094156,4.0037117088280345,-0.012301412363892272,1
0.039314372935981806,-0.01979249467354921,0.1482493825955164,0
0.2744786398802106,0.04947353987925918,0.06350976486775305,0
0.25510709993797087,-0.0387447571269965,0.010229120793437714,0
0.006739751678540018,-0.0462049768043561,-0.06725298504461534,0
0.4422921316801386,0.058168706035029216,-0.048814621001465344,0
0.42067984205877784,0.07815882547884205,-0.0344108542795585,0
0.24585769904473137,-0.10258531871930428,0.08143586586345078,0
0.6245759987957366,0.1798364924236391,0.07191152519926668,0
0.5769210182048616,0.03532041834046031,0.0370161042558441,0
0.4726984036399884,0.04720026443481025,-0.009059271679291324,0
0.4505349158041349,0.044594034966314006,-0.016537928691976667,0
0.6368699592426392,0.02575603724414335,-0.07170313782439741,0
0.6982429178410486,0.06143971226928109,0.0073808670931893115,0
0.4480403878212025,0.09036612646454739,-0.051112708044663425,0
0.5958475965800089,0.13123144716007157,0.06998869154868563,0
0.4844362761179493,-0.03800089735314144,-0.12246654828743866,0
0.6051374367912902,-0.11418114980620231,0.2703685978829677,0
0.7372219642098606,-0.01949050057454088,0.32109691833899473,0
0.6590525862555057,-0.0034774595900267935,-0.2570795903823717,0
0.5523774853368759,0.20037924929460324,0.01197865069004367,0
0.7072175169176629,0.09967664627340485,0.11047831791876997,0
0.5303598523664942,-0.018511700344292427,-0.03739329349295558,0
0.7178118369120788,-0.02884998541087095,0.012789695076876488,0
0.5558337580316965,-0.014650166493204482,-0.0010316117737395492,0
0.6756571548131759,0.0794423493545669,0.17395246117450258,0
0.443059785465419,0.013750216740568947,0.23157391283227777,0
0.7712892486732277,0.08902212822788186,0.02786010068103434,0
0.7558056641980321,0.0720750688516542,-0.1637513903193435,0
0.5916905326858177,0.015613447840045189,0.12772242796879366,0
0.74299629891451,0.05700504035551038,-0.18471532943294114,0
0.7030656139153171,-0.03165821949057854,0.05726063258242874,0
0.6595179053977566,0.10410555571116241,0.0007370035382912928,0
0.35797006437834633,-0.038470565949666656,0.08212572075219218,0
0.5051269258355342,0.0002770178073719844,0.00229737785285917,0
0.3134072614334008,0.18436793261465306,-0.052901903390589894,0
0.21825210031671266,0.16155838886778068,-0.023785460699192004,0
0.4904004972235935,-0.03742532628555722,0.06211142604445435,0
0.23207196947566697,-0.035412757816164674,0.11857601650550952,0
0.1482350902835734,-0.006251311051957913,-0.1319853817372175,0
0.1877810190884895,0.17178906122325963,-0.26041953858704486,0
0.35313669274517573,0.0946201643517797,-0.08212545927335446,0
0.35059971064771345,0.19853595849264638,0.08885525182819495,0
0.20368870791001314,-0.09715423618887978,-0.12361179027991215,0
0.23682197759159448,-0.12283087750196181,-0.03848790370323629,0
0.23817170183518166,-0.014991631105978315,4.068320705727544,1
0.5125583989604303,0.09727220139688497,-0.12653900962050524,0
0.3395834463039665,-0.08953628132661248,-0.1293362109080934,0
0.29163715106747856,-0.029163358104361055,-0.035073987072614964,0
0.29933464277822913,0.07101794412056228,0.07119301230489215,0
0.3052558382788143,-0.0433864276409834,-0.0357773406146065,0
0.32584402586433797,-0.008199906346336092,0.030691771006495103,0
0.26330264128014325,0.041777668254620814,-0.01646490663524349,0
0.06531973249706752,0.07940831341392908,-0.017391499689124963,0
0.1750882559052333,-0.08987409236282504,0.0242890011088963,0
0.2528936327468067,0.11871817844990527,0.23562780797094543,0
0.25173805412382644,-0.004178905939703158,0.1120287803443692,0
0.24796915891567511,0.03478409039538886,0.0013281685753523107,0
0.36407573152764205,0.0912292136684005,0.06691149987396487,0
0.33050827530187626,-0.07313906431290805,0.12861599144838562,0
0.07705343750825203,-0.007989255413727518,0.00076841641660018,0
0.27207798655941445,0.03920977778082078,0.023891052779312943,0
0.25233241545151575,0.13183086669255953,0.07685564308656401,0
0.07841991862256775,-0.0914719097818026,0.07395375823933863,0
0.08601073268825835,-0.008026196325238941,-0.05656952318115226,0
0.17695519758654027,-0.023613445684357047,-0.09861856681872166,0
0.10004862798116645,-0.08813356686281129,0.16283764808836493,0
0.22776501361704216,0.1825845995239458,-0.08835231190474206,0
0.11365110971575215,0.08537835582240648,-0.04620281580712335,0
0.05239231513271726,0.015067161867530515,0.3336877610144244,0
0.19497680857811275,0.12961931746864455,-0.09763757160311655,0
0.18110801922699504,0.07663158255229453,-0.08051743013998378,0
0.20095140448184656,-0.03356712413215846,-0.03290767109555276,0
0.08209873104095108,-0.03329539235964143,0.056342612369188444,0
0.05018739843798638,-0.0839349278739081,0.017511875663485426,0
0.2706418526131178,-0.045908115243802394,0.030963881482114042,0
0.2903286943435921,-0.008080442049864255,-0.0015624374415754943,0
0.43008030659364366,-0.07142304908412399,-0.10815029533278311,0
0.3933760176013833,0.12558264587581666,0.0488099261500163,0
0.43012298562542767,-0.014007089578009786,0.055026705131577626,0
0.35061263950636656,-0.18532315132388077,0.11753108231105945,0
0.28423027251431915,0.060500263163450176,0.03833552449132206,0
0.31431061020663,0.022623188716460962,-0.13047821404352045,0
0.1546681667944363,0.04808639710031435,-0.06784663573524284,0
0.19284528225790082,-0.16554026439951083,-0.1593824375382429,0
0.05401916811541474,0.09898122928656967,0.1966052909831366,0
0.29258153731063063,0.023792159732561616,0.08771136131862822,0
0.2844301540097123,0.031607808779538886,0.002416930646903499,0
0.2402440065798281,-0.06371064968702876,-0.009175135502920479,0
0.3911077737165923,0.21806020931858436,0.23009765356808676,0
0.2743056061902718,0.10221320543762641,0.018307647593422644,0
0.40215534364867944,0.03778054155954386,-0.03882383542814877,0
0.36481890206573997,0.10695788773481361,-0.18188382160958907,0
0.3249726580775427,0.010060880972462884,0.170363906533846,0
0.25739515284113607,0.06808282838414516,-0.18026163688811989,0
0.163560128823384,-0.06994844283110262,0.10926166136316305,0
0.24872065415441788,0.1473325844032912,-0.08443533029720339,0
0.2811420840340962,0.05010689638798685,-0.029331325287408002,0
0.3710857203274285,0.03507359689906611,0.08504218804305462,0
0.01594945567035963,-0.022039762530519775,-0.08093700553019838,0
0.1577271251220318,0.2074334432166406,0.02411039395994739,0
0.2185018550447692,0.05780229280907241,-0.15804187902017322,0
0.31307605686997547,0.08723087759810814,-0.013880431832243105,0
0.08771147602590978,0.10161023265951913,0.09788842821884695,0
0.08899711194058207,-0.021514618099934855,-0.12313231689269655,0
-0.01294976338035922,0.05674890890665477,0.042065440156156694,0
0.14234320856577198,-0.09891888783962832,-0.2163443597710693,0
0.06473853987099927,0.23279056664937495,0.008694210378595225,0
-0.11444181453353064,-0.055317577180502946,-0.0936146131785621,0
-0.16782295850404977,0.10475191592675018,0.044608131047645494,0
-0.23672238978086585,0.135479999797267,-0.032528167954698047,0
-0.0345857893397343,-0.040963390072951786,-0.0529958317239994,0
-0.24297773567126196,0.03640792180811688,-0.0527172777474823,0
-0.1332134846714505,0.0005000550991194467,-0.08191900822238439,0
-0.37897869550293484,0.05391690981029364,0.11292832999423119,0
-0.055694638880617695,0.11247669186377976,-0.012873556252931127,0
-0.07753631844370683,-0.06191467342018486,0.027598952861297227,0
0.068710612875694,0.01174923458811268,0.14439223032300902,0
0.022074652587579527,0.0041555946117283245,-0.0069716641756367844,0
-0.15006247028587597,0.06048233568472736,0.009801760866580345,0
-0.07750600247003962,-0.13236522054457864,-0.024772461326060532,0
-0.07330783996278809,0.016420774858665412,-0.18499747990388837,0
-0.2478242528721418,-0.01196537026771907,-0.04155594934357376,0
0.04372561958432497,-0.12405493348945698,0.020585919774634323,0
-0.11184995815513418,0.10969288777229627,0.05109272949545504,0
-0.1459152951787855,0.1527865422509399,0.008289565994781815,0
-0.12277508973717186,0.1173647750047103,-0.09749152609653589,0
-0.19733948489318517,-0.036498460148902866,-0.02524978070979089,0
-0.16937413520752237,-0.07298018252817046,0.0970483547228225,0
-0.05745976395846336,0.02332945030818888,-0.11188751397930881,0
-0.049658906209924886,-0.04717213755542709,0.07492770467274211,0
-0.22314263099090262,-0.06914888730157301,-0.1077465166922051,0
-0.20583676380890012,-0.0070336832640003,0.18934029400183994,0
-0.17446109364661894,0.014154289671723972,0.08270771220358657,0
-0.23592734245014443,0.04509712458723139,0.12701578863125051,0
-0.34798556172555073,0.1149876831556757,0.15948402357010183,0
-0.09866252528178662,-0.012308558535078978,0.0014826541266606203,0
-0.3417314998866178,-0.020858138733813533,-0.011359802323702005,0
-0.2606284589467011,0.19310847479476373,0.05066817935666678,0
-0.226955947442822,0.027277987366189877,-0.01182935821786852,0
0.029561468642699013,0.03196534162548632,0.1577113609276352,0
-0.030208851530492173,0.036297045261560364,0.07857661055691534,0
0.0746738526500054,-0.00792128582501418,0.05620216994138266,0
0.03847976409759184,0.055235907590993776,0.037618829809498794,0
0.2512912714704121,0.08272803756137978,-0.07208524849155219,0
0.05228457746018161,0.07633862765632914,-0.2878462972309319,0
0.09653270222234928,-0.01226477941469034,-0.03101997107407986,0
0.1557045394496604,0.010039774438579537,-0.0038534440477145286,0
0.2124298600638425,0.0030075325530984154,-0.16194668676716173,0
0.19775602639616233,0.055889794631311565,-0.21951495633686308,0
0.2665499651297477,-0.12611941607439073,-0.1323255877664899,0
0.4089946342591343,-0.16871383407943838,0.027547798375614746,0
0.42408813536166257,0.09977173040599957,0.04036562149392108,0
0.46841367519788746,-0.01677847051029013,-0.15053398500087756,0
0.35475659668165327,-0.0674820863138147,-0.06281405881137433,0
0.5432968095835635,0.17475127976556418,-0.06894692687650855,0
0.17903898565202953,-0.036761793865532306,0.0039047850960050937,0
0.2771658794154719,-0.013595258190226632,-0.09777302165909879,0
0.5810354865114986,0.14623811394112873,0.07269799539679837,0
0.49357985454725656,-0.07466375754187825,-0.18401878241304856,0
0.6670535392078587,-0.07305019201959013,0.0603446797805441,0
0.6277762796770635,-0.1571888635807515,-0.22464887322627344,0
0.6369422242442191,-0.010717528388607985,0.07860429567305467,0
0.3899484011500117,-0.042521935558024415,-0.04827892429956713,0
0.5626371378173625,-0.11929131865416993,-0.1207916628236172,0
0.594243519430228,0.0785998110702727,0.005657243931027966,0
0.5860074546216116,-0.045944489707399616,0.029841687404680284,0
0.478374159016531,0.14461445567643094,-0.10046844943621834,0
0.8624170269901955,-0.03177937715115968,-0.08942571748003789,0
0.7655989324839327,-0.017023852362572298,-0.054346604942555554,0
0.571418229740868,-0.05589275961396777,0.07845844774675248,0
0.8665905312750251,-0.1079153071927883,0.005409565517879044,0
0.6877947078240535,-0.006495709128748833,0.05747920176435778,0
0.8072408878514539,0.09143239042049062,-0.1319884693748327,0
0.7864528571980995,-0.08344819992143238,0.13959050675552137,0
0.6133006138466293,0.06420907175412639,-0.148259653879217,0
0.6605672687474292,-0.06812579248665757,0.08958806532234925,0
0.6066549825570559,0.1668350837930311,0.05757194915783185,0
0.8997762312685211,0.034180199761162364,-0.11461949349474376,0
0.7204277936160028,-0.12418463299123071,0.10471213408429701,0
0.7266035094169454,0.1001118118236168,0.12580209327340144,0
0.6196252565298395,-0.24843688211943757,-0.048395567609186146,0
0.7379341310442042,-0.02432931462360108,-0.007341249896039747,0
0.6589336701925701,0.08698179524498409,0.055245345945475116,0
0.8945431372174344,0.06537147643819062,0.06675315614964233,0
0.7044068228057816,-0.14730733344260602,0.06609464920291484,0
1.046001155695489,-0.007188420711948438,-0.005186248966847438,0
0.7484347334002617,0.13530226151391778,0.010758070428854287,0
0.981336253921269,-0.170032156081871,0.07408140308424012,0
1.0692809109618069,-0.1087625361436374,0.08917882801564085,0
1.221108414376364,0.006233664834285112,0.06433373840916128,0
1.1578926028235406,-0.0589812402376551,0.0012476813352271451,0
1.1247314618593738,-0.08066846718936704,-0.03446875469958026,0
1.3530510788300194,0.10743936876318715,-0.05009472599890365,0
1.0621963449915717,-0.007867206445538979,0.13294108967726245,0
0.9991102245415278,0.15174611163128673,0.08386927816319739,0
1.1270793652015876,-0.02064645747824876,0.03740764499900027,0
0.7439053909358493,0.14244589612441716,0.03858802714040005,0
0.6924112926424707,-0.06399848458184686,-0.11538735066111268,0
0.7275383613458234,0.0810656751787053,0.15311713036029595,0
0.7294523792737609,-0.04511067840256533,-0.07587695885294324,0
0.8859878607841842,0.0840214399316795,-0.13285477395822398,0
0.6679236294289894,0.0693465894004638,0.0639839966009429,0
1.0437980298396297,0.17931572602681814,0.06176488907634953,0
0.6939866078334824,-0.005139640346541911,0.0005829449416373101,0
0.8031761025659983,0.015302332204122063,0.1923674930158572,0
0.6383657608620115,0.040730465708655045,-0.15118099531707796,0
0.6058140738335231,-0.1304267998041922,0.022099612643985602,0
0.8466893075084385,0.15192714135189025,-0.1533820252524468,0
0.7013144233931234,-0.19096526087417232,-0.09994926831840922,0
0.7015407254325469,0.13381134822911975,0.01904285491476765,0
0.5860966904891532,0.031183356672560687,-0.035237056817683694,0
0.7049233241738958,0.21025341030387917,0.053082977056735176,0
0.7719759253862403,-0.035037756345405756,0.07942725745537005,0
0.8405405565696161,-0.09794745268418566,-0.10414095068333853,0
0.7481986632468106,-0.044781818305836496,-0.03946184782320821,0
0.7551983775413034,-0.044725346233818436,0.010693904182897798,0
0.9140715666199916,-0.1188198298468306,0.12708197186251774,0
0.7328123033246517,-0.11401713881373142,0.14801983242903988,0
0.944841761709181,-0.02715327083901342,-0.09800416597921241,0
0.8142173397965937,-0.15929329370603973,-0.11935892695497381,0
0.8340846363296663,0.06005596951831103,0.041022518870265624,0
0.9173206939591262,0.037384017096241735,0.12556725595359922,0
1.119693578489992,-0.03569179376777818,-0.11988885256000388,0
0.914252777131131,-0.12994631859762754,-0.040782396155139324,0
0.8545549067949564,-0.06980703344046515,0.1232480489124037,0
0.9360254477742737,-0.03689165502392859,0.12849334106477658,0
0.762372631527727,-0.11478692528951805,0.28837059455029174,0
0.9664301538111615,0.016985644266438237,-0.011713371315596618,0
1.076184486976581,0.04609208403839832,0.12176329226911553,0
1.191660510935706,-0.16376616807546662,0.03372432570763958,0
1.2131369845685966,-0.04904256296471778,0.0454430346520231,0
1.0785283346964307,0.06746398519744788,-0.014947952745418878,0
0.9487082043033205,-0.036844312593135586,-0.02147391528078755,0
0.962005016276646,0.013378367794072444,-0.0925186830141914,0
1.1445721220912102,-0.0723275820916251,-0.07603776298221177,0
1.038881502433842,-0.08685510493871035,0.1416885746771794,0
1.2448973661344938,-0.058415268811607746,0.10490391986804433,0
0.9382997792279828,0.16834004837234412,-0.047173095946928825,0
1.1167974672440717,0.05344948927579285,0.07565794793224724,0
1.0762023530410687,0.09443913659130997,0.019080900535812764,0
1.1301330422778448,-0.1137680437356839,0.13420917239558935,0
1.0694406999946993,-0.03204134634816211,-0.13170773927000232,0
1.1377949131755702,-0.010725823051837379,-0.14144931746462544,0
1.0695577055172603,-0.0800256892569693,-0.07745555361409093,0
1.2409235469196933,0.06712360987373801,-0.046637995628758866,0
1.0906868700537793,0.02401269948726422,0.026057513686944835,0
1.287363722759789,-0.08385890562071743,-0.05584009443710114,0
1.1417334974765543,-0.07742588035390258,0.10474937827455658,0
1.1981916596419033,-0.09686126349666196,0.13283337459068142,0
1.1668897323143321,-0.14256781937860677,0.046456868237914534,0
1.2325284360303876,0.04139338429127232,-0.13862490366666666,0
1.29644794495745,0.14467894121409847,-0.01811193330912877,0
1.2654898489231348,0.17767930501274057,-0.12269848014892343,0
1.1404532523299538,-0.011217066604103808,0.014345171468285057,0
1.242837686452861,-0.07185281272655406,0.030529164836119355,0
1.3065840909429907,-0.003802703993114288,-0.09408709984209235,0
1.0857332304439389,-0.022977107543841323,0.11048258894628052,0
0.9089323216363063,-0.05609405427401368,0.0028872113813570343,0
1.055923277805598,0.18162661392031354,0.02638359996060216,0
1.1743932903078478,-0.007934431129025074,0.01950922669055042,0
1.4097470870198672,0.019884770850511543,0.012552046771285725,0
1.36734235452596,-0.1615185068512387,-0.026174656632575056,0
1.3051399617692363,0.11839410059716866,-0.10770817340447576,0
1.2687577130661634,0.003923945517793814,0.10679367710851928,0
1.1676975046676792,0.07918818246752178,-0.10073444494887884,0
1.3207391886487172,0.05869014799991118,-0.1356162139247807,0
1.1529442968237398,-0.04718484699845763,0.024753693158986005,0
1.2625745355504345,-0.05626943478542882,0.06408121942707479,0
1.201148288725346,-0.08972925657117233,0.04110544276569145,0
0.9976947837176855,-0.06209561255975245,-0.010570189364220337,0
1.221604864343234,-0.055070739879570896,0.16113615587795924,0
1.3106099894144558,-0.23029831947612556,-0.049984246274806854,0
1.220481961380454,-0.055632018710932186,-0.059268868976682376,0
1.2774434368685603,0.04471019297242034,-0.015180377698622525,0
1.2255910709920268,-0.016025223234407703,0.003568054017952831,0
1.1593125422500885,0.04522908650520322,0.13904571885693087,0
1.225145740324487,-0.1025111574750838,-0.01482638443070575,0
1.2349844192033677,-0.02402417438455659,-0.016251233929403204,0
1.0762511614666133,0.04102877659736026,-0.001967541194084685,0
1.1124804785366376,0.13412822786281126,0.07252315776901296,0
1.2006376495946551,0.06891566716574399,-0.0658879179764526,0
0.9145766776051227,0.16837750259085293,0.06413444811567408,0
1.1266082108630446,0.0385628960553084,0.06177995315821505,0
1.019225079747662,0.0891759406081668,0.1883551063794907,0
1.0836390379373422,0.17228118984834828,-0.14821054439430195,0
1.072505032091473,-0.1315971895084521,0.07368584143474352,0
1.2179616554831967,-0.10674068502529453,0.10165745940686521,0
1.154264597119997,-0.13653335701680044,0.11297876511259229,0
1.2023590031761031,0.028462144782841776,0.1275115843965766,0
1.310576727652405,0.10382626217544964,-0.04562391161275664,0
1.2168690024335205,0.03615162033040824,0.14061124609465,0
1.2875714923737662,-0.02304945042027612,0.07856235734230999,0
1.134482351994662,0.019790642799133337,0.020818928785400433,0
1.4473741033779184,-0.2304313749169886,-0.19245453765929285,0
1.5482651008420312,0.036461536834502005,0.059652973687635204,0
1.564331096722115,0.12293229592303129,-0.10902473967911992,0
1.2634804442332945,0.08693897408499307,-0.06074553783684723,0
1.4518057220067893,-0.142406106827693,0.002931571281495996,0
1.5155609230084721,0.13964986701215032,-0.15712886729667033,0
1.4269590965928403,0.028540422157570917,-0.02857463392462154,0
1.684389393869873,-0.0936265854974635,0.026677618346778478,0
1.3534737745260943,0.03884461837473105,0.07172822118278256,0
1.499586878303939,0.12730590321209934,0.052626945739544406,0
1.6535344433954673,0.0842991950159276,0.024417527985273094,0
1.3977872126337245,-0.009926579596250472,-0.1413330828240403,0
1.65330123129366,-0.04855223398973069,0.08100182927662572,0
1.8011611912785133,-0.11302117989892775,-0.11815271514256359,0
1.7038734451833462,-0.17431548799539837,0.005089690364642223,0
1.651597251700414,-0.016968886295837367,-0.05042445833795636,0
1.695651082279659,0.1162312430550671,-0.039014107899569744,0
1.7400425838157498,0.03408830154660216,0.010709365257380218,0
1.5780989418950224,0.14613533864892125,0.09469933390199758,0
1.6155497206816487,-0.04485983002944122,-0.00515089652737354,0
1.5556018940949639,0.03419177926599464,-0.003155670500502049,0
1.5536188324009035,0.05173542091317245,0.0936258252870222,0
1.3765228500956992,0.14980312475880692,-0.10139742017305686,0
1.7168907017920514,0.03461079549481268,0.07148235123857692,0
1.5844915861522995,0.05086358341725649,-0.08433125645838095,0
1.6658568823760842,-0.13709429824259473,0.07133600293432711,0
1.4956082493031981,0.11436028622445991,-0.06377191972645661,0
1.6010715186934357,-0.28375337038629644,-0.12502072079904608,0
1.5404279484776537,-0.08557412609848236,-0.10826840054318265,0
1.5331191999262859,-0.025462284109574997,-0.009573152161869177,0
1.3670017047819827,-0.17709201471767705,0.1117027601822308,0
1.502132133355184,0.08673116991327796,0.10787839803510338,0
1.5561761942041548,-0.0881744793549902,-0.033241662915938046,0
1.5933305702373959,-0.022108991995720237,0.11540549643076,0
1.4145823631764813,-0.0321786451023753,-0.048991442383167785,0
1.525954598499121,-0.06358049521853319,0.1822249700996692,0
1.4348708192681843,0.030505962876325007,-0.02109175643934054,0
1.5072013747415662,-0.03319084176500462,0.029110460856592402,0
1.332612487348051,-0.11138748750748112,0.12757560184226818,0
1.3689383102637525,-0.009345306231512017,-0.12883728535924505,0
1.2746301007232674,0.14627254591800493,0.13567388408305517,0
1.4443042943754079,0.035515481208911626,0.055353387813189964,0
1.4622704582680999,-0.018024028886054717,0.08125468588698122,0
1.2065785474927604,0.09265379842304045,-0.05033025284936099,0
1.3594590553571522,0.02492338955510562,0.021572221987246593,0
1.4037116825620053,-0.014759087426256992,-0.21412748543877735,0
1.3624896485682823,0.13345839549088853,-0.15254159527694766,0
1.5045612342653527,0.014160662974666574,0.00030607226724512404,0
1.2631204042364366,-0.10875562824228945,0.09668413520670137,0
1.613695611045431,-0.03250934664579016,0.3077546557965787,0
1.6987100067866279,0.040191780790143225,-0.019479225992489756,0
1.6620716023505122,-0.05706082147292248,-0.01846563698879833,0
1.5476419219338209,-0.07681763260517546,-0.06408380838676199,0
1.5675797464688876,0.006210218417838494,-0.03411909123002562,0
1.5611363324466723,0.08096880842331623,0.048203745069135315,0
1.5104113636052094,-0.18683248772388647,-0.05303553694427779,0
1.4285474278883263,0.009596544983984157,0.11311409528550963,0
1.317414602855786,0.17646953252761144,-0.048822068636760176,0
1.4202604034105017,0.05956485776286359,0.021305855870750744,0
1.1823261754768697,0.053206480201340216,-0.08690693110659958,0
1.491944386119357,0.09697515954354857,-0.1685237851784864,0
1.4454475690081348,0.08083664049946851,-0.085003813235725,0
1.335957231427105,0.015416347262488958,-0.12548195443429808,0
1.6875601232028103,0.030005809304456,-0.0023422259844102363,0
1.3750436574511231,0.05555960858749778,0.054222328806115355,0
1.139374755910571,0.11113096265156158,0.02370049912138734,0
1.1790427801473435,0.041062496348568456,0.015047054635049073,0
1.2569803045166514,-0.11298893035877225,0.12156867542247068,0
1.029493090607882,-0.0013668522167780692,-0.04510204938608303,0
1.063908290618317,0.057898759286067164,-0.05492094488974561,0
1.1136272460411156,0.24110779266307483,-0.09525253686690222,0
0.9451714540439126,0.11601862107651327,-0.015519722020713847,0
1.0086525958730004,-0.0243315796876928,0.022759131005231793,0
0.9457680045302771,0.03496097853122583,0.06145424302023614,0
0.9417031976049876,0.1888490066505487,-0.14518086253316304,0
1.0254168310616958,-0.1057803976521053,-0.10521365245024504,0
0.9179259516626049,0.2975920921097812,0.13919663252704964,0
0.8317239549773954,0.02110858666768574,0.018762389861158156,0
0.9137425120426548,-0.010222717724250827,0.14771272886559084,0
0.9463880178135572,-0.03237844267890154,0.009859867216956466,0
1.220658182058361,-0.016592011486452198,-0.024415986959181228,0
0.9790464321127186,-0.1256766652356356,0.0052454625259806065,0
0.9239539022259237,0.10802069283419176,-0.00482418010577192,0
0.9879945126556109,0.1763280429606461,-0.04006605366195982,0
1.0918680073910982,-0.060928968593324584,-0.1252320446207967,0
0.8572063356527397,-0.060224147511102104,-0.1562676965788362,0
0.9447467454586661,0.025702139088140237,0.051716366433190865,0
0.8809284892946541,0.0475226398874221,0.12312707158827603,0
1.017893005918331,0.009088948219892824,0.08052355433411487,0
1.1542901007439634,-0.004792308576304211,-0.010000164161097301,0
0.8126161067761482,-0.05970649455674859,-0.10036456038506747,0
0.8962038599787345,-0.14468648142180193,-0.028579033639168583,0
1.1095678068737969,0.009349185914346211,-0.013901835024825572,0
1.039339540134716,0.17695321139638479,0.19793276858311423,0
0.9360231446319999,0.08774862209601786,-0.08447448263116222,0
0.9802963380451917,-0.16424060835938037,-0.03720132164381459,0
0.8662562621990081,0.038498074245030156,0.001282616577599135,0
0.9584203733329406,0.05865693387003972,-0.03194666062593404,0
0.6778119366400288,-0.10798038861719193,0.16686308716482326,0
0.9643703637145626,-0.06495134686097534,-0.07057550351020901,0
0.9714509640544382,-0.04783441241563896,-0.12011873435596872,0
0.7860335328495094,0.047109211127544896,0.01426324030265162,0
0.8189955004325711,-0.03542404101758879,-0.03811778198065515,0
0.8731120678457758,-0.0707831314605027,0.1310652861272601,0
0.6807369517777304,0.10490394816464346,-0.15338247425323617,0
0.7532101111728005,-0.1689453924030509,0.06145928219769309,0
0.9188929300399931,0.042867386503459975,0.06537805580754825,0
0.8481876675459731,0.03348360447499389,-0.024699394762181647,0
0.8199687168892499,0.048490519721617935,-0.05721638910175828,0
0.7213371559192825,-0.009119363965033657,0.14570085371957173,0
0.9234875105528741,-0.05220669952703442,0.04348690006943485,0
0.6762894404093073,-0.0807967703556116,0.15361156308034113,0
0.8631701026902386,-0.015595455073139655,-0.010085863444927469,0
0.8060783456619802,-0.1894173694185647,0.01602593177729004,0
0.7849320640607546,-0.010285941781745632,0.055438120891151514,0
0.7772663976353377,0.051838606587414765,0.014442428473064881,0
0.9804744867017818,0.18549377226722785,-0.03490359569241461,0
0.8579737144886603,-0.17106674998648844,-0.09434420963126752,0
0.7125595640690654,0.06008430415765064,0.053982403421465874,0
0.8010813726447523,-0.030467679732629517,-0.028755252881415862,0
0.6487279625857515,-0.0048465232117475025,-0.07607042456606981,0
0.567458198385298,0.1272759199759126,0.024745489876390272,0
0.6485562537604384,-0.050075507787493916,-0.06662349727502435,0
0.5225531947575204,0.0925555480657253,-0.07295084046616856,0
0.4884159144376017,0.13101818124577252,-0.08110144334841841,0
0.6311334794225084,-0.09008533446072164,0.10505535588092103,0
0.502898373477884,-0.10104870698431417,-0.03430522711281341,0
0.35754034208456,-0.053995110796808514,0.059830813536163055,0
0.4104776239401571,-0.06370897530342177,-0.041602607341184566,0
0.48985590731435436,0.21329199428517298,-0.041849129640739946,0
0.46243884506163385,-0.02804076999703243,0.1377196626608932,0
0.232826904337183,0.11357116116231421,-0.05255181907853819,0
0.24163914159624802,0.19648716344453263,0.04087526158564784,0
0.2916483526765856,-3.7559061785370935,-0.19410265917926356,1
0.3980622494982705,0.17780299782515313,0.08612106650697948,0
0.15614590576258686,0.004330059753215936,0.1591374443149967,0
0.3574349025878308,0.13674979042394986,-0.021139034306052948,0
0.3731997693631648,-0.3071990053963498,0.2173484718143832,0
0.5528108752605467,-0.10747159235232794,0.0036031035967250347,0
0.6756992262845405,0.09258035117002604,0.00764666655884513,0
0.6590174667062636,0.28032676356063874,0.08139637037242693,0
0.45146156340760435,0.05396228921048123,0.04359638409305669,0
0.6966502505219955,0.09233284104330888,0.02304374203080151,0
0.6978195734844379,-0.03224522543357738,0.01355466597414428,0
0.6645657710593487,-0.05803756099223391,0.07059132260058988,0
0.6741785189502334,-0.139329262140482,-0.16006099162873935,0
0.787722612328858,0.059340612124080955,-0.12131385443332854,0
0.9324763941081968,-0.015657081163438894,0.02895215187602561,0
0.6883324737718748,0.07976049603240848,0.10613712492535175,0
0.9739797949902346,0.19679290443242026,0.05687298500482749,0
0.9036355997615969,-0.1288259854579577,-0.1359534212357891,0
0.9071699867172724,0.012963837023382448,0.04452362586387662,0
0.7394408985763382,0.10369431300899928,-0.05028807966950345,0
0.7859432232478597,-0.17948389568827905,0.2518398875474762,0
0.7426232219159009,0.04795421424082066,0.026389617761834336,0
0.7790134454046359,0.09783275651747542,0.08583830487626393,0
0.8190263510319996,-0.06011081076022502,0.15010496893741843,0
0.8411338871422369,-0.12384472872395019,0.006043186250428403,0
0.673146340547877,0.04764737685707392,0.1603603212337479,0
0.824908199973665,0.02069674189659101,-0.1845598666369848,0
0.6078836977808153,0.1878968509328138,0.055226274933511614,0
0.8718078527779916,-0.09313737984768744,0.1341546773289225,0
0.6171607071300205,-0.03041717529660656,-0.25454685739929245,0
0.7617766845928859,-0.03565246591022133,-0.056568668031641046,0
0.7164905196224811,0.08652272421912478,0.036817194159635636,0
0.670057607153457,-0.1645812619605061,-0.03482922208956309,0
0.47116522343442346,0.012313846596232539,-0.13559645486414693,0
0.5762317460619796,-0.031017022069388805,0.0030998265355491506,0
0.5679358192038011,-0.0017118373935979308,0.14879888491801174,0
0.5270898406021358,-0.12626200372684113,0.021967227817198065,0
0.40297707804616567,0.09017562389981248,0.09912019123465343,0
0.5052956494837975,0.028789194749660935,0.0956476129714975,0
0.4384325695779939,-0.10453279665752546,-0.06271967646914059,0
-3.4669948021443484,0.14020456787268687,-0.1914174767860815,1
0.5538801508686066,0.017957344434672326,-0.05995373691518401,0
0.5590535270178207,0.01899518616488284,0.02306491292470425,0
0.4949602677021374,0.13974784773956914,0.019764189326561724,0
0.7495506870294366,-0.10715957159829591,-0.018428880337423553,0
0.49123510882522475,-0.02127765715788163,-0.10053913108083656,0
0.7672348702743319,0.17020909000835566,0.1302808969063699,0
0.3543494167768856,-0.05797424764847995,-0.012302339220175899,0
0.46071996228049206,-0.03370633877615166,0.01479720067185108,0
0.2817560140457315,-3.96625025074497,-0.10382648429377901,1
0.3055055255874508,0.06378238140692095,-0.08182645512572612,0
0.29520535198858,-0.12189018567236543,-0.053067400907186285,0
0.5829155420717688,0.2209370263841767,0.006434472035634128,0
0.15897061812869157,-0.09820243778528154,0.0717904839129344,0
0.27147909503933987,0.08313314810841055,0.03570278496680061,0
0.37144715706977793,-0.021246510639623985,0.00858420891148511,0
0.39599652864988577,-0.005585071081688026,-0.025125246209401205,0
0.22235104841029163,-0.03184018894060416,-0.011771641153053196,0
0.4089534942469417,0.0795289588434538,-0.02106967928428778,0
0.35468309250300856,0.20556582424603542,-0.008402487050189167,0
0.2823959768936698,0.008300605571176492,-0.0888496069749148,0
0.18734647326932208,-0.036744858401905695,-0.01566755079617308,0
0.3689739130566532,-0.17450787365814177,0.09117864198862827,0
0.27444641543411263,0.09095671982991244,0.2026397321481051,0
0.2020920382615315,-0.09683210273415879,-0.08712034151772224,0
0.2034505664518078,0.0568562099564107,-0.062227020821895074,0
0.19543228957234932,-0.00646489070440614,-0.05123385435489434,0
0.1433527560302012,-0.13499743799438585,-0.03902971866566043,0
0.13669011762520528,0.07880963841635288,0.019265787628854197,0
0.061394145793414207,0.3045326776373024,-0.07820546860881779,0
0.20655980358051276,-0.04490628552079411,-0.0829988401457837,0
0.20856892304551652,0.2142329666642535,-4.0752836148783125,1
0.06651712246909325,-0.1486065742154737,-0.07073422830048584,0
0.25497722640286347,0.07380971048812829,0.00772563684748419,0
0.16672368188450504,0.07319916468911704,-0.15654372207573955,0
0.21039816580286105,-0.15566390789839527,0.15399881039870666,0
0.27925860230491706,-0.07731814263754931,-0.21351606256228048,0
0.21309524033211855,-4.099291073820421,-0.04428089755135392,1
0.3216626538898011,0.06719262817945092,0.11593806703966952,0
0.33373585295866826,-0.07384570131806727,0.11671370140605641,0
0.25071962095073774,0.014774278094694985,0.03477678053078517,0
0.3890275743503632,0.008453481842462704,-0.09880475596999583,0
0.28214438901542577,0.022727880597607476,0.05731326321196502,0
0.10438503851901426,-0.09285976249646026,0.01527763546110078,0
0.19244069016858947,0.0069269024663231316,-0.11371471718109374,0
0.159328067722181,0.02620206719315862,0.05712563762854912,0
0.14122693976440315,-0.11299262918094809,-0.07211972208922961,0
0.2549477681681263,-0.04053926781578183,0.05584244529132916,0
0.19131840952781567,0.016554991667907675,0.096756199908065,0
0.19798868453543417,0.27246366097675323,0.07081209962575033,0
-0.03254153645385484,-0.1310266431095671,-0.06721642287620043,0
0.02273488268379846,-0.03525691266727356,-0.017237465288069003,0
0.1310939802912787,-0.03976185938178795,0.11816029557357373,0
0.36641124204130116,0.06633861581096386,0.1317660791262568,0
0.2203166406776234,-0.03443034800819816,-0.10369037471481363,0
0.08569408604013312,-0.23150116801783374,-0.05364010878764767,0
0.02441313811501064,-0.0692210331456931,0.10536417356415922,0
0.20472678169880343,0.09182683443042351,-0.034732433769328046,0
-0.038033529798255875,0.08645343155356301,-0.19839867967311087,0
0.07396353036107314,-0.15502913841752441,-0.03640194854253225,0
0.18822810415723049,0.18486936234332774,0.07223171150035494,0
0.07967963751181202,-0.01847424646494533,0.23853007274059745,0
-0.008432178099686188,-0.07798194310802155,0.07184856701664448,0
0.0064984261126044,0.004384553809601614,-0.08697690981141674,0
0.24453166506745058,0.02515686986225661,0.1487905544212068,0
0.2874426987064083,0.027922133421234393,0.04728422679590036,0
0.19811504806318142,0.02607218038253686,0.003016049733775941,0
0.21024208674379466,0.15000894498736367,-0.08711511059445223,0
0.30052140455690624,0.14776839155219454,0.01300094184959298,0
0.273937846291792,0.045640036543639545,-0.17480012644242293,0
0.07051160401715892,0.0748960708894316,0.08542901302316556,0
0.28076801537067714,-0.04539663281838709,0.09531955567656447,0
0.2554231175297751,-0.016758459110659676,-0.15606188965943962,0
0.38654609684480357,-0.01774757096755071,-0.18037800670689869,0
0.37029004396592785,-0.020163334692586465,-0.10988523348992035,0
0.44664705183606457,-0.06752555125643177,-0.043792378199886066,0
0.3487167179992431,-0.23931705403187828,0.09350259815864048,0
0.30467608571790544,0.17256789020796592,0.12391068825509242,0
0.2686911392821413,-0.01005771421426074,0.2584887192899518,0
0.41749289556900027,0.1481579272729979,0.21558335423584693,0
0.34149321130538046,0.04287279737309665,-0.024640379697812746,0
0.33660267170268826,0.08599154577165023,-0.1102087745946761,0
0.5660748976285954,-0.16410354286247852,-0.2391113479196251,0
0.4891421972824432,0.042394208590665367,-0.029467119938423898,0
0.5984004114863353,0.018744597579716603,0.13259150988542232,0
0.4721863151651102,0.05314352468397561,0.13164226060769654,0
0.47824271433511945,0.030729177233890015,0.12622001838454852,0
0.4676528593165844,0.05151578770866338,-0.08515928628317238,0
0.5632845577605762,0.10774058553373685,-0.17753163698133273,0
0.6154597204597207,-0.01422122319507428,0.23721310942347454,0
0.4823910435609544,0.001888060743445376,-0.1930007906791891,0
0.5484339828981105,-0.13167357497814344,0.08248976355519917,0
0.3731134938338322,-0.0846683806781108,0.016253739529410328,0
0.5619928707387598,0.09432206885156863,0.056772011337079514,0
0.33810170690174535,0.04885269857765969,0.17445366313344915,0
0.6194934220117693,0.035435968539423233,0.10079508356025667,0
0.47164087227846646,0.09027386353490918,-0.005083345295746017,0
0.47124362844896694,0.006290541838102963,-0.1336081591912386,0
0.6952432383773077,0.08778586549284711,0.08867978815163995,0
0.5142857883683004,0.060216612393831505,-0.09327177632602583,0
0.649140230180006,-0.013204634093007825,0.05846974162861732,0
0.559479344909594,-0.11882786836555473,-0.00996048987992127,0
0.5497748537344711,0.017418627513710042,-0.13416500683974636,0
0.6560388969278074,0.04297874336011805,0.00767147396529249,0
0.4690263872567274,-0.0865128752098965,0.11797673901295043,0
0.631098918235208,0.03967865151773447,-0.09889892700483505,0
0.6916660732426857,0.04552940093649061,0.038257686958922336,0
0.7019837142158881,0.2041099540142374,0.0805347724610587,0
0.6299730246601261,-0.07166867688181619,-0.12701758225116655,0
0.8294383077587681,0.15021300839593987,-0.08120474491871488,0
0.5786198385787301,0.05036170213068945,-0.006207546959987934,0
0.49050961167333873,0.03521794407239197,0.014218981971003406,0
0.5645422712387713,-0.023046599308781706,-0.05419974733465425,0
0.6132540946664281,-0.06390795781758696,-0.022086236311458233,0
0.6960930509225469,-0.011991726956013974,0.009904392375991873,0
0.7286847254041355,0.08801813162483013,-0.009435712540868321,0
0.8176092204800921,0.02677320510315162,-0.07675851432557965,0
0.768095748913416,-0.150157753347123,-0.13185866623380657,0
0.9660646537003994,0.017391041912297418,0.05722319732797268,0
1.0194573289843838,0.009743878138843486,-0.17345159346193573,0
1.0149249753685654,-0.0755790260870623,0.09796156404930144,0
1.0100799119445352,-0.039532057172838614,-0.008798471379073814,0
1.00285959195201,-0.028831909286406894,0.0879280523506569,0
1.02916301414182,0.03129001732089924,-0.04805082448577656,0
1.0231914903164216,-0.12972325816177813,0.013150348811710491,0
1.0531247745431982,-0.025459569142920014,0.024802583203300952,0
1.0768103347310138,0.006150868124175649,-0.089210322256353,0
1.270618192766528,-0.10459624998105382,0.08487430108053504,0
1.1540264383102747,-0.021622939725098766,0.09058876004862915,0
1.3596422429224675,0.026010532831052282,-0.14558489864106908,0
1.1448741537507001,0.015934734807576872,-0.055448405688363726,0
1.0292962897515188,0.052071474602871606,0.03935781591493634,0
0.9586919120612561,-0.1340766025006162,-0.06134525552524894,0
1.1865130193079387,0.212132800590156,0.07244599074475376,0
1.279005497126095,0.033878359160305134,-0.09010392380474785,0
1.1819997943022411,0.06929333645092221,-0.0012126982084420268,0
1.2035514767934263,0.023026712646855862,0.0031359121258711744,0
5.246512911263032,0.22006527045747096,0.059069879071717804,1
1.1144766404972068,-0.11839496868437543,0.13726096326139073,0
1.186101064993552,-0.026553684360370613,0.010456362178205308,0
1.2594980313135704,-0.03524275861603064,0.07240748601117229,0
1.060371510314063,0.18529265201006054,-0.03075481732903311,0
0.870326449704851,-0.13847617515384966,-0.13839093021736712,0
1.1094018534822991,0.019198187358799964,-0.21743904465448616,0
1.1079680812599568,-0.1981920487047173,0.10721579473070014,0
1.2257888705843143,0.00543688285039565,-0.10810455388586207,0
1.1165623080960285,0.021510770386158534,-0.056668473501129205,0
1.3301068839480403,-0.050553067664587,-0.08222227579612507,0
1.1564986066389926,-0.08647064051388546,0.06824411803185745,0
1.1971875800524365,0.03957709065954767,0.18259117621803173,0
1.1019541049094392,0.0726112760068798,-0.06939919799425286,0
1.283176352353162,-0.02121901111405838,0.00984005642726258,0
1.20426580369449,0.20628590026556354,0.018005640493957704,0
1.1994691078615054,-0.1942312908449631,0.19208134323806045,0
1.1844866210198741,-0.08780652070621008,0.06425159957262794,0
0.977441132059423,0.001019141568462549,-0.03129024023142302,0
1.0961014861981464,0.10158557587226041,-0.07901490411092736,0
0.9576743753085384,0.06469411477931358,-0.06419072749882954,0
0.9926521685659765,0.11470863291013898,0.07662280419658116,0
0.9647861262581396,-0.18068844476184642,-0.1392792109761047,0
0.9630360530910776,0.09934695280518623,-0.3246057682348584,0
0.9763180797313651,-0.050710744011577075,-0.1036349110448708,0
0.9625968225617489,-0.08922093811387893,0.05034036387464718,0
0.6878336894890711,0.05988661224859309,0.13101751013911983,0
0.9073945919512698,-0.025585825605485852,-0.1533343462819693,0
0.8836048361664877,-0.04810533012151319,-0.09550139671489667,0
0.7224074913362007,0.06214258195146804,0.01535180526697737,0
0.6181606252175584,0.06821503740196366,-0.013712942794027617,0
0.5385035769631978,0.12208203454848639,0.03869154498590553,0
0.6442735812750828,0.031130993017409948,0.08150279865102904,0
0.8941628333427785,-0.0166389316305616,0.0021947662604796673,0
0.6892804999360436,-0.0728498083900916,-0.058131168681075054,0
0.6683903446383983,0.036019539052709444,-0.09633982275813335,0
0.5964537115601641,0.048349365444945336,0.046796547524328116,0
0.323352995179397,0.09043682876742351,0.19363830814531968,0
0.5682034833224061,-0.09595281336126826,-0.04248193920842311,0
0.6302598844398153,-0.002230384710058088,0.23151525831520595,0
0.5330649162134744,-0.0427570349298638,-0.059333272794903705,0
0.6153932598240406,0.03449505183312617,0.03584950610828301,0
0.5987301695376932,0.1456974247130863,0.08754955663615632,0
0.5351536228426019,0.04166530105045139,-0.04678004590002278,0
0.6558106878546207,0.08004424604207258,0.027758758827190373,0
0.785235593372668,-0.05777500743520371,-0.0047985783776893255,0
0.5579780210507683,0.029292759019317327,0.037386158922399625,0
0.733642255357558,-0.08958849068944756,0.08508246582578453,0
0.9004283692372688,-0.06812727329649454,0.08691713250782047,0
0.7098868949862882,0.034510373309728636,-0.0778229592446674,0
0.7404252472599033,0.09196887407698143,0.08831155465386176,0
0.6166107502506832,0.1084970289520272,-0.04816746284092755,0
0.6543081394185178,0.0471765932527148,-0.05183403060593698,0
0.38427300727259717,0.05349973469834454,-0.2696362015380279,0
0.6285382161189917,-0.11871809979288711,-0.06154001519352832,0
0.7302176847625551,0.21196417828169098,0.08560691570779902,0
0.7315818223589392,0.12782471078137272,0.21956518615151355,0
0.7801030538942958,0.026183385932428527,-0.06396606870826792,0
0.8659358455859123,-0.1653023867885043,0.05252957172370046,0
0.4651980643424858,0.010034136619746373,0.057145064732804875,0
0.5683710994993486,0.0029679523041494043,-0.003118503584179328,0
0.9117009590710027,0.0401227426841952,-0.16020656203580283,0
0.9838216506711107,0.051469004457612,0.04751989678289346,0
0.658169538970043,-0.09834860828382312,-0.15368608574921205,0
0.9566711983968117,-0.05545179797634536,-0.02632600001865697,0
1.0023062066881323,0.08053452609119725,-0.0002471496402289814,0
1.0741090912734246,-0.015283211438038374,-0.05223111840428096,0
0.8931212772060942,0.02657893832278473,-0.110209056516615,0
0.9659086684634435,-0.08308929298167893,-0.07938656875799677,0
0.8323453601576277,0.10378063664242254,-0.03974064440643578,0
1.141880460316187,0.04964510956479137,-0.006022978686689838,0
0.9952157827436163,0.016303345263202103,0.0011815846622647268,0
0.8437817959235724,0.04017841472780503,0.01642237973043586,0
0.9868095924467625,-0.06626224848101668,-0.0538293602300738,0
0.9699691499057983,0.13528209689171353,0.07441212475419577,0
0.9106029129777462,-0.1008194989108062,-0.06230760091885688,0
0.7020924200424159,0.007588319904339048,-0.11653424986919468,0
0.9990845732557088,-0.037173933664107484,0.07609461953596175,0
1.039332459374906,-0.02515065660662858,0.06547184499645065,0
1.0141412911694503,-0.009852920853868343,0.02123987818065482,0
0.9057987476172153,0.024377158270370694,-0.027507836545780474,0
1.0878513608843672,0.055435161199640426,0.1159416045364295,0
0.9072745012418019,-0.18969356906799384,-0.055810755492518044,0
1.126041538720064,0.010896448863569537,0.018383146739901903,0
0.9985990624298641,-0.03854526772695969,0.04255636407419355,0
1.2158890567696172,0.0038014077965743773,0.27303320565747546,0
0.9578226872097625,-0.011622765329267704,-0.049375257746069934,0
1.1191735140453314,-0.14989239319557576,-0.03739841080205647,0
0.9986389812861196,-0.10150492591445243,0.1359268748564195,0
1.0626923443600327,0.119496508444861,0.01149458194725952,0
1.0715160358438733,0.0506183755414471,-0.03794737928998949,0
0.9625993725125396,0.07846652796807455,0.01728062052818832,0
1.0400328913404042,0.13373555204691132,-0.08441044926612046,0
0.9623449443914844,0.13689534214672566,0.04255510205453344,0
0.9889612334614428,-0.05420981580518887,-0.09303190322778314,0
0.9745849509872792,-0.08692237232116402,0.08330288934090857,0
0.9949536194774204,-0.21666848459705612,0.18605648253552054,0
0.834832422392037,0.03742765239592032,-0.12085901321870625,0
1.0189647604718641,0.0008887064908664616,0.1291844761984283,0
0.960714455144132,-0.03013536811230512,-0.06792590956234316,0
1.0376470902727608,0.14878837042694587,-0.03673536547401381,0
0.8243935920365854,0.032339558875788384,-0.01241932732457743,0
1.0436708994040562,0.0016696090184227426,-0.14935688503492026,0
0.8747717327759259,-0.010868396982549952,-0.16770990232361888,0
1.2836740238708717,-0.1064107892741441,0.1103569753623595,0
0.9203398387663125,-0.13662938557175222,0.044167372521969644,0
1.1308741928521273,0.19371228140060934,0.05056435813464795,0
1.2537601767596767,0.1314729437777843,-0.14862693741153837,0
1.2648692382770441,-0.05085023359397087,0.1509765051617973,0
1.390334845621941,-0.19504299333270866,-0.1662732324065714,0
1.3743793849138843,-0.08316841268418378,0.054536657000821324,0
1.444498632672897,0.1373134243091683,0.07613280604298647,0
1.3956463717262189,-0.07756815558694503,0.0851683392785422,0
1.3771431857952936,-0.042954103445893205,-0.0006572961858520223,0
1.4494764284742596,0.10185232935010442,0.002434162129872159,0
1.3423647486621488,-0.016598955895707077,-0.06327208016394541,0
1.4864486592399446,-0.018406941162739672,-0.157102785707316,0
1.392684317762397,-0.051450440676416055,0.05311320317420133,0
1.3865515919490534,-0.0042191469340898125,-0.08340711781479977,0
1.4816884427482497,0.027954003452314476,0.04176410909466614,0
1.4323502065768052,-0.14727790048525422,0.15480347673331593,0
1.4887157262820432,0.055272843328964795,-0.11057359915893053,0
1.5038186575812214,0.003443693948591661,-0.04300190626496567,0
1.591815074692492,-0.05362132479314727,0.04386778205888117,0
1.7415176516576503,0.10392782210875495,-0.07691431584518044,0
1.5269402092498228,0.003992130055826263,0.015604034480756325,0
1.4777612216604572,0.09821992837179926,0.12363279406268049,0
1.441776552049334,-0.008096255504364514,-0.028216116774456925,0
1.5414522876588252,-0.13100455048665804,-0.027920784157975734,0
1.574847239546747,-0.06728809635528865,-0.07977501378325492,0
1.5076023019402207,-0.10387457819143325,0.060573919806507004,0
1.4101106090530056,0.07964501640776321,-0.055533568848110774,0
1.6507866680498924,0.1334600479315114,-0.03994534789859738,0
1.6343095815486512,-0.1317858981659413,0.1598598969762259,0
1.656419010467191,-0.087413025101065,0.1393045565441026,0
1.516010230457625,-0.11816747969203828,0.06572994855610023,0
1.7028755192302278,-0.054424062737668144,-0.08404156794813167,0
1.6285244308120397,0.16872248713334712,-0.0987463227062417,0
1.845603026570249,-0.09090756076978042,-0.04030872007409611,0
1.6778163779497044,0.09909383566272528,0.01067549907276194,0
1.5428943096306844,0.06786592573431564,-0.03792767409321957,0
1.7395170531852855,-0.02212512352770325,-0.19881252062499954,0
1.4392418015142117,-0.10038402946623921,-0.14203092789374852,0
1.4048389646427304,-0.11585101445992503,-0.058159470096479926,0
1.654543616194483,-0.1933017727821341,0.07394887437001148,0
1.5211698325237932,-0.12701051538533276,0.21202751260387936,0
1.3282189198141348,-0.10677583546214889,0.03579445880892249,0
1.3483753329049772,0.2517318130913149,0.08367272078110016,0
1.4151794072767163,-0.13599758701722017,-0.1527637609411976,0
1.5715443049596853,-0.007333233665469921,-0.14961796472255945,0
1.5220414516827456,0.11928799021947929,-0.02504418866627127,0
1.5642960513901216,-0.09419378896661479,-0.12951598504767325,0
1.582400407249845,-0.06221137692157141,0.02116187190633468,0
1.4692507317867889,0.19157110414887357,-0.1103592606894489,0
1.504938125375718,-0.046492362922492585,0.08612223565824549,0
1.5422735620362045,0.18020169234017688,-0.15087057991167627,0
1.6382625361695478,0.1616753866327848,-0.10474949840372078,0
1.782777523120587,0.04364848921622534,0.055565351291489984,0
1.47936895342206,-0.08516932076034814,-0.2716151701990244,0
1.4941671115412094,-0.07513107069672725,0.1097845675975629,0
1.7197068946149086,-0.2317821016247562,-0.12000034677342164,0
1.4943919340614376,-0.011156103774367971,-0.16055723663992497,0
1.9355406376865367,-0.08181086996387359,-0.07385781538976922,0
1.4846584159845437,0.0826756573545389,0.003612870627244266,0
1.5662943572215295,0.015824032384502983,-0.20544317732099332,0
1.3293312359031972,-0.056122260247720115,0.0013212737301383742,0
1.4368003670869243,0.09159749776730203,0.012420925956887062,0
1.4338189923756754,-0.035639870686954046,-0.03040924477713582,0
1.7383591995756573,0.08694363569457086,-0.14953259819341083,0
1.7172018265055111,0.1574964008672632,0.03402726393933055,0
1.6869776352299337,0.20407537490225255,0.06245968138734701,0
1.5730660694629421,-0.11268174218103214,0.1820959384620493,0
1.3983852015071132,-0.19134466140917117,-0.03786817621001981,0
1.4470877357383038,0.09044270237974955,-0.02121028392551068,0
1.4908982879702142,0.04581988016896518,0.14860884767598834,0
1.5268053713397571,-0.22581107887709934,-0.0838649522013853,0
1.5828909665851465,0.043400539870740835,0.20469038529738884,0
1.5221234704255473,0.2302924936224541,0.0038342437029595684,0
1.4417813828734394,-0.09172962266435285,-0.1736135408151106,0
1.486271528225082,0.05786904007851765,-0.0825533254808885,0
1.4637069787487347,-0.12816559772793829,0.01793825651427381,0
1.2305056527146785,-0.0725858018446364,-0.026493649665762592,0
1.37169334269504,-0.24274621827749257,-0.005880826314412949,0
1.4003569767135529,0.04860661192329094,-0.039176902419122236,0
1.411216725904036,-0.03625941577217685,0.07067500547841742,0
1.4659117549018352,0.07091411612320211,-0.024582862061730378,0
1.199906009728125,-0.01514450810605601,0.044516382315399707,0
1.2908347555636295,-0.002564942806895916,-0.11943957534165134,0
1.1105574140236616,-0.07276168682508798,0.17078942415447362,0
1.2200567719915882,-0.010026513470684626,-0.03768913961038632,0
1.1071725839126396,-0.03722744440097917,-0.0019926213978749604,0
1.0794271763888625,0.11612751509348627,-0.15390309146164138,0
1.237134296021192,0.059788895021188705,-0.07088631076559702,0
1.2096386209578922,0.13412999676852852,0.03792219815056891,0
1.2897929843606637,0.015498337745333447,0.21002349936685377,0
1.5371697011399945,0.014176647474205023,-0.28617356908567215,0
1.394007428551948,0.00722928557137726,0.15081404639100618,0
1.369075012509906,0.08488374216004456,0.008757584801785774,0
1.2102281907593075,0.004636579004126494,-0.08501149576334888,0
1.2681243824847195,-0.01899635036465038,0.03281861056418894,0
1.1341241185116582,-0.00943238875103289,-0.11585779828464292,0
1.2077121496458574,0.1029921369868979,-0.024118724326018682,0
1.2410971065506546,-0.10903554448000148,-0.13503790099699972,0
1.2902495742328761,0.0027029067629708234,0.06345694111199056,0
1.255000599418973,-0.03920204818048145,0.08031284171645375,0
1.3127777509100556,0.056829529979905286,0.023598663406789806,0
1.1351157974305444,0.012382983275694677,-0.12439383703175895,0
1.497747026904132,0.06623992666995612,-0.05595223751408628,0
1.3986642529012843,0.0559583278175349,0.11291920463717338,0
1.401791872034958,0.0660251259661512,-0.06347609379619354,0
1.127316896689728,-0.033349104901631454,-0.03944568442652479,0
1.1975806842589445,-0.05513820721430171,-0.1870177535967731,0
1.322514955759039,-0.1320165140639289,0.06333802607609847,0
1.1480788845059091,0.09354410248093249,0.034209927737921864,0
1.2361072992430082,-0.03281847330309411,0.05659067385095684,0
1.1862125620976947,-0.00947675130510009,0.04570079450083382,0
1.1189948606249138,-0.0048986740209422,0.07984495102275233,0
1.1841461617307305,0.12377725902614967,0.021096864589194533,0
1.2054953921761904,0.04400196166251712,0.01788965037714028,0
1.028106403355704,-0.08733066918715801,-0.05568508857341854,0
1.206440671503158,-0.06720287380602916,-0.028484998385995865,0
1.0074847250564511,0.0235667217399177,-0.003766112583203205,0
1.0965703873797725,0.052999223951224896,-0.04701664291919955,0
1.1572863837562766,0.14810167966382462,-0.06417309096346248,0
1.2703132953382343,-0.06293078557058435,0.035201914167601135,0
0.987996946662027,0.07271126951866777,-0.1507237308368946,0
1.0635166802821925,-0.04797527096593122,0.020855964918813752,0
1.0676192867060386,0.11563050921203744,0.1649530961460124,0
1.0316148189755598,-0.09864369484928515,0.0425549186952426,0
1.0854951842874296,-0.058397601220132746,-0.0860861902792256,0
1.009797574247401,0.0833813650338125,-0.011339022178788597,0
1.1479415019035923,0.021592994241150798,-0.1707304378477993,0
1.1981000388993372,0.13483715592570406,0.15001805022030854,0
0.9682018599490263,-0.05880770631658682,-0.10782278165183704,0
1.091429009929863,-0.022262782866669387,0.023826465925643733,0
1.0085671295006036,-0.0988821786751466,0.043260619845159026,0
0.9288473797578506,-0.14046515807556006,-0.13685646372417964,0
0.9848907884159718,0.019545505402868184,0.038586845984152254,0
1.0472152718656929,-0.05554359927280379,-0.026823319713502713,0
0.8771328980271448,-0.04423625642086485,-0.04127150205938575,0
1.1679340470346633,-0.03389058463604594,-0.1507830340620407,0
0.7914045794269446,-0.2099782801917018,-0.2170344332442669,0
0.5775235993153462,3.9097624470351047,0.03353050357884065,1
1.097888567110013,3.933296927707472,-0.1318030284886773,1
0.88527574203199,-0.058589480681702215,-0.030045248644796525,0
0.9966540932725108,-0.07881338821048546,0.056657013236492415,0
0.836643300128995,0.00940751376443896,-0.055309531379945764,0
0.9748787337992568,0.03302272646660039,-0.013573229908821061,0
0.9160566193964927,-0.09935471248517097,0.04479414511010396,0
0.7908348200228666,0.02801308972261552,-0.03433024467455244,0
0.7778531311984993,-0.14528768772453768,0.11379705678590767,0
0.8765600170487251,0.0974579022532881,0.017622428056875323,0
0.6926417437644886,-0.20311049331919487,-0.0340153445783866,0
0.7280277378591378,0.0004391185380992216,0.07486216095486505,0
0.7211826629012419,0.1544786942144719,0.11258958226881864,0
0.893236114017676,-0.02950219378630102,-0.06447255731875197,0
0.8082595313875196,-0.0689980940955179,0.022331136620416858,0
0.5292230664226933,-0.18502383133762318,-0.061823342305117705,0
0.6639243902605176,0.10748895803394878,-0.07808148335127514,0
0.7897666981435526,-0.016445597121750154,0.044136459102601604,0
0.7582365856958893,0.02589108014906299,0.16562265557887854,0
0.6661619382355028,-0.024193118364782034,-0.053561961331535526,0
0.7625831697781421,-0.04560754369125375,0.00680891913515239,0
0.6981323271328517,0.13898319321039024,0.13633107890675486,0
0.7303303674766057,-0.032064034153914886,0.15595203285687048,0
0.7181823071656872,-0.13578479711172337,0.0928540134087209,0
0.6696430384775292,-0.01980891954631413,-0.009191908527537337,0
0.8818693383220143,-0.0681526623266775,-0.07655580689560314,0
0.701063476209573,0.059084645714367445,0.11839246118410168,0
0.6515706041725227,-0.02071284205820479,0.015079971376955366,0
0.663485849441563,0.20864001863258227,0.09883004371115271,0
0.6105754211350509,-0.0035206567023666683,0.0033123977158090318,0
1.0273764183705292,-0.22819279910379908,0.049642095226254845,0
0.7976233503300514,-0.09525535544291691,0.0922704670530235,0
1.0192080576134706,0.178517612284565,-0.07782088506716801,0
1.0401043320020527,-0.15990963618076767,0.22399975911082037,0
1.0748097388519868,0.151155118718814,-0.0811777481647853,0
0.9679815117985274,-0.27784978808337135,0.10193096401766187,0
1.0322627595391598,-0.11042017197981338,-0.0920211252732436,0
0.749027177531246,-0.08200687992247487,-0.050078931372038706,0
0.7637038754901134,0.1083512513427749,-0.08352403337887267,0
0.7017538950430292,-0.06067074626983953,-0.03542623937820196,0
0.9678511950000277,0.005344529739922738,0.043521607171834675,0
0.5831083267832045,0.102346638080892,0.05721458184939704,0
0.771808431658153,0.2713143100823718,-0.058622417969267704,0
0.7254654226808794,-0.010386549136205778,-0.20223494912473297,0
0.6399796369928994,-0.11168945704250191,0.0009198104185840334,0
0.5498912149264286,0.07732552220107689,0.1840801560701539,0
0.533114750102079,0.05081626511508439,0.05150040703154745,0
0.7486757361263214,0.10392545067675994,0.03532261159080056,0
0.8567110001923127,-0.1022530511981572,-0.10409026077294191,0
0.6230098043842918,0.04732826985245206,-0.012714377374404538,0
0.5499827091112831,-0.08890064425962428,-0.061315797198523016,0
0.7339895338257424,-0.06878387538995993,0.13060253731503488,0
0.7848527033812771,0.08594600385037901,-0.0876652587835715,0
0.8392720306562806,-0.15059735343488867,0.15895517666187287,0
0.7328156959629103,-0.04337696777777411,-0.027111824745429593,0
0.42322619613730317,-0.049079465019141615,-0.02041030075471304,0
0.5535992968837404,-0.05823116617593879,0.0049396463548567965,0
0.6590234886103102,0.06867158802582121,-0.05804272626606635,0
0.46308561656618363,-0.147828249846741,-0.0019832085539188814,0
0.7219988774540972,-0.11294659139125139,-0.021688549711750844,0
0.687786176511486,-0.05907427277332207,0.013396716788554728,0
0.5536210143113232,0.021367980908144325,-0.21961411006595988,0
0.6427526318745744,-0.0943472194280085,-0.10832373036225394,0
0.6156402922251073,-0.04857905936919843,0.15767154794525642,0
0.5170721959682357,-0.08584108409871859,-0.16004818192753648,0
0.47574785448643825,-0.04294627684476965,0.05779496054896033,0
0.5528136370823363,-0.265820692018433,-0.14843526005573807,0
0.3318317542010787,0.0192046985911732,0.07190270854109847,0
0.7032604362433457,-0.020402876159446647,-0.1471158888938896,0
0.6620149939375791,-0.07819943702735621,0.04215585091692474,0
0.48189888178477386,-0.016676692963594544,0.16862489303156272,0
0.7650551607812724,-0.0043046825603394925,0.1712353911689968,0
0.5517660364730373,0.22615138576545527,0.19202322077562478,0
0.5313647949516752,0.1631779385882239,0.05934358673633804,0
0.6896694720972154,-0.08145931844909418,-0.22014245883072703,0
0.8076890742468592,-0.0012396474315991266,-0.010455672185001878,0
0.7218882000352169,-0.03802577634102451,-0.053431160438997816,0
0.7936378621103352,0.11713778237875061,-0.003724606625937134,0
0.7665619968311118,0.007562996425221161,-0.07681518622322941,0
0.4369729927578412,-0.08404607316495122,-0.032322822023006834,0
0.6567787074662905,0.12381805791822137,-0.10245437021849949,0
0.503034914930091,0.07179279808106344,-0.0034694474478231883,0
0.47962549473859395,-0.04045796436774089,0.029915590954693195,0
0.8241235463073617,0.10481781575268878,0.04037264781960281,0
0.6127194190565046,0.19666385414851467,0.03629082898349922,0
0.6310060664214958,0.04221787792823419,-0.008972524130495131,0
0.5761348721689412,-0.02799326325715632,-0.013428631217620196,0
0.7808316576421351,0.05360261136903416,0.106210120581542,0
0.7645566420034275,0.08857920349321025,0.04473821545763139,0
0.845733731337502,0.008895312773837273,0.09559422112333384,0
0.8979886625648252,0.17423638230265187,-0.043610598298914616,0
0.66397591038552,0.03840690191027111,-0.023974121974051563,0
0.5645095785792466,0.09787467314603471,-0.12012528528854177,0
0.7946436678309134,4.029313223966484,0.08955645666128398,1
0.644903424375334,-0.14753332350888254,0.057835876905200645,0
0.5304435288827545,-0.06273036929861356,-0.02731675860429072,0
0.6165828642796517,0.12133898054086725,-0.0878600156225411,0
0.46855428598577814,0.0033989266555879876,-0.01299722841028908,0
0.5829404810992928,-0.08852086169391997,0.08393678526127685,0
0.6328317976112733,-0.09230148162170564,0.15994570346584633,0
0.5631125070802985,0.1051441460720935,0.13412234813238624,0
0.6771220741720333,-0.22561120408801827,-0.12264942425541514,0
0.5633877243225702,0.20599619279941997,-0.026287157489907034,0
0.47047403875417015,-0.0587565532096587,0.03673651597039873,0
0.5003374080613687,-0.061483710491408675,0.06639606418096161,0
0.5494105469882921,0.16145537580437974,0.08472412916519974,0
0.35719932052558717,0.13283966293677915,0.010647018165575978,0
0.3648613721076692,-0.006798358638052934,0.04456305807785111,0
0.3638370300204123,0.0004284659974286759,0.05354681731139267,0
0.19710771126890264,0.18679528991382777,0.15480202524812864,0
0.19326175663518352,0.1506614743121654,-0.05898564726428577,0
0.3857101262932697,0.11180443352459256,-0.11878599875754572,0
0.22554187588965052,-0.05986313029530699,0.06886608916151653,0
0.40298242370035303,0.1017761515078193,-0.017365690780320363,0
0.3277542013422853,-0.03915148702020843,0.05153647286427028,0
0.4155653815831575,-0.00803362341080979,0.07503145812442907,0
0.29322547296343066,-0.10950177215935764,0.04677736865108354,0
0.23874976692535899,0.05138678829898985,0.05178239982366598,0
0.21305723902180512,0.07196143108422863,-0.0620815022548606,0
0.1199842992375254,-0.062951704658044,0.019587148454081875,0
0.2741255844667827,0.04883119749835643,-0.06625246089685563,0
0.07388240155019687,0.05503296262293045,0.0012661704922503731,0
0.14848777931007817,0.020192399649579435,0.12186605260171342,0
0.2318788584799671,-0.10874042679329313,-0.044342534381459596,0
0.2757333316907898,-0.17325258939895027,-0.0680054368174173,0
0.029156444225070743,0.09182562522639565,0.060832794472730295,0
0.2748317537554697,-0.0735853225904577,0.013412969341297064,0
0.30066826395353796,0.13130249147600712,-0.012097762106426428,0
0.24344474240216468,0.01433464377857728,0.011897354833732342,0
0.161246034268683,-0.11735446388595161,0.1250895740001414,0
0.10889974097120589,-0.012556428209870511,-0.1788441813317051,0
0.3149591694253604,0.079268474765341,-0.027343132924445426,0
0.08889466773237054,-0.07522316436385851,-0.2201441327202962,0
0.2132405832535147,0.00548769448981714,0.0887205360313867,0
0.06614811953237912,-0.07070653820389865,-0.09268255984927037,0
0.11439575576576025,0.06309724744436189,-0.05662640600725242,0
0.03421277625141704,0.11986480677979282,0.00942779095779335,0
0.20061656914741374,0.008696578939951596,0.11493258951594464,0
0.2731185675197621,-0.023362343773150464,-0.34402368846951187,0
0.05210119175988942,0.10463345891654607,-0.15057231433183485,0
0.13257991679678913,-0.0007505842812992356,-0.02629368387835231,0
0.044593508646412594,0.12479681781895219,-0.034587520437865664,0
0.13444682471349995,-0.1407844743720717,-0.00019611721652190803,0
0.2847513264574326,0.0694915439851879,0.15360451705096567,0
0.27959807307747014,-0.05811967506971277,0.05588784502495379,0
0.17820189149224977,-0.1466563195017377,0.029082781471266906,0
0.06583717072281624,-0.1129723633795293,-0.10211465048781246,0
0.07528008423357097,0.1973792093506867,0.003142105192959748,0
-0.1808196631639026,-0.2291027047757151,-0.1868894009119318,0
-0.0002619540107755003,0.005528925801542704,-0.060586728871509,0
-0.08599663688462417,-0.04568510365024212,-0.06963948205122257,0
0.006106361983369418,0.04219032032471365,-0.09596755940095118,0
-0.23443842469156811,-0.08772580371935884,-0.09943339534229759,0
-0.16558710810827243,-0.0947412016048044,-0.16790107095984516,0
-0.07901853241226858,0.017802543796670192,0.05828041010311971,0
-0.1824609354620998,-0.03331062712840182,-0.028207477513882435,0
-0.31846836355659025,0.05864855130808891,-0.12221977886756337,0
-0.2453166504778077,0.03354339318478569,-0.14006620568157518,0
-0.15849306265638688,-0.08866252201558679,0.008823412858669687,0
-0.17990265500371613,-0.1593693789464283,-0.1651425283666572,0
-0.25670584011069886,-0.018332920379564036,0.11702602786650738,0
-0.1731279663882142,-0.02730875204855139,-0.018595103999343856,0
-0.10101648753919823,0.1591809251449473,0.15400822098904324,0
-0.2706255407149349,0.046758501503484456,-0.0767380067939743,0
-0.11071659819692885,-0.08630110812514981,-0.24499640044528787,0
-0.22279294825048046,-0.07875454795686916,-0.14221026256962907,0
-0.2780825772505739,-0.044021484952889586,-0.001658939134383159,0
-0.2641041417811034,-0.08074587113113252,0.11882949291451933,0
-0.056912700215903805,0.17715357564065135,-0.03309907973107454,0
-0.39885978347558365,-0.042866796023396526,0.0314310224063629,0
-0.5244960526811231,0.15839115468517406,-0.017311678647178867,0
-0.3838892277783006,-0.12425974015736829,-0.06167709264198993,0
-0.5379864319242795,-0.11789401945210397,0.015565427456467641,0
-0.6475817965743792,0.11636476395054414,-0.08720646603353517,0
-0.5763660858523524,0.07463226795505229,0.10902251342004186,0
-0.5165189835817475,0.031609093633699924,-0.1654420349599482,0
-0.6334158229958464,0.033911738221184005,-0.11840621242730379,0
-0.5808798169657822,0.09381344407269569,0.07468205203304736,0
-0.6349577314045319,0.0023817645149897208,-0.15477972807182036,0
-0.5716088927397043,0.05180890451692534,-0.09491394853747234,0
-0.4523704512135772,-0.01639772585416518,-0.10003032237222234,0
-0.5631951504596109,0.13910983695357795,0.04529187712217476,0
-0.6808439671714687,0.10334718404743065,0.17448539642507893,0
-0.6671778032407971,0.07662886227272064,0.037979715351505496,0
-0.7841026029461178,-0.1841439135278653,0.036905368493663555,0
-0.9112677957644671,0.09579682843210935,-9.330051921544754e-05,0
-0.6746390058782837,-0.1380795953374487,-0.025321115844454258,0
-0.8182560679310638,0.07504723204280722,0.0944692397618079,0
-0.8312368115144254,-0.007274361730832392,0.07323841638868395,0
-0.6581673069857212,0.20122033257360356,0.02428356023282012,0
-0.9310041712090561,0.06855230135797029,-0.017094369561912133,0
-0.8674112316263982,0.12105550853462835,-0.14458164968615408,0
-0.7914618410147521,-0.021224130534421817,-0.05707668040475009,0
-0.9111690677632827,0.009753296538409013,0.21860783996923228,0
-0.7640954458287579,-0.06092195411756427,-0.15173027879526998,0
-1.116322018515527,0.21230822476726774,-0.09197722472104303,0
-0.6325481541597718,-0.004796175721609035,0.16735511833632066,0
-0.8645489249371696,0.09918051986108065,0.06318347195671556,0
-0.6885825218162014,0.005554262990937682,0.11942116086815047,0
-0.9003649207262803,0.011429120552870216,-0.09345637499355662,0
-0.8123118370919753,0.08470389194948025,0.05285500716353382,0
-0.76748345723646,-0.018884892901757638,0.06184596185696392,0
-0.8372008123505241,-0.007288824069661766,-0.016455869755784596,0
-0.6081466289440468,0.13324600816950802,-0.0492702214384116,0
-0.7017912306715333,0.12643675049297107,-0.07730563704810932,0
-0.6012117380176006,-0.031066423171840347,0.11731918119959435,0
-0.80823392983413,-0.10747216939149358,0.0730073499365252,0
-0.5510984346105295,-0.06916822357917501,-0.07881403938948049,0
-0.7594536889980332,-0.008343457031092854,-0.11417613304156263,0
-0.822206565156715,-0.04152250624260853,-0.02409531759003837,0
-0.49376277404004787,-0.06180770294132912,0.09127345057997102,0
-0.5252137562293961,-0.006028093356966058,-0.06479838743808898,0
-0.6479098256315738,0.10583253108610345,-0.2474714930498502,0
-0.8628423378966777,-0.14670841750401295,0.017053322555416115,0
-0.8403465279762382,0.11330045775763903,-0.030522850051592245,0
-1.1791002242326145,0.01924175188966395,0.004426084203606842,0
-1.1830436296832922,0.050977358415054214,0.04202763808325533,0
-0.9307782991055351,0.14462885249828603,0.02394236703914671,0
-0.9320311267868232,-0.008778221476809995,-0.042787171884939086,0
-0.9497089660820042,0.05581048064356379,-0.11977400723811296,0
-1.0152047545202694,0.12199761687756783,-0.062382375951834323,0
-0.6769241334904239,-0.031438538822395196,-0.04014322135358378,0
-0.9568703604123696,0.03117874156073605,-0.09618556079826522,0
-0.8765256940216842,0.13450937495901233,0.06644739890483714,0
-0.9944820073811361,-0.14394255074381795,0.10359468591255544,0
-0.7997799353751658,0.036794912036740283,-0.10774368989220882,0
-1.0631537538576903,0.03826833983864751,0.0690159361419184,0
-0.7771714356747451,0.16152424263719695,-0.0044174495067031815,0
-0.8358055128458238,-0.05078601222250474,0.034862102673178776,0
-0.6224747566907962,0.050915714545202176,-0.05742084363270175,0
-0.5817295617517139,-0.1127797922238443,-0.17507423004408848,0
-0.7538857175918807,-0.05084908213116555,0.09771697522310259,0
-0.8182865075754715,-0.0594096130009357,-0.05735164981446196,0
-0.7294225732647578,-0.08493508152651613,0.11320587688100706,0
-0.7941637033510756,-0.04356597092704759,0.012168159264454567,0
-0.9269097752653214,0.020952316847151455,-0.18435668848418993,0
-1.0708642320847366,0.10333976243807362,-0.020503700278380194,0
-0.8798304682276237,0.05022765824175612,0.27089083607631953,0
-0.8246817258118957,0.023436860037989112,-0.0567087304051917,0
-0.8291780620602421,-0.2625603567670535,-0.13867739130600235,0
-0.7016357737492921,-0.04323620571805433,-0.08716906261777091,0
-0.7044213917717685,-0.09837295278501784,-0.09680995577443485,0
-0.8570714387860031,0.15670910759943124,0.04096642773155525,0
-0.6603262567536563,-0.044081296955652736,0.009742128444955568,0
-0.8480936800907038,0.03965402913352293,-0.1139914577700692,0
-0.820105958412009,-0.09639267806278647,0.018089061418808113,0
-0.656693713560754,-0.05813723240210448,0.11729995355292665,0
-0.9023683175674523,-0.12256510324659622,-0.06606003494432472,0
-0.782882980149266,-0.062176616383860905,-0.052583883847873415,0
-0.846677628885125,-0.010242096071887762,-0.04547849109768143,0
-0.7515491218912981,-0.006302950378738137,-0.14637758757725514,0
-0.5774782302887551,-0.09029242955060524,-0.02625465169151947,0
-0.765674406662814,-0.0269928143475485,-0.05631223537178653,0
-0.6702297560107346,0.16760943819304638,0.08590560725554877,0
-0.585663751172817,0.030457975608847904,-0.14700412416169156,0
-0.5981467728021495,0.00716785535559726,-0.0008109827555949393,0
-0.6810773721042999,-0.31896993196664897,0.004299012197291797,0
-0.4953471590970957,0.25554617483264386,-0.005057158659567664,0
-0.7609646787794209,0.08829114011299627,-0.07608185082010727,0
-0.516451997687988,-0.014633145051877239,-0.017569694160729846,0
-0.607717008661985,0.01718739980787268,0.010130544840923884,0
-0.7634130835523097,-0.1689188440677811,-0.04092506917499579,0
-0.7106225041887344,-0.0036869248582061492,-0.015559056988444654,0
-0.4710721914032934,-0.019329286689861735,-0.14514255819603647,0
-0.41011315589339986,-0.08895122985266678,0.02080957130181913,0
-0.685544807728441,-0.18760613585506106,0.1486760640355577,0
-0.8411223688572353,0.05308270613000914,0.2237251197017594,0
-0.44496279507278425,-0.1557188027519736,0.14961290990857615,0
-0.7388723751719042,0.08146324478606584,-0.004143735967558967,0
-0.5592241849469568,0.0585862872089839,-0.13145559198956253,0
-0.7296997301566941,0.03756991206335664,0.07208776986624112,0
-0.734511813644265,-0.11027483111872485,-0.09852949938657153,0
-0.7707815162593051,-0.07886308719984163,0.1643899263635379,0
-0.6788238322250761,0.08977466825600217,-0.12733497518091255,0
-0.6272144923924097,0.0598732883685974,0.08947921423750026,0
-0.6924291898631135,0.007339282196358605,0.15065290818618454,0
-0.5834000066483702,0.12792290270593787,-0.01562431240024203,0
-0.5800025786833263,-0.024888110524501794,-0.00188953758368049,0
-0.2944082047976844,0.07427567776321636,-0.04951269406079008,0
-0.5280020044623522,0.012196509049736869,-0.103810130682617,0
-0.7329691215303801,-0.06398123730456394,0.15930355955843267,0
-0.7209068617559392,0.11751177003302749,-0.0005985351081597939,0
-0.6127653458101041,-0.01942821280787467,0.06736990742454878,0
-0.6838469349128488,-0.15249553997051174,-0.00846576111289074,0
-0.8005255606562628,0.04622706610112174,0.012618613854214767,0
-0.9431141607792757,0.06468772113352875,-0.04298414239730893,0
-0.7616239731527702,-0.030676370041212528,-0.1170841185356728,0
-0.7893654547970136,0.07232733062088112,-0.1704968032285006,0
-0.9826631980863175,-0.051900341248529415,-0.14748662932734607,0
-0.8298891035110563,-0.2675364856975246,0.06453128462392692,0
-0.7464999231111473,0.039372782475658175,-0.2703861492551884,0
-0.831038163975747,0.031054276997719767,0.010067365700957617,0
-0.9042955568037452,-0.028235932394751136,-0.08677207241112861,0
-0.7824539157843963,0.0026018066300505568,-0.10728360153397548,0
-1.0205407668947204,-0.021680795802469753,0.17124541744951355,0
-1.1288604171838714,-0.04858452728543858,-0.19751992096866963,0
-1.162168920013124,0.022730436129059405,-0.02608693706788358,0
-0.9691020946328016,0.08516847190275909,0.02381931581874569,0
-0.9657222021970567,0.02407172550512339,0.039921456066525536,0
-1.0374947970884651,-0.0898849289880998,-0.0015307738626194557,0
-0.925189670360405,0.1425879086653074,-0.11193781575445996,0
-0.9001266956276901,0.001375555875816061,0.041569160453579085,0
-0.9357283992144123,0.08637196209054009,-0.010897756069570353,0
-0.9903620672152539,0.0660771071617807,-0.12132743368269722,0
-1.018785366271841,-0.07803892306578444,0.08595545525664619,0
-0.7873671141749837,0.019275446501450275,0.016053095052552088,0
-1.0313549566999236,0.1290663068014298,-0.04187005534338928,0
-1.0119260305698576,-0.13466761605910846,-0.09409507140946867,0
-0.9473079336535843,-0.06991430166388131,-0.2100214216210913,0
-0.8770371910309286,-0.03702306633873511,-0.01956604000087332,0
-1.1379889666595933,0.012792674257746965,0.08595858101707506,0
-1.0397315235295848,-0.06796448289333451,-0.06315774389392549,0
-0.9503058312269146,0.026121675963245185,-0.03889870258487506,0
-0.9321167447435431,0.19309941634798264,0.18004501480074145,0
-0.9460285583180659,-0.052763651807481174,0.1723169782603659,0
-1.0534797812223604,-0.16438730974283616,0.018483464061998783,0
-1.000547896988084,-0.20828228954548172,0.1437440605531877,0
-1.0373037793617703,0.011061176601098566,0.11683635089923097,0
-0.9987996923550524,0.14441546857128826,-0.05548232065627985,0
-1.2240914744417244,0.0786829210843441,-0.14658762470831613,0
-1.1800916224537563,0.10643946008827848,-0.025575602212609874,0
-1.065041405279603,0.051486253090550306,-0.18898191738194584,0
-1.156420393780146,-0.048940691157466305,0.1189586044299865,0
-1.1797105473961946,0.07388121313822128,0.04875783061307115,0
-1.1878738391141264,-0.18165947937145074,-0.029503658059486956,0
-1.0672532484457902,-0.055937731788236966,-0.11041800064742933,0
-1.1934753742443267,0.05937166090564844,0.05894008961895347,0
-1.4209706071245873,-0.05250455738287324,-0.011171297499736173,0
-1.3798908182331273,-0.10512290808828638,0.039403434356414836,0
-1.3640887250380211,0.08023305371394258,-0.031795949546644234,0
-1.2996672344602316,-0.005018389768009166,0.006075091526053311,0
-1.4415386352951638,0.05050332785488464,-0.14393862939770535,0
-1.1883743712403925,0.07134573051046256,0.30546176160207406,0
-1.2562444914540942,-0.181697926471167,-0.1058883564940141,0
-1.3523725762866274,0.07747320730970966,0.04842561690777408,0
-1.2497863571379988,-0.05376376094712191,-0.05743477647674275,0
-1.2608296922991078,-0.09466104117578489,0.07176074956219591,0
-1.2005969514513641,0.004540548554402584,0.13990300884119436,0
-1.4414419828706846,-0.13725088745323663,-0.0744735754943368,0
-1.3081893514982985,0.11340044378722691,-0.09563461814439923,0
-1.0175235365900481,-0.05673403051486245,-0.07292469431974734,0
-1.0561621855574592,-0.1281309372686366,-0.05019118597561273,0
-1.0378470999665594,-0.03509320456806593,-0.060016262038642555,0
-1.3511499470196848,-0.09427503124784889,-0.1313457480605726,0
-1.2128541087085931,-0.12310508309720997,0.16495493677555653,0
-1.1232459064741898,-0.09914495054251685,0.002050425379905549,0
-1.3005543404673074,-0.01688007741237151,-0.031241473346631656,0
-1.1817041835116333,-0.19997923131021697,0.019373126719554913,0
-1.2795683157062272,-0.14713392656751456,0.02966018760104295,0
-1.0232954053308552,-0.027923549322880898,0.1615370574417591,0
-1.1131762553362026,-0.050531883742289056,0.07328289061559079,0
-1.2959182061751224,0.06551371938333,0.1840648077484487,0
-0.9998993341562465,0.07966056088866882,-0.06818837949370969,0
-1.3701697508182384,0.23143459217175444,0.03142851611744731,0
-1.2504472272331868,0.029708898483920006,-0.009269209907286738,0
-1.236776622262539,0.2997473077963768,-0.15284473730397663,0
-1.3251487168207403,-0.0028711336159545284,0.028572406678960327,0
-1.46926558718328,0.03973901014234171,-0.008250947336527443,0
-1.5362338789803256,-0.0843945462933388,-0.13044862286420467,0
-1.3800083339901013,0.04793822192222725,0.10628213812694332,0
-1.480387393517277,0.02430207010388169,-0.02406992965131899,0
-1.3455784150101255,-0.022344901276818294,0.10137818305458245,0
-1.3720486201379751,-0.037250617067353296,0.03807783922287546,0
-1.587265244484128,-0.004701257475321293,-0.08196561832884787,0
-1.676324826146918,-0.18110356554363882,0.0982232868405606,0
-1.8835075460384187,-0.01234217237124654,-0.02503759028926394,0
-1.74764330323456,-0.0025837871694469644,0.107101097667,0
-1.6560738327760944,-0.11790833959533087,0.07662341908542977,0
-1.622345875315709,0.010795434080409115,0.07804026326643732,0
-1.6298522442040848,0.06488929015707495,0.03702517780209122,0
-1.713206025551053,-0.008453422295606399,-0.029993649211240366,0
-1.915375021634589,0.07754272810327278,0.042021473722328645,0
-2.0052383126649715,-0.04271113547837825,0.13765147610618098,0
-1.756076906654922,0.062360684122517544,0.26494944186545605,0
-1.6208535968159556,0.2615218153564551,0.0735315425711171,0
-1.5815209134637953,0.08983349364711211,0.06700568481584862,0
-1.8243431965885815,0.015177728118263394,-0.01646978827443904,0
-1.849817852115585,-0.11494282067265416,-0.01950078731604842,0
-1.8518521040161966,-0.11345990996221078,-0.08423887159077836,0
-1.831296412198759,0.18935669443180259,-0.03454518016391915,0
-1.6337298017194142,0.036950773241760174,0.07114792552127218,0
-1.6253697168896546,0.09141875131039633,-0.04355867032804979,0
-1.6245146507594703,-0.08237691665135002,-0.03989904845752172,0
-1.705828054124843,0.03165115363755036,0.042535290375269076,0
-1.831061554985434,0.0619054356543156,0.09153171955696969,0
-1.5716994382235272,-0.05173153403199751,0.17857598044427472,0
-1.7806075727546629,-0.10871576313159573,-0.07310264299526169,0
-1.5768410193163171,-0.18768396774829663,-0.14689288060190073,0
-1.9518413635025753,-0.1807687154308978,-0.0026929455342889768,0
-1.8003950227453385,0.008286995829497877,0.03813240493370804,0
-1.7189257764768602,-0.07140267698254889,-0.13238543523980603,0
-1.870246268957145,-0.16517311819865496,-0.11651409444672399,0
-1.9542929340527588,-0.07723461682935795,-0.014248550366236682,0
-1.992087038236318,-0.005490819473523635,0.10776796536831201,0
-1.898917121231788,0.013403408586306604,-0.04951460003768694,0
-2.0570182398843446,0.011967255003033478,-0.09223669050792155,0
-1.9956136443465626,-0.0719121494200267,0.08034170624666344,0
-2.072463648201702,-0.05504056437581827,-0.0829063930176847,0
-2.036694019348482,0.08552349936828656,0.16867630228249264,0
-1.938771561139593,-0.11200996951421077,-0.16975134381900914,0
-2.0376216900722524,-0.01069470924274285,0.10754323581812342,0
-1.928987397078041,0.042730587836687706,0.0011807483082867055,0
-2.07548165337853,0.07871297910135495,0.18653411977843937,0
-2.23535014355633,-0.04228657657088712,0.057354114702820425,0
-1.8674428095431117,-0.1547957417164174,0.0678666081155545,0
-1.9184657978060038,0.060187122136628884,0.05093197031637406,0
-1.9235462635438834,-0.05576613926015306,0.021213958220247825,0
-2.256389245090294,0.1633042080899947,-0.09660515974017989,0
-2.060292246754303,0.04802735274446579,0.04588379140294391,0
-2.0553275175672976,-0.058471500081741325,4.0366123567409,1
-2.1450382635672995,-0.1375874803982807,-0.0747523447500774,0
-2.1855249384516147,-0.004240334922688615,0.07444638128882639,0
-2.0973239925370315,-0.19053724569785044,-0.008934367885534363,0
-2.0496528962287024,-0.15788904650350827,0.0037503675606921426,0
-2.058961581798381,-0.11803013578905037,-0.057925726624282095,0
-2.0629078723003516,0.010340503050895077,-0.04809733046378622,0
-2.150307398271923,-0.04699324874907458,0.2764002147600249,0
-2.126582279705424,-0.03272033033561013,-0.05952876239517949,0
-2.1701832546934585,-0.16835245596590234,0.08938169872296736,0
-2.2372817238444114,0.0770103882054439,-0.11776236644627308,0
-2.2302868669538807,0.21453784812180304,-0.0970430593569544,0
-2.3990652562322516,-0.1434410406605342,-0.0773990409770782,0
-2.2355211610354466,0.0815099538470192,0.10867349101567017,0
-1.9948828127114342,0.04318889597055653,-0.13667621382570566,0
-2.0859024695389867,0.0115636121277298,-0.06813555752449633,0
-2.2830956870209995,-0.09649847948859004,-0.061648065944882695,0
-2.1798006553334592,0.06345803717691631,-0.1861314081471362,0
-1.9806207026474445,0.027837814768880066,0.02286578331242089,0
-2.1115495608852735,0.165794077458222,0.0375934137681946,0
-1.9931603046733952,0.31909975832068094,0.12122446571228279,0
-1.9592905281362083,0.010099040073233999,-0.0775878839585592,0
-2.0451091025690906,0.13175510743204116,-0.13224002817874217,0
-1.838985028513719,0.05633228771159217,-0.09886327165256725,0
-2.113954249508111,0.06582372441556099,0.005411916828588571,0
-2.197864145328511,0.10217553529555515,0.14649351296511562,0
-1.9611179999513437,0.05503048263587426,-0.07450013398054312,0
-1.9086844794254458,-0.2051937987940237,0.07115531048567159,0
-1.8230866153971896,-0.009722157010192667,-0.030036386639464153,0
-1.9313718782809037,0.16283291496315153,0.15963666077614103,0
-1.871867152638821,-0.06247643982224931,-0.10507692369914581,0
-1.9485335032289852,-0.04959398802025805,0.06748204484731797,0
-1.8812573007864783,0.08889914606156964,0.16277585816178583,0
-1.799760903336984,-0.09845814244485875,0.042661730278371286,0
-1.8796883450957405,0.040601610954868514,-0.09192389515789712,0
-1.851094806295281,-0.025880325271572725,0.11116384601789674,0
-1.8057050106584112,0.0355066096024554,-0.06758773665234566,0
-1.7705131819876105,0.10552000648869826,-0.046356826379139106,0
-1.867778540703002,0.03783362512264563,-0.018436237759943016,0
-1.8689783155606599,0.06691545571827516,0.03732022240005326,0
-1.7344856745944415,-0.0647252880892094,0.015285737241856745,0
-1.7131989458316226,-0.04100768971217268,-0.08760988322997491,0
-1.7589844944202757,-0.08483587528566154,0.016903212198498663,0
-1.68292803922629,0.08138192978296654,0.016412673225527374,0
-1.8507349456754647,0.05823090344837555,-0.13497266706937824,0
-1.745759317658125,-0.10502031749350448,0.08563069661648809,0
-1.678115687839514,-0.1253752599657325,-0.030110267647465022,0
-1.9145419406862842,-0.027804845182843332,-0.03413374217995803,0
-1.7903358781086776,-0.08532224005825952,-0.04439411868128465,0
-1.6938661610303603,-0.15355221916505546,-0.14362415741371645,0
-1.6640272546200943,-0.0287031331199358,-0.0544216235940893,0
-1.6823305576070773,0.007493660461622401,0.062055821649608794,0
-1.929721374147778,-0.06919553538496158,0.09099371000367402,0
-1.841382091256053,-0.060457090650791426,-0.12746520222565916,0
-1.9925323231657486,0.2757369589290102,0.02744515066613499,0
-1.83336145268752,0.07817250417991845,0.02514746338915328,0
-1.7667746961033524,-0.052511014170160186,0.04980565821419747,0
-2.0181818547961132,-0.010404030396290051,-0.04096780468079011,0
-1.74134063107845,0.08393634231562073,-0.008170923214482763,0
-1.6378252790746703,-0.05270726677573291,-0.02297169560796765,0
-1.7902262950461783,0.038524301757744184,0.02849530210245607,0
-1.7125755453478528,-0.18771922602603536,-0.14126424110640057,0
-1.5766405653328945,-0.014059922930611278,-0.0407474175476492,0
-1.4960190475394604,-0.12883809422777384,-0.07883591186249723,0
-1.7053773446219136,-0.016649466989686033,-0.01713716285013526,0
-1.617888879918572,-0.0016487275786888818,-0.1684344725151007,0
-1.7110820069929888,-0.11551281336733246,-0.05038921181125743,0
-1.7504339486102833,-0.09261205551201641,-0.05566426508097116,0
-1.8081929752748682,-0.06898086367911908,0.05016190409252078,0
-1.8441875588573822,0.08244802665298506,0.0500803070763926,0
-1.6529552943879107,0.0594513760828185,0.21020716415166443,0
-1.597977013861294,-0.08448658342774233,0.022814376738023688,0
-1.788030023741107,-0.06285454104439628,0.12030099838047986,0
-1.5438574532548786,0.1075269910024129,-0.257815655973546,0
-1.4946157962799904,0.07296748236383951,-0.07681463020975403,0
-1.7323206265577005,0.14153846099133122,0.004199130965177552,0
-1.7043821588053212,0.05170592824498047,0.03695920781885854,0
-1.5448430537527802,0.051654174970960455,0.1226964592091937,0
-1.3977911955799027,-0.009776082674536852,0.19270549921366886,0
-1.5530510794009391,-0.06976524043715251,-0.08522755750644845,0
-1.69084983283372,0.07678546698318885,0.0108174687910719,0
-1.5871065298086326,-0.050035077145350805,-0.09633458993182639,0
-1.7805111225669565,-0.11560974469984149,0.008400389453347,0
-1.723846986887051,-0.06791245048638486,0.06270236914879126,0
-1.6614663302202592,0.13165901951600742,0.03397085491339129,0
-1.701838087870463,0.09858099078748615,-0.06849208913040353,0
-1.7843898273919971,-0.02365264178006604,0.005715078899954457,0
-1.9038054171594048,-0.11088266248954548,-0.09424689127955485,0
-1.9631175174363438,-0.17959851503222587,0.047179475667635015,0
-1.952741008215489,-0.037988714107661185,-0.056664574554808944,0
-2.099834328151888,-0.07241373916512903,0.07728046998703052,0
-2.1055013243920793,0.2545391673400022,-0.27739144447034775,0
-2.102523122418833,-0.15576552572287983,0.11509753459396153,0
-2.0293870366531563,0.03886190055485907,0.034436303717812616,0
-2.0009911830059455,-0.15284097554416073,0.05601324983449213,0
-2.1327266217564986,-0.14657933747782212,-0.17923115521953314,0
-1.9912071915175564,-0.006751071677744461,0.1111643635467857,0
-2.0102662757919876,-0.15659327189622138,0.007871836977019677,0
-1.8201184527135243,-0.14501364330418406,-3.2702816408191335e-05,0
-1.872449041775428,-0.08963014192886498,-0.2427441620149908,0
-2.096294634324534,-0.052250129779074485,0.14251651231067186,0
-1.868480513008404,0.03667681970229171,-0.1432699530916913,0
-1.9593546652621805,-0.03183717377709033,-0.00011232506178132578,0
-1.9481180116875811,0.07280530964251274,0.07484771415913694,0
-1.9883850816417457,-0.09054308377722708,-0.21498997538174214,0
-1.9859867462268739,-0.03380021634656949,0.07155798368382842,0
-2.1679875061899896,0.05225505304165497,-0.11323669706736467,0
-2.0482969470851966,0.02732374096247822,0.17854898636998334,0
-2.229670951216352,-0.09062911397963372,-0.10439307942513719,0
-2.2319204738533056,-0.07908558464418769,0.016589604462119788,0
-2.26114399827397,0.03291969792003578,0.10958378063830645,0
-2.0913759354168096,-0.19091355166133317,-0.005087067985365568,0
-2.1533632550577964,-0.025187777799611386,0.22791736914161798,0
-2.1553016756755223,-0.12132935033892703,0.0013846472887880231,0
-2.0833405278095283,-0.09136309045565055,-0.024064460530784704,0
-2.0271060042715665,0.07363720451057612,0.05537368361401194,0
-2.316348871368279,-0.050488025571378596,0.09054610589869069,0
-2.383370709803708,-0.04453331752997617,0.1643495876585881,0
-2.3144089920827504,-0.14042921005836864,0.11314299959279539,0
-2.3020562844955377,-0.07037028678443306,0.01414168618632187,0
-2.1420483075895476,-0.03371370995869044,-0.07386911480373397,0
-2.1740184571327497,-0.10026683237254677,-0.03798375671034522,0
-2.231142249067991,-0.0678508712878144,-0.15694668433841996,0
-2.019326176286069,0.0015814645346903956,0.05580433055758012,0
-2.058826079450241,-0.08723619835661467,0.028889941667488334,0
-1.9783139173139608,0.0035188073366534166,0.013230801099477073,0
-1.9884118527188808,-0.14039783514689813,-0.11066760388440398,0
-2.1998812073890686,0.1030560945694107,-0.022170659068105007,0
-1.881922804496893,-0.004703447788816685,0.0793017159816296,0
-2.0327072113798166,0.06673221879725448,0.09263669521642591,0
-1.8821460562085668,0.07003771179521111,0.15559262689465592,0
-1.9202881597210886,0.0135869244132702,0.013670281926699607,0
-1.7724785901727276,0.034413523122408245,0.22824368769521222,0
-1.9433080835168373,-0.10600851213732328,-0.020866050686822055,0
-1.9147874194307313,-0.1203671494776256,-0.040162147566590894,0
-2.158517338820989,-0.05775169692970006,-0.20782905298698962,0
-2.16909061608125,-0.012780671070030681,0.07960550699568036,0
-2.2201413920281574,-0.015664385913924158,-0.09654775414828648,0
-2.1740845572189857,-0.0755871767533694,0.11178301167574006,0
-2.1859462515285117,0.04395386121930783,0.009535917197536367,0
-1.9937541804976444,-0.09707150401849744,0.018553856897677325,0
-2.0027137524353296,-0.19350506485963423,-0.010887730632227912,0
-2.1225496589965767,0.06678127887887467,-0.11989864211519033,0
-2.197761851475926,-0.08602725777250361,0.03419442655345159,0
-1.866103476937045,0.12575087198742116,-0.01437490776649443,0
-2.2147215782086,0.07252935448396655,-0.023842358021885328,0
-2.0685996053819773,-0.11772874868512787,0.12161909528486776,0
-2.126018699535726,0.10671671588154773,0.08008554175273587,0
-2.2501447853919387,-0.07026820416949052,-0.10735840833832028,0
-2.214766777801952,-0.0941678718419589,0.014689892014838203,0
-2.1847686656563448,0.09457420370249192,0.1606564594806028,0
-2.290952492334291,-0.04955890801125007,-0.11348734797001239,0
-2.3544970667217493,-0.00509251542272385,-0.025189569824594485,0
-2.3335901224728364,0.017581895172173383,-0.05545503939306821,0
-2.34046942855386,-0.1341664884757865,0.033356876314952016,0
-2.452818862757716,0.14148402387226108,0.030775293240493835,0
-2.4178970729480453,0.0029977813332051403,-0.043339995307316886,0
-2.331920237447019,0.014694743207917402,-0.06333470767517828,0
-2.28140556474618,-9.852469416493751e-05,0.07699419016874764,0
-2.3550745593533238,-0.04108126357489206,0.00020578348539678978,0
-2.1168693293832828,-0.1576430144821471,-0.04452169322756834,0
-2.1821764019770917,0.2110948181926029,-0.08869848987313295,0
-2.043262399890742,-0.04048239301003029,-0.0981863837601956,0
-1.9882203213107026,0.019698474367360004,-0.1821799666688908,0
-2.2101479337710717,0.07439719443468233,0.04647046486898746,0
-2.203490201994303,-0.16335264760576668,-0.0486622495287409,0
-2.307128436535028,-0.024337971127793415,0.01094259261502102,0
-2.2747124904024947,-0.022051415511516216,0.006534454231187196,0
-2.1652410416710284,-0.1332406101160975,0.15775431069175821,0
-2.1991436518376406,0.07180221499808488,-0.14631285474786146,0
-2.0911691464419913,0.007223572308891379,0.053103725536359184,0
-2.3250538256890376,0.19923818804522325,0.011312049103793484,0
-2.2910401091977697,-0.04244910174649904,-0.05558513419935923,0
-1.9491141102066163,0.01786122860049166,0.22997106905826745,0
-2.083651300385421,0.11271576425756008,0.07331802115178292,0
-2.085241539749808,0.1881214583891767,-0.10876515235620088,0
-2.17247098479892,-0.0974804936342759,0.060924879224527786,0
-2.052342940062254,0.05304310101335174,0.12441062292938745,0
-2.2878369754213645,0.0332624581450106,-0.051014653533490766,0
-2.2390600900509505,-0.10256698961025626,0.021638421327324717,0
-2.2394258816052197,-0.039947451063738794,0.014015993159393942,0
-2.5108855560847254,0.17159088977927778,-0.09673036686662206,0
-2.214166362886426,0.17013628087004518,0.14247828357110964,0
-2.420766120293744,-0.03500766848799286,0.07415811556298423,0
-2.6720942521337028,-0.18538560239113602,-0.10869179398329401,0
-2.301987800616243,-0.00630923345081481,-0.05276680324037857,0
-2.5533541697273647,-0.01025626506386746,0.03164576422970212,0
-2.4383662692218007,-0.1148979564294874,0.005789539478360788,0
-2.501084820232359,0.047804828254542756,-0.046716256304782135,0
-2.304742151891517,0.14019295822249295,-0.20705069564392967,0
-2.440928259976781,-0.0016055670567181612,0.015988112919093467,0
-2.4014623709219336,0.04217145171055327,-0.05160672103700248,0
-2.2916122586738243,0.050762164278754934,-0.13771903397338398,0
-2.1540162408166643,0.1463762813801279,-0.24189231923604543,0
-2.397099917655103,-0.07935519606322304,0.1284719608244651,0
-2.306015120495944,-0.038666161224621604,-0.0783711601714075,0
-2.237478247598362,0.02921029716351648,-0.041494648853461186,0
-2.3137759919670673,0.025895740408313397,-0.008339924713990653,0
-2.2796405667855053,0.09803221876496424,-0.11037061522648228,0
-2.0539603051309205,-0.04835776488511544,0.16226463243071498,0
-2.405313240771169,-0.1195004905706849,0.06532653995250125,0
-2.3119233254358433,-0.024408436834412534,-4.061965063188761,1
-2.1724505205285998,-0.1398162463011782,-0.05053457132594966,0
-2.158859143275731,-0.12759353444933952,0.1298819091224259,0
-2.026106107371441,-0.06977338528440054,-0.0899626837054285,0
-2.1488188093751517,0.04711690043821233,-0.1170664305040115,0
-2.0597311155565023,0.057098657100979,-0.04060696845523299,0
-2.1005207117169933,0.05429347911725714,0.08270878276890956,0
-2.0294532961220915,0.3340976100612393,-0.09167190986370621,0
-2.092210852652443,-0.04977162922498579,0.1907275644227007,0
-2.0209560199654346,-0.16164103355067783,0.13801665502414573,0
-2.133209190555832,-0.14125278028403984,-0.037610207844613976,0
-2.189490894132583,-0.002572931749479798,0.16388932051211053,0
-2.2062123862010243,0.01891936231750589,0.06230223752161869,0
-2.193804098508629,0.042520885000712834,-0.043510109415546276,0
-2.230347861912674,0.10403766290707935,0.04474858916597067,0
-2.0425283700024397,0.02068283878098801,0.0548623730060383,0
-2.1460079647820383,-0.10604182901779945,-0.19068361473180329,0
-2.293347862634808,-0.1417328708076727,0.012614889138762759,0
-2.1778461801068434,0.04049106475460249,-0.09844659226799046,0
-1.951467977020267,0.14736360074501362,-0.03998863931866398,0
-2.245671409482861,-0.01784516485619111,0.038081853033612285,0
-2.054737136187252,-0.06860773031818115,0.0744794804267934,0
-1.8458561456440943,0.2530448360711515,-0.011945401416709234,0
-2.0242485529806715,0.18178147146261717,0.006691349525736655,0
-1.8651005658880955,-0.03709419970262229,0.16083853360065167,0
-1.8920976333910042,0.11897949006190789,-0.03463296364963889,0
-2.130359022061014,-0.13782886242644757,-0.08756869245479408,0
-1.972747560501434,0.07935156283155302,0.013322490905571915,0
-2.236693517405937,-0.16003144334079691,-0.08674995497406524,0
-1.943673540578696,0.10688351373116599,-0.07765115718223092,0
-1.9712101026047608,0.05588373282154862,-0.010777941557542676,0
-1.8466757600236974,0.04815286443750201,0.1083298422821366,0
-1.9042492064962087,0.15823101818221563,0.160230133688863,0
-1.8272339102432995,-0.010165813257876136,0.1505898962861839,0
-1.7734960145119816,0.1393366812803768,-0.11252483777680539,0
-1.652263409560898,0.20728875722729662,-0.09290119444759609,0
-1.6675231573450056,-0.1649603265413243,-0.13770086214160604,0
-1.825059343753062,0.06985056871178878,0.06390337318753218,0
-1.6774893886776898,0.0869896691663776,0.016364714562658197,0
-1.8078453476753173,-0.01661071133237944,-0.035683519921971406,0
-1.8672700002894262,0.07152019200926647,-0.021875166928661052,0
-1.7388731927367262,0.16172253329216257,0.08376035164276148,0
-1.6288395619487877,-0.019857556861323327,-0.04316983195817492,0
-1.644724242666303,0.09722058832520888,-0.0041679686351219,0
-1.7342921928970625,0.05706156175601973,0.030408182589575616,0
-1.9342838742372657,0.10786153546489781,0.06577890559490167,0
-1.8527249588002759,-0.02281085988278016,0.06164952865920656,0
-1.8023350098978055,0.20486894703365702,-0.15624894454359894,0
-1.7877597650480004,-0.048301151832715085,-0.08975027552341591,0
-1.871445754553966,0.11803784648993172,-0.09405428842783808,0
-1.8444754540557284,0.08881866268733123,0.09371586669728718,0
-1.8178385312651777,0.09542841644939806,-0.06451549096465686,0
-2.0131376613853718,-0.03896668701829306,0.07766935874478917,0
-2.155862488717681,0.05672431535308092,0.0241643128750495,0
2.181467663820555,-0.05648096447353893,-0.07199786852255045,1
-1.948054667411574,-0.08376355883936233,0.09584219897010296,0
-1.7936899621546394,0.0866122252599195,0.10807571043793272,0
-1.9383429824392648,0.14727958302064256,0.045076694384002164,0
-1.9806171236464825,0.004370280349331866,0.021834580566592376,0
-1.9572277503868656,-0.14396841848957026,-0.10505952856392708,0
-1.9416585933525752,0.07686835590072649,-0.15947255485048234,0
-1.9832519974338891,0.03769474208338924,0.043496554105834445,0
-2.1810519694400496,0.04020802912280916,-0.06848914823574624,0
-1.936175868822444,-0.04366092574037056,0.1541007736685486,0
-2.2460171696757016,-0.20451887571684388,-0.0089973203465973,0
-2.1234696067913097,-0.245004606393566,-0.08628420078460784,0
-1.932138272454013,0.14767392827893203,-0.006557749544772747,0
-1.9441801173121271,0.05648421555835377,0.08649852291807233,0
-2.22834899537237,0.057928175367143765,0.05096359812656903,0
-2.006469284220996,0.08939456220795346,0.13188665233787703,0
-2.044922684008137,-0.06726284350010442,-0.1106031156056744,0
-2.2406972256178768,0.2661888880631996,0.0943691755430903,0
-2.0283735934369878,-0.12781323587826185,0.016797825734015264,0
-2.207380136458482,0.03634425466244975,0.06454678631819427,0
-1.9737921008129937,0.11242184433077998,0.061671486201902465,0
-2.1153172488701464,0.1453903103187731,-0.13816255867706903,0
-2.195484224368251,-0.10669478992589797,0.06681410866212704,0
-2.371299570065783,-0.008178281821612015,0.19957487502540824,0
-2.1595887684386343,-0.17947703967507253,0.08975639822873432,0
-2.228306137607704,-0.1589958181737309,0.09796013913376383,0
-2.0344177709484716,0.04581322333480766,0.09207254783208169,0
-1.9132439518822335,0.0318747548408762,0.033380617725462754,0
-2.1778785547409623,-0.026611844607113952,0.0456302130542549,0
-2.120425917106525,0.06862372456010588,0.18856006525777644,0
-2.033686989214197,-0.07237476482084132,0.04594852926416503,0
-2.1244418177654296,0.12228841408907279,-0.011416443869855896,0
-2.234557626043913,0.09336936874195531,-0.07186077672996996,0
-2.0237637414549168,0.06521193526789194,0.11621741485286563,0
-1.9568129731323203,0.06464429465887361,0.028208092682669036,0
-2.117434942846219,-0.0649435350512222,-0.034253514095092516,0
-2.128164340123191,0.009989315159932483,0.050058495583226406,0
-2.208028376362177,-0.06548657199940273,-0.05066936554506588,0
-2.013851397011162,-0.03318406832872035,-0.0863811167667809,0
-1.9873028363958751,-0.1714203454622922,0.033095025865167514,0
-2.1063888432248365,0.07358666679617665,0.20017723632590326,0
-2.2255563858056533,0.05374584922546727,0.1961093676538029,0
-1.909947478621259,-0.053828270836340314,-0.018791688017777686,0
-2.29993701595046,0.09378665554733082,-0.24238673794939194,0
-2.1748141918687702,0.06689702807331982,0.056913174622194,0
-2.1986209298334245,-0.09361023758259956,-0.027082548832633183,0
-2.4041909520852505,0.11817852665250834,0.2148470147888839,0
-2.072343518369135,0.12507246001775904,0.06693108943863693,0
-2.383276383918577,-0.0204605970144899,-0.08898614646803615,0
-2.033073708465583,0.060850841224030505,-0.12256993639025454,0
-2.2049982161105284,0.01519881270804023,-0.11416381602807975,0
-2.2583310754762382,-0.0068519408441473865,-0.11524411793455579,0
-2.2611728357850427,0.04824977246337057,-0.0907727479869498,0
-2.2218144649442797,-0.0024161367131262574,-0.029413039246831932,0
-2.1291081575615736,-0.008235321249942916,-0.09235966521839023,0
-2.1048088212588905,-0.0911254535240871,0.007912624491204645,0
-2.2138220697544524,-0.04394927206333262,0.0732284035549146,0
-1.896717369243077,-0.0033397834318842795,0.022888534454184605,0
-1.9649667536297617,0.17671601266642814,-0.10153542993265395,0
-2.1087321420922827,-0.1471509255178116,0.0500306828626,0
-2.1108996972768415,0.1367879318616095,0.004206615695523357,0
-2.1333757675067857,0.13111063350642177,0.027177267921090476,0
-1.8488762086377148,-0.10860137174897584,-0.009635163550523886,0
-2.1543027164051938,-0.015135453926641949,-0.10142009453209846,0
-2.049736813588856,0.030494867854388055,0.16288471765629872,0
-1.921204861706357,-0.14317837613261952,-0.02482073900404566,0
-1.7961857748741046,-0.08844640082439914,-0.051135879793197295,0
-1.7280950216545614,0.18146826496889526,-0.08282180710341275,0
-1.8130550918649706,0.1064134688699887,-0.025137461988467794,0
-1.7725511147178448,0.0752638908564911,0.0441410411876762,0
-1.787669161391187,-0.044474609593797565,0.018949628533046978,0
-1.8223413029908404,-0.02670094393271882,-0.021983000885504336,0
-1.9436868313712299,0.09541500791288554,-0.018453806655397434,0
-1.9036908386977218,0.015290113978242745,-0.1987250514821423,0
-1.9509607589090514,-0.03683711644433635,-0.06033435340871003,0
-1.984972221039099,0.06179615837757745,0.0007560982095379629,0
-1.9541300142453417,-0.008641070470579899,-0.0737462250140302,0
-1.9885032938684,0.17230605710157135,0.19859130303374273,0
-2.021849308935571,0.050007545171943814,-0.15002815650164017,0
-1.968702090657339,-0.0914255963741301,-0.06617418028697608,0
-2.208501153521082,-0.11963753023538899,0.052397152651132345,0
-1.954686227435106,0.19449688300430956,-0.16338639047799894,0
-1.8645429701499305,0.08615187932509406,-0.05425675541312306,0
-2.1088016176917965,-0.016437413918982662,-0.045078068992989925,0
-2.08380335368599,0.10389010416581815,-0.03145889869637776,0
-2.1095663692762945,-0.04578129657641861,0.05407231981198623,0
-2.2336268495266163,-0.1482189127914414,-0.08821881489781365,0
-2.243067052383773,0.006516951073000526,0.04703213613119419,0
-2.253946633652379,0.051264508083815524,0.04538172276057467,0
-2.246191573844636,-0.15965753164672736,-0.09744987413814016,0
-2.0448610696153935,0.047991727883371894,0.06250928742326071,0
-2.135338376752316,0.02142383033052908,0.10632662516516418,0
-2.2800267090485216,-0.15807940027502282,-0.01991001464617607,0
-2.1866857523288377,0.008654497264727555,0.01672567868583226,0
-2.2755566200193313,-0.19334944743406213,-0.10459275912216998,0
-2.1597366387248695,0.021012842815744368,0.08733915364952634,0
-1.8248110017528811,-0.14743911313258304,-0.08167297396744928,0
-2.0167910760060606,-0.054723749487319985,-0.02621422919053323,0
-1.834755909636643,-0.03854097013864716,-0.09373063090655087,0
-1.98201949826536,-0.05395274574917935,-0.1671804431613453,0
-2.05883119151574,0.014300997073694463,-0.15377371761222552,0
-1.9681149075489677,-0.27090043008150116,0.10161463461681655,0
-2.0553767073564035,-0.0314674385776896,0.1608240503091363,0
-2.1685020493715235,0.10453406828086796,-0.08504607379735765,0
-2.1923961324139416,0.04586300991099891,-0.018341651508232793,0
-2.0098452549305446,0.0164549027307308,0.14038892625135976,0
-2.118957322703997,-0.08025343295154982,-0.1506334801669858,0
-2.1470521154369657,-0.05139385139472894,-0.1350228890955618,0
-2.168915938222315,-0.141417768020029,-0.039589655877049185,0
-2.3211460691557533,0.1221515594551188,-0.012131207263083234,0
-1.9671037997825886,0.15150690106059253,0.04844136785585784,0
-2.2630970270814843,0.050121488163612664,0.0018035240182030167,0
-1.9803533226401466,0.08282795675313898,-0.1627078451571473,0
-2.2512466300862375,-0.11851975192005382,0.09009620927900111,0
-2.229912867238407,-0.02167713947036599,-0.23647606376783714,0
-2.118660075134412,-0.030545187233748744,0.1513384766485148,0
-2.1657739077294713,0.11754563476724522,-0.13321795203054967,0
-2.234072453017182,-0.020828972022573944,-0.0598317117499759,0
-2.1626643601711772,-0.08688025737986002,-0.15269072931656347,0
-2.0231161973981933,-0.08244338297565691,0.05210821949896325,0
-2.174626647469852,0.11363068652411559,0.13501453967347096,0
-2.031851244656508,-0.21085994195834853,-0.12012437075104271,0
-2.0695515107269817,0.06959645096085072,0.1166727499189063,0
-2.0876822325289752,-0.11836524725982414,0.15732872365961442,0
-2.0393065483067447,-0.09187727503312117,-0.03570781974825015,0
-1.935396007232393,0.11576119477288092,0.04085266607049513,0
-1.964521734448462,0.07345957947413931,0.14494373963998186,0
-1.960146212827765,-0.025256928664467784,0.040181649999994226,0
-2.01822974042654,-0.19898900027927705,-0.040577099125617855,0
-1.8088336440903123,-0.09667255297206068,0.02568622102297788,0
-1.8042894381175292,-0.03938999836985017,-0.1052614041820807,0
-2.023157815192954,0.1629000104890016,-0.01883062236607544,0
-2.0796160519045084,0.006120433788851593,-0.01896958553578569,0
-1.8572565375932877,0.11124089133451127,-0.0653578266501555,0
-2.0787766173773514,0.07612676537553315,0.10544481036063434,0
-1.9414955720063474,0.20545674565593727,-0.24958525102239304,0
-1.8660032418916872,-0.21258826044724954,-0.13779981546427608,0
-2.1122837752592525,0.13212293521234206,0.12993149052264596,0
-1.9903035663443658,0.022778564359504056,-0.24872712460464508,0
-2.1950205796270255,-0.00043250891104370625,0.020891977192091887,0
-2.0217812156841504,0.08518140240957717,-0.09550514174879444,0
-1.9959778135833686,0.11714126337442266,-0.15706716673980803,0
-2.151333051593341,-0.22923066538912162,-0.10612893241180546,0
-1.8771308880885753,0.009416629900454533,-0.015794270285845097,0
-2.0081888625829736,-0.0726135308778765,0.031924343633581105,0
-1.9244027089125009,0.2217012472080931,-0.12322039103864497,0
-2.019071573744924,-0.06659204916832973,0.2793501299562035,0
-1.8574392614697806,0.08248240258977212,-0.023847603812598255,0
-1.8584887825263252,0.02141235778700097,-0.052210566691555806,0
-1.7000500011546795,-0.07058944553592629,0.015771380675801163,0
-1.7186344738633215,-0.19715393413279156,-0.0093053582098181,0
-1.739886057365736,0.06934128018976309,0.15132796644526234,0
-1.6338902268368516,0.014455079273308828,0.09180422673108003,0
-1.648090131272004,0.014287487951705173,0.17366700377363511,0
-1.9191206680721082,0.02009988190168313,0.014486719070493884,0
-1.9532418890081131,0.007996375945699073,0.07386051851088607,0
-1.899689990240836,0.0709339020093884,0.07415159168637801,0
-1.7361852948087786,0.01570441226327469,0.026711761547697284,0
-1.9364821601288407,0.06880991005054586,-0.04160766864959208,0
-1.9683150754792638,-0.10001985687747522,-0.006809051226230938,0
-1.7369981272295676,-0.12278297385707422,-0.0016718725356381276,0
-1.9838777316940597,0.07532944477790135,0.10467155863075817,0
-1.856555274602887,0.035592648908953105,-0.059884872211185436,0
-1.7108770334000567,0.00583649820384689,0.037785932314958505,0
-1.9362830722874624,-0.1222505249908277,-0.06314521275057157,0
-1.804026572331015,0.026714387807487763,0.020618027374586623,0
-1.7747626719987302,-0.13448253896677118,0.21143632433071935,0
-1.795259105529621,-0.15891316294673255,-0.18447478890024185,0
-1.570366102391602,-0.01871526233469154,-0.06731342473001214,0
-1.6385511652202451,0.03608802267757503,0.0614109060780655,0
-1.6874652546410545,-0.051875087725584225,-0.024325374768610124,0
-1.5427979377515602,-0.16142661865277616,-0.12004407628438306,0
-1.5110775911309462,0.08181886994603657,-0.1028013377547608,0
-1.6307106281006327,-0.04484920155519571,0.014596660780498337,0
-1.6582239149196656,-0.11053692425567599,-0.08445753443352155,0
-1.801987636436156,0.15071143707199042,-0.013730537884042347,0
-1.520154506390903,0.12801557829661941,0.05137303888657414,0
-1.7333628505714678,-0.032735368765420096,0.06688738878742183,0
-1.7508162848652922,0.0091306814506013,0.13681295556662956,0
-1.53222548618176,0.08715379281912623,-0.19424828803969163,0
-1.5798267310685385,-0.031919042739454555,-0.19475872747847742,0
-1.75837570549497,-0.06672768754205488,-0.057432868384892304,0
-1.5368515423728792,-0.012136881609129685,0.002928581444644372,0
-1.550821514314071,-0.0842655837508069,0.020786529614224378,0
-1.6735717289538865,0.10368230437299814,0.13958983652495305,0
-1.423526424095317,0.2973488520806071,0.05009417799494871,0
-1.623019915854766,0.021829686268371958,-0.028904404825684585,0
-1.543155953755209,-0.046423527222004976,0.03562492840414073,0
-1.5465920946580434,0.1321485748098279,0.1286064565496365,0
-1.3659239122269597,0.1735762900179253,0.014283054727264552,0
-1.597209639157752,-0.2016164847625267,-0.019410006356893647,0
-1.7145305014491057,0.07056153686414914,-0.089971851875627,0
-1.5492587553311183,0.1309044073398443,-0.024501430618087315,0
-1.6779868367750177,0.019419163703991365,0.134422935405824,0
-1.696872150905849,-0.10187816108503969,0.058323902728113435,0
-1.732475265248691,0.03593913151472127,-0.08018353665377903,0
-1.7243421609525518,-0.10238923038184392,-0.04580187407987447,0
-1.498844896828238,-0.12473594360139631,-0.02614819468542419,0
-1.8574426367495478,0.002196744397693505,0.02092759575778844,0
-1.7908306206447921,-0.039638146881343296,-0.05100668089789689,0
-1.6713941036117244,0.00122608499597764,0.014056372835612197,0
-2.033193305413275,0.02575511577536694,-0.10352812721722315,0
-1.9162772720198615,-0.0678527910954799,-0.04568411831858978,0
-1.7611868166936502,-0.005038047048150296,-0.11803921644012046,0
-1.8864914559613057,0.0897876791801641,0.0684067949041635,0
-1.7580260395917529,0.10021111686869416,0.1926325045670832,0
-1.7239195732206292,-0.0581522076760001,-0.023852454900929035,0
-1.6578814164409237,-0.1842099765634863,-0.19327763970736267,0
-1.6282736131907174,-0.10913680273609712,-0.1411856065353095,0
-1.7097224240332485,0.15551233271599696,0.04348561607355552,0
-1.6801666472480203,-0.23700927584031992,-0.01918356937852565,0
-1.662924667951414,0.1330107498072723,-0.08359668531699371,0
-1.600007237803101,-0.05856415774546343,-0.029736418565414608,0
-1.604261230308526,0.021720401826779506,-0.011317403318078702,0
-1.8006356032146553,-0.01868226924565135,-0.13305403209172495,0
-1.6686667760855836,-0.255658849408871,0.11737852482716285,0
-1.7048305786631703,0.04565271541844298,0.1927319340457349,0
-1.660058847425732,-0.07333890180005075,0.07937805111601576,0
-1.7473471650931964,0.12248539387002935,-0.064200234513598,0
-1.6330156972465797,-0.050837861539405484,0.03879270832480875,0
-1.6054874678481739,-0.09885004352342906,0.16408175288648336,0
-1.574726956122634,-0.015036026212203868,0.24763399521001395,0
-1.5441662003598706,-0.0351349398430406,-0.06124082494526724,0
-1.7558025935368433,0.1283472797390066,-0.16088938608001874,0
-1.671425719902084,-0.026555237133115462,-0.11838843533107611,0
-1.648170185767045,-0.09121281199595788,0.00733941002724487,0
-1.5762586229950524,0.1371123254852805,-0.10769510346160534,0
-1.591662648412627,0.15571890937110555,-0.05405204449905069,0
-1.4750428322688651,0.06495661567097899,-0.19357382659472747,0
-1.5371058237226347,-0.1046919338897223,0.05756938007813709,0
-1.7245231893151984,-0.06938486150001387,0.0007583941347944937,0
-1.4586241524998727,0.04491201593039947,0.13580749610289813,0
-1.5181588939587156,-0.043779269184982046,0.037073627897786635,0
-1.6831971304186073,0.02272718142641764,0.08917566990101315,0
-1.5092050441497944,0.0017226716490636746,4.180785683857033,1
-1.7372617902507543,-0.06151320462546809,-0.03893264729375343,0
-1.5210412318610806,-0.03685392356074806,-0.042517469601452314,0
-1.6496671851748488,-0.03638470165778416,0.001832708804755748,0
-1.8112919348544676,0.24102362709873684,0.05057712144049325,0
-1.5185966036945493,-0.10028712518175079,-0.01434448198326511,0
-1.642842312971312,0.031905894213235635,-0.17638178716089375,0
-1.4964564017514284,-0.0785506888394705,-0.060212762991808846,0
-1.6619017882035971,0.05483675128250596,0.016792092750736717,0
-1.4892956453505821,-0.17198977996795622,0.002572072497173745,0
-1.4729196928041428,-0.0042225615137445344,0.08924815584690568,0
-1.4695669478264066,0.044572831533884145,-0.04689335229938605,0
-1.4458686514644457,-0.0005189034207530211,-0.01161818261950997,0
-1.6420190380161326,0.03930751772078067,0.08970135082380655,0
-1.574715205191052,-0.04775267647600235,-0.08820431641702137,0
-1.4288521060005426,0.056253719459624096,0.11675826111181226,0
-1.6252666172929229,0.028134688658934443,0.2251217523173585,0
-1.6018430294347223,-0.14316583934045016,-0.03438850321855681,0
-1.5368722253622016,0.046606151574545146,0.23018359020950765,0
-1.5892662670838889,-0.023925992125302185,-0.06944082056163638,0
-1.6022466674779883,-0.08412128855192834,-0.051127950443442816,0
-1.6256232973898042,-0.07310620592752896,0.008071260239887136,0
-1.7070503740007466,0.0420625058303209,-0.0977701332208082,0
-1.5569789228394706,0.015590068784540207,0.09009628586954826,0
-1.5249162678782844,-0.12661244174980155,0.02399457821420594,0
-1.6656532726383584,-0.0061207798091932036,0.026925601418333556,0
-1.6378408519495458,0.06905636814848322,-0.22970555012638505,0
-1.7625408474538615,-0.026759754547997835,-0.017874845841379366,0
-1.7245043606425075,-0.14810750899299252,-0.18003055384572603,0
-1.6182481160514808,0.06566042590635343,0.0149303389613277,0
-1.7366807326544418,0.06210811429472777,0.058473496978809214,0
-1.639092779855549,0.10522275482335385,-0.022648914894211922,0
-1.5986070091543119,-0.10146943807653258,0.004801965994829347,0
-1.5804298907570777,-0.07708766380663014,-0.0565794661507005,0
-1.222112691264931,0.05802216468858509,0.084040871904386,0
-1.2511969268930823,0.16157473775311348,-0.12483337799847648,0
-1.4587298676512803,-0.17965666241373174,0.02478787466927991,0
-1.4849921457477107,0.0565806946086352,-0.023058721685885217,0
-1.377238704056051,0.00986363311549406,0.0057916280844136706,0
-1.1596823136231258,0.020561920610622647,0.06481157215449726,0
-1.1095605324451026,0.05441928123530985,0.11315124651098407,0
-1.2656042024339318,0.15463823344104843,-0.06438961183493708,0
-1.3488715617161213,0.018271750643235617,0.13501303132244674,0
-1.0393080773323302,0.07476104965023642,0.02044319917288477,0
-0.9880729371662682,0.022545683136178465,0.15293859997085135,0
-1.2154183512354573,-0.08523821552275093,0.027352329569640815,0
-1.2244367474341644,0.05720700560888066,-0.1418534457384631,0
-1.2570714006374717,0.023311614956881027,-0.07149453393792148,0
-1.2028464613252825,0.16255331212909402,0.18216532993589105,0
-1.361565740570239,-0.09576743275224457,-0.10732381803235146,0
-1.1478197295781845,0.01795879993009838,-0.03550474939070051,0
-1.242756756813044,0.2655621925281125,0.029519299120930126,0
-1.2643072304274103,-0.0973628903422559,0.18734461706779085,0
-1.3828447625717981,-0.24341190729242057,-0.1697480980652617,0
-1.3797380396056584,0.04429050473252229,0.03954003540625162,0
-1.3653313263493407,-0.030466560739846084,-0.013907759515395971,0
-1.4065059303215706,0.14578141406316353,0.02218989185235438,0
-1.305260560794202,0.016220508644905877,-0.11839470351774467,0
-1.3046356421408967,-0.036676251020210174,0.09669104069620939,0
-1.422675517663778,-0.1042940159074367,0.05235496575965246,0
-1.4821991371077659,0.029124925301725852,0.14395573335538187,0
-1.2473267026060118,0.06021296136128315,-0.11624015289921533,0
-1.6606852408649353,0.19281159939844963,-0.15117307238609898,0
-1.383216047231097,-0.09317034111359535,-0.06854134529767371,0
-1.3620262009289326,0.16205128382565392,-0.14164702262954162,0
-1.3908417428943383,0.10127190302830738,-0.010577584949864317,0
-1.2983872250537325,-0.12226038767556675,-0.18685249795644313,0
-1.1848052397924382,-0.11640007689764871,-0.2043992191766381,0
-1.1212078184395706,0.05081153939857397,-0.2735782280653008,0
-1.1598439609851396,0.2453631676315089,0.11241343836007736,0
-1.190411298557976,-0.010415731836172431,0.02002537138491773,0
-1.2463521437140594,-0.041890680397983035,0.07071256597803977,0
-0.9438105714280228,0.10139414581890496,-0.11860791218011989,0
-1.0053180836045241,0.05188399094229647,-0.16088691625288842,0
-1.03338171975935,0.04587188219143757,-0.02381154223806871,0
-1.1038907618276828,0.0629137160671728,0.012653802850124716,0
-1.0437290111988582,-0.08482412144950624,-0.03588601131157551,0
-1.1479560497030226,-0.023846006321277133,-0.07781532857271996,0
-1.2065851132271679,0.1889830009726933,-0.043619986412419175,0
-1.296351266097113,0.20502877619754636,-0.16850862620056986,0
-1.315023804997605,0.05920585877978684,-0.11307849493948725,0
-1.3663552481836079,-0.14754956345875356,-0.011620961604784444,0
-1.3617350253624874,0.09228547869505366,0.11664193569309476,0
-1.436771396233023,-0.10252889227035454,0.03984483747372642,0
-1.2639202747630156,0.004194289382691342,0.11087248315742818,0
-1.4227970257696974,-0.024221533231717215,-0.12193747781481715,0
-1.447305505695166,0.06873111275348698,0.046226121658651614,0
-1.4298412819677657,0.03196954914739882,0.07623336573401157,0
-1.4625116713054584,0.12451540768732745,0.1545225517016462,0
-1.3870838106547188,-0.04860544527082289,-0.02075804110189571,0
-1.2917503601576157,-0.2288557482642316,0.005715327465429615,0
-1.2207273623641384,0.1439063736515186,-0.08575686261514176,0
-1.1479129354505828,-0.12958000391071148,-0.016451832706520602,0
-1.3749399449707733,0.06303673759492771,-0.029152219504415374,0
-1.3036456198832633,0.08427254686146345,-0.0040146422305811355,0
-1.4806751066618595,0.11010127155840299,-0.01779470947985122,0
-1.3206228640896938,0.010734070551200873,-0.0434664455470348,0
-1.565951275529024,-0.07885398124053661,-0.0723734083501762,0
-1.4326462991108242,0.019248175797308562,-0.11601483490701865,0
-1.4038100058108642,-0.03600418864735427,-0.023319946471873857,0
-1.4345483538809163,-0.06385801770600642,-0.03494462618276555,0
-1.4790210164488216,0.01212075896074664,0.049538996958789897,0
-1.4488209631895157,-0.09693997441439269,0.05946809785448596,0
-1.5104618361652247,-0.14295859039562894,0.08403220283112367,0
-1.5624472714613657,-0.04454100291075419,0.06941441641667316,0
-1.4554631512496865,-0.02183087882935465,-0.09588936856477114,0
-1.3631473644587775,0.21437932460092401,-0.05190129198686445,0
-1.2437962014788584,0.00027923486518150446,-0.14861523205914026,0
-1.3736039092850638,0.10539980029273831,-0.028862093120280388,0
-1.32412110550886,0.00484624465614601,-0.09283045796358519,0
-1.44185519965885,-0.0438974335016668,-0.02028249482938321,0
-1.409645651613612,0.07651760276455752,-0.1241524043913071,0
-1.3759772129559231,-0.08621938874163176,-0.035861480401842366,0
-1.1666519317587793,0.004864032278910926,-0.05661613690505577,0
-1.2579221768987057,0.03770814097901607,0.004441655358372405,0
-1.2222278064096765,-0.08187135536748179,-0.04854221364734404,0
-1.1648147654665515,-0.05513356335418627,0.1161431510578787,0
-1.3354089241726046,-0.31387094968797596,-0.039165645421274285,0
-1.2725806978680199,-0.06874740346542305,0.016734254902629628,0
-1.3419704559268304,0.048350445463236975,-0.08931458461900643,0
-1.312702519581136,-0.048648841721812636,-0.20077778073676897,0
-1.1311170161017121,-0.05549475883561655,0.01180404862550236,0
-1.3013329225209689,0.16420448348158445,-0.11932200251969893,0
-1.317161761681233,0.10300367236202086,-0.08297435310369868,0
-1.362324867910677,0.09081388468442501,-0.06609111935365163,0
-1.4598220344753692,0.14451275648175346,0.07685271122368635,0
-1.3411943466220198,-0.0747002959720952,-0.07128847275635088,0
-5.254942798665672,-0.11567640800603272,-0.16708447329241655,1
-1.3160797666076,0.10354225037320725,-0.010156422782625903,0
-1.512401761102591,-0.031709473740640766,-0.17227749692720043,0
-1.4993375431502638,-0.06627599002970604,-0.06984012935146117,0
-1.620025194382294,-0.0017834206717280154,-0.1747775595777893,0
-1.2373147307402304,-0.058903617681292444,-0.07746517691511626,0
-1.421352031696247,0.09918095857372806,-0.12187303653820436,0
-1.326222696422876,-0.10283875549039,0.15739289779366597,0
-1.4556497581642154,0.1459321847480616,0.029391726704428047,0
-1.4337481232534932,0.21645561710405203,0.01283546091223521,0
-1.4448514451731378,0.089061620912162,0.03648829361474792,0
-1.6100386927148318,0.038008702854138335,0.12765176476062215,0
-1.2743992747930812,-0.003519334871629191,-0.22937668369980024,0
-1.369235308066134,0.0058864353137905384,0.1308921718365886,0
-1.625343026491713,0.26417819295885087,-0.08170207681033925,0
-1.5336996479791618,0.180367091934358,0.06887449628945992,0
-1.6766601921775368,-0.07369138219685095,0.06318180914507292,0
-1.323158336885748,0.1085563123122898,0.013651592351277681,0
-1.4714782029956577,0.02566513878711496,-0.13620894960874488,0
-1.382805543843453,-0.09581379439470425,0.05524442297016912,0
-1.3213097251080828,0.09308583574148327,-0.17331860750465597,0
-1.3304317464210276,0.0019055383089579157,-0.021866783898530757,0
-1.211032010931845,-0.08745310857567941,-0.24046210858653813,0
-1.2739728896299,-0.002379535804302039,-0.056384624754301706,0
-1.299196846970304,-0.13560246302335532,-0.06162420967835741,0
-1.1304414479043516,0.05288603696615743,0.09841685545703716,0
-1.3716326607399514,0.0880698864989895,0.011933429243247662,0
-1.2242088204597126,0.1259376451036846,0.03375168684733361,0
-1.347253258803987,0.12111192692475561,0.16079761978775203,0
-1.4240600550003768,-0.12333933894867799,-0.0915881293803886,0
-1.1753717962056518,-0.1367555849689842,0.04866409414573253,0
-5.289301911736209,-0.04707738099397611,-0.02894297420055707,1
-1.2116237024956769,-0.12358808455339983,0.19379783325121264,0
-1.1066789022424954,0.08008372669394892,-0.045524060125410166,0
-1.170578215410851,0.1268865292274568,0.08453301602123915,0
-1.2710717612936744,-0.013963112072080265,-0.10648155101920367,0
-1.2286290660828254,0.06160881840083208,-0.11697784705572781,0
-1.1723794190978714,-0.0006225838080078781,-0.038775332903941556,0
-1.2358368525294487,-0.05032297033400908,0.005746326030204853,0
-1.3319136484394487,0.018765257890966995,0.049594071246042135,0
-1.2620355012558755,-0.1422171582289504,-0.07453760360442004,0
-1.3834019488705127,0.03860894471918019,0.028400220181021098,0
-1.1609226195102698,-0.018313005281574576,0.059485214407920185,0
-1.2720317521371858,-0.08115936501482779,0.013880514061854615,0
-1.158819658902699,0.08188042183348454,0.08317426684550619,0
-1.3677999828012213,0.09512836675071282,0.1421136391723612,0
-1.4439144182982735,-0.08492650751172962,0.09860825351037243,0
-1.2266005024062259,-0.06722084495776241,-0.0489942517016247,0
-1.372698918688941,0.047401183704328276,-0.0003482479674020426,0
-1.2996605949666271,-0.03424523191081091,-0.054175283926291964,0
-1.054184575792252,0.14892797300093505,0.06277914349968684,0
-1.2613610185204946,-0.07499912522269009,-0.03772444389816921,0
-1.134225068225884,-0.10603617217733381,-0.19361119390184311,0
-1.0985338708383727,-0.05866489499611979,0.20186638296251483,0
-1.2621349741743875,-0.009107971154098253,-0.00949895538379313,0
-1.2164962842202465,-0.044852333346395656,0.08370369701565607,0
-1.344302711193565,-0.022059430993193824,-0.04659130352808009,0
-1.287069557470852,-0.06553235819943838,-0.025263448119768103,0
-1.2572329575489538,-0.13545825209447881,-0.03947310726609907,0
-1.3658615249828583,0.07375505558098266,0.005749979237248261,0
-1.3356503446426609,-0.05134336603708402,0.010661560839454238,0
-1.1377218095571096,-0.0618932995879311,0.06980513044518484,0
-1.1823846988407818,0.047227973769114556,-0.03550635145293646,0
-1.3734341414136584,0.04762739563847547,0.07709053380084832,0
-1.2150336999714475,-0.13318135184796315,0.061351877848486495,0
-1.3348028127766327,-0.1276945137180306,-0.0025476952560784995,0
-1.4095956118196902,-0.0287967247670098,3.976521421609643,1
-1.2740972605297263,-0.011165430483238677,-0.050169200478842206,0
-1.3251451982452365,0.05165662304814115,0.12044465452164954,0
-1.4240878758880675,-0.06280317877539555,0.025237471378999433,0
-1.386403953199744,-0.06167400245283442,-0.033137881588999704,0
-1.3129450009991779,0.014160474282588707,-0.007220695531302324,0
-1.315506227757283,-0.020689362296555273,4.004584139107576,1
2.850130641234335,0.1243124987675013,0.06957806881043509,1
-1.1926554963198328,0.032652287285353125,0.010486454110467976,0
-1.1223888210341502,-0.08074125961375372,0.021556070576504185,0
-1.220184780247103,0.17765926250960873,-0.02265036115296137,0
-1.2194507311769351,-0.09277874130574304,-0.05698153249239564,0
-1.2827029403292622,0.10073602081162927,0.10740546154111388,0
-1.2812305127804358,-0.047113164358066346,0.1493856976270797,0
-1.0955568663380053,0.023619944456369186,-0.0871459266518967,0
-1.2919258678117913,-0.1853226401025184,0.03908743598123971,0
-1.1179907909993019,0.016646995920824498,-0.050920672654474475,0
-1.1515484264983589,-0.0681537164509965,-0.0059286960103769855,0
-1.1620264263612108,-0.037792266171950396,-0.06329887715686204,0
-1.3257395046921852,0.10032132830867307,0.15994850419097384,0
-1.277287447791098,0.0859982857765943,0.08061630204564078,0
-1.3963283766788033,0.004719521952344848,0.0644776334583879,0
-1.362345325695643,0.04371210126791221,-0.12753622841516624,0
-1.4388809631567911,0.2652640483010505,0.08363747360439497,0
-1.4277529622646294,-0.014281646508081034,0.19840945288915426,0
-1.509171093051197,0.09285039068496481,0.10250954249315972,0
-1.3751219914760007,0.036904376550303784,0.15330107856527897,0
-1.330004442419872,-0.032872776821682555,0.1278568411287558,0
-1.505959952592823,0.18087600064856696,0.019257607237416003,0
-1.5188717913303817,0.03238378389335772,-0.07713647434049926,0
-1.5087187253270888,-0.053819685882923886,0.006097351033372066,0
-1.4972809424256268,-0.09252964221715838,0.09310531559558755,0
-1.572959571709646,-0.009544688069186534,0.19538013078114655,0
-1.5883886794027005,0.022379298205059642,0.043100461953986056,0
-1.3927927685375099,-0.00280423370488605,0.10168329338015919,0
-1.3248752852730938,-0.10171165590102887,-0.09331355180778493,0
-1.377107657950623,0.11064723818797817,0.0186838382003603,0
-1.1648120277744907,0.039939705002402716,-0.05450218581801798,0
-1.0770054002779295,-0.016141086886953423,0.013776233392428908,0
-1.1198014050397864,0.009357832776706931,-0.09493006891413118,0
-1.1357861381956247,-0.10627610124204084,-0.09940568943620909,0
-1.245671779100534,-0.1493240180965512,0.09777095485539705,0
-1.0894052035112392,0.09984167836682661,0.0638805279902087,0
-1.3035446755202793,-0.07213603283931591,4.041449210723915,1
-1.2245481650510155,0.052644493056413645,0.12961510379808172,0
-1.090247266906578,0.2571772394740351,-0.028078796766963704,0
-1.0917529722458128,0.020516695642945434,-0.07012469927690024,0
-0.9270767024097935,0.09009424453268682,0.03398218410205826,0
-0.9813250127797767,-0.02107510641358546,0.07141315764732119,0
-0.9165271188061795,-0.12473733552578546,-0.1002752308874757,0
-0.8970549543987459,0.03470333392013267,-0.04680705907509873,0
-0.8481936640360428,0.06871397782028145,-0.02734318823916242,0
-0.8802542667912783,0.01150587311232245,-0.12566914690643846,0
-4.999053416240177,0.00656532081715842,0.1778506601929719,1
-0.8944523351833238,-0.10524545763880765,0.028373517276874694,0
-0.9469102896452812,0.06204861676916873,0.06449379759302808,0
-1.0250138477715385,0.007156585587777238,0.0013133464204302572,0
-0.979890286067774,0.19659476854790559,-0.04213507021168403,0
-1.0600953508196123,-0.015750434173836456,0.028528837756010884,0
-1.0297334314618245,0.026048975143622116,0.3031185823516337,0
-0.9567254706319401,0.05899067310027756,-0.03401802436230792,0
-0.9387881634379519,-0.03964003834221392,-0.13061370631389374,0
-0.9916283163533494,-0.041408809650205276,0.04848563510888342,0
-1.039352067434379,-0.29045469383649947,0.06876774989820832,0
-1.0080060817730716,0.06143523835149792,0.14883781101322,0
-0.8991470557082898,-0.15349086947826354,-0.08896784661310428,0
-0.9095729490280449,0.05904649649215171,0.0227725957358104,0
-1.1000037658554382,-0.06797498115786293,0.12306251546330599,0
-1.0151811159414825,0.007950673721117598,0.07063436536853862,0
-1.1155613892594547,0.06759020958723312,-0.05116448371107244,0
-0.9818584154391862,0.18268985217188516,-0.006652432680622546,0
-1.1011381359147532,-0.07963538403466337,-0.05425728012608114,0
-1.0827685634165483,0.02136178505873291,0.14692326801406652,0
-0.9425760914453933,0.136298120129193,0.10028008051939263,0
-1.1331101026370634,0.0977630438026292,0.15815548835533844,0
-0.8111472679513623,0.010776120634793091,0.007785205402965684,0
-0.9512438346156095,0.054267255534856264,-0.07047959816127507,0
-1.233077815694172,0.0639843901254133,-0.04141017313678813,0
-1.046727425050339,-0.03524015799903658,-0.09702614780372532,0
-1.0320452200852344,-0.05855236992780928,-0.009349121056515903,0
-1.1037732760062093,-0.04367775487208396,0.0653939755990429,0
-0.9691309060552349,-0.11960617187798456,0.03677915014255456,0
-1.098645885455664,-0.047756584713466346,-0.3453378135760606,0
-0.9152826064007723,-0.08367631703144734,-0.16575390685726096,0
-5.034006798343909,0.047656641476466255,0.15727411722062137,1
-1.117651769982557,-0.16032160319690436,-0.028970998126848738,0
-1.1167075932400945,-0.00250926018952871,0.11931528672121423,0
-1.1754157686616085,-0.0698042061071182,-0.015215519133678874,0
-1.0938232363976463,-0.10463347008453161,-0.13689546707458897,0
-1.2117405985887038,-0.08381904029392459,-0.03557225383938741,0
-1.1096282078246233,-0.005570108303761578,-0.17125897307083793,0
-1.1275844292905495,-0.07795012500657067,0.10926065715256027,0
-1.0177266797455404,-0.046223413546215536,-0.04088717050361805,0
-0.9537395737126926,-0.02854561010816214,0.12922540213602304,0
-1.0714098275030366,0.0001184639850402041,-0.03725783314426735,0
-1.3385824111888809,0.10466226279791571,-0.039516326169114255,0
-1.1297629056832448,-0.019758786953875132,0.07483422795762679,0
-1.1342227490632377,-0.05065760880933058,-0.02313292547681883,0
-1.009584339720883,0.16328676459829627,0.11346337024827065,0
-0.9731295411107959,0.05204008672377354,0.044615967663399196,0
-0.891373562400956,0.06302807829927339,0.2084286589300003,0
-0.7760397872264371,-0.07364925812621323,0.06319963071136935,0
-0.6935063111469509,0.09463752127869997,-0.09197215415733917,0
-0.7901079672210929,0.022802380811441068,-0.1707719925754583,0
-0.7381233723532125,0.002119864069790215,-0.044180136608656856,0
-0.8059203942390198,-0.003199113906817843,-0.024891867553648372,0
-0.8299873737639525,-0.15835893822807445,-0.2533622256305998,0
-0.9372968190049381,0.04667986898973915,0.1719995849460237,0
-0.8099105520053255,0.09371386910035734,0.24856790015801017,0
-0.5852694859506167,0.15027703353718508,0.012608104605355034,0
-0.6509032126493349,0.03492963200869086,0.10512355968272778,0
-0.9811403910378219,0.056387875691156,0.07391965888422065,0
-0.6108065020506478,-0.01699974042042215,-0.010751754363065993,0
-0.469421156833975,0.0019081020888397336,0.03250843932997911,0
-0.7551892978566767,-0.17148326747586373,-0.03780129546823145,0
-0.6981539693939854,0.0898423375113026,-0.059980658660426706,0
-0.7334085621903934,0.12396618677349432,-0.2252269119172345,0
-0.7349327885315823,0.05902100671688986,0.0075795432885171505,0
-0.7872565107800843,0.06837337658232565,0.06124004760733342,0
-0.6575253865795736,0.0382127579833926,0.07090516856021298,0
-0.7830475264834863,-0.009200333630482099,-0.07176669584597897,0
-0.7261771122498185,0.08370210825508885,0.08391789843235486,0
-0.5743661460066342,-0.06005640996898806,0.11724265203517444,0
-0.5110847642859148,0.11919952555550856,-0.07605405741011212,0
-0.6139425578983458,0.017364303802940666,0.021076623732205396,0
-0.7372966140012047,-0.01330137245656375,0.18052000745805993,0
-0.6504289075043652,-0.10795288919610604,-0.12125773960688264,0
-0.7708584207023198,0.09588094783407561,-0.06355379017848897,0
-0.7820438103760282,-0.10468217201330815,-0.17627372594313545,0
-0.8206864536394262,-0.13840517134536898,0.1196866623437918,0
-0.5804719520394499,-0.03739884180016372,-0.1277749656713695,0
-0.5666598684544598,-0.07384095737550987,-0.015601916355383553,0
-0.4077426230322076,-0.020985159628570713,-0.1245999353361029,0
-0.344204271092873,0.051117454572894294,-0.12464889417205412,0
-0.5636748620983099,0.09891388392108945,0.017929398054215555,0
-0.4363610053787102,0.06080431055931926,0.025211246162667518,0
-0.26558228778381104,0.14479586210791756,0.012949782068778368,0
-0.3268843550432691,-0.006639019474458239,0.03629081480898077,0
-0.5126518803587343,0.13832422510360112,-0.11898231474717853,0
-0.4242831668199609,-0.005316944843373237,-0.07787005095918526,0
-0.4187006142087867,0.06845491853679554,0.08318138825242839,0
-0.41953584741714955,0.06913580364231824,-0.12184070638054852,0
-0.09216497523085349,-0.01537360904905457,0.18760204724980922,0
-0.45759311707617034,-0.08554359666389817,0.11136682863835941,0
-0.3998131409459531,0.0186663800019123,0.05735339700350237,0
-0.2746950417482115,-0.03767350777596068,0.04737853001217063,0
-0.2891628247624045,0.013927885199250815,0.14141478437660177,0
-0.13123328209296073,-0.06301299011570832,0.14186629111439628,0
-0.1394769112875082,0.01826305274292448,0.08749282571753891,0
0.06787545344262227,0.0268521383552428,-4.156291794794717,1
-0.07964654013493055,-0.27374578331144755,-0.018913604950782523,0
-0.20060684688506664,-0.18350179280114684,0.054644903838052185,0
0.02221564071190641,-0.053819305588350255,-0.11851684884593211,0
0.13890630153336,0.1171579795383479,-0.14741020552790984,0
-0.06123450735016985,-0.01141860483796517,-0.09756000654326856,0
-0.10273382687837185,0.05621531397814307,-0.052244390630002115,0
-0.049572916361431914,-0.06002323865183176,0.08735186076430257,0
-0.09877790572409458,-0.04386086612934685,-0.0897715319672925,0
0.11251520741518344,0.04383146660326369,-0.02914608294253745,0
-0.19885993232847637,-0.15353369906508438,0.07039795102137096,0
-0.10271919893010004,0.13145772203424802,-0.025692669450108188,0
-0.11421942215761974,-0.009704391223362448,-0.06054599385789188,0
-0.1973849017491472,0.07505490481337859,-0.11920956710735482,0
0.13994633500423856,0.02825473126972779,-0.09487605528392716,0
-0.23648978075801594,0.11657546570797948,-0.0038293577818486082,0
-0.27237666903568974,0.13315058927792175,-0.09657819460513194,0
-0.3789895167853222,0.09252342131408395,-0.03413251595190212,0
-0.22314600188679262,0.1797743587186819,0.0351551267469946,0
-0.07936787916820354,-4.061980505666164,0.12037203696992745,1
-0.26814878942282205,-0.011331753443002327,0.06775183178555881,0
-0.20224785175460744,0.03704335156747374,0.1296723912468763,0
-0.4000528199638881,0.04089782537600118,-0.04233982595016064,0
-0.2978591258732848,0.033270253956416536,-0.19639669918703484,0
-0.32817598370148804,0.04806123025460478,0.05863137069251322,0
-0.09351181512605689,-0.10310128456089274,-0.004170622474241788,0
-0.1556830828718551,0.005749451215220747,0.05014955860258607,0
-0.21709862009128622,-0.2398738987342519,-0.17809088997629757,0
-0.15502048688186948,0.09114118345978925,-0.024740108157705866,0
-0.08914440824864309,-0.11576254515153678,0.25640995662356797,0
-0.16534013656964652,0.03399984941333405,-0.06295255177049418,0
-0.48229706779832693,-0.013297192963046206,0.09772017985842081,0
-0.26952029217341045,0.09256499639609578,0.08664400834554925,0
-0.16030880231009104,-0.015441839519309504,0.06122287355344577,0
-0.17564733001918595,-0.2499940605288667,-0.05176309432357608,0
-0.13023354842939167,0.06846379634582754,0.024178574222757005,0
-0.2635740494272104,-0.015065286086166195,-0.02545582197637348,0
-0.035636059890011174,0.03272616992108603,0.08937565665524767,0
-0.11039822689167435,-0.02982353449001822,-0.018828034978014753,0
-0.14145314703515888,0.020755363681626036,-0.10381182466451543,0
-0.18591067215089346,0.01150436242662603,0.1269376849665753,0
-0.29061861058104543,-0.062059931928814926,-0.00031264522465899194,0
-0.18453047256884825,-0.03541911139199092,-0.09184615003971537,0
-0.16076295024885556,-0.07568604707259513,0.12196770029746336,0
-0.19278174128608286,0.0998853533210152,-0.024317566604204213,0
-0.1127050308082922,0.014728569472831571,-0.08845264488762627,0
-0.20918506614125526,-0.12939724860929777,-0.0963914459041147,0
-0.11311731191266289,0.08275970010771509,-0.1645747958366965,0
-0.3371954227508963,0.2734203733349129,-0.09225293505656292,0
-0.45515511876381076,0.06233306273991121,-0.16839169936991816,0
-0.3305503745080009,-0.02864851515567267,0.07609088711533153,0
-0.12996139557125508,-0.13705737136880997,0.13691900628380782,0
-0.41009057338449767,-0.025220281273458874,-0.24002093181553602,0
-0.27637850980334366,0.13421966947466876,0.007931732725111797,0
-0.45883809403570397,0.06944803520973852,-0.039159958322711484,0
-0.4934509875576327,-0.19104767899164748,0.1459853902286206,0
-0.22186884714175187,-0.0775649218019147,-0.048810275630723904,0
-0.552189397251574,-0.0016503111624989481,-0.05850604487720193,0
-0.6501578869898945,-0.07292166452485145,-0.09507241289466027,0
-0.4490769814009841,-0.08874797315846551,0.26702385648309707,0
-0.35401649715139966,0.034960353943872195,0.01933600058336563,0
-0.42467312385719147,0.09137486850644866,0.14269273001817442,0
-0.5775585841576865,-0.07649264859636615,-0.0643599661606704,0
-0.5429549389358648,0.06143954178112152,-0.14604868464065168,0
-0.5409033503892589,0.07025735589611949,-0.11138692554191464,0
-0.6240830658095291,0.03470771279223245,0.012488914973772677,0
-0.6064868243961266,-0.007486849543072301,0.23015785143690282,0
-0.5688220655094215,-0.16847374258960096,-0.030262873125699398,0
-0.6562226638869557,0.028226031925717456,-0.10103335804804361,0
-0.4784116657958383,0.11317789573589301,0.016545641278413552,0
-0.6858225282382505,-0.1885321352525834,-0.03862984861465184,0
-0.8236042891059432,0.048803338968554065,0.06411839292983458,0
-0.7123923691986122,-0.17770664756319318,-0.1495164344286314,0
-0.6738346597832927,0.008022731120054914,-0.08551757639826878,0
-0.6741927589071497,0.06003308141708518,0.07654620194027556,0
-0.437373619158439,-0.0917380600384822,-0.05886274366786179,0
-0.728883042164103,-0.03327720686171185,0.054880067454356654,0
-0.426632450021869,-0.034244146090719414,0.019103613774410458,0
-0.5712757476533538,0.1365556065231017,-0.07195985681982967,0
-0.3543652255989992,-0.10252680153155896,0.008372021953089465,0
-0.6133401965078914,-0.13670748340085778,-0.16835175115302972,0
-0.6690587118803291,-0.09166963009361508,0.12178284809396019,0
-0.634666235504752,-0.048750645082862365,-0.00047539049718540034,0
-0.6748783450835023,-0.11266373902104479,0.1311127175360036,0
-0.6617963859852711,-0.03838993976997393,-0.06262879305398893,0
-0.8165737754664598,-0.07903198559752472,0.0908938850640556,0
-0.6908486661181363,-0.024908158476978165,0.06909010311201963,0
-0.676622282105257,-0.0069002651332439845,0.03521185753223773,0
-0.6572003769378171,0.1951314186744899,-0.019210925152388647,0
-0.73756109216987,-0.15475644725827317,0.14299162518076716,0
-0.8876649909012263,0.17464415474452422,-0.01420600788065647,0
-0.6535248975960892,-0.013798397983359263,0.056908582913817334,0
-0.6000222379237738,0.13675604481603926,0.0368811398102801,0
-0.9200159657667242,0.035191914603854006,0.1183333641676168,0
-0.5740187905870704,-0.08145511289803906,0.028469598676983166,0
-0.8340362453574147,-0.08955335169360601,0.046377679008560824,0
-0.6261681363106755,-0.12502949220661955,0.03168704350565426,0
-0.5574344573129519,0.11761788982826532,-5.591347750014741e-05,0
-0.5999752279909121,-0.024271406841101364,-0.15797601671803926,0
-0.6473715608771443,-0.07256946504152399,0.04012829781114117,0
-0.4749876867077544,0.0697723010063918,-0.015451237014482208,0
-0.4159101370367895,0.143713592229469,-0.15158658377213463,0
-0.6356729763016297,-0.002194237711467959,0.05414909163345456,0
-0.7689468252548802,0.0383591995890297,0.11552669857808831,0
-0.5104573762930701,-0.06115973661419386,0.1258784131711155,0
-0.4955523127437153,-0.14465181449438874,-0.020319324134391463,0
-0.5500699742446995,-0.12881836782529818,-0.09104290648215335,0
-0.5794762795742472,-0.04509682840249995,0.10749163321526284,0
-0.3990110566374542,0.11866850943689473,-0.05270775527816433,0
-0.17659237625719304,0.19175994106949995,-0.05165777188840799,0
-0.4498357461959694,-0.04154605384759666,0.03458803673747764,0
-0.3636456282282192,0.056129371596117555,-0.009193732929328166,0
-0.37920995400267354,-0.1560935188850415,4.5810702816835976e-05,0
-0.4276423266852345,0.03390721509938462,-0.12037252348042626,0
-0.15648342266180987,0.10504344021968036,0.10338014044210952,0
-0.25421534593770223,-0.048692020577517585,-0.05308313628304634,0
-0.19725399424594428,0.06026586697395632,0.075314483515254,0
-0.4259751533177034,0.1428887592726889,0.13724560491809384,0
-0.3409504367368016,0.1041531997602344,0.12320498364970008,0
-0.18025607146423003,-0.022407984333091272,-0.0661543719793801,0
-0.49827638127507373,-0.07978813592814732,0.05706617585486282,0
-0.4575447406854869,0.035523510756563945,-0.0224106324762125,0
-0.37927422686153756,-0.32793571583965275,0.024391071643883724,0
-0.5197547708454943,0.1629393836263708,0.023166460286397125,0
-0.45865940097449903,0.043913903454610846,-0.03179065964252967,0
-0.4412991279708297,-0.2609741783213608,0.1272564235975162,0
-0.36446817740994025,0.1619342747687054,-0.08377508670250247,0
-0.5487200219720811,0.07432439487431457,0.03317109626010405,0
-0.4110462900365493,0.07806072729327102,0.35299042915066237,0
-0.30998668206006175,0.0369966778878585,-0.04001279452001192,0
-0.31728631438097565,-0.20176673972713743,0.09470580243124647,0
-0.22803487503733666,-0.005008300825750356,0.0634035426375653,0
-0.3211509509797583,-0.11066428012815294,-0.038099658231858236,0
-0.19644391540898692,-0.027019960221391904,0.1803067483986074,0
-0.22685186094560392,-0.15785945679649604,0.09429721826717792,0
-0.29111431949546573,0.13846348196590275,0.13756151200441957,0
-0.2920949308830643,0.13817432845907496,0.06359248150997397,0
-0.41382419865649345,0.04389087230206793,-0.07170277082314525,0
-0.3738572078348514,0.251972478414559,0.04708272371584063,0
-0.2262178918395601,0.22275596421694674,-4.0949933773797484,1
-0.2942583730797354,0.04567167558338924,0.06725573109575714,0
-0.3705525075431749,0.02360355631118273,0.011009355447049621,0
-0.22237057831043966,0.16679457400695427,-0.14372357832393975,0
-0.41921831276109145,-0.07894133566159618,0.050038538341439766,0
-0.34990158457887754,-0.031015341869664804,0.05639242744936797,0
-0.2518811458460505,-0.050009796059782424,0.029511390856553556,0
-0.6529736548644856,0.05898673721788353,0.002968731423679071,0
-0.5067686368116604,-0.11009852486852141,-0.05131959075812397,0
-0.5019862183675011,-0.03588448042944411,0.2131331655854706,0
-0.3619393928670095,0.05518500774381209,0.0014518363726776734,0
-0.49264455746744046,-0.042563571330250426,-0.0816137218581307,0
-0.2226555691410407,0.09783699546796765,-0.11447234277610317,0
-0.5646639675818441,-0.06271412383971108,0.011286292255816024,0
-0.6799075101556642,0.022011157740795786,0.0712243217430729,0
-0.5923717114241401,0.08426092809798794,0.048483718830264436,0
-0.8662020876944065,-0.26448509458437447,-0.05199775474537706,0
-0.49072731997027325,-0.04872829052866005,0.058016559748881626,0
-0.6665147497789219,-0.15595831732985954,0.0567668265642958,0
-0.6100090053882692,-0.010111159461826752,0.016929308890720262,0
-0.7354931473784205,0.032090851406259994,0.04316327372557237,0
-0.5713080027758743,0.016413350792355768,-0.07624623037090089,0
-0.5269186790058173,0.03840723859286949,0.17731426550191376,0
-0.5483116404138422,0.011841356826907498,-0.0003032511171250787,0
-0.7239764929615395,-0.03438611806435401,0.051017423464157656,0
-0.6035163670733803,-0.1407269410071127,-0.08676661734847921,0
-0.621530776128723,-0.08089418289100371,0.029358419966144852,0
-0.6573713797892106,-0.23734489404151693,-3.8796091167831057,1
-0.5935609316228693,0.04889775957769021,0.04462289525989349,0
-0.5490794086791431,-0.14065700511152093,0.10099501372578196,0
-0.6816742329199446,-0.06836100685415518,0.06469288746973657,0
-0.6905446116285682,-0.04440892137989406,-0.09668367308311203,0
-0.5606346324331023,0.03669544504630725,0.1192081739110398,0
-0.5403791602872747,0.09440802986329834,-0.02879581041491562,0
-0.4400022765002292,-0.03967202755488323,-0.16880480899086148,0
-0.6428038649951426,-0.08910544102027358,0.04786199772802664,0
-0.7405398001314845,0.08942291657382895,0.013109158040088137,0
-0.5219434923168741,0.036513670343795004,0.01955451167565568,0
-0.5134636829440375,0.07773525376115355,-0.13023341270709501,0
-0.5095762429273503,0.27348915237439053,-0.1253158018907477,0
-0.4495637709495139,-0.06983972447348667,0.05032290185093213,0
-0.5671937441861638,0.044644693692373255,0.023347499527984053,0
-0.5224536501163961,-0.08825053790470967,-0.10971153786872226,0
-0.5361989707270269,0.15070098912915036,0.0002930341262364301,0
-0.6370441723177179,-0.13164387696537438,-0.10792461996096997,0
-0.6891524977761297,-0.011142560397628502,0.002366673119246905,0
-0.7086603487270835,-0.10512019098118089,0.04870859261797631,0
-0.7925867699471885,-0.015055840988231288,0.10643749371141431,0
-0.7507047579625263,0.1340747861163467,-0.004153566290717683,0
-0.6085685246137955,0.009990740978758345,0.1061568403658705,0
-0.355239941020122,0.0664061641479021,-0.10557052687240774,0
-0.4565732873578218,0.11868182215560968,-0.08661969623824069,0
-0.7118430330773217,0.1365834443956848,-0.16123474557738104,0
-0.49743924932619443,0.12309988493275958,-0.03636879549116425,0
-0.4529806674542663,-4.067630999640104,0.05946526197075228,1
-0.5641556611956299,0.06154696623125479,0.13967789131665886,0
-0.6763117009583279,0.017480022829842824,-0.13109392299471248,0
-0.8402244426287805,-0.10692054902085356,0.10932124281790233,0
-0.7065894441884555,-0.10752937784448197,0.052139825801808364,0
-0.8956472319278934,0.03460572791956073,-0.1348235607025599,0
-0.9096047185604239,-0.061496648410031655,-0.09968198334563105,0
-0.9242253445004975,-0.20565867853106035,-0.015786679322894116,0
-0.7995289868921756,0.04090074597059992,-0.08046054993457252,0
-1.055225156280457,0.07469400236981164,-0.07593006584112999,0
-1.02102505053967,-0.02440734802987434,-0.23179605478798637,0
-1.0736762346460025,-0.22216583480075014,0.026105043847682502,0
-1.0764481285664995,-0.15553374051331023,0.26361465301102516,0
-0.8788504329410914,-0.1298430007916249,-0.1439707458733068,0
-0.9396408423372311,-0.004449928656766525,0.13842885743585992,0
-0.8820520047382573,0.09230076101751125,0.1051632593913064,0
-0.9514793514502572,0.07090885258479819,-0.05168114928029802,0
-0.7952683049969327,0.12500444587706758,-0.05048532830458731,0
-0.9593195751366855,-0.2395486284684074,-0.028881491592437948,0
-1.1431547693124788,-0.06130923706073832,-0.028175121232640613,0
-1.0846561490877125,0.03299893183732618,-0.04465506900777318,0
-0.9103506294153311,-0.09641438205068442,0.06106294731517889,0
-0.623037957839888,-0.07273226113131541,-0.04187468949327943,0
-0.7380060173065334,0.026225213147114703,-0.13399637035887096,0
-0.9161854824697402,-0.1406409788039353,0.09980424355337676,0
-0.9634546037039647,0.1895016215063107,0.013376751300504579,0
-0.9454704103500406,0.027997042880267716,0.008013739425146672,0
-1.0329970820647432,-0.012527675784081434,-0.12262396873120324,0
-1.1091252157894713,-0.028226078043980647,-0.009381926481047695,0
-1.1318911101824491,0.30116307397395925,-0.06215194443973224,0
-0.7420535570629082,-0.055443235099853154,0.13404080330709864,0
-0.7233947589704708,0.09055637682081502,-0.003290815841378373,0
-0.45342987446332395,0.1450676531641624,0.19807988168068758,0
-0.9004707931334668,0.23551458715630902,-0.11499632227091075,0
-1.0940819996162698,0.1654119713938684,-0.06017761292915942,0
-0.7661578278231355,0.039965692749592996,-0.054797815403084794,0
-0.9991798770898455,0.06437590433696215,-0.004093637971055063,0
-1.0840742559706293,-0.12291264648008532,-0.1738840272922798,0
-1.1371265822651304,0.1637753937884926,0.05269504979852066,0
-1.1504949512813558,-0.003389206640931952,0.13685794370537777,0
-0.9897242248685123,0.07853136972984795,0.035916157132714566,0
-1.1742945495787307,-0.14098378196579486,0.03642989556252083,0
-1.2939170871344283,-0.12385821441636805,0.05074808232890844,0
-1.0220633376441626,0.12601268847272434,0.03450389305809022,0
-1.276714620870038,-0.03448541296770631,0.277048011691083,0
-1.1135891679354757,-0.11546619246359616,0.0037685683335626527,0
-1.3809611516595124,-0.16939079523224398,-0.03694436569166835,0
-1.4737576025306605,0.022152293204855678,-0.006401661490528939,0
-1.2442783693062993,-0.1381001132248247,-0.009305970392681008,0
-1.5504078960074847,0.015341213533856854,-0.002418318142123283,0
-1.390195631295536,-0.07218489558267593,0.08343953950426086,0
-1.384444429311725,-0.009646036112573086,0.2573856458539804,0
-1.5326470738514082,-0.11764839353504858,0.19847138951274548,0
-1.4159901004859121,-0.009054632513121157,0.041135735767215624,0
-1.5084388177186043,0.21607541275718087,-3.985562979846189,1
-1.2174102058366882,-0.07602773117853175,-0.20881761896296283,0
-1.1223884579998753,0.048739447406408225,0.19185747200487746,0
-1.2284186031553612,-0.12317672192280948,0.08209684023089908,0
-1.1833015787494081,0.10678106114639115,0.15922140279285735,0
-1.324716870553002,0.08370678308409622,0.057050114962412385,0
-1.4183775129219118,-0.05615909592488327,-0.0364563616909786,0
-1.4065666774145111,0.07418123887535652,-0.2046480955363409,0
-1.7527441341497938,-0.028852824838330883,-0.17220735623037076,0
-1.5230920578586118,0.037449547653442626,0.029445908271012722,0
-1.6558795950260465,-0.01074079395953058,0.2542425639678428,0
-1.6024391162798262,0.042872493862316674,0.028887690908170102,0
-1.5340681626923138,0.024553199480803062,-0.0016529596634270547,0
-1.5079460177817983,-0.03780137316325067,-0.059182366083143506,0
-1.2107401684631303,-0.14074781336732997,0.05637468879761634,0
-1.3783623958616458,0.07653101493999753,-0.06559851247574901,0
-1.3229868551406074,0.08631117912401493,0.008120792261383212,0
-1.2621540642685651,0.02787688646162454,0.011258937246923721,0
-1.0732315125909078,0.1263221378591066,0.02891893012154444,0
-1.1418111219924079,0.14942784637587733,-0.06663368924633978,0
-1.3194862277801747,-0.0025567405187766562,0.0058438010844873165,0
-1.4187064452247395,-0.08401570009846179,-0.23450637739232297,0
-1.447224516210178,0.03354508169531833,-0.041357564653665795,0
-1.4790836092396642,-0.055632872796342416,0.1062898212706302,0
-1.5002539127522527,-0.00011116983315607563,-0.061936651152113914,0
-1.399701495734201,0.02607686815483042,-0.052868279251555766,0
-1.4980034991143103,-0.026067481886629273,0.13049766730513165,0
-1.5146107930127923,-0.009884556052190257,-0.025849716704703853,0
-1.3953043379626564,-0.052594357172666695,-0.052004260467373734,0
-1.5411528363181501,0.0339879193725222,-0.11395697982162878,0
-1.4974026318834357,-0.0017431669006975382,0.14486950401821047,0
-1.3356511046932853,-0.016178721219444994,-0.029899738460725758,0
-1.2362062743377813,0.048380602731606624,-0.021598686046638036,0
-1.4223613879735237,-0.0771160123593795,-0.018308285180499272,0
-1.3249280134439563,-0.012713530537972959,0.009066601736166432,0
-1.5002620309607204,-0.14369336430519514,0.01701699972543532,0
-1.337627038530326,-0.1872283501438651,0.006817143447902286,0
-1.35288708093643,-0.039835939375311075,-0.013458726419242213,0
-1.5019537991911618,0.14080125461395124,-0.16056022407697867,0
-1.0732571117079284,-0.19015396775521606,0.08385988262978199,0
-1.419007678324607,-0.053492354538786493,0.03359873415556058,0
-1.3093039376394255,-0.07535315929028644,-0.1068889422974742,0
-1.398463507482425,0.012073333177905439,-0.043377820760246585,0
-1.3575334015030858,0.309267926683676,-0.0750480366952076,0
-1.3856251133582822,0.15773646298212313,-0.09093760500724896,0
-1.4041879064618075,-0.09452385876567407,-0.058426923256905454,0
-1.3104177263858683,0.09311496296691325,-0.1760831270342461,0
-1.2966480691093079,0.07304066568568315,0.007157208556428898,0
-1.419775310826601,-0.12135561874473642,0.03266738350826191,0
-1.5450486576289844,-0.20891937492752063,0.05111562379289919,0
2.5630782073094043,0.06341546327412606,-0.04001641537908465,1
-1.665260344807548,-0.022140073802309635,0.1442539504575556,0
-1.5588542427081689,-0.01447813190551223,0.00820788085938171,0
-1.5080918544668434,0.018324101878826767,0.059522949524497805,0
-1.51314486111823,-0.017709612313986815,-0.15853684121353506,0
-1.2173780292524659,-0.13214211206248636,-0.09380857396969595,0
-1.4518410009879117,-0.16671852323803485,0.13000583086075065,0
-1.5331254837842068,-0.07340673953228866,0.01768434855340872,0
-1.4384975773752064,-0.18975850437717612,-0.041778289163221925,0
-1.4684890072641814,-0.08852585298089109,-0.09641417549274856,0
-1.3851442302684078,-0.1257281710044898,0.0367251397728102,0
-1.4426757337759537,-0.026655586564135938,0.02753968224681827,0
-1.3155470211216458,0.03436242505658008,0.1544202612038598,0
-1.266885539414883,0.10765180897247205,0.027072681301600905,0
-1.4155518861200056,-0.1125688986575786,0.02360526706564723,0
-1.2648202816055996,0.14516755559255026,0.0044929810652472625,0
-1.3238772968729864,-0.14977975553332973,-0.12997844824324914,0
-1.3820450320682882,-0.0013640041140561812,0.03183103487090477,0
-1.3616989812818228,0.0538857327954885,-0.07263121106039395,0
-1.4195520085553897,-0.0811300286348763,0.03046194528570156,0
-1.2344674556143498,-0.10925928200089291,0.022623439609057848,0
-1.468418647407709,0.10575390800482534,0.003531430552078694,0
-1.590276035689812,0.006323858565167765,-0.08374467830880541,0
-1.5335483653676445,0.08598031390707167,0.06393873558255615,0
-1.6158926421744342,-0.058384579831288114,0.09113756217086066,0
-1.6555222260059514,-0.1521607025604047,-0.22568539362606943,0
-1.5818483006785773,0.07307818648432882,0.029981469489354068,0
-1.5904556503105842,-0.10732721764162101,-0.09100669982756364,0
-1.3054375146017212,0.061048228204311376,0.12007160442478174,0
-1.2569602634752137,-0.07844065951048197,-0.03305305701820334,0
-1.2409185731821646,0.17130298730077836,-0.11607116472409085,0
-1.2329609752642632,-0.09730154429354683,-0.2190527621221321,0
-1.1716257221588644,-0.1444455379466125,-0.06801592302478075,0
-1.1698752497031508,0.05156412683325186,0.05486410282061427,0
-1.2836034005872727,0.07333130790186186,-0.09265058624086371,0
-1.2851011002452148,0.07109790473002352,0.0038306287575973308,0
-1.2064943409181268,0.03073687146827402,0.061945005254326536,0
-1.2659170377755777,-0.12250919222484419,0.043336475040365204,0
-1.0558163813333123,-0.06053475028931499,-0.027964597421035436,0
-1.1439513213277397,-0.06639402835678923,0.07573929835420373,0
-1.445230306182093,0.12046793868432606,0.18364555992893827,0
-1.0955197644746577,0.06630282046614694,0.1303138222177754,0
-1.3511400925849715,-0.15275736696675948,-0.09703608948540007,0
-1.0833081274596243,-0.020386840937417123,0.0037321992920474195,0
-1.1594367816063191,0.13888694982037697,0.07066046798860985,0
-1.3290993432764249,0.08661291930710513,-0.00841262567964571,0
-1.115232748023474,-0.15950963728853007,-0.041890790598847975,0
-1.2821218033151187,0.0156023649225397,0.06882581665098637,0
-1.142402253899753,-0.044415801697273355,-0.01658568580278246,0
-1.3154205907624574,-0.0992744417455251,-0.06787520747403002,0
-1.209438372987285,-0.12716092141846627,-0.09916319000135394,0
-1.3447420065277187,-0.01154255169339835,-0.043319535728449994,0
-1.5045437118525178,0.05625295297638033,0.08350837394993636,0
-1.2894216940817615,-0.19689298698428626,-0.09008225890474733,0
-1.1651872461329287,-0.025208900934273124,-0.18320697448190335,0
-1.3871570725882587,-0.2499536745950587,0.12269101764304774,0
-1.236458852226109,-0.05919149895064085,0.013781851011687746,0
-1.2462833233546184,0.08928717668987152,0.16910744211431097,0
-1.3201594021697027,0.05194807716592599,-0.018887414261808302,0
-1.4230659812206579,-0.07905456583987801,-0.12409461466615833,0
-1.1462657661727746,-0.018818430960757228,-0.08742734251096891,0
-1.2364131047660125,-0.24380870731283505,-0.10756944793343304,0
-1.2923155672354514,0.05557541173771518,0.0015727501318637165,0
-1.2866852842782015,-0.07527170887323012,0.0639136558399521,0
-1.076537031449139,-0.15539498850841993,0.010290878820677668,0
-1.296848780639468,-0.11528803310757446,-0.03796828338656949,0
-1.2698179320560536,-0.07949023568895103,-0.012386429621539208,0
-1.194290497348439,0.0556589260952508,0.09425422775137049,0
-1.26493190809666,-0.027908584734244065,0.004035460849224311,0
-1.2926011979642533,0.036932333067278715,0.054884461366410967,0
-1.4424742412874685,0.09881034271697949,0.10562981557117378,0
-1.3698897857061,0.10392261103553853,0.29081789919789647,0
-1.289084837089848,0.23928023664522324,0.03390869311150676,0
-1.3485853626330822,-0.011343329884039528,-0.09524420585154404,0
-1.2614980005427114,-0.05440938676362285,-0.051166627248887035,0
-1.2273840875874338,0.06423156660506764,0.09968276706389086,0
-1.4566700440463831,0.18954179648696087,0.023285305672440842,0
-1.175585721106264,-0.04150411701220949,-0.06695423535203214,0
-1.1583989814811868,0.008552678506433202,-0.18511471213259884,0
-1.0477656724819604,0.06569571240881894,-0.008366753044521906,0
-1.1537249856472793,-0.0933455481244309,-0.05561311489470281,0
-0.9468289157059616,0.033963446053717566,-0.014475742635862057,0
-1.0662779106700364,-0.015993682598847776,-0.13207106180400324,0
-0.8697375299116211,0.04172212505184869,0.10909090017233139,0
-1.126238990848175,-0.0007258563249191244,-0.07317602538958905,0
-1.0353169399716027,-0.04215108356073766,-0.09941273782525673,0
-1.1302326193803167,-0.007852846502488658,0.00880441327043467,0
-1.3987088728934185,0.01935436449996213,-3.854257365830951,1
-1.2316078471918102,-0.0720207954850178,-0.08170826838752765,0
-1.2555795848866733,0.009096702359804408,0.04445733647135286,0
-1.2877957306816528,-0.07852661630019507,0.18347012422776043,0
-1.4034575692371472,0.0942996180020817,-0.12131749421168972,0
-1.1902359804183356,0.12732060211357574,-0.11885541998322835,0
-1.3681209268283796,-0.22086990676842075,0.12822814700900603,0
-1.2686168162353257,-0.1573080553167536,-0.08853061282064228,0
-1.1935632152368063,-0.07341789263100627,0.13814077600619376,0
-1.3373519748939688,-0.19160752363341588,0.18694522324145493,0
-1.4326391546570685,-0.049360697470033944,0.06978822301424097,0
-1.3824424321493478,0.14898230535889587,-0.008445511630905926,0
-1.3290891044548718,0.15606869586561367,0.10695615765050387,0
-1.3815442916464524,-0.03986812374228825,0.01931039311147082,0
-1.4745217151993277,0.00096912610128403,0.06052164058935701,0
-1.3640409714212143,4.030259375792893,0.12557513316008717,1
-1.587428934107815,0.16242662555045473,-0.11617352524265781,0
-1.4487181326044913,-0.036604328660645655,-0.05273375856479774,0
-1.6649483286722995,0.1344559818388009,-0.23393993555733658,0
-1.595907017790774,-0.11978436649852622,-0.015263191443180264,0
-1.61641852164418,-0.048327963995905686,-0.007717780039738465,0
-1.3708036918551019,-0.09783384037545975,-0.12728358080328425,0
-1.5884309566919537,-0.10045869045740041,-0.054989368083664815,0
-1.6704545613612676,0.058407042236224706,0.15628513521395662,0
-1.6713667987291223,0.0028862508748156903,0.06935435896241902,0
-1.6618783932564176,-0.0832747815669416,-0.023308484211922137,0
-1.8330072979808942,0.039960629269941754,0.09448846618180294,0
-1.491020100612665,0.18205397743946258,0.03254044906761202,0
-1.464015476135839,-0.10245391834152465,0.01627281542156596,0
-1.6200440173740633,-0.12727975672733913,-0.16399445709341107,0
-1.5905714033916731,-0.05614778809751361,0.06386353691247604,0
-1.6041758519181137,-0.06694237390318634,-0.028321712102140958,0
-1.7497025762911849,0.032566537063044215,0.07090152167246767,0
-1.6013717320443572,-0.11571445083415222,-0.016114014732345784,0
-1.750445014311002,-0.186650841132432,-0.07554491809101332,0
-1.5906588895216895,-0.006289704855899761,-0.02733190573008,0
-1.5700367216022142,-0.08102266930744506,-0.017778229271602514,0
-1.382653718576451,-0.018493769756299,-0.07213939892704725,0
-1.671690929429629,-0.04549871645828435,-0.11833091433603378,0
-1.6417255808193962,-0.023299610527474767,0.07654557681838603,0
-1.5079357766839565,0.030623440446811548,0.050649762352188404,0
-1.6601929809515665,-0.07074964405787165,0.0881436082280661,0
-1.3676072400600796,0.013473796743427269,0.11460058098546842,0
-1.4900528495535612,-0.14919080108927985,-0.048002995395603695,0
-1.50923482653438,-0.11642693945405298,0.00881036554427097,0
-1.5443180741122207,-0.01437524871461639,0.057675731934813027,0
-1.617913830808112,0.07673727544446225,-0.05220790000484998,0
-1.5203932686296224,0.008711057665460315,0.004735350215362695,0
-1.5980300512113292,0.08907327844039944,-0.1577760205798336,0
-1.5992979435661292,-0.08900504551613211,-0.04495929412733894,0
-1.4626056077030658,0.05967083821942962,0.02552749028757159,0
-1.4990214489266818,0.0470161547401437,0.07563507411207011,0
-1.5662394792661496,0.04044661223807844,-0.08843831234544723,0
-1.6685680759601644,-0.0022824224761522883,-0.08875954551446849,0
-1.472049742507676,0.05830218403506883,-0.12633118456353823,0
-1.5473942334799304,-0.21791316895904522,-0.08182894162659271,0
-1.6350729144838991,0.0392558088987552,0.06775680483767993,0
-1.5859385984652,0.07461445229988165,0.04061756626447799,0
-1.6498859029238584,0.022628309102786057,-0.021946763792712265,0
-1.5446156359646532,-0.017825192589780253,0.09027593181068895,0
-1.4426476129043233,0.10178080638988529,0.12231897031476668,0
-1.4276932180073045,0.0453438313720725,0.15204490711446436,0
-1.5055363793921073,0.07970170955482624,0.059138697728352264,0
-1.4843526153072686,0.18228447439076936,-0.14063438138443154,0
-1.5329292427428207,0.03741342169003578,0.15340149493367528,0
-1.510790581706626,0.016622653125053535,-0.008579243172808103,0
-1.5273477285510235,-0.004814115800385572,0.15288401075041858,0
-1.4227945287299901,-0.004485829721800095,-0.03787339789840108,0
-1.5097160578849529,-0.1646045705273421,-0.06637564510903991,0
-1.4441778513748162,-0.05937429878223477,-0.11855354246154791,0
-1.2456510140492623,-0.18997222590808305,-0.03620597312848818,0
-1.5787703934911061,-0.1373423284543503,-0.09739651205445914,0
-1.4460968211400744,-0.08571253755434716,-0.024977546703741815,0
-1.2628908899100322,0.02142993792230463,0.08589703881451016,0
-1.3431744700019201,0.08562857783025118,0.13054536059863178,0
-1.177017836595872,-0.01668033341608977,0.0031260500473010663,0
-1.1832174322974558,-0.035425178366471306,-0.030969486188802676,0
-1.4871345137223972,-0.0033749981079195437,-0.1291523247579935,0
-1.2528583874122392,0.04269543864722688,0.07998399775925029,0
-1.356470578639218,0.05802273465628183,-0.13447934997246802,0
-1.3514957447202771,0.06325831923366582,-0.25270316539831095,0
-1.2187738756174769,-0.007228058257719357,0.1711064721503591,0
-1.0326220819028893,0.007847965447681194,0.003029658404768337,0
-1.0863085338181273,0.07919101802416212,0.07482697116853551,0
-1.0573948868739247,0.0383363024183626,0.022212725041947295,0
-1.0906431438216022,-0.09272913363470274,0.0257407784960538,0
-1.0117379925570775,-0.10982761533503174,-0.13141356347930863,0
-1.175354249176171,-0.10230410480092299,-0.11814676852696016,0
-1.1841438042700256,-0.1586352474775459,-0.19822398961287063,0
-1.2196644308011357,-0.04402988082923407,0.19530575174834625,0
-1.067096733009944,-0.061237070286890974,-0.13452401938077793,0
-1.1128545706182058,-0.15207681896402991,0.10861933539589515,0
-1.1553857549451345,0.09907943007976343,-0.1777528053274084,0
-1.227230096207783,0.10566531757224867,0.23312396920486697,0
-1.0340577159204798,0.031413347171045505,-0.11105007447835707,0
-1.038986220732595,-0.2021169909051801,-0.0006489833318242561,0
-1.0573825376764678,-0.02927474810423236,0.04232798344377634,0
-1.0291973522264484,-0.05614188847141526,0.017134491460988614,0
-0.9328305918782779,0.11024709341167943,0.15198864688687713,0
-1.1116859106810306,0.04803182434517053,-0.02078856806764304,0
-1.0890183873253312,0.033835181172619404,0.026821286047081463,0
-1.0891648755404808,0.03571930213803674,0.002348494356207608,0
-1.0921252825762877,-0.028298489850983957,0.045712942287496526,0
-5.121862680488952,-0.004149530229222116,0.009756127455799173,1
-1.0623687529435735,-0.07337615697525394,-0.03249236604905192,0
-1.231963696865206,-0.23006980028329826,4.12934187740292,1
-1.0921770890251299,-0.019430394578151117,-0.041854007688823636,0
-0.8793923089787716,0.0696948850646734,-0.0550949449666479,0
-1.111492301257899,0.21441398211523902,-0.011227960677635752,0
-1.1269365409015444,0.12069839058574919,-0.05305016069122516,0
-1.0519637934821162,0.011837733583834512,-0.29031907738171076,0
-1.0502071429293645,0.06549388506195501,0.1363751197970219,0
-0.9007889367949442,0.027929051977090204,-0.20126813885662476,0
-1.1916059520531714,-0.057734940628706266,-0.03962011769200155,0
-0.8619104753031727,-0.02496723169248659,-0.23945805515166751,0
-0.7681172728211705,-0.015467253947073354,-0.17230311649456853,0
-0.8922254741719733,-0.07139741002655646,-0.06383251797023509,0
-1.0104119039431805,-0.013945532788158466,0.016375044848681665,0
-0.7432123229406309,0.0572745812901837,-0.15704645086282315,0
-0.8204223618602843,-0.023117739164140845,-0.15834915770670044,0
-0.982480479428393,-0.012808929626371727,-0.036471537886638955,0
-0.9138695618808441,-0.19739447997960047,0.16439775747743648,0
-0.9718688226534752,-0.08539556479792101,0.12331812767201261,0
-1.0230769407513396,0.08958405509367103,-0.0632426858014784,0
-0.9113539811357902,-0.040011558821978196,0.00045301136175343506,0
-0.8506798114482755,0.007786138193165127,-0.002114263695874963,0
-0.8879022587533282,0.09305622865844175,-0.0542050920491161,0
-0.9820321862251943,0.019313235290070337,0.17773799907535784,0
-0.730917268408722,0.09236955255910727,0.12591620804019385,0
-0.8038109304876063,0.14244776469121084,0.026911066414763887,0
-0.9873709457219427,0.02907502941040448,-0.11155787291109182,0
-0.7453474932373834,0.06663366280722481,-0.13937808601736149,0
-0.7732131190529606,-0.029060346218113087,-0.056511802888244436,0
-0.7812885271723388,-0.013275920773933561,0.012767565631051862,0
-0.6740567717575463,-0.012172980772565015,-0.023565885064535233,0
-0.7600156437870045,-0.0393444052951855,-0.012175450802375264,0
-0.9553554471717038,-0.07240133371786306,0.02455087395806536,0
-0.9368350087765929,-0.013204658692066976,0.058050680983353045,0
-1.0643629523436053,0.08309115137179084,-0.08397638011030495,0
-0.9474210738060187,-0.10629447506565051,0.05507510275036223,0
-0.9689371892603345,-0.06120680259373571,-0.06438077312110414,0
-0.9671863826930006,0.27347893246892047,0.07899106174940793,0
-0.8870618886049072,-0.023791278778253967,-0.08984367421622892,0
-0.8359176783841502,0.1968562877118779,0.11416420796384533,0
-0.9409328664062324,0.07885230650618938,0.008638241999371457,0
-0.8840610822950157,0.0844844985037887,-0.021846005517129587,0
-0.8571848272791033,0.013419522890839164,-0.002066654242363664,0
-0.8458061684167554,-0.2822453306463985,-0.15372737821504284,0
-0.7216003829599815,-0.017125452689061543,-0.04024343045442954,0
-0.8011776337452152,0.01368072956863716,0.015052204061932434,0
-0.7285413680829445,-0.05327343224950624,-0.03587130083623712,0
-0.9400703439398985,-0.09814333170276365,0.010543871058850884,0
-0.7460769975027288,-0.006393878166765759,0.14105631003227345,0
-0.7441819552864962,-0.08269810826148516,-0.026038077807180277,0
-0.8198066280274445,-0.09339262501836765,-0.06250453403130295,0
-0.7347033521286749,0.001254112057152947,0.008663913329681607,0
-0.8524818172773737,-0.11993333236753341,0.02217773283544068,0
-0.6306956091800408,-0.006428014468168816,0.07147125230190142,0
-0.46643579774647537,-0.09244994035343554,0.17095169124455195,0
-0.7017280052917784,0.13372808501439476,-0.07818967418248925,0
-0.6301000328072324,0.17514983277720692,0.03638997686748977,0
-0.6731313803073308,-0.11743589462433146,0.04654578451709873,0
-0.690983931894958,-0.06053955681817818,-0.04850277242543233,0
-0.6504341934128482,-0.056412797765172384,0.059206087172207746,0
-0.4848367951994274,-0.17228285331931975,-0.04557280716095666,0
-0.5694638965752167,0.017958251959456398,0.11018010566884986,0
-0.6345537615490874,-0.21000498520195948,-0.04191104551170476,0
-0.43468805621461043,0.06436740546450397,0.08537782485676076,0
-0.5889847933266559,0.10253518463065199,0.09876116668804596,0
-0.6981732846386457,-0.08072770996376073,-0.013241333066871839,0
-0.2702498818197695,0.05747046862680869,-0.028010450592717468,0
-0.5986473342333083,-0.06364997304021455,0.1564747100761347,0
-0.4345917613718147,-0.09619059738518256,-0.018855155183965636,0
-0.4268583314300431,0.051804398313307555,-0.02821697029294707,0
-0.5348039026252097,0.051191811852286564,0.05637308769567845,0
-0.27355761284238633,0.04942075987859465,-0.02233857012561539,0
-0.41218320138376524,0.0014347780930283444,0.1407519350854882,0
-0.29318344674544616,0.12473776785712541,-0.022427065503675837,0
-0.2673771519615775,-0.0755173721025082,-0.11834127380965243,0
-0.12144990003501493,0.09047199921116571,-0.2649982024414694,0
-0.3297535982992314,0.02825698686313906,-0.016613918661230253,0
-0.43476064477208953,-0.041946510955866406,-0.05992210492953359,0
-0.5056635073403607,-0.024473856665318372,0.1057710381240264,0
-0.10292293032876329,-0.03626837252903924,0.09018828023866488,0
-0.12386587637426777,-0.15875078468226655,-0.05184713753000691,0
-0.17742672823037436,-0.10279789087207702,-0.12143792887457328,0
-0.21030384555162018,0.0904291113589757,-0.10372785335579382,0
-0.004816952116400569,-0.07327534208754868,-0.09314117437562247,0
0.006988594881255639,-0.10879231137877864,0.14820695207856732,0
-0.20038406822844915,-0.11676741150287953,-0.07539513358981963,0
-0.35908038074479537,0.11005809466299672,0.08497117467694948,0
-0.23529863276658014,0.00763400281031356,0.1790206691927782,0
-0.2337252764825392,-0.023990810920180617,-0.1598713066755246,0
-0.2536792293792941,0.12687023769621836,0.03653028626422207,0
-0.25667500544418176,-0.0430355438948898,0.1496626338602462,0
-0.25629113219205085,0.031042046030068757,-0.17077125617701605,0
-0.2473033999019295,-0.11966021102965517,0.18461579130268777,0
-0.14766285641998683,0.0030003260660233736,0.13365931223757724,0
-0.1462433330997291,-0.11031401879019334,-0.10779672315752316,0
0.10531969258610435,-0.056778938007871,-0.027556439133709844,0
0.0007923740569801274,0.06094386226212467,-0.17981441714665913,0
-0.1492004438479785,0.03398270816834811,-0.1108169134608954,0
-0.17383853860292386,-0.22865474874444924,-0.046499667357334226,0
-0.3926838347526047,0.14736301676869712,0.07625711958761311,0
-0.11243770225351615,0.07116786044907879,-0.15546394113054318,0
0.002492471388395437,-0.014523656332930936,0.16037080728305117,0
0.07164515356240042,-0.026835252931182996,-0.0811330452803633,0
-0.110154308690682,0.055931417143503026,-0.08643992481948333,0
-0.2520634529147383,-0.05237485074962172,0.016195439337162408,0
-0.1217925825981914,0.10536082584184372,0.09914382961603058,0
-0.11222521958334962,0.1826477709708343,0.16146020256431237,0
-0.21013650003131323,-0.13599592487685805,0.045311994490309974,0
0.10355867761746032,-0.1571958572934189,-0.024146786646109124,0
-0.1894296000511846,0.1294496274418082,0.044001198090436,0
-0.31252242615718623,0.03861886656339921,0.07163935099296785,0
-0.014899901224465911,-0.06423075915703155,-0.2565147448422194,0
-0.18594013576444102,0.1174402367166878,0.033781784195850144,0
0.029677737484107805,0.20925575473902833,-0.11808231257235458,0
0.1976255722573011,-0.07064481539375557,-0.009772969540517693,0
-0.05850897360894174,-0.07179742589460729,-0.08520787101551137,0
-0.18988857283767874,0.2613674627221674,-0.061462637711807766,0
0.04279196820560327,-0.25225038840399866,0.1882191207129654,0
0.05896305188886735,-0.09705401331074867,0.06595930703307738,0
-0.1128300323755443,0.09943914181962384,0.06398216504639985,0
-0.17132295578082168,-0.06400921489292105,-0.1631495725169524,0
-0.1336659504583087,0.055981159450686595,0.08444922447166672,0
-0.23896106905286435,-0.016080754965824402,0.08510909472671191,0
-0.16092990338340865,-0.08931908667425104,0.042927444213520426,0
-0.19769284080451746,-0.2380229240382196,-0.2352149381843409,0
3.6611459259467907,-0.0992223244594781,-0.0019689846426948136,1
-0.2659829678615815,-0.008048929393895402,0.020770300247917393,0
-0.14877642797343152,0.07554383756071423,0.027637796702506323,0
-0.33412057451339316,0.009466220551734204,0.0021805950376640893,0
-0.27530583360717203,-0.03477018495131758,0.1334794275430576,0
-0.3434372862436384,-0.14563735016307988,0.06743178964152789,0
-0.43943292844119436,-0.13050812317138422,-0.09189688241541241,0
-0.38492982458878483,0.09836124627456702,-0.0015146423373774117,0
-0.4056130628364095,-0.1719195055907315,-0.005691164709472562,0
-0.422972775100208,-0.048674996753444694,0.008453338716283355,0
-0.28963036186940083,0.052996185194532267,-0.021722073421424255,0
-0.4145336159507611,-0.2164281616413884,-0.16595254676670262,0
-0.5623401462379211,-0.06952575405007058,-0.08643610132786174,0
-0.27526436280959765,-0.08900390743340586,0.1146623719296268,0
-0.5888063917946167,0.09748560970656589,-0.012954804526570477,0
-0.45453074253229087,-0.40800942097644316,-0.08661012650099584,0
-0.6322131403937247,-0.03961750309098397,0.0045853157935293746,0
-0.4366009196273576,-0.07677817835373253,0.06137129594439557,0
-0.3660677411146665,-0.07507133954349957,0.06283979600322716,0
-0.530676316950191,0.04084452038141485,-0.051170152874009445,0
-0.45263838273752155,-0.11197591695389103,-0.18045548426973634,0
-0.46823141043992444,0.1520797474325849,-0.15034998374891212,0
-0.6171999015511133,0.0303341430707455,0.06516228300737653,0
-0.7395974507434518,0.05904137134613146,-0.19860017373409633,0
-0.8232560781752309,0.08030143446492648,-0.09181207797626124,0
-0.4346688542747435,-0.17617355385034295,-0.1321958098851576,0
-0.6280052615553926,-0.10264833713321689,-0.062313899541594046,0
-0.5498955008455791,-0.04387824015234834,-0.04082016501235561,0
-0.6198005025816569,0.04977147580940961,0.09436529239432435,0
-0.3885912253165861,0.11434543897998005,0.13319351886943037,0
-0.260300791488094,-0.19833332090406808,-0.12566617887834416,0
-0.24155717438488017,-0.02634790248790645,-0.08904257418344001,0
-0.3483380147957432,-0.03395676031261683,0.06638901692269601,0
-0.2298851084988113,-0.08753921563288616,-0.024058535093802375,0
-0.23198366488809744,0.11712116371501491,-0.11632668753670208,0
-0.3078518534792411,-0.03175160949778324,-0.02934884106533386,0
-0.3299724598958794,-0.012811893232488786,-0.04228896846522403,0
-0.182317564938978,0.09992998130978173,-0.18725085985866463,0
-0.09874686838361393,-0.12838046841915027,-0.03134643774691902,0
-0.11881464245036678,-0.11930850393170088,-0.06790250388457489,0
-0.11539008008273566,-0.1186818068368531,0.016538605200747385,0
-0.25257835938204776,0.10506919053405082,0.16730563787842587,0
-0.20494416482925223,0.003952797485168907,0.09781084436965529,0
-0.11651657255978436,0.07371986018917502,-0.015330769137514964,0
-0.06138029733514104,0.055207927596006484,-0.20450777535420098,0
0.008747484271723754,0.14059464640813912,0.051057477257690755,0
-0.2837129551316627,0.15711563246417717,0.09486995290141073,0
-0.11601882457004423,-0.08133828338467755,0.055576911585342906,0
-0.11602642098721673,-0.04931500531426549,-0.14184959914058956,0
-0.19787120926995602,-0.08808806302882578,-0.1000822596184453,0
-0.10288877927276494,-0.16251012071391316,-0.10461818913019441,0
-0.3386183105314638,0.07146462976593222,0.11924255126588652,0
-0.054933798779555544,-0.039385838927466534,-0.04373005889105559,0
0.07850083478460321,0.041064561288415555,0.07671329517359242,0
0.15858512662416652,0.07745346137265674,0.012059952639538088,0
-0.005790987601511435,0.023732095017985372,-0.02102080084464346,0
0.14849311958117034,-0.27276409815443653,-0.032621859069553866,0
-0.0052017070073723595,-0.06052340994845032,-0.06892559404368756,0
0.0079042838400383,-0.08577697332704759,0.06677785640329763,0
0.012232666711595883,-0.009425352749131368,-0.02859968487542899,0
-0.014971414844981547,0.08949220575952216,-0.14105509939953062,0
0.056087634989125446,-0.08258558546252617,-0.038383307805567854,0
-0.07153854311863661,-0.24307514470117222,0.019500193590926588,0
-0.0012752068951484563,-0.018500544319442352,0.04104012093359903,0
-0.14261192146247728,-0.07508888785638623,0.03373556570788033,0
-0.1288094379479023,0.028353378574323986,-0.019739258123104505,0
-0.1328811591455021,-0.12388398821616285,0.004687668440153687,0
-0.09470569518930166,-0.008267158099170014,0.017520287928154573,0
-0.011017371556933928,-4.064663370409556,-0.10350784395142831,1
0.07225075142073645,0.14296090574172313,-0.011090707303832967,0
-0.2635023364227523,-0.01458671759404579,0.15212541818970082,0
-0.10253146174163136,0.004888482933782469,0.01810770913218371,0
0.05522162196938982,0.03819657679912175,-0.1693980642889022,0
0.0415043801985777,0.0064534721424888255,0.01904949314072728,0
-0.006222154445920877,-0.07679394470296108,-0.1065081292825749,0
-0.17903776737991617,-0.01640378214762916,0.016227456934219214,0
0.16328716935520693,0.03671295373929061,-0.15947080258463497,0
-0.15015250575868191,0.006868160289213359,0.04450893628197408,0
-0.2552501464024655,0.04341019593173871,-0.049086610360543854,0
-0.0010322579234054996,0.021417848588042358,-0.09590786450191091,0
-0.3138130483611113,0.08756274392865272,0.1020046496813118,0
-0.10114117571305115,-0.012684229423208432,0.011756317242205145,0
-0.43665085332271575,0.007175594805201225,-0.0012437606332399809,0
-0.2686355810879149,-0.13744105309226784,0.09218660238904652,0
-0.019157157167036032,-0.07423751229048403,-0.0546690624163987,0
-0.4440794873700412,-0.15876592072268159,-0.011675119725032289,0
-0.42328527525380877,0.025683818835439094,0.028599704501179303,0
-0.356467545137646,-0.041657136636420074,0.20134959410498468,0
-0.4977312763948692,-0.059320458334647344,-0.04973095151991098,0
-0.287219761107923,0.00424229670918042,0.10108898501971582,0
-0.2338277352896282,-0.045248491444832256,0.0013094318724719731,0
-0.25458912253571175,-0.09317626037170831,0.014587620190185339,0
-0.3263867705396505,0.015430088314179852,-0.0033240793213062114,0
-0.25787560545123245,-0.1057073633679025,0.0231743420401103,0
-0.36235432103622756,0.050875275311827006,-0.0581107896640558,0
-0.2880371566395533,-0.09163581534922562,0.10185562466384157,0
-0.4302072487137057,-0.11615676719233306,0.06351763003931818,0
-0.3163783544756533,0.012831519251230696,0.07533106454074423,0
-0.41659566668743003,0.009703492140302458,-0.16622603829203425,0
-0.430267310134853,0.03212618048028872,-8.127346725546138e-05,0
-0.2387364402143876,0.023084820640449595,-0.10164273432102577,0
-0.3275169644488428,0.1727494727462523,-0.010929305595568407,0
-0.2231361721695392,0.03224730510480394,0.1091526976045405,0
-0.13942569542094613,-0.0636838913950704,0.025193270562674515,0
-0.15621407266980364,-0.06806850869415677,0.05533912052454207,0
-0.17745178896648617,0.016040408505937423,0.065957215253191,0
-0.036895751835124946,-0.09261468223501888,0.06532574314597693,0
-0.1975774220676884,0.035204006331095467,0.07058926880323647,0
-0.13168406018731676,0.007602982347387444,0.025465606522327974,0
-0.2776196247754363,-0.12364889635040277,-0.12761248257319077,0
-0.43566459234128563,0.011367714969089887,0.02476452377807386,0
-0.29484660995745426,-0.13936817297188006,0.03455811705031425,0
-0.30836585610796685,0.1624910652892281,-0.11703087725590154,0
-0.37821606271940655,-0.08224147465161227,-0.07843525860345038,0
-0.41613507882217937,-0.20156174492365986,-0.03148119721365549,0
-0.5790035457459355,0.10224667611041312,0.08421032179489812,0
-0.23775122696354944,-0.023234677073709003,-0.0066033040637383,0
-0.3682154195067385,-0.0035267116720523748,-0.019823107177943406,0
-0.5087136108399457,0.07858546291323948,0.0390179425522085,0
-0.43008004108692893,-0.19519133923059287,-0.13489017294480904,0
-0.22492472826268795,-0.09369578437606715,-4.000344977398256,1
-0.3519168489117388,0.0735994935733431,0.008417747434151827,0
-0.1837224675881776,-0.004475672621556528,0.001418278128112335,0
-0.37611734988197437,-0.006295992168406591,-0.0972420548557204,0
-0.2834348751937843,0.05903343814450234,0.10252009540392096,0
-0.20701880313959342,-0.02148769059885734,-0.1791125668347065,0
-0.1457422185820048,0.09785594507117557,0.1037686243372874,0
-0.20666490443360064,-0.04788280657722247,0.12699748838211927,0
-0.305169541799134,0.10956241511811815,-0.12034007398593667,0
0.026854441986414235,-0.10773900148952874,0.025892747414864754,0
3.639396512587838,0.01893498465611238,-0.18138975506387278,1
-0.28547288655863134,0.12255334912877838,-0.028854069414676366,0
-0.2588281664214221,-0.14723028618305328,-0.06664175485294772,0
-0.23658632890687895,0.032000565479397294,-0.1066205684550823,0
-0.23158758866452345,0.19296410994243543,0.009892266624448424,0
-0.2635674346341674,0.2246402328591818,0.08759965983921725,0
-0.6620122078241382,-0.1529461229150857,0.02661415297252824,0
-0.4443681439025229,-0.057291475587828794,-0.1798522957255336,0
-0.5277005341627553,0.07676415600422587,-0.13638173585710803,0
-0.41402298384856245,0.10127451646321002,-0.05034325274409477,0
-0.39037601312604514,-0.0014720486688803765,0.039751213426521236,0
-0.36864302552153105,0.057629629155041766,-0.21945548568619422,0
-0.4889367964960629,0.21339204840043685,-0.008855639089432306,0
-0.18087265817907394,0.01231500962298631,-0.08752303255183834,0
-0.36170532415467793,-0.11662501634435514,-0.039279219058802765,0
-0.31933143259051483,0.09928883278598744,-0.030796299929110156,0
-0.2700158617825611,0.02335980353193065,0.16752794353255393,0
-0.2146870628447563,0.06690266796590318,0.14123848343262563,0
-0.4828302987195016,-0.10197452258971701,-0.003911774307053746,0
-0.30431558327337277,0.008351983834550412,-0.06113209407420418,0
-0.40486491276203773,0.1127180327093103,-0.19734887879924073,0
-0.26483030992117396,0.06836101422514913,0.09504985211073644,0
-0.36115713084391565,0.11078442877299499,-0.04995268805292759,0
-0.3337148009313107,0.10490065000045812,-0.05629030299929288,0
-0.39852389327145643,0.05127822929069564,0.1587575389481359,0
-0.5079175970192479,0.10621949838286766,0.19831043769332185,0
-0.4342106107431756,0.05215583556888555,-0.015294238171970521,0
-0.37315733456186395,-0.18853960414285692,0.14734424312851407,0
-0.30273187209755464,-0.05740582074871523,0.022401495994979596,0
-0.34662542030856036,-0.0863675977913036,-0.048963751140359196,0
-0.21320526381284255,0.05594096365757966,-0.12269495325138656,0
-0.17924382620749044,-0.07081279945009317,-0.013399129944812856,0
-0.13479484756558952,0.12600750087107102,-0.086184415425886,0
-0.3847202482976537,0.01983221196855826,-0.02101918013960921,0
-0.17348324921715078,-0.07239970200528172,0.0729600906951901,0
0.03276232382988317,0.0490779836223525,0.026060414649391007,0
-0.20313414145808473,0.07866192805424721,-0.08075047599165806,0
-0.10592780029003407,0.028813730756727496,-0.08400556283148404,0
-0.2541483649218626,-0.046928349953769724,0.19389956722631796,0
-0.3862776162512754,-0.002713727386945349,-0.12544078369123918,0
-0.2806435428454527,0.0642689343370865,0.008646452427858836,0
-0.3238780958314781,0.06924747523080954,0.002378552969840066,0
-0.3391106680591306,-0.022341973565014408,-0.042066272741395405,0
-0.3760263246166005,0.013326491538740671,-0.2310424126087668,0
-0.4581487208224821,-0.11172193824145421,0.03428987268704258,0
-0.21348428291169005,-0.1563072113456825,-0.011825665304563563,0
-0.4257416921670427,0.023673041836600295,-0.0814493344237934,0
-0.48321921077814717,-0.08974813582765911,-0.10397509022875813,0
-0.2519883930192358,-0.09675439029905367,-0.07737398881887568,0
-0.4550038331483795,0.047533088012348165,0.08557481772603825,0
-0.4860463245768397,-0.03152906140112359,-0.010171490445158318,0
-0.24725164112941897,-0.08734362922514427,-0.03614008134654764,0
-0.5755126127811775,-0.11717571569723227,-0.1011375219964532,0
-0.4666718586985963,0.14285352646339652,0.09838003431067649,0
-0.3717041536114444,0.017169422973391187,-0.029490088629369235,0
-0.380788651557515,0.13533163135073564,-0.0876887036726418,0
-0.27661443660108004,0.14686700164799388,0.013774167333867701,0
-0.40708802807683014,0.07039025712337771,0.19598503295187172,0
-0.38516430248428163,-0.05284606656745877,0.04968554202293026,0
-0.45906046015532304,-0.14135307365012614,0.045807034570151325,0
-0.2948284967721224,0.1976369926019786,0.13290563893863946,0
-0.5623382117160975,0.135819711257203,-0.058340105361609856,0
-0.2647259502616812,0.12774712311396097,0.10713240143924317,0
-0.42981025869705924,-0.19544558733460235,-0.21349156946959955,0
-0.4342833444394243,-0.08487438779142148,0.01574779195479312,0
-0.308733262721079,-0.07859071233211183,0.05750703247245253,0
-0.32873710035002557,-0.03685247018885926,-0.12220478745054436,0
-0.30274856660644894,0.04134158802672317,-0.09284155896176029,0
-0.3705656374780985,-0.013218193660536198,0.23248034733441553,0
-0.20105841860654936,0.14031063917269956,0.12274013674225875,0
-0.23979274144888263,-0.08468374267316439,0.1556186296030768,0
-0.3139311594368084,0.01106002288469123,0.11048371957456547,0
-0.2910581780439273,0.03572545624734525,-0.04526762706855842,0
-0.27196156675265315,-0.08708363768845223,-0.07499017865458242,0
-0.14813581335461445,0.02587613897730172,-0.019638386919144185,0
-0.143956634369369,-0.13280099944212898,0.034946411297980935,0
-0.19629961911619065,-0.07548826866386646,0.033533276262836295,0
-0.403716106450821,0.051612019443080574,0.07408408036016417,0
-0.10819089541950853,-0.1890723780243081,0.040272220353245014,0
-0.1301280507929631,-0.13056653663730325,-0.0007046590676111125,0
-0.2687407850883815,-0.023078519547871892,-0.1126944694466914,0
-0.30085062828522063,0.06016002606059029,-0.06966547881699174,0
-0.33030026503792215,0.05076964883062726,0.020448058483895755,0
-0.27591377026111347,0.046559411092481115,0.15537646623287843,0
-0.13545626145812825,-0.09704797597070332,0.006917776542065439,0
-0.3560481726627441,-0.044736735130283506,-0.022256335334969193,0
-0.10731451811448509,0.028354989530209998,-0.024730651359130565,0
-0.31644804862286163,0.17007950218543064,0.010210543590918988,0
0.12028306978459102,-0.24292820371888235,-0.06401519437862953,0
-0.2385161498743119,0.03623960085001592,-0.048253633398734876,0
-0.19868311719574253,-0.0860876797676221,0.02348501042373817,0
-0.2521478948654352,0.10971696146421098,0.034746575130223785,0
-0.32903850930308054,0.1448437773566066,-0.002165728017864645,0
-0.06543230422661064,0.01814301211641154,-0.10240090801817808,0
-0.2818164090749066,0.06583145584545494,-0.05648372228156932,0
-0.05649178225418125,0.04412119396424271,-0.05256866033694124,0
-0.2214525586069295,0.0869518631095872,0.03214169321883661,0
-0.21854902809069907,-0.12494046190752135,-0.07254163798682077,0
-4.270639113845559,0.0022459148296215103,-0.06337048464494476,1
-0.16760994366687262,0.044205559001593064,0.0004614705483744462,0
-0.031519392359931814,-0.06222367967571244,0.2797762656067241,0
-0.14960690304852026,-0.11233923226158858,-0.036276670759711305,0
-0.23982421547928132,-0.055638738898968546,-0.17317427063836452,0
-0.4373359935975543,0.013918669346405366,-0.06696678545941362,0
-0.03637998540505022,-0.0005266493292247275,0.11999492093991411,0
0.03496442960040329,0.0524386701143323,-0.30419002234813397,0
0.048289838529132656,-0.0013808817549902938,0.15471083371216618,0
0.04898052823344087,0.00038252815330836924,-0.12073231208096254,0
0.013219713311853856,0.05605449305850916,-0.00886098066655527,0
-0.05226969361286282,-0.10947028797218752,0.007181920800364865,0
-0.19420297661944938,0.020830148205323702,-0.3050598978397052,0
-0.26443481069237185,0.026613129683780153,0.10959051775183755,0
-0.3033321950083498,0.09110329125972821,0.010966872306077013,0
-0.4469290648688067,-0.1087618027288545,-0.012758016517498215,0
-0.2212043881983859,0.041458135736930773,-0.08476798507103843,0
-0.3503097719956869,-0.03413896800470425,-0.01979480304083808,0
-0.2901667655002589,-0.15918611814978267,0.005950480761006168,0
-0.19418328662890033,-0.13151964144455505,0.11326360872491628,0
-0.2458551681609152,0.052890023194420335,0.011331943001170852,0
-0.29608273050251066,-0.0338188520023108,0.0922977529661389,0
-0.3682051903182671,0.12156990122390272,-0.05530654860579422,0
-0.2895340978292305,0.039615845106892866,0.017709629130031265,0
-0.3462247313648806,0.0599301946444222,0.014583329628777751,0
-0.42073612480498807,-0.03093823794137346,-0.026614343602485765,0
-0.22874740537378582,0.00789269058789159,0.026024088829296205,0
-0.3604984557644801,0.05149443662595349,0.032280723269854546,0
-0.30299279602499757,0.14035255862649684,-0.11949316471491836,0
-0.29745348935265026,0.11906623588539192,0.0646292688114326,0
-0.5090317316855535,0.0828580871111715,0.07061806098158835,0
-0.39621035137163796,0.07548195074852641,-0.011499553579278506,0
-0.43264802378793954,-0.19019245212249228,-0.00397092807308999,0
-0.38423495175254563,-0.04184333317554201,-0.06621295690458434,0
-0.48198844506410354,-0.0916037309532976,0.08867495971624421,0
-0.5037861550004266,-0.01548265658568873,0.12441114330454697,0
-0.2391630706857985,-0.1054456530921909,-0.025126864034166294,0
-0.48599468410624647,-0.01382928104447414,-0.05610453381945649,0
-0.4137114843390595,-0.015472676707369874,-0.02986776071653789,0
-0.45798734509749156,0.21427049923952424,0.06896800912894795,0
-0.40672804262522877,-0.00919193977761138,0.009282834567202164,0
-0.3782324497544577,-0.020963049003158027,-0.04399184596599734,0
-0.19193204254706456,-0.07511992606575753,-0.015392636989275647,0
-0.4781581356861696,0.19766965785052232,-0.10643958729210286,0
-0.4216384366641315,-0.14206278280112702,-0.053607604905109164,0
-0.3389495294552616,0.07930417287334285,0.04271351224309189,0
-0.19752188660537712,0.0505167457591874,-0.07227100128386667,0
-0.06261459860819288,-0.005341937436964917,-0.21120044516887646,0
-0.22595715608803957,0.0008708228789008432,0.06082406467599286,0
-0.29271204764830583,0.09624637114099716,0.1380955014228515,0
-0.2864134527691466,-0.07157703107683049,0.039079970692285526,0
-0.17480009452447015,-0.15399968464497388,0.024980190795474505,0
-0.4391587614666228,-0.03133265852072876,-0.08566173356872864,0
-0.15244531573085304,-0.012396419635985458,-0.12305032226557422,0
-0.3186918055924659,-0.007045447401518729,-0.02172985222114673,0
-0.3476349265082989,0.04106542900336985,0.011452349762391968,0
-0.1042824523455692,0.01725133126974027,0.11388678720046236,0
-0.08830801292985786,-0.03971443819842092,0.02607177376776634,0
-0.2766623889214441,0.008511939090063673,0.02668037578533037,0
-0.09958061152565009,0.04411681032170105,-0.105947076739338,0
-0.1918312962599472,0.0061266184176023055,0.0012714741553480928,0
-0.3636579150822303,-0.018818888687505416,-0.06585971465827066,0
-0.4368307202705266,0.015946426069972458,0.18982417832458617,0
-0.29122394988024763,0.049961929110655307,-0.10602142600074056,0
-0.3206263766737009,-0.06078983519571323,0.009323983057295822,0
-0.06219736670800849,-0.17821375556081603,-0.10775019990599843,0
-0.19019104268985612,-0.04690380370513592,0.10068332313552378,0
-0.11864424089688132,-0.07290618619102472,0.055610621366133574,0
-0.36506297943572685,-0.1919994800623322,0.15361829191032594,0
-0.1144926419822779,0.040402335286043485,-0.14735677251510468,0
-0.09975633157192522,-0.17523474486045995,0.05177069129490705,0
-0.23913692787959423,0.017847747480066605,-0.13003181387948887,0
-0.3281907579599479,0.21106919753182007,-0.03411315617735489,0
-0.3572592519853894,0.05192016662550108,0.004919145988601165,0
-0.201782430220827,-0.04978763302334391,0.06786850794042172,0
-0.39574353841249976,0.07157903056203212,-0.03037632378619102,0
-0.2202636126454362,0.14106420204144393,-0.11208672053827658,0
-0.18364959882405119,-0.014828100001404974,-0.06453354203188756,0
-0.46266296264473533,0.02288098182792838,-0.059656413123462426,0
0.021063263496691242,-0.1673960140482084,-0.03087647799489785,0
-0.25117408164917304,-0.022421390887666356,-0.09838871728096503,0
-0.4348587205376584,-0.05217240112699158,-0.09514700470152798,0
-0.16659417203723934,0.09085222959273337,-0.07259320562905458,0
0.07776179370772934,0.17801561681404163,-0.16860570070375341,0
-0.17335221889656768,0.1055212063743266,-0.00789915017777937,0
-0.5157789774574305,0.025761547426634165,-0.14838374446962646,0
-0.3085388713908694,0.07209032535141872,-0.010074480525418691,0
-0.48389465512917906,-0.07269952629322611,-0.05320404671005921,0
-0.25055424665894716,-0.060411395343904384,-0.04366336703510126,0
-0.3310515725259483,0.026847903041797367,0.2466160631684741,0
-0.33640394304828547,0.04596631761820242,-0.058227179759612405,0
-0.5724052936887574,0.03756739410773082,0.11035242180109968,0
-0.39368303546562955,-0.07666607414231544,-0.10385859780918445,0
-0.5503593169214034,0.09996084050400436,0.04345916577772186,0
-0.25485827605237354,0.07292215001457729,0.06574814756528155,0
-0.2772386393420274,-0.2138072996097464,0.22003368562727568,0
-0.3403272495161281,0.08704196946896295,-0.03253293973616552,0
-0.2482324970576827,0.1817062251784755,0.04463454881874049,0
-0.3217546819428845,0.12499758787914983,0.1690118756470777,0
-0.08693170812167066,-0.05696073095781067,0.17406227012232395,0
-0.131063926103208,0.07117966246733717,0.18689418818314613,0
-0.23592528953058994,0.10096977889087999,0.02196087755898138,0
-0.32862683151648553,-4.0005735456227765,-0.04610056791685355,1
-0.26550576728274544,-0.06851262543972415,-0.18532384048296477,0
-0.40101521436484533,-0.07209694032324417,0.07077239387476751,0
-0.47428348823048105,0.05096131915491908,-0.07346916989773263,0
-0.26119472844629854,0.017103357370204842,-0.1594792289275849,0
-0.5415925204255965,0.13598229192612551,-0.006242615723555685,0
-0.4724891564217834,-0.02741725279728212,-0.015946519532378783,0
-0.4548188985837885,0.07594101131477185,0.044713341186176175,0
-0.507718079296556,-0.005689342732055694,0.036103236368985006,0
-0.4146644738388212,-0.060472612273166804,-0.10865375437230983,0
-0.4296149899774983,0.040631999776972294,0.07301666954675463,0
-0.4474507145786749,-0.10554371600361344,-4.047938863088531,1
-0.24656631674623944,0.05589735297373179,0.046642383509157,0
-0.48528334941100754,-0.008350427742348822,0.011852879282982516,0
-0.3078803065344499,-0.10495174955824071,-0.140880985626121,0
-0.26026783579649937,-0.06557899510511768,-0.0781627740547401,0
-0.2675545043195452,0.2541545123560492,-0.20584124023495126,0
-0.4714601628817775,0.09735762261103748,0.009180543852886563,0
-0.49270727247625373,-0.12156246300053607,0.08267130282854296,0
-0.48122059397535494,-0.02777709592156699,0.15000243867032467,0
-0.5881442996380739,-0.0006636991602169461,0.025543180711767834,0
-0.6353118218524447,0.07738738582187638,-0.04343453510614805,0
-0.4897672548418621,-0.08665780530428746,0.033256358128757275,0
-0.17960617884136743,0.0478843974525777,-0.12520930383566434,0
-0.2383403744484231,0.058032393126745546,0.10367756423489283,0
-0.35737829576751384,-0.08707179347115583,-0.009653335982896265,0
-0.2913994017508631,0.13718994370182055,-0.06456400797564503,0
-0.30857520904497115,0.09829971750546745,-0.010479123977873608,0
-0.2850344996254763,0.046132599946017774,-0.05699717634760562,0
-0.3295998356803394,0.06034704775062347,0.14994325863763758,0
-0.18081320920047672,0.09543684439153072,0.026111184075736833,0
-0.2988189904314765,0.19348260424355912,-0.0885161813126637,0
-0.10164631011490899,0.14266558240497199,-0.06791080125319943,0
-0.337761728907157,-0.09377948216929011,-0.12917875398857268,0
-0.3551341715486211,-0.005580216893798776,0.058697140947234196,0
-0.257329385887057,0.0850533607632084,-0.09452106194892107,0
-0.40704100186640546,-0.0957292977138136,0.12243086839470566,0
-0.32537719230143947,0.13603100453954495,-0.004287402701215426,0
-0.316441199587887,-0.21990826585869938,-0.19217941273594372,0
-0.4010158801360576,-0.017299655832897647,0.03382008353434923,0
-0.47297053331307,-0.01659508105173779,0.10972198267753115,0
-0.16418319330624193,0.02028085985668878,-0.11217356741241485,0
-0.2997021943989314,-0.004237608546620824,-0.08565226291994855,0
-0.1218799826169401,-0.15864136931575598,0.11715270212697722,0
-0.1885144849935041,-0.08954648279605412,-0.13009645187074095,0
-0.0882197087810899,-0.022001880561420592,-0.19416674129548622,0
0.008292041396931377,0.0939107994298041,-0.06328877721841546,0
3.8419750097244236,-0.0007388486665347816,0.10228420779592434,1
-0.07296334496412986,0.0945065247797553,0.011548017831780298,0
-0.06217182265973628,0.03687154919306342,-0.010871445812525617,0
0.18575844400170716,0.040958626200913215,0.03248117224176833,0
0.044172899798070125,0.13677920512846184,-0.05992398582800573,0
0.11538738513473774,-0.33104410347297214,0.17367609599777634,0
0.12461311315445195,0.09311408219063255,-0.03925109408705266,0
0.161877320222568,0.03209303097240376,0.058500608082856835,0
0.02839936886681252,0.10895400460690433,-0.010996666395934074,0
0.19883933860391553,0.09390215092234463,0.00796849196938703,0
0.3833194907330905,0.06592254361847479,-0.10466171051943302,0
0.20739549990535225,0.09438874080976767,-0.018113492155639364,0
0.2626432310606438,0.020443940275949615,-0.24934053046367138,0
0.23772052036799773,0.166633463838863,0.11646954544139305,0
0.30954106340443954,0.26978202140357954,0.18133887656957623,0
0.47259842084941306,-0.16462115426895807,0.06052813442332087,0
0.39907651956945045,-0.0027491593041424193,0.19845249736071782,0
0.45479636236923615,-0.04129698861123482,0.024709728515915297,0
0.4046636871114897,-0.03672088173079218,0.016971189293946972,0
0.3408382954038725,-0.13240470360532694,0.17308271945606143,0
0.4480702047114428,0.0029271587408370627,-0.043125940712269537,0
0.39147694308988606,0.1963972287643605,0.031175940430287853,0
0.3283766384868644,-0.0918908673910422,0.1128619870567635,0
0.27803500059090414,-0.024428795572203343,0.10796423606747535,0
0.4712450487605119,0.04591533671186497,-0.03362687237274891,0
0.3935568562365138,0.06093737451460995,0.0030308493410976917,0
0.474718952161661,-0.02494741434648077,0.02752996816519386,0
0.5595336816820017,0.18912492738071982,-0.0031540036693299927,0
0.42904673027224394,-0.1592617448480667,0.10987604673218583,0
0.5136739480250819,0.012867307712633015,0.022935760848361696,0
0.636441817308544,0.13462792010282654,-0.015417976069314561,0
0.744964423607848,0.04731342588690787,0.22557664607926498,0
0.5360372418801929,-0.0286538365299292,-0.04855340747196119,0
0.4690169803392452,-0.005103112527732797,-0.0918986476203759,0
0.6636544061650569,-0.025001149627819276,0.03551784034121972,0
0.662288351986954,-0.033191115391316514,0.16369603226794158,0
0.41626412496781234,0.018259380754959663,-0.20170006151790265,0
0.7322309650355485,0.08655822501719897,0.16768859973002542,0
0.5343636553282811,-0.12792063755735916,-0.0344931321645475,0
0.42836339891426906,-0.020038546254035162,0.04161009955770539,0
0.5271272365922003,-0.03478274771141669,0.010962614121266201,0
0.37844988722794926,0.15040776368955436,0.0778559791472448,0
0.519566011550782,0.060332962846629506,-0.014283445428992262,0
0.5848054397579894,0.040943834838202374,0.14219030436868307,0
0.5408630622723015,0.020220719911017232,-0.057450231697966626,0
0.47304148457032247,0.024799490861955965,0.06421039013243761,0
0.6524999213564269,0.21449492069428025,-0.15857191696534934,0
0.5726433283958712,-0.01238607306912783,0.044291501137164145,0
0.5808700320209207,0.012546996792763674,-0.025469803561266255,0
0.6456578070225046,-0.008643722566180477,-0.06384410129882893,0
0.5728606183063799,-0.13726739570433993,-0.07123605380761071,0
0.5384607358738932,0.0027026798716211844,0.0654885099442816,0
0.31690546411280557,0.027713770003979062,0.05306539502066502,0
0.34892896570248655,-0.06317682898837429,0.021404024043439593,0
0.5589837150576186,-0.07896740691389897,0.20749009825864279,0
0.46896148657605985,-0.047318171767214603,-0.15560213590929411,0
0.39408587162992764,0.04111811786822684,0.05043264624752737,0
0.6585444063276198,-0.15422574669649275,0.030387258248699867,0
0.7325157179096292,0.03304515138426161,-0.1551028496013216,0
0.46162820160327156,-0.022545594946183037,0.09706087224028394,0
0.6486445024420127,0.11638103951493704,0.1263589772233644,0
0.5717757479902336,-0.06224338315479682,-0.11333385540308166,0
0.5078683581210123,0.10513079536539399,0.09621797107731633,0
0.4533179333807742,-0.05489794815027205,0.0065197947583867325,0
0.24691938154864926,0.14096751614915762,0.13048406375010194,0
0.4531664799832847,0.06141494891987658,-0.03487158143589114,0
0.6137415483427862,0.012115165392862488,0.1707110523233728,0
0.3660898909807232,-0.037300312451420285,0.061963953591852305,0
0.7799324204170397,0.013288521991432614,0.04814967589161525,0
0.5166480219604475,-0.05861320137843473,0.00879071692230919,0
0.5330371992113959,0.048295069016031235,-0.08780952317624253,0
0.4022860945666015,-0.012163203517207802,0.012832281051751488,0
0.3594168955081113,-0.08407492314072842,0.11567495695961445,0
0.3596995371426286,0.17393528118760382,0.004632537491368162,0
0.39752882978520293,0.02752339142190391,0.017500844233303375,0
0.23866117683645144,0.05964843985439719,0.02907803229234375,0
0.3884445384293311,-0.0434719299546414,0.04564591347389191,0
0.136783762710463,-0.051263576669658376,-0.03583572282092015,0
0.1572453657399396,0.0027506459684485617,-0.09550423042859454,0
0.4092940747520816,0.0868760087385794,-0.09009158434769889,0
0.3780376632324373,0.09661544918876742,0.034732111806796556,0
0.2597702543014754,-0.016454573151985483,-0.1429087508477468,0
0.24818076573298936,0.03345531326274552,-0.08076962912728086,0
0.4463657213618217,-0.0793397275158227,0.014403254864657256,0
0.2741212510609998,-0.14812216299792344,0.06291434764228493,0
0.4575240721594279,-0.045601089885313084,0.058800906351048454,0
0.43252303975840617,-0.042546640962607074,0.10523254958006385,0
0.3719661157754335,4.014178845036239,-0.22350252852550537,1
0.396838291664193,0.13467071365620356,0.0626235765307363,0
0.7128528005042707,0.2773475969877579,-0.04785194249668108,0
0.1640844081151384,0.17095066696171918,-0.09786059083563463,0
0.4700857389239509,-0.1707156661209897,0.004035507177916832,0
0.1763763286771881,0.17994683757623067,0.12703263004470444,0
0.13915964249346108,-0.033206375599557754,-0.13183928626644503,0
0.278698423430998,-0.08782200088139476,0.06996259298781728,0
0.33341009698292867,-0.05508615430772609,0.1340938079910783,0
0.2998381007326621,-0.06658750853725283,-0.016929634065283135,0
0.1925510897760844,0.01756304955198358,0.006174482299267853,0
0.37146235314031845,0.0453166058838433,0.049094939066305715,0
0.27916495712119616,0.046061984463005044,-0.03458803850745326,0
0.384429001288575,0.031259642399770755,0.10108107668547964,0
0.5266459392821421,-0.15371298791355645,0.07496954526053329,0
0.46113813756959127,-0.010722214728863493,-0.17692202919786648,0
0.5452673983993666,-0.06517388195966081,0.07476517197378506,0
0.421434632334494,0.05556178124624548,0.027074900202689246,0
0.4196612937076301,-0.14509243473690345,-0.1519436130679968,0
0.3309999359161619,-0.08522364823909302,0.11687734076602743,0
0.5061471325949692,-0.03716751950298001,-0.014388613149428436,0
0.39581878483321553,0.14816223093048303,0.32134292564462397,0
0.4492187795602289,-0.06750313237021704,-0.0815379494704106,0
0.3298947715064916,-0.13942270174010626,0.038347160088994636,0
0.30092016093902924,0.17124594895389647,-0.09412541001074663,0
0.6358758978435879,-0.04904434411645851,-0.28276317495206066,0
0.4605674836521091,0.015997899181323133,-0.06487211013902329,0
0.6171058058806209,0.00722371613969609,-0.15805779020329852,0
0.35923989303637116,-0.08309293025363491,-0.010421293486119388,0
0.3138670391277588,0.059187796702119155,-0.19376108405565196,0
0.42814416475794925,-0.012615051332589925,-0.07447002135802543,0
0.34365730731011246,0.045874030121797846,-0.017412859250883605,0
0.7000318852033586,0.0670138908758741,-0.05173055308082654,0
0.46980747635840536,-0.06545548522399235,0.13394109534778217,0
0.5422109465825999,0.00849257854998681,0.04431049809768087,0
0.40781662155433374,-0.031067624028614144,0.06504737790551841,0
0.31847661500871915,-0.03778075233504308,-0.052733902877129896,0
0.4396248229029899,0.14152980684045013,0.09035807702050463,0
0.2998786150618163,0.08310795153001009,-0.0204709556964571,0
0.27450087676756096,-0.047205738933464206,0.062247463703730056,0
0.26912827744591766,0.11711323271690405,0.008189369815429167,0
0.6670166185492226,-0.22468743340702255,0.011939119011553657,0
0.31628389218831576,-0.010473779871003347,0.06330171195643951,0
0.5299344108103462,0.13833971536636822,0.053691766474721785,0
0.3708029610243239,-0.09127636778814971,-0.04323593421110215,0
0.7153266641555125,-0.050413288829332874,-0.010137052703556602,0
0.7726251029101449,-0.04181593819612871,-0.10867819223144244,0
0.7299400943162149,-0.03667803705613582,-0.17951707166139966,0
0.441545029107821,0.10122719017487469,0.038254889382539195,0
0.7050032368953325,-0.05699268822758108,0.03003140935433675,0
0.47111975337376566,0.05011315422560334,0.0018152194574678653,0
0.6145365578591503,-0.08992566053585364,0.08087001136387739,0
0.7372060866732022,-0.18222540958731434,0.028604991266330065,0
0.6464947757872304,-0.005256769528811212,-0.02457916582576199,0
0.7458913370078228,-0.12432256870875391,0.12026245401691515,0
0.37934487545204987,-0.0008662043099068391,0.07337398324748844,0
0.48982300623509417,-0.0014306413322055297,0.21088031646500635,0
0.36526765757837565,0.09172679071386616,0.1317840924437474,0
0.2620787636510441,0.05954501033015358,0.07691521443407125,0
0.4044714691440286,0.022294468223620967,-0.10711129083521519,0
0.17073849830826465,-0.008083802060411972,0.06538211534692298,0
0.15889102809823188,-0.10430241917499249,0.25915182917302904,0
0.2569854091660173,0.04218518631669878,-0.01840962095739331,0
0.15194132709716296,-0.0022834411247049493,-0.014537873668762342,0
-0.03344102992630266,0.04644590482126607,0.09587124405439287,0
0.20763419364440278,0.020048346319582105,0.07890980189355584,0
0.07491798073770436,-0.05614739249923141,-0.2112215834663425,0
0.22043588172527473,0.11358060974849567,0.004378908745303645,0
0.1711066949413196,0.1705777352331969,0.10345200868548732,0
0.29987942731630185,0.10801005473759617,-0.07423645432672259,0
0.2415297878548547,0.031806650035561906,0.21055428084401973,0
0.0670856145073773,-0.009836578881363996,-0.11607100994964513,0
0.2619723994693025,0.0382703317081113,-0.006484028010008006,0
0.2093275519900627,-0.07197648116801521,-0.07436954834106695,0
0.21842135426634773,-0.12368137126916479,-0.11206275257587112,0
0.21069697239184287,0.07456288640933213,0.018888097272894745,0
0.1563161280797221,-0.03716563660189981,0.043410700017965625,0
0.18832315147394119,-0.10574368060053928,0.05942291791346978,0
0.22931861631292727,-0.2729385870553646,-0.10328307364236222,0
0.16804356290287534,2.5529841507519123e-06,-0.07915600757746502,0
0.32168281693110923,0.13148032664843437,0.24882343033951898,0
-0.22440076855512014,-0.005113563517308155,-0.011889907224931693,0
0.012102253202094085,0.030145731659097088,0.16205878558064749,0
-0.12950324767007582,0.12809815369071295,-0.10653994695111951,0
0.03247761420105771,0.014004036958159112,0.12077431141833653,0
0.0526184201949884,0.03921943731563234,-0.2430828565856286,0
-0.0997886514620521,-0.004485207393175507,-0.1409329603006246,0
-0.3128170383778983,0.02282597967810261,0.055509338215295204,0
-0.09298530565571894,0.09168218966979531,-0.0036969831990685633,0
-0.02142435625425671,-0.009037329833622569,-0.19295761979564838,0
-0.13920069681569194,-4.070425332870444,-0.09852457106089506,1
-0.27784982549425497,0.15791975053295998,3.9908541018240142,1
-0.19307515548853996,0.22224936621381733,-0.028003745989360215,0
-0.13344010807204645,0.05786992903849533,0.02988821235852674,0
-0.17893075975412515,0.049048603937650766,-0.03653605854040475,0
-0.05000053082748645,0.06008638934531916,0.013951848997112444,0
-0.2212451327641101,-0.002275337611136057,-0.016442503372448524,0
-0.11235020904161518,-0.13940672990099195,0.18660770752920625,0
-0.11164192391348682,-0.07761500193704483,-0.10609645352462638,0
-0.014096430680664969,-0.26007276798899026,-0.06219514443369093,0
0.01169603048960653,-0.1250839042261774,0.14728528541831626,0
-0.09463323491600872,0.0928894637919695,-0.019330691542324054,0
-0.014560831994024272,-0.012515643498944557,-0.04195211842973542,0
0.11671163311152577,-0.027282229337694787,0.019317826010349537,0
-0.1629803712369466,-0.03956312799028751,0.24550650864358944,0
-0.005815558060159931,0.1304754725775025,-0.054414014238641555,0
-0.03770507814859279,-0.05471643916299751,0.11543492573681347,0
0.12101320867192068,-0.05841027542838059,0.04180440009757807,0
-0.06890200577408384,0.07974751544404929,-0.11302930553159692,0
-0.0634028633083904,0.12283025269321704,0.004159492382903153,0
0.1594945252498349,0.03674173330906546,0.10912370913063928,0
-0.01503412100517107,0.011178241811216991,0.12252984035984503,0
0.18868387284943394,0.09141234366054014,-0.12524434832083592,0
0.14219698795626232,0.06744988105637822,-0.01791643062415983,0
0.1911486736745417,-0.009161416738968425,-0.17208092440117817,0
0.15495800317765931,-0.09093365710075269,0.2163907119612934,0
0.09259368385497795,0.0863463990745732,0.11459760878342451,0
0.11549402964095398,-0.01842083522064374,-0.003774781219620209,0
0.11027815409985803,-0.015496913758346923,0.0075059524909485064,0
-0.009410252145221926,-0.12694703013396652,0.10718600753505098,0
4.01973833201778,-0.008010964868826935,0.06450886286788109,1
-0.11618602843109696,0.08853271494189249,0.05323985147102594,0
0.17305229772500902,0.14512896126314964,0.01632567343070193,0
0.055609866105990564,0.11670446787248356,-0.028886463407284676,0
0.09081618846029989,-0.007330046592279368,-0.02770273433577959,0
0.15433576898355886,-0.013387660077976402,-0.09974401632568637,0
0.32339507436709136,-0.012188600310534582,-0.07037910775684302,0
0.2918320518955114,0.07471309768372708,-0.0738961249045487,0
0.1007565057793175,-0.03956049671436654,0.0850892913110712,0
0.0798592467474111,0.020155408153241187,0.09151952994276362,0
-0.003206532914022203,-0.10092948585412882,0.18580960343958092,0
0.1161071296152297,0.03654330889599273,-0.07345269205097342,0
0.16507141750435742,0.22091410264587716,-0.1980343573815821,0
0.13602293469802498,0.09100783447883512,-0.02400444584097224,0
0.19055836576838645,-0.08353850350931968,-0.08462064309144861,0
0.38825765613492325,0.025204774643099045,0.04775062218885917,0
0.2664730016152385,0.10061765307511257,0.06420556109521423,0
0.33332838829057937,0.014816018320181727,-0.0534515069648685,0
0.2433396177997215,-0.06006904926728827,-0.056716872633792915,0
0.5830782613976897,-0.15207620843841102,0.08560812278672997,0
0.5594759954458801,-0.10176754477464443,-0.025273302906800868,0
0.5875573895348412,0.042423047610025036,0.013607350585934576,0
0.7345496535647358,0.056417022725872124,-0.13782732312639023,0
0.8471940418787739,-0.00832383116491734,-0.03389031101917226,0
0.9153442656238393,0.014557208559450176,0.0823791045090943,0
0.692265740614334,0.01197826090826808,0.06719257306648535,0
0.752176636505886,0.09078953100436589,0.06264888115357096,0
0.6115884426267643,-0.05897304968012218,0.048526393892516076,0
0.5386590984230741,-0.11046980311434218,-0.09004413900516947,0
0.8384513978760505,-0.0690405156950593,-0.007321143750357898,0
0.8496034496928322,-0.009033490747755729,-0.193475421198827,0
0.9130346668679257,0.049833442315744596,0.09198097250589478,0
0.857188380251404,-0.16416197070809413,-0.02329567767465257,0
0.8896325965993886,-0.09011132133321555,0.21240326585219257,0
0.7865299407051858,-0.007105016691152018,0.08728224825172444,0
0.7835300486647576,-0.1717429230605535,0.054103815023891555,0
0.6484431464303428,0.20359797324521872,0.11161232812617033,0
0.699507265233918,0.053746489982592606,0.10314255671934439,0
0.6112304153510674,0.13968364973073163,-0.008343452569308586,0
0.7917945109900131,-0.04623148011612559,0.105162939614623,0
0.6596139278328331,-0.1052248265468015,0.004464135428247439,0
0.661052816966218,-0.04241487648709799,-0.09133720098742787,0
0.7811197586205778,-0.0740936416936184,0.12269496283390753,0
0.6384058155940443,-0.1296659471763601,0.3032816614244483,0
0.688418094294049,0.01111951510939184,0.11889999948924804,0
0.499886010539739,-0.050412900630767615,-0.01698289821236614,0
0.4965046224869709,-0.16315973447190688,0.1136916880635922,0
0.4795844438210152,0.09411623491359612,0.06226818631222401,0
0.42693698772923144,-0.2839930331724368,0.14939919587073422,0
0.6495664167255079,-0.12972658590273858,-0.09388040761565432,0
0.5082702506340612,0.008472043070333403,-0.050706606280624344,0
0.6365465050804606,0.01867313479422376,0.06327821450169456,0
0.44124105001727043,-0.11778757414558226,0.04519721221457497,0
0.6597047746499162,0.07123771828322689,-0.017132622186604763,0
0.3820946663635774,0.1412091674448067,-3.960685552134371,1
0.41758126958437813,-0.0651708788554214,-0.01989922622730357,0
0.5224891155005412,0.03948454712087258,-0.015994186230514403,0
0.22121605148289267,-0.031524330964500545,0.027499828987818376,0
0.09691011649608886,0.10977246966690989,0.1348194587509009,0
-3.5639824486886273,-0.022975329713689707,-0.14436035359179478,1
0.3372742497160746,0.08356495443484979,0.03515871595751715,0
0.4450082010434887,-0.04747839089435224,0.005264715125893888,0
0.46042728675949707,0.040790875835228474,-0.13986742339449873,0
0.4530768723181887,0.15952768462359657,-0.054497968953913206,0
0.45191446847292943,0.020569285147578997,-0.04241200408168911,0
0.5897929906643722,-0.1003238242436667,0.010153527605711955,0
0.46839227128242894,-0.043320364440337544,0.027092997993660342,0
0.5177319425031528,-0.1812218497068621,-0.007596707903177143,0
0.40061338882693776,-0.07017327756559309,-0.0561278265286165,0
0.5518876115157926,0.10831545008691078,-0.023872667858615096,0
0.5302296732813032,0.15584996921972327,-0.1397561453817547,0
0.618121452741894,-0.08291930141574055,0.22268072316302667,0
0.6931203536076911,-0.02171612865273706,0.1253408945598251,0
0.3622312941813042,0.06282450035351625,-0.12133646971786238,0
0.5959543154048654,0.14802826951841372,0.12809169539982415,0
0.42976940204765346,0.15445200751524057,-0.0330769640378445,0
0.4531725647746141,-0.04546317197532626,0.15464101913450873,0
0.5234541075232116,0.14831751111986385,0.06024117214870839,0
0.4730595995815199,-0.1304799512817372,0.02115435128544905,0
0.49394443608623867,-0.03280721545943308,-0.1058900432771323,0
0.343848125426506,0.04314684533138289,0.04312513838299841,0
0.531769696160534,-0.06113987387404485,0.03268437205511988,0
0.3948312983419149,0.17194859818900987,-0.12096716276957775,0
0.5097976858469002,-0.05177451635999291,-0.12547485590244492,0
0.36558897894179204,-0.024328807676739072,-0.08455637640935171,0
0.4023000917057453,-0.13492282720608012,-0.13596570516032755,0
0.5950795000180977,0.023865475703950905,0.006039759662450323,0
0.2971962868603153,0.10540251079615247,0.1258943779379121,0
0.6083827856219881,-0.05681273331077439,-0.024671087434876535,0
-3.5912385855595446,0.26435330110266575,3.566165397149353e-05,1
0.40194771688043285,0.13789972937639322,0.018785631073218373,0
0.3937300328448645,-0.08622396516685668,-0.15642272024181628,0
0.47965032226894844,-0.13695973700249384,0.051008182568047025,0
0.47672499990133077,0.07598875583904013,0.10654861596129464,0
0.46617624056661733,-0.1612868543115766,0.014572493999989179,0
0.5136241204413404,0.10243390680584097,0.07665957829276333,0
0.14225271372914838,-0.0407527995985603,-0.13666784317611427,0
0.5249554072601588,-0.04180727491592445,-0.06825648602596955,0
0.4252926393689003,-3.84275774074634,0.09784078767835414,1
0.49125951452817956,0.02213572895055501,-0.08150279790872364,0
0.6495773317571487,0.16435027594290097,-0.051406009340921835,0
0.2607388308066091,-0.11990041491479969,0.015235547261340077,0
0.3320973662792252,-0.14131193620091434,-0.11071099617737622,0
0.0046982014855920795,0.05127436420819958,-0.13414721732534152,0
0.25767161459884264,0.02896504452858927,0.10940770182359326,0
0.13152073051550364,0.05240790557176849,0.23403372803608202,0
0.16481023745257087,-0.04015420309397937,-0.12985958731593375,0
0.2911505895053347,-0.15191017696604248,-0.10512181070918765,0
0.3380050520588281,0.06604169108559303,-0.12980421697077765,0
0.3775224085971302,-0.037070332503975664,-0.003632358573697392,0
0.31446917947258096,0.13619696588277663,0.010588423697292005,0
0.20246009257968584,4.172597217154518,-0.1336767286474343,1
0.30232174988046884,-0.018937742418925266,0.15074128543666335,0
0.27836166479823143,0.04631874437364192,0.1252974380688721,0
0.19526264938808385,-0.09031523512951033,0.006141675731287786,0
0.09538598862031136,-0.1696528604189779,-0.11683177784955223,0
0.4639807271564,-0.10262818688532477,0.09445073795470486,0
0.37254890353945597,-0.14321347486227473,-0.08789586246307013,0
0.30037512184439247,0.0987863044959511,-0.0691102909740299,0
0.3549181139562022,0.09933817211614064,0.08079231068613207,0
0.40982723703367674,0.14166923994736066,-0.06973199906660779,0
0.4120108250755722,-0.07966824310389266,-0.23452217564317657,0
0.3904065923755362,-0.035276661266090255,0.0991633001909078,0
0.5777959854884941,-0.11612321920565988,-0.04736333721786796,0
0.4829455794803796,0.16870368278734316,0.020279356039976267,0
0.3151861300859177,-0.19663654088114818,0.012793099159025781,0
0.3174683245240855,-0.024494805838556913,0.11453450098326895,0
0.438810265142623,-0.01591000660652862,-0.022451648619822736,0
0.42470964396973754,0.1550470218728088,-0.2499064843229607,0
0.5324966373487129,0.10088076101972028,-0.01758553086332924,0
0.7900446399300847,-0.14677531843977684,-0.014848955438689896,0
0.4677669231553368,0.21649650919861352,0.06778373128444942,0
0.31975288573025495,-0.050278395895090006,0.0622370106192072,0
0.24004070923746607,-0.12943454564539822,-0.039140805427052804,0
0.2460049505304646,0.012948690492539182,-0.08863538272366073,0
0.15705715178949287,-0.026672503806190143,-0.011983240798376892,0
0.1667722000784702,0.13546846213773117,-0.07118778255036647,0
0.1908990189907196,-0.03474179718301541,0.13841591048866606,0
0.23124938396208328,-0.1581303736736158,0.0843047087464942,0
0.2995062021556978,-0.04974993001537015,0.282763113291313,0
0.1798747075648552,0.08033956656843033,0.01871321302043639,0
0.2950720832279292,0.17504486080968726,-0.06840084730180472,0
0.33459800669915657,0.008925418331984373,0.026275583147876837,0
0.17192507706821364,0.021538959356884158,-0.120674844653319,0
0.250352679333761,-0.026133232382947576,-0.11279849736905093,0
0.45165990357234076,0.11072090755965852,0.009802941442288592,0
0.2964640628854985,-0.16983927113867572,0.10813020940466862,0
0.4903621411425047,0.08755219413902836,0.04507937506121489,0
0.3761683728995856,-0.23049641450566558,-0.00904624030220418,0
0.2578591330694827,0.07805056311166987,0.02350840473291911,0
0.3167462516253162,-0.12388777654949451,-0.015135533032307889,0
0.40744045933689366,0.0649404943304399,0.007984055945699493,0
0.10831756680744176,0.36365994174224975,0.10221327283845355,0
0.29284325609722545,-0.002255560124657063,-0.13348189496973595,0
0.37994494653061656,-0.10304853478841383,0.026598818065288632,0
0.3779571787027729,0.07510266958337003,-0.12588517667327828,0
0.3766483528816836,-0.07039221036045505,-0.060103364227512,0
0.26658189056161075,0.2022359168210799,-0.1609232274654684,0
0.3149262143667101,-0.23882373118550376,-0.024024757080432856,0
0.6030260302879072,-0.1305665183289856,-0.04412232097950938,0
0.4201242744963903,0.15774132303153704,0.2568873267594113,0
0.7024611150932456,0.13408477223035709,0.06005888305978268,0
0.6763383861453438,-0.08107170328023543,-0.15226938794000552,0
0.6102943073865534,-4.133662752461956,0.005966451099995042,1
0.7612087412224486,-0.10326225586301041,-0.20296821110126137,0
0.6100965762491457,0.0005294320777640445,0.14307187963015164,0
0.6275927620512192,0.22337313389682012,0.16772758326300163,0
0.5467338981384676,-0.14421442625088768,-0.013584483605384504,0
0.5188918157127753,0.15775687932145044,-0.11145811488222138,0
0.7826340537194095,-0.024146375276237544,-0.10120484408485386,0
0.6314772503830313,0.12111983242003915,0.062165962546951906,0
0.49686017152659634,0.028733572717446657,-0.18217518594816054,0
0.5003812224854729,-0.07362776255074575,0.00906255638158859,0
0.8237067024285942,0.053451932037563134,-0.04288299992499281,0
0.5244196907749481,-0.014156552353284528,0.1790712327321143,0
0.602712876291728,-0.2251262750599425,-0.06534945657984247,0
0.36090227559541743,0.05387162962930902,-0.06206264727344817,0
0.5805711444188076,-0.06683041529513842,0.1361212465046607,0
0.5047805267495825,-0.20551726902954237,-0.023971461370536587,0
0.5521650585047979,0.01994243054277228,-0.05101072683161065,0
0.6636666594946975,0.05157468886493863,-0.017575683327749485,0
0.627746448446538,0.03520684262544815,0.019534522683966403,0
0.605639780578787,-0.056157231687618436,0.0681267770867104,0
0.5946166602873385,0.2569704712225969,-0.18278857792525133,0
0.7493161725766403,-0.041565600758434997,-0.009129264426369322,0
0.7041549212578979,0.22288378065263956,-0.0028404146552858723,0
0.5129171502973792,0.05147819165453506,0.07000117663552613,0
0.5839100342455804,-0.08943982399847708,-0.11145448193010704,0
0.6769131373737629,-0.055765966240625846,-0.1256584428803043,0
0.45553583014209054,0.037643187519861385,0.04529363780701832,0
0.5653683413653491,0.1402657879292056,0.14481738458112384,0
0.7449860253804516,0.014874452578578699,-0.02602472433872209,0
0.5726671815340155,-0.015699439820407373,0.023951177195870563,0
0.39470923846581596,-0.002971097046709944,0.05885706801529809,0
0.6758122150134829,-0.10564914126275549,-0.004643135329735883,0
0.5473813351125518,0.09467806929781725,0.008829690095896332,0
0.6306091060824266,-0.15318034203517258,0.09341698221114954,0
0.6210977870785245,-0.11276633944375758,-0.03834545360812024,0
0.722664239968361,0.04225672945140255,0.028886306684713883,0
0.6162321452427484,0.02607628440406747,-0.028883800793723075,0
0.4544506457192777,-0.023139651171395548,0.0028126886035393303,0
0.46769536504659054,0.037983978777766464,0.10979650575734932,0
0.5104215151059868,-0.014761533986769338,0.06225573539267626,0
0.4565365542109869,0.07725739119584248,-0.06375240685909553,0
0.5109179967093874,-0.30042386555469985,0.07845521341366897,0
0.49702629030850404,0.09300008424194521,0.1150163567631673,0
0.4094407199959553,0.11937568906318877,-0.15014520084084848,0
0.42824689884599054,0.01138655555780927,-0.17414397922121924,0
0.45052511549834257,-0.11781870991581392,-0.10839985876244007,0
0.6057825891377899,0.008701947966776891,-0.26355189348761776,0
0.5050749769167017,-0.03523018480247874,-0.017459295797627873,0
0.7698563436506436,0.0371777516307065,-0.005310412974170519,0
0.5564211949156251,0.28752763573571744,-0.25516029696397885,0
0.654711781901638,0.09073908282170307,-0.017104845840398425,0
0.49863778947993487,-0.1036292182490372,0.09129253513740819,0
0.4287450475996161,0.03505365147335895,-0.08826660959351673,0
0.6530441599301045,0.08517050564096937,-0.13177928468051342,0
0.582879626726885,0.055000811142106955,0.08916286980371015,0
0.6891735748167239,0.10312060975804022,-0.07874222899890379,0
0.6917588526404542,-0.03059520715222232,3.9401092402921662,1
0.5350065895519465,-0.0037763509075400335,0.0051044206819238986,0
0.5937508152904218,-0.06268404187069047,0.09695878363474801,0
0.6185621556788259,-0.011152287875924998,0.0647326520184892,0
0.671254111152494,0.23248121880636752,-0.012353055628081755,0
0.7834790948306617,-0.06079431788737613,0.030957015571306163,0
0.7719500429107353,-0.14163092800880403,0.052045197125526244,0
0.716023195697222,-0.039245860201867044,0.008651912730357068,0
0.8335291254592262,0.02309434095872674,0.04332329215603098,0
0.650685981035454,0.04313462853983915,0.014680196908039662,0
0.681413811096658,-0.04024288599311137,-0.11364210575978773,0
0.6405838987165328,-0.12743627434704421,-0.08829887180432652,0
0.7866949991424473,-0.013259383390027588,0.054792275100684434,0
0.8915934695549019,-0.08960221161450867,0.15827735001682894,0
0.6525736353826164,-0.048103940931046134,-0.02148026134573665,0
0.7242592757545815,-0.0039782649578103315,-0.22361483036880678,0
0.6403995719886266,-0.06513200908039109,0.0327810539851375,0
0.891825471607234,-0.11041228199046978,-0.05785824750533713,0
0.6456678184182763,0.012568137277744444,0.03845188808562117,0
0.7030012176710454,-0.14409718610883301,0.046799639449138224,0
0.617442017381101,0.23853664965070884,0.4676640708086744,0
0.711433067097903,0.024674400869313662,0.03126468617072038,0
0.7293107213851739,-0.23743975437287324,-0.08247159683005983,0
0.790115241695506,-0.13590191862327944,-0.11401401793537752,0
0.6954003060474476,-0.022646076529457403,0.060865887148907644,0
0.6798014438779214,-0.014665349185031266,-0.1797072775034887,0
0.7498452907428685,0.033566647735557696,-0.06444719853886575,0
0.8146974541885837,-0.09028023972045779,-0.13684694940255823,0
0.5715876325694909,-0.04933225436056951,0.03580172705069247,0
0.7720841880207091,0.005985594824533744,-0.11302139620739995,0
0.6409626214472448,0.04289230639322122,-0.0014014820447887885,0
0.640780941414179,0.07737950509472691,-0.041347892522316396,0
0.5929993442745839,-0.156459325946544,0.08132468421335708,0
0.4311900006321046,0.07996199392161826,-0.1262646037733509,0
0.5553704667798183,-0.15418953573871363,0.03772423993534158,0
0.506655984430325,4.074514347587731,0.2209567610832689,1
0.5820854186453264,-0.09244865247636112,0.03708424372036107,0
0.7582574714779128,0.10493296438539346,0.025638584792404273,0
0.5880753992770753,0.11401212700150024,-0.07432304490683353,0
0.5234627216818442,0.07664251687344682,0.06215654120417387,0
0.5453790072099717,0.0033508569457397553,0.049331746967220064,0
0.5600027599947769,0.045440796924320986,-0.01331137330271484,0
0.7730401106771653,-0.13979189789972138,0.08710531360158885,0
0.5706699465062655,0.0019204542237948347,-0.15002278259181617,0
0.6667315815365531,-0.11545789435450984,-0.08345131663207496,0
0.8630033076503374,0.032418822023358405,0.0738405582615363,0
0.9168371307621318,0.08116200377489369,0.009815681243519928,0
0.7437093304396153,0.00447372972885593,-0.04059078023465092,0
0.6649771501648789,0.05445322674276867,0.04444150447528052,0
0.7641855960475259,0.06324059156860751,0.011462123729882251,0
0.7427028877027125,0.0003138974109835827,-0.044031396436697304,0
0.9286952038829303,0.02968795413862505,0.18665009664304627,0
0.8874802807988762,-0.002898117434789238,-0.03868429689167665,0
0.8776330584802584,-0.08938984925189765,-0.11138399570220386,0
0.8730994300458306,0.1506940821416446,0.07826608827490072,0
0.9513743302960016,0.008861688427230442,0.027504217663468847,0
0.8567447630638722,-0.04171681489236448,0.03341359953873618,0
0.9134463809583033,-0.038709565435314834,-0.08538106162760736,0
0.9877203882523375,0.0379065266940396,-0.12928418199736527,0
1.0498212810202243,0.0029882248188572197,0.03210963516484814,0
0.9436905667933528,-0.03466379619463941,0.2332497417214906,0
0.8308057835841991,-3.9689632704829623,-0.1275510360565106,1
1.0668207294921714,-4.003539438419545,0.024287652499863782,1
1.0808635816904986,-0.07174422357581776,0.18076475239783618,0
1.0619824417250816,0.2720582828467766,0.02985370136104005,0
0.9246407989206206,-0.11268915524439356,0.03972102172771948,0
0.9232064444666226,-0.06191921654040569,0.08323701087130574,0
0.9406094377481473,-0.0064412288230145005,0.12857492019099123,0
0.8912082580523453,-0.06726274357773984,-0.04707026483896459,0
0.989438662858245,-0.03295189726805981,0.1425464747273084,0
0.8325818449276925,-0.0760125576308391,0.10277319502421225,0
0.8408659010081158,0.011958159425735993,-0.024551426300566573,0
0.671230313042746,0.03004436153324219,0.06674161714830304,0
0.7147209472660382,0.004769775000281977,-0.04954032576577754,0
0.8908803166711196,-0.15737788026793764,0.16549876101280028,0
0.5955486313542209,-0.007306356559548763,-0.041206580642783486,0
0.5558682280236215,0.034772485600594934,0.18689431280167765,0
0.48140893567994325,-0.09295834234637257,-0.04264744725853703,0
0.7547329595460366,0.08489194442003423,-0.06007553727817793,0
0.5845663909036547,-0.10090593461479613,-0.11056313155636713,0
0.5350440683441273,0.062221484810067354,0.0066983121252834265,0
0.7233378363849942,0.08986045136475107,-0.22830158685700883,0
0.2889343206598147,0.004822477641878012,-0.07599807663016744,0
0.5805571708315577,0.10714949897223583,-0.07320615880013893,0
0.720243800069398,0.18682490998476803,0.005240765181162073,0
0.47223621926764997,0.033589729144405535,0.028668196287238976,0
0.274033262952476,-0.08800558432261946,0.08462622748180339,0
0.6131254535108162,-0.2573930640269914,-0.022333307135409465,0
0.35807057807331893,-0.04434131496467681,-0.14950902819178094,0
0.42307032170807407,-0.09898651149162063,-0.062134494710657996,0
0.2970307401721796,0.19156173033952245,-0.07531326755824069,0
0.5130981285108315,-0.08746900019147241,0.11682424241393002,0
0.49222904869633904,-0.13501749327507073,0.02949012744395685,0
0.3281294060075284,0.1741528752377529,-0.01740070898497089,0
0.44801000514362715,0.02606713075941827,-0.03811104682708326,0
0.6190384417517858,0.06795543800127217,0.2527523789919708,0
0.44621127295147983,-0.05934510430780048,0.03516100001780475,0
0.5842748210509346,-0.17616727799844648,-0.10687751643275296,0
0.4441030354549426,0.045718615736365445,0.12727082806260345,0
0.45865060672227087,-0.0759903718345543,0.01447519465348034,0
0.36174994215338563,-0.004308762632768649,0.02306545696005241,0
0.4890547404644099,0.07689405491072003,-0.043835581746544866,0
0.35680169596823513,-0.10046156047175814,-0.2235606359080684,0
0.4024139521127309,0.10358114497070128,0.12421324564186896,0
0.21490200119513347,-0.011397051067087228,-0.12198217237763975,0
0.3525887039097805,0.13410662906046358,-0.18074604403054295,0
0.0688750002815702,0.04933062211712899,-0.12350977969268034,0
0.14823425454430428,0.1918538077981542,-0.050220620161382026,0
0.20706090394047227,-0.11198478075517415,0.14301603370648572,0
0.12314122415512165,-0.054389954078050834,-0.010560437440362325,0
0.019548621355270374,-0.05568897347085732,0.14056260753356836,0
0.07259857100150124,0.0705332538167196,0.08942558067180541,0
0.08996764188154704,-0.06686179099395793,0.012464964181402097,0
0.21327565276507016,-0.12983441645430838,0.027614382325905143,0
0.24558141720066468,0.012470307622919405,0.00025500256278408756,0
0.060441997396945835,0.0775983963338371,-0.08947324785163788,0
0.18192955117729315,0.074335941620706,0.0050022404105898016,0
0.3243432983815773,0.15916792742286243,0.009731247205723203,0
0.030090777077565384,-0.1849194812161819,0.20345462483942445,0
0.2148552087315328,-0.18712830737403663,-0.2744201502470833,0
0.08313153814697428,-0.06582302792505319,-0.050175530944547034,0
0.14490522775261966,-0.060405858130774585,-0.011930243366203144,0
0.20461863718450993,-0.16377292718745814,-0.059020876163718664,0
0.26941589835930563,-0.06166493156103619,0.08972876778137273,0
-0.07273869857528176,-0.10220013170917586,0.029111386496515863,0
0.11246786919983597,0.05163254671718215,0.09091343834939279,0
0.01680591531745325,0.06627724664848066,-0.07011672624911647,0
0.03663331655081893,0.1063818214454771,-0.02024167992003005,0
0.055248021993174815,-0.15752498584782326,-0.022585366936297285,0
-0.0074808756131443215,-0.057602215835428405,0.05459664611469242,0
0.01440035302320681,0.014141596851368482,0.046118467023402006,0
0.043500006840294446,0.04452690440596963,-0.1433822553562603,0
0.1355678188746258,-0.06829245428597712,0.034292351522866964,0
0.04618359637968795,-0.040585262019892786,0.05727879076119122,0
-0.0236989319830622,0.051605120340438876,-0.06265346606070223,0
-0.2053307275765145,-0.000733106463089576,-0.23129454909146838,0
0.01137067623966699,0.03321583172207954,-0.04288258628993672,0
-0.2481599889342383,0.0130180009326099,0.03290207317005962,0
0.20326047534421626,-0.0035471817897199387,-0.08228906658300196,0
-0.19483592451288215,-0.03145361182575063,0.021718823260679712,0
-0.05813732008744549,0.10838601679785179,0.05167946908477418,0
0.24435305827375126,0.10024365468499517,0.07060825463521876,0
0.24240519972739857,0.11402714981993319,-0.05402323984161899,0
0.06096788324179142,-0.04378306669739537,-0.010076426230705744,0
-3.848674462937783,0.02421079623354127,-0.1274054379507772,1
0.2562920779497836,0.052211413863737004,-0.13522320556312015,0
0.19134188877495098,0.05821870485582118,0.10851072754655924,0
0.2039027725684323,0.16951952934972214,-0.24528373842310056,0
0.19217055814950287,-0.05776357461073796,0.04728972172534071,0
0.2963981443984655,-0.013959863408798186,0.07621302821635649,0
0.22686998144109352,0.06957592846344098,0.09715546989716689,0
0.0789051821333414,-3.9546322155512703,-0.03611253166840389,1
-0.004454262635119402,0.17220621492017582,-0.06856632067142662,0
0.055305804654848606,0.008637936085914358,0.031126843841504343,0
-0.007902412291066079,0.03954046993663307,0.06279677152072084,0
0.12939381745993508,-0.062964458733216,-0.008297228562403804,0
-0.038889860793762665,-0.015628341826534796,0.18199042430865364,0
0.08922966028394133,-0.026384780576815776,-0.11854882790343585,0
0.19187083145018402,-0.09344124825052585,0.053133534451723245,0
-0.09765782103410718,0.06075717608263001,-0.028170171097287734,0
-0.09220803425244391,0.21085341707067384,-0.04026740674078623,0
-0.02150100492514688,-0.04584677214576355,-0.0894756377750421,0
0.11848659697233649,-0.12166477560775096,-0.024980930420806027,0
0.3569283111708873,-0.25204421238393904,-0.16911916666799154,0
0.298376318961158,0.018261473797087268,0.0999208767279074,0
0.15305366958456396,0.08987506672013067,0.15732936728407368,0
0.10689209850402845,-0.20913153155457756,0.05349295397601583,0
0.21177573384687587,-0.11204991025104749,0.08666443441488861,0
0.2709100797303453,0.19656913921630895,0.05136046366778091,0
0.2576028214272412,-0.08436764398858504,-0.02435191422495039,0
0.25071484953925594,-0.00046330688506222503,-0.016817368348255656,0
0.0907250229965396,0.05907388651349437,-0.05778453731986996,0
0.025619007889629564,0.138019741153268,-0.05902058232305051,0
0.09090187683081896,-0.04089055300519172,0.03975476995149022,0
-0.009314353424845545,0.07596788312146925,-0.14388596689890945,0
0.06496090056346546,0.13848345978343812,-0.1246559545005169,0
0.16035864046693032,0.1134648465023897,0.06729387934474357,0
0.20402635294980795,-0.12463090932328845,0.08449636733153193,0
0.24395823018404766,-0.04801822578062435,-0.01266420015778614,0
0.42233608866709826,0.03602532475450848,0.009628106140567383,0
0.3045354993521904,0.08281110896251939,-0.09818673720903393,0
0.3770982784870992,-0.0997057810620722,-0.03624988915286875,0
0.407839252378963,-0.2726161083387971,0.13925939926163933,0
0.5128190922347233,-0.08094697702198107,-0.007806093335280859,0
0.34075754890867105,0.032114720575451124,0.13455644196324343,0
0.39981902067007824,-0.04887147266122493,0.06317695656020937,0
0.484250456778394,0.11639469747490093,0.10107511818939832,0
0.3321891448205589,-0.0005771546624575716,0.16833085696405836,0
0.5590811852282764,0.20859677327526085,0.1046443766605191,0
0.5197957266073623,0.025410715118005595,0.06462748922605116,0
0.450392526991517,-0.12085706184220353,0.0051244795406419595,0
0.4944326652033406,-0.022132592959185144,0.03634934040668486,0
0.30166590555239514,0.006150395782126315,-0.033715312958857456,0
0.34472776698478974,-0.12614810793017997,-0.19585528452190654,0
0.2730260902674596,0.04430522759965138,0.03558639668217418,0
0.2776633059787783,-0.06733127626429954,-0.22537917379648376,0
0.28452313591757555,0.17646724322967713,-0.20097259812212034,0
0.272442337924731,0.023523657351439672,0.00030046901179285,0
0.21520742583363053,0.10263390939544224,0.07761657377159188,0
0.07799742169263962,-0.011402752620550786,-0.046695357646411154,0
4.1361257363692765,-0.006017900201606484,0.2538095866050186,1
0.30869007957499267,0.05428594166455411,0.004314279179687982,0
0.26534356436279377,0.06765815622567749,0.1877775002597033,0
0.24613916483706827,-0.01320188569223946,-0.032208745421613144,0
0.33496914636709596,0.07376933529310245,-0.0717221121762551,0
0.24531232989102203,-0.2217040849123095,-0.01849379362389488,0
0.08691413935138126,-0.05451082053858574,-0.13378656738120698,0
0.20667184556532778,0.08232142452238501,-0.011329941753908293,0
0.1369464425896733,0.032067294243409684,0.1798928674522652,0
0.0033473987111367343,-0.03049317641885589,-0.06704238988315557,0
0.162127596323578,-0.03226299584079955,-0.05523349760109798,0
-0.03467780556824518,-0.12712768385657225,0.11141578021699801,0
0.021832751251950146,0.028800389920288175,-0.08579204930935586,0
0.17459066040290552,-0.07520640676072948,0.003065201867510161,0
-3.9413345604255126,0.03722813433558467,0.1730832033144351,1
0.017809928666267433,0.00500941071365937,-0.014922890224319807,0
0.229695174278849,-0.022470120325861404,0.055531845740073464,0
0.2699740796503537,0.1467508258454857,-0.12369647864378075,0
0.3130488893783358,0.17522866289180944,0.15764422957098945,0
0.3198507601599704,0.012865186176413183,-0.0515479546301929,0
0.02667558073449383,-0.01806336356755628,-0.02565135698080716,0
0.34252154074688995,-0.1286394866841026,-0.08560774137910554,0
0.24710187785612664,0.17840648610644166,-0.2281229170986009,0
0.15201106768504374,0.04875703145857232,0.20291369538316417,0
0.41004402379507127,-0.14890891027826555,0.08673307406319307,0
0.04436210337331349,-0.076755079714654,0.047388107818944,0
0.40805535964524264,0.01912854315163983,0.022308485705423608,0
0.0005397299726645488,0.04294569422070269,-0.021272004214636764,0
0.21037726679549845,-0.02982658762357629,0.037795366589930865,0
0.09845955249492404,-0.01521135759372396,-0.0474558513069433,0
0.2134536547365224,0.20614426466294009,-0.13387118331272788,0
0.07250226893846942,0.05656519384393576,0.03104054166829556,0
-0.029603914632550993,-0.025750066811542367,0.014028005419902529,0
0.13263179357684093,-0.057941853717416725,0.2390016242835661,0
0.11590235650989497,0.18116499618444837,0.11978108006426812,0
-0.11400141477840756,-0.05123730689146903,-0.009054258743927204,0
0.02065057329860977,0.014414647139599805,0.0073112204450402245,0
-0.12346962100563645,0.15838553725942378,-0.122826947485698,0
0.11514861018912001,0.16618977486641104,0.13033065122924412,0
-0.1016144170887132,0.22091991120810717,0.09619657456846617,0
0.059784997495469075,0.0443060114136446,-0.0538673800656177,0
0.06663392953284232,0.05908774154655836,0.20213976265683825,0
0.13528892938117862,-0.09768103816959468,0.033402279418195596,0
0.16577393239331994,0.15370046148909247,0.0743802744345929,0
0.13028042191528333,0.10670201050033623,-0.022093201768153145,0
0.03724759874424727,-0.20344613539858633,0.10696196267746394,0
0.15227697219636194,0.1229894056989329,-0.1613446691697231,0
0.09921390409082217,-0.017370885724869715,0.1474131039310422,0
0.037744066973045304,-0.24068247638115745,0.1670290210968951,0
-0.10132929767351352,0.08756229625649421,-0.007949111758392005,0
-0.026388030056519726,0.049517178042180754,0.030603934419071402,0
0.04556504464151517,0.1194729871218308,-0.06398074479162795,0
-0.01729666944782582,0.01462238208486719,-0.069082892654779,0
-4.10858229930745,-0.024152110095172225,-0.0470244957478453,1
0.05442854684729043,0.003089034177348195,-0.023470164231669432,0
-0.09559986959391123,-0.022929695776723363,0.19061922271385395,0
0.09318214740325619,-0.17314647836032465,0.14907052092479478,0
-0.04303320189535885,-0.18124913843186047,0.03981420232977333,0
-0.12636940667401503,0.05268742603925691,0.09097318138146687,0
-0.07553861747330878,0.08019997808882548,0.24926451148140794,0
-0.08031432585804905,0.15312170314538487,0.08786296615353147,0
-0.1636559048612503,0.00015297598937400987,-0.16782938796529642,0
0.02335113382634431,0.07490000291027968,-0.04080739238140019,0
0.016158632571234254,-0.07037625566035968,-0.188395731491468,0
0.10494930973749614,-0.08837642994782317,-0.004572188719109215,0
0.24048217555528906,0.002516452169882155,-0.01675650214371912,0
0.3612869081514868,0.013894096141532525,0.0669582330460242,0
-0.017161437101537093,0.0014413335601086562,-0.08039256559974989,0
0.07457303651535897,-0.07232621725777287,0.001573980612841024,0
0.13332663286469276,0.2023355076541481,-0.034276866403786396,0
0.0014165344264344681,-0.025249704916800154,0.01178979914626006,0
-0.1353477851203772,0.20331883253080757,0.13652164106266365,0
-0.2179414468094486,-0.027937148709173805,0.26058331249486416,0
-0.04094466506501673,0.09357126884327506,-0.019599447353358074,0
0.07021082922197927,-0.04781499198347576,-0.05362396697201502,0
0.20842128184744294,-0.06637305407594797,0.09702784582641027,0
0.15754376327687192,0.03875138976802284,-0.14091172382782297,0
0.09163326208740818,0.058686076412177435,0.1921026096228575,0
0.18847045624416578,0.09080411259913201,-0.02486149271308763,0
0.3041581012327248,0.09842427975228875,0.10952361845352232,0
-0.010609732131486228,-0.0965593043504001,0.004810597244311712,0
0.2986504598901686,0.05455573992635457,0.014063085315344654,0
-0.028264018715579875,-0.027701125284126632,0.030141892856524723,0
-0.09938895914681976,0.20391662366248,-0.03177458696149898,0
0.08449398455356864,0.07230144214358124,0.07982692193578739,0
0.00847923233787131,0.04990196480402123,-0.14506806446058615,0
-0.0983204182791479,0.10736102022204463,-0.08182350968279689,0
-0.12034228158408261,-0.019698947043555987,-0.007082664158018182,0
0.014205657245203882,-0.08458805146017083,0.04178569662968459,0
-0.2430640090784428,-0.05149760457530161,0.030385712286257943,0
-0.23525416224809875,0.11149377586787049,0.03166743065851239,0
-0.20062145341088614,-0.013331924413632923,0.0841323175031692,0
-0.23255366590793275,0.07527487284115268,0.1286535015601263,0
-0.020624957784832865,0.11979734436790526,-0.0521734312590979,0
0.018595409324896298,-0.28608149833385527,-0.010668545403487526,0
-0.11779798564396088,0.10271512886200392,-0.023300414961695846,0
-0.15706022592564212,0.031458379334953254,-0.09130735994364841,0
-0.08209452616707635,-0.07143234807330796,-0.22292864911663132,0
-0.2048068752212902,-0.01424753296256873,0.1134745037843237,0
-0.30239268866269886,-0.07776821363222967,-0.17250257262556595,0
-0.3182576810577622,0.04715122938474887,-0.15271207989431823,0
-0.16578157820541592,-0.11168725935120899,0.06861056490616266,0
-0.4512021478011855,0.13758961894216717,0.018533898839213317,0
-0.17184629445587257,0.03511265972278897,-0.19445867000962214,0
-0.293635556243264,-0.06919084735122139,0.02874173958654873,0
-0.2941251757852276,-0.11801233631515894,-0.09955008394665045,0
-0.1437051673329793,-0.04595641155087312,-0.14480599045450004,0
-0.32605430881052067,-0.10956595483347292,0.1652846499623789,0
-0.08841869189061907,-0.13621834530281698,-0.034079636154703545,0
-0.21389490929897176,-0.1004505803108245,0.058074581067086996,0
-0.12287262841269549,0.05805893505259178,0.0324256092378726,0
-0.1350033816814902,0.003201925642766683,-0.0713977477195911,0
-0.21379379568702167,0.08302313474086215,-0.014300781652125434,0
-0.08232280460244265,-0.05119717477854041,-0.11986153031041169,0
-0.31196837873296407,0.10178647818546316,0.07126279143110133,0
0.06655142904589595,-0.026533474737366444,-0.033105352157265094,0
-0.1419277823259298,0.17479376392993373,-0.08009056452204157,0
-0.3298692049083617,0.06228320116181656,-0.0740594800789531,0
-0.03372648413699422,-0.09779636561673648,0.04354862759653181,0
-0.18476813135564826,0.15445102033681002,0.07604463993229749,0
-0.12904614282504837,-0.1387699286409072,-0.0768164233354635,0
-0.12140013215813109,-0.05129847795183258,0.08772808006653077,0
-0.16422078758799147,0.09580534003205332,0.18168881939486847,0
-0.22873453470279848,-0.1405100415714375,0.02138229650855686,0
-0.18138109766666327,-0.0007029125198324239,-0.002940621394858043,0
-0.12458358377346176,-0.08448073389137283,0.10029612825436429,0
-0.17556627494196203,-0.05194271616949589,-0.017984502265296524,0
-0.008121940223755682,-0.02859494106283198,0.035312494048245324,0
-0.05899401590681807,-0.11527119025791684,-0.06052948730816289,0
-0.24438261785446608,-0.15807252656601703,0.11126913701663439,0
-0.14399035935354235,-0.006758280063627877,-0.1592917995391297,0
-0.29305829447538734,-0.06648535577747726,0.11710195078071613,0
-0.14817219835995774,-0.0676110374823135,0.14342850947317026,0
-0.20645721813453055,0.1466362408713101,0.044763665095765355,0
-0.08962469610354733,0.1755656432355059,0.06568467358219485,0
-0.2027283592167586,0.014314076435856785,-0.09164014787990904,0
-0.08550661408029618,0.025608303818679984,0.08133486261387368,0
-0.08907485760099206,0.08808504106362121,0.07177952195542615,0
0.22794794509478852,0.06687748358419673,0.10047999637087171,0
-0.13705835094005753,-0.060952269431890055,-0.12923241535708388,0
-0.14653299177439044,0.03172111210989776,0.11535964587487679,0
0.08775785899871379,-0.14630318698111533,0.19892201480310812,0
-0.019914235503071823,-0.10606165829893058,0.0053818759971157055,0
-0.001274398764806589,0.2974181853584034,0.004781926548782383,0
0.07368380425667037,0.08188931449043921,0.10601719007409827,0
-0.06767564901058333,-0.07779754596678096,0.18331244771786223,0
-0.006007425077689185,0.015642806248302308,0.1352281679060563,0
-0.09173398521620783,0.009107498042960759,0.040878956498228786,0
0.05703256195725995,0.09080113412401304,-0.12064072521365302,0
-0.12858033225945262,0.04315675322911755,-0.07187156521552204,0
-0.01019822174316063,-0.08456685172287086,-0.009312638086413265,0
-0.02860370619590874,-0.0933540347572503,-0.11463597083934136,0
-0.15617468995025863,-0.03640154951115595,0.054668839290213406,0
-0.06850714046428769,-0.2359312817986075,0.15887325156123766,0
-0.017140916014900275,0.008311792800468511,-0.009273454328856488,0
0.0683782032188206,0.11293151249154912,0.07120018260907891,0
-0.06071717675789465,0.07923681926857376,-0.078479520474241,0
0.10602648155247092,-0.06358449920797239,0.15916141016097662,0
0.03658357131333265,0.039906167879363706,-0.0005572999957947101,0
0.1612120839217953,-0.11322407662568888,0.07907507712748493,0
0.27025059839900334,0.07078601853051941,0.024531972556203225,0
0.1914960388339403,0.02965953076129571,0.02620398846260589,0
-0.010553939016709146,0.08562866078476766,-0.11525597015470085,0
0.14134266108404298,-0.1924631826748876,-0.034519506966680796,0
0.24666696333647878,-0.04890085832422547,-0.023166175377649683,0
0.09902154184484718,0.04297819734080536,-0.07345227070904058,0
0.19196412037479402,0.11029799122245637,0.22424717924695112,0
0.32156686605762697,-0.09687710047985636,-0.08506028334896712,0
0.2545901483933939,-0.013318837899778,-0.03401584536642758,0
0.12163373258231235,0.12979921372332034,-0.14264259378746622,0
0.3384598519951907,-0.029329176778864825,0.013401858410787768,0
0.4876455213902974,-0.02900518382294433,-0.06350139273404959,0
0.43505948211887396,0.0419307297533168,0.01151056676368506,0
0.37593352953780346,0.061573770882781244,-0.01866040320521121,0
0.4834742457854675,0.05614299994714485,0.007951734269290326,0
0.2808636597113042,-0.08083402492599684,0.04135265065474006,0
0.21248600995354108,0.07515519885579247,0.12459126041727803,0
0.3663338295244538,-0.026382932993424715,0.19486465234037265,0
0.44780722837684656,-0.0114697891323516,0.21581160272028446,0
0.28186808175952266,0.015403792504270347,-0.014015586981186988,0
0.26224941320196377,0.02890550728232596,-0.04312135869109168,0
0.20370012985403857,0.06370512506022102,0.023239344105680453,0
0.20922202667665468,-0.04237706780356047,-0.01980416338290134,0
0.16745700416854203,0.02238021428953241,-0.012180893390590896,0
0.11062711272462925,-0.07548203903315016,0.06297988974379898,0
0.23540568791745572,0.08961781819910151,0.2232939791054457,0
0.21064013518575367,-0.021284547928373414,-0.03382083768538743,0
0.3498846459412184,-0.05617414652449115,-0.09070146935745241,0
0.261607940288622,0.005845438337492186,0.03646545106818528,0
0.3529537693820682,-0.004329357298445593,-0.10554724274608214,0
0.2802501606855605,0.023423538361937807,0.06751522679072332,0
0.15925230776851668,0.06443851549646543,0.1236820930913267,0
0.07782526789018654,-0.0058294132449628324,0.12680486721976542,0
0.2610493584001084,-0.10083549466867409,0.11154196990399322,0
0.18781235010753594,0.0541162045712805,0.06265843299298003,0
0.3284012769364584,0.07659922197523578,-0.07718955045489756,0
0.06748314347055961,-0.14080819735338948,0.06354549877481662,0
0.436675856000469,0.031773338301731756,-0.050385691015899584,0
0.2489322234518511,0.01708071746202561,-0.002467518163328057,0
0.38737858969545874,-0.013794491176418303,-0.06588430364690374,0
0.24651363827365683,-0.021513131281906385,-3.8285134296478818,1
0.1303199401433981,-0.02551503419183144,0.13384770523527106,0
0.061544556672259554,-0.11125112376777076,-0.22808812829478742,0
0.37286930269722335,0.16639192526418378,0.08412531698590947,0
0.24904435795832888,-0.11274790509313637,0.04213270640955772,0
0.2883370164771009,-0.14434862323132694,-0.158738895428356,0
0.0531825949259718,0.05059869359308177,0.06477137625485258,0
0.3016177044179646,-0.20132997357302695,-0.028044825747723212,0
0.1760668128017236,0.0005784156892356166,-0.13200494647842384,0
0.35859637874718453,-0.1324133090022606,0.0028502174200358606,0
0.12371831456254007,0.030530813688371863,0.011188332977490894,0
0.35320915767920974,-0.1345191689291703,0.1959465607091938,0
0.40122900924455274,-0.12967338131855982,-0.027711139263675806,0
0.2793899979744951,0.10732929176787515,-0.15704327898242468,0
0.37007992386467803,0.09187232763333886,0.02337953008764336,0
0.22731304395783375,-0.09573549801406904,0.14503091302380275,0
0.6369239128941538,-0.056117454054815955,-0.03267908443502823,0
0.35399397495828017,0.06165607161828014,-0.08396346890981665,0
0.36609976245022235,-0.09214298135629292,0.07187992580107785,0
0.34220414868424814,0.02914710350345325,-0.05496620827007031,0
0.41359175019261507,-0.024911577445901514,-0.04237971024271462,0
0.2169503767226763,0.12389072773373495,-0.02153799405104268,0
3.9107990724876194,0.09154258882744855,0.07812641552965677,1
0.29054274071556724,0.09668390819225262,-0.020856043923055977,0
0.038229697666807116,-0.1433623862789628,-0.09230655068763283,0
0.12974606305434652,0.1384415035821218,-0.08040895926243166,0
0.06510679230403509,-0.0356091461265366,-0.12511928766510869,0
0.09672213320661763,0.08849348182762601,0.024562077342611642,0
0.031136387769163804,-0.03873325811112527,0.1281305381711296,0
0.12639889012729671,-0.1898356098113928,0.059113429141251755,0
0.02277181943994265,-0.1134805782761863,-0.12285966852535174,0
-0.08094627382245331,-0.18631973594042547,-0.06711761411628024,0
-0.03179594753381383,0.03191967267955177,0.006980721991776248,0
-0.13498404378421264,-0.18786530410791893,0.022084003605672548,0
-0.10975568537631544,0.07606080642467618,-0.10277685583172419,0
0.06944593096163945,0.10919672656475268,0.11266670327067499,0
-0.30072709300123435,-0.1499194055127067,0.020080264251966705,0
-0.16162169886402677,-0.14115290033436192,-0.09976721474265843,0
0.05626725298443781,-0.054793590214062896,-0.10886329317347698,0
-0.0036210998616676704,-0.015443871964990426,0.15301827468203444,0
0.03652125037086745,-0.06532782386454107,0.05331813721674197,0
-0.07668509640746217,0.07229848691840632,-0.05041824237081613,0
-0.12986639465249714,-0.06843670439572341,0.14613950442840043,0
-0.1595429919592728,-0.07348433815554277,-0.04562673228012573,0
-0.3349753802589578,0.0335843935872503,0.056723201540150106,0
-0.012110544545911997,0.033716707367384156,0.07246665800739875,0
-0.05669011407433653,-0.1670780739578062,0.08980023406018511,0
-0.09776429457229316,0.04313390513835784,-0.00967998511956462,0
-0.029835220878993787,-0.04538633853420426,0.05042964934084881,0
0.08893126402971764,0.0008772655296583525,0.01628281638949098,0
0.23957239889504622,-0.08001111482314421,-0.10869989213351011,0
-0.10829350379832331,0.09871171575322776,0.021029652855426847,0
-0.10961470832038714,0.05614681794131393,0.13355963045965344,0
-0.08013130506059664,-0.13517896839957574,-0.158153635850435,0
-0.10785810227640635,0.08215682735076198,0.009078378364961405,0
-0.17153611569235003,0.029044614875710303,0.192599377965557,0
0.06817112251644991,-0.06517297412678164,0.08666542153351878,0
-0.19745855026416456,-0.029587887798597775,0.03722263111678555,0
-0.11275499778311335,-0.1396802931559629,-0.16624388693702885,0
-0.2890831541964119,-0.0637962966237445,-0.15413924745400548,0
-0.33555024089136126,-0.22883674827898492,0.03200129285538194,0
-0.05019805278920486,0.1024732178435972,-0.13889919408542437,0
0.02654164035149076,-0.11606327892939378,-0.004062501972889513,0
-0.2649844047609403,0.03290721327414941,0.07623842925375326,0
-0.1713989375570253,0.020470823081870634,-0.059931331469375626,0
-0.20013298313044084,0.06784843742807721,0.035920908724528536,0
-0.12482816213706202,-0.0029845371211222656,-0.0648855088292528,0
-0.05257405145229829,-0.041437388030509614,0.03465011276870008,0
-0.2512896633613124,0.10458522469470617,-0.08045125508437306,0
-0.4779070450309101,-0.06836639621752712,-0.11254260400532586,0
-0.4942396983418008,0.11457396594280274,-0.056927268181255736,0
-0.31053235340539415,0.012351471826478569,0.06836923406414679,0
-0.39056180388998113,0.06605425927027872,0.09446960105111207,0
-0.474181874563132,0.04209382973617828,-0.01553846357867164,0
-0.15047093611016957,-0.055167709135924496,0.0865546914702993,0
-0.3380351737755523,0.04915155984599809,-0.1561479519244903,0
-0.3107259558368165,-0.19470849204879515,-0.021436907238023217,0
-0.29245306579116004,0.03761790175242953,0.07078657162292483,0
-0.16611474457104,-0.03168971536055653,-0.018868991750393214,0
-0.29105702172327697,-0.007429936723648282,0.014637059012376722,0
-0.20778615768717726,-0.10010316332256922,-0.019317799558809218,0
-0.11206661045259636,0.013406046737672131,-0.046562968955403766,0
-0.2842460697039567,-0.03552618297590105,-0.005120266551715831,0
-0.18096661918966503,0.07104907147198457,0.10517905459396784,0
-0.09969607720801786,-0.047394042375483475,-0.009564474590669511,0
-0.10870225278718881,0.019679856655614454,-0.2118748395753754,0
-0.07017841724974706,-0.11282674309181157,-0.16891328779872872,0
-0.14035675413925225,-0.2611965550580929,0.059806429597901806,0
-0.323777518320086,-0.011258949610855003,-0.041850096537240755,0
-0.053494195534399935,-0.030797831068160336,-0.15506724106121672,0
-0.17499058431383457,-0.03498039446815601,-0.03661271577797267,0
-0.31718263493076626,-0.03497249187121355,-0.022858216876383054,0
-0.4777582055084213,0.043031470097389196,0.09086389984496675,0
-0.47519568094219883,0.06408144615014194,-0.010983885606259524,0
-0.5942992411553729,-0.05820444072137068,-0.029424697153144122,0
-0.5742186781358802,0.033019243610376614,0.004886980134688999,0
-0.614214473903386,-0.4059239625704086,0.05387159091363217,0
-0.4969690883628991,-0.13977755070656464,-0.20751925299612117,0
-0.40438170213416347,0.024818511903200474,0.12495999015866505,0
-0.4799125069872709,-0.015596097364026455,-0.07027303708027492,0
-0.49289318744240884,0.03418977951204759,0.06413342844661686,0
-0.3396370671712873,-0.06559166103259076,-0.01996262512077987,0
-0.15989572007646574,-0.12777804486960195,0.033843484663393146,0
-0.22184296106380183,-0.14704145476848998,0.06099425997363668,0
-0.27697988404883406,-0.03224536139906193,-0.17384439182436062,0
-0.4041973093842767,0.10937689629922293,-0.18067043114517056,0
-0.23642069781089564,-0.19965748977226666,-0.16309158485045439,0
-0.24293619158231977,-0.044279724297256115,-0.005999065107297076,0
-0.18813238478369992,0.10827868331682607,0.08600102161792347,0
-0.11711194025867908,-0.03238875326272236,-0.12756947680118155,0
-0.23686877657527755,0.15483484474639905,-0.0532321769433238,0
-0.21562904628597981,0.026774230940767065,0.03624694720527991,0
-0.41101999863268285,0.06110754268689518,-0.17621988473532962,0
-0.5553195755006008,-0.0663049824726082,-0.005464917699280049,0
-0.5244372105499535,-0.09711147516716223,-0.20640608715270203,0
-0.4987029020786247,-0.08486142698769955,-0.06627390576024533,0
-0.5385891486890099,-0.004805721995651356,0.07292996903065896,0
-0.2536606577740928,0.13194419770705962,-0.14850590453803095,0
-0.41914238908476714,0.03416145064542336,-0.04663366337278243,0
-0.32065877282385086,0.13885753170991136,0.13152961445005495,0
-0.21736602443691883,-0.07726388787239762,-0.008843906343083605,0
-0.7421482014956865,-0.11571540704767647,0.06406778498654678,0
-0.3933700660435531,0.022857945792091612,0.05335801908023549,0
-0.6082732450916903,0.01921292223484015,-0.07232698996898472,0
-0.43131465649485734,-0.06290732513294574,-0.015558388904394893,0
-0.3198789505079785,0.04193895344713733,0.06265964273123202,0
-0.21419772580609703,-0.13847942901049923,-0.0014348904276188447,0
-0.3698226564157526,0.0664380904951617,0.037166315860732435,0
-0.335938191178064,-0.05115474742718981,0.024701385992411895,0
-0.1755733665958232,0.028973904583646133,-0.19457452490137866,0
-0.2104787749460327,0.053969786800934394,-0.10156777446333992,0
-0.20327555435057254,0.03898388660766869,0.05842894734850981,0
-0.3517248443751949,0.10708023005631684,0.07862292946649427,0
-0.24033886731108545,0.1653345941238471,-0.14332182173565305,0
-0.3732046437307208,0.08061327141348405,-0.09800386569058935,0
-0.0620004011242605,-0.19327831988483216,-0.05712085421534916,0
-0.2576494404419996,-0.06934137491526403,-0.05377163363144475,0
-0.1239070096533764,0.12123713400612855,0.07937915598651257,0
-0.2780494069361595,0.01454649929521362,0.033071950899300005,0
-0.14451454758775636,-0.3191688921357373,0.07961354890809191,0
-0.34389712795170047,0.03560082541171053,-0.018100306816280345,0
-0.12895651485822054,-0.006429217876128968,0.12249872969638109,0
-0.40026625391835324,0.00372120805071411,-3.847832613583437,1
-0.20208680750738223,0.19961205128494885,0.09708791966384904,0
-0.2987149487544182,-0.018131982422341802,-0.007487800144403051,0
-0.2296987333170937,-0.027919614148793917,-0.024201741938178083,0
-0.4197921721241784,0.0051910639092384095,-0.0491065325707317,0
-0.40432031468638546,-0.0772466455050687,-0.03846650570615259,0
-0.2954004710914937,0.0032127703832883735,-0.015127003178280777,0
-0.3630853579922306,0.05779599274610438,-0.058230590160076694,0
-0.4191550558236762,0.018931911538593013,-0.0001566368401558698,0
-0.7076047098633284,0.06392687276527236,0.08586113293200165,0
-0.2920156712300843,-0.08885775336469287,-0.2161141413314269,0
-0.3716809704761125,-0.09891525198790047,0.1632152969072963,0
-0.4261789085468179,0.05825415720068625,0.23724959888889383,0
-0.7048415475246996,0.2680649015232322,-0.09823063246182469,0
-0.564318399087173,-0.005764930476030126,-0.08893593823673838,0
-0.658082215627896,-0.0723209895273423,0.20636012683568744,0
-0.6024807161699777,-0.11096722584786048,0.045657135548452334,0
-0.3785984036071539,-0.08833625654981919,0.05049103342230267,0
-0.3881269620524384,-0.09503900658715138,0.05790752386867583,0
-0.419664302257279,-0.04706625605149195,-0.11627230436788061,0
-0.5206609682609589,-0.007058730011700368,0.3119540992518875,0
-0.27028294324911706,0.015938072376059736,-0.028732843538850597,0
-0.23684528419313944,-0.10956741424782997,-0.12717993054228757,0
-0.14154861744563682,-0.11719809478427792,-0.16192309615639805,0
-0.28217013220919496,0.0797043551050875,0.026345147382167557,0
-0.2631421288834609,0.020152852335281017,-0.08483237927650357,0
-0.0484127417460182,-0.11998343343173441,0.2173375496925155,0
-0.19187679862282392,0.08427635057975175,-0.0009176731310298919,0
-4.173766214163707,-0.12213255808784916,0.08395127160244958,1
-0.3025197849752883,0.0812964923964607,0.027240423557451696,0
