D1,D2,D3,Label
0.19027387119879996,-0.03394107610511953,0.05737775692642826,0
0.1512805509650278,-0.04133570040893578,0.0313705166768312,0
0.23266460662573663,-0.1673023113817248,-0.03440758028856245,0
0.0985321021045882,0.11913534277381051,-0.120573128706959,0
-0.033037210435410753,0.12837005496540407,-0.068601136261993,0
-0.09752159969440324,-0.07058379366804933,0.08446961663405926,0
-0.15583449025596013,-0.013205512934927569,0.02671367449207536,0
0.006382820958147564,-0.039505141576454336,0.051728216868487435,0
0.02948347167446788,-0.039085854039202984,-0.012554912919449535,0
-0.03693359579524577,-0.028634284249529275,0.11642399500687357,0
-0.03327999560325924,-0.013982907482869842,-0.11940017618048314,0
0.0037238474879339157,-0.015441065533767874,-0.07066789203546107,0
0.05891706238386147,-0.04147677834955548,-0.03623257912933172,0
0.02854046107461977,0.09817969586318659,-0.03176392192687829,0
0.25630281772489194,0.024412820608255066,-0.09127209548779688,0
0.13826223507147903,-0.06860303631126277,0.08342630079562649,0
0.17077242939321752,0.12757607776708377,0.042501328742807876,0
-0.059655709261869486,-0.0482055842575774,0.020600505004414293,0
-0.2926785512355599,0.23568725671840585,-0.15768168880654299,0
-0.10250876918821797,0.012293412018463103,-0.07769350956168541,0
0.12630178280893053,-0.07831797468250246,0.05277364300646486,0
0.046534453952153165,0.24629802398411704,-0.014832327784341024,0
-0.0745917487371946,-0.03902364401642542,-0.08830783626300022,0
-0.08135629312903717,0.14398351866554848,-0.13051570114787536,0
-0.11848725593780893,0.10808694794716085,-0.06681259776848307,0
-0.1291006202747206,-0.13000273102336157,0.12766520458871597,0
0.06962574536945251,-0.039367854985656564,0.058672794435379386,0
0.026571196062201905,-0.16093736732103817,-0.10442534367276313,0
0.17828102825279551,0.13095691554777256,-0.038259171094353145,0
-0.04711149808668871,-0.03895106890668301,-0.055976781198218355,0
-0.031891162331589805,0.13546335321497274,-0.021276643236769165,0
0.06234665108614275,0.0555483042347677,0.052848611170702386,0
-0.10168224075379673,0.09782896194696561,-0.08530826080306567,0
-0.06122803108352613,-0.06142169547726195,-0.038918877008346224,0
0.1189277969920684,-0.20361307690515612,0.04593560534621752,0
0.0583781583722677,-0.13781879801463798,-0.13098411531862492,0
0.02290417753442282,-0.020640730357943362,0.04695310413291701,0
-0.11937857548025724,0.09179907231910661,-0.0032960758558700795,0
0.10024218420703843,-0.10044779906190063,-0.07593721289976145,0
0.0042446303420028975,-0.15944390234166744,0.039729538371709165,0
-0.027826932354035293,0.08463513086575622,-0.0996286290440564,0
0.006021340232495488,-0.1948145175708076,-0.010739011262744985,0
0.02294757241702127,0.005336748163128353,0.03350968632067802,0
-0.028478268163556936,0.11346891518659846,0.03840002067132145,0
0.05782704933947776,-0.024217632421511162,-0.0491738782567237,0
0.10215799814367646,-0.0976350174420973,0.0010858668268087293,0
-0.18204578083369405,-4.131964679927259,-0.0006371888357358306,1
0.058544234271901086,-0.11086510864222501,0.05453906966716863,0
0.06775861476310988,-0.004975916334288846,-0.15552285137481242,0
-0.011155292015051162,0.11648540133921965,0.02625792520170725,0
-0.09647267893626901,0.048240903969936536,-0.062168985666850154,0
-0.059884528317997954,-0.001578160762885728,0.036098497932547075,0
0.03295953325520337,0.03922797401698903,0.07159138437895222,0
0.040615693536690534,-0.165370706526019,0.06307318923445278,0
-0.0820431356690782,0.0040888628399856,-0.0798248411261642,0
0.09816786069373831,-0.003550110343003985,0.12425544046729863,0
0.04319320463314466,0.11945464480379026,0.0765292561599919,0
-0.013077119416296593,4.447303474389551e-05,0.01745975882691591,0
0.110629251432194,0.05015452090842848,0.030465930431631805,0
0.08547076190042491,-0.05595301110046863,-0.055991059050229754,0
0.01944436717265197,-0.022384815974455748,-0.024692289863142123,0
0.01029906007433375,-0.016110888770457774,-0.18135934912173712,0
-0.03993690065654412,0.059888698250254,-0.03517087313232825,0
0.01862014645144172,0.005524178595172899,-0.10354439040943429,0
0.040450331026809706,-0.07351982381213971,-0.024684435677413838,0
0.07878176431139863,-0.06252225514160023,-0.01537133296251855,0
0.042969231492160025,-0.030865009243581588,0.05622959636436713,0
0.10123722297500726,-0.2842280271059331,-0.1285183307398644,0
-0.06266953542843545,-0.09171855164746379,-0.15043089013005345,0
-0.03745841392985865,-0.128084580775269,0.07815607772420617,0
4.168267751953537,0.16342067254238232,0.01128286307876556,1
-0.0018729553872207164,-0.02689646729511639,-0.10030005833313936,0
0.021769519108085104,-0.07701506318237866,0.04115148945557351,0
-0.06918013949852436,-0.12095857001341395,-0.0725827569371047,0
-0.2453939832488951,-0.04354870962218687,-0.03768688690146805,0
0.08511311252369437,0.03544249036458014,-4.802580281695803e-05,0
0.021424780502991445,-0.013507715065496287,0.17410245264488028,0
-0.02451917957549226,0.0788378154580094,-0.04634222497922878,0
0.0761815008544251,0.2133257903219671,-0.10223227835674763,0
-0.01316679083456531,0.1730625290841864,0.050941302611334054,0
0.1823094045534634,0.0011139822607420648,0.08176990156027594,0
0.027289038467763812,0.1722264801870952,-0.15165562403739133,0
0.13646632946908205,-0.19050985656593075,0.0719732888573129,0
0.16170360990960778,-0.24993025355660783,0.05172031262148785,0
0.19588713522808285,0.10440464814990183,0.012503062847896405,0
0.13483625417050082,-0.12029024066391754,-0.010380028397014109,0
0.15349892910571175,-0.14619329775359025,0.0034270350178355873,0
0.02226318355308804,0.045111001047641125,-0.03690058285436076,0
0.09629022026173539,-0.03789271956168008,0.09761951183661523,0
0.13765689612273424,-0.05285772420413975,-0.12167876098707098,0
0.14379356730746048,-0.1744963001389925,-0.038088658483272135,0
-0.06716624417560668,0.20476395303617792,-0.12429847030834451,0
-0.2843228697342708,0.08557785078976742,0.04120878250969955,0
0.05920245296179852,0.1322840104624503,0.0889030504948597,0
0.03332079538358043,0.09717122558211592,0.135837891277623,0
0.20364820280643195,0.1286673415273042,-0.043570397910714403,0
0.05888945090569853,0.016371839213683535,-0.044340094155242045,0
0.022536370967236694,-0.13014107610115672,-0.12437863560482897,0
0.1991714561854321,0.12188222046655502,-0.21671482356871744,0
-0.0027819798223765527,0.08409994767729054,0.07328571696491258,0
0.15205845762751985,-0.09336678984237087,-0.0342108411062791,0
-0.12114186774722634,0.024311483632695512,0.034264033104053467,0
-0.0023978716325230368,-0.00027299840610623397,0.0034473764352305073,0
0.025387901446633748,0.035213841857378914,-0.13097979453118028,0
0.12475753182682178,0.06446332359337413,0.05451113871225304,0
0.006800293221598669,-0.06535827266672184,0.09916432879147125,0
0.08658230261906454,-0.007261984003184387,-0.052503720532811216,0
0.2156642885127499,0.11894463661986593,0.08473258079384842,0
0.14373009700804795,-0.06372026884848768,-0.06200667763660737,0
0.15008230906378156,0.07079905010356781,0.07188616295371085,0
-0.07866661616691499,0.0359253423423562,0.01813700434864458,0
0.13903793347632826,-0.05900008791992432,0.10706536177099886,0
0.11943566434502978,0.14967668831240705,0.06458534684985776,0
0.03924542246709514,-0.1477981580128967,0.053264791981247867,0
0.13479150194400646,0.1485748986942379,-0.09174042475627284,0
0.09033425015984163,0.21293795270268526,-0.13725069427382408,0
-0.0009755106475590469,-0.047702444930379166,-0.10507622740600638,0
0.19439367059772417,0.05604628138750853,0.012879025800041364,0
0.12796388760940494,0.1805000956544216,0.021452108743475393,0
0.15306807584723986,-0.020749340832376638,-0.031296502093818596,0
0.08598288710543213,-0.036735084128226764,-0.022011332622967696,0
-0.0368186559498503,-0.0579631386291281,0.24632325975766026,0
0.14613194594115592,0.0016236541868097538,-0.06925834504777778,0
0.03555273316055033,-0.009943298220407532,-0.025139124059846252,0
0.03158915283357871,-0.025823342373372568,0.04747668908618366,0
0.1616280159372116,-0.1886773920947823,-0.08488784475112832,0
0.2424843369453809,0.17602195247967345,-0.006894140351282909,0
-0.02347776403106032,-0.2084964544568958,-0.06590671926668705,0
0.10795508640344487,-0.03339569254144714,0.2450998512563611,0
0.13576910649935398,-0.018407963415115264,0.05026788104163328,0
0.21586813960224155,0.06423769481780166,0.024876413449738302,0
0.06185481228952813,0.05247012561972626,-0.044637351095409894,0
0.08472638091118996,0.01795759984725422,-0.12249249882878505,0
0.045322686777524754,-0.025678110509100568,0.040778206384099874,0
0.22351022195288173,0.03368661259720583,0.049135647143329075,0
-0.2289686869764797,0.035071858523318206,0.06536316886988512,0
-0.11599605114187322,-0.17155533572655332,0.07217136895041677,0
0.026858375967154485,0.1466457447314029,-0.24698362575791252,0
0.05034866643728935,0.03679159538375681,-0.03258071331070416,0
0.13009034828867405,0.09249983261111511,-0.09998578359880782,0
0.08287047054811286,-0.022568069901444852,-0.015779645736337035,0
-0.014324790921514785,0.050703216564900844,-0.04446531007489101,0
-0.11785124215985553,0.08634949463345637,-0.1363685797341475,0
0.005959402597773,-0.12287921739962103,0.0019086269086909264,0
0.05821985244811916,-0.03883407876517497,0.08766305616905323,0
0.18622017615086578,0.10894200123432765,-0.0847873318790373,0
0.273969150886501,-0.05587020022808412,0.12816393600683065,0
0.10255541404288601,-0.09081150990403365,0.12735698393423986,0
0.24707576208172932,0.09081799664120105,0.1475183871008136,0
0.09825521718005302,0.024579121162099548,0.005766632176728101,0
-0.04420212172826886,0.017745908015316763,-0.020473876084910577,0
-0.13321306704620323,-0.0671138104386143,-0.051537545515634886,0
-0.029096299861813404,0.22829285813747893,0.11479585321390517,0
0.12845967991898843,0.04676149040817184,-0.08184001225845619,0
-0.005836252027786468,0.10201056282917194,-0.03140828478102788,0
0.09728458878308247,-0.012811424575070991,-0.24830679836107847,0
0.23105596834994904,0.06360381789174642,-0.047874962441415675,0
-0.027661642706515693,0.08515210859722169,-0.046889064857353835,0
0.15874876269748872,-0.10128348088330222,0.027049264915600554,0
0.10074497124218146,-0.08290577896515999,0.14458723550579367,0
0.023193247169922313,0.0253834810844472,-0.011649431842422798,0
0.2296481509802313,-0.1540873826800096,-0.08048545072328603,0
0.21258801868434182,-0.04601769783481616,0.22370735509299952,0
0.13596858968446413,0.03895403574392381,0.046926100092065486,0
0.2667897439611695,-0.07135935292154004,0.12539397082826995,0
0.04821370851866628,-0.16256063638628482,0.0362689698309675,0
0.028804952543481935,-0.04593177660103438,0.03163001540591215,0
0.16672379151055028,-0.0458204858687138,-0.004460115183420081,0
-0.05157343940145985,0.1625547160360922,-0.03719329046888802,0
0.2508394973494988,0.05172589337222658,0.05348748963264919,0
0.2492181786280887,0.08296098306394573,0.1487881589287041,0
0.12440997539406982,0.03903343349257856,0.02914954397785709,0
0.01752934171589461,-0.015950621741716582,-0.05550025111135233,0
0.09479359695990848,0.022031445101847714,0.08036365039513585,0
0.11314240504961603,-0.10303749849095832,-0.15644601238357428,0
0.16028540783486156,-0.04272952842883323,0.17239216472455374,0
0.05980253557071842,-0.1239201668043523,-0.04124030396575646,0
0.041153514120093354,0.14232068148538204,0.04728877780559012,0
0.09584011035542578,-0.04607320979626713,0.0510823385850003,0
0.1980057292424941,0.04656444218863024,0.2106760155273409,0
-0.006706722190639072,0.09421702155194378,-0.058448167085968554,0
0.024340839830591016,0.1011465209532769,0.023670201450210256,0
-0.024766038132553875,0.00988712377279931,-0.011243239393908588,0
-0.07886461880543748,-0.20443455460709928,-0.016381054624237095,0
-0.1057040644564232,0.12640499412574246,-0.06803454480410208,0
0.15448889323476714,-0.09469543741960645,-0.16944422737848353,0
0.21905367744864152,-0.0790931989581265,-0.047432915456532145,0
0.014311207199515605,0.10247971371507257,-0.0035233849837677023,0
-0.027358013979276966,-0.050655859945974796,0.08162584148402321,0
0.05312019791918762,-0.11964260066932353,0.020536968404280705,0
0.05180696920339057,-0.008797730584794114,0.09637826570462742,0
0.06971485059948689,0.035564438974684295,-0.02228850677451607,0
0.15130310499617328,0.10939026453672962,0.002577846307103758,0
0.00504989416626779,0.010574250428989483,-0.03204855267838717,0
0.045845436922438865,0.15996393185750998,-0.061679182617467326,0
0.21349657402529995,0.0318505699952542,-0.04506340335589462,0
0.25066739203018507,-0.04957732261163471,-0.022513344000534077,0
0.06546829154165434,-0.04365497892870587,0.0596893436309551,0
0.0843832536773638,0.10257342308379194,-0.03588828143212665,0
0.1980490150636322,-0.08439900871071315,0.11855136045806428,0
0.16565047475191236,0.055759006065897655,0.05003983875322482,0
0.24269129115896568,0.19295761232487987,-0.07888056619247535,0
-0.003531887084951696,-0.10063728315429683,0.09655985873713577,0
0.15118208179539902,-0.13177469185636742,-0.10886102615009577,0
0.15641049386966152,-0.044353561156834226,0.12897881567529154,0
0.06909476933111865,-0.1612383463438935,0.23824126588469025,0
0.3908915848730444,0.06750549063524246,-0.015570662921087592,0
0.07820296662055043,-0.07307738876846963,0.00726203029561255,0
-0.06812972769629473,0.12738285676057928,-0.03076879717004577,0
0.11939711440452119,0.07473546625432319,-0.2276853760621406,0
0.12771752480697363,-0.09513567630600367,0.028013247413100312,0
0.05879268992854593,-0.0194894038739475,-0.11759671368043408,0
0.2751373243589359,-0.05216684587568665,0.20145778345170978,0
0.061101342500329614,-0.070162726998861,-0.15955466555690798,0
0.1718835970623263,-0.008649913429486577,-0.07576229268933848,0
0.16571227999569074,-0.03672383599953378,0.11345464715941285,0
0.09743199616046147,0.034146277676229984,-0.06348889305986705,0
0.1895905003742935,0.02180358662209305,-0.1373295069306841,0
0.19207742928289145,0.07127552913745605,0.10756757533883815,0
0.032508863454143444,0.09929642914317711,0.07431838151070692,0
0.283482166973665,0.08377847859085737,-0.09170422409511653,0
0.06223015983415965,0.17845164161303542,0.15349165554095556,0
0.05225508765673709,-0.01707106181366405,0.10179901653303924,0
0.15339423427723994,-0.0814705889553124,0.1995301878531966,0
0.2945509648283374,0.07290884906676895,-0.16330979104744398,0
0.19006432632399103,0.09691193325238985,0.1110240259793277,0
0.1988495702641043,-0.08774798567666603,-0.011124903173102304,0
0.17648620886506622,-0.0730769714706314,-0.16564993899869562,0
0.26459552790838736,0.08247563633973852,0.16002274637723127,0
0.20031788791034977,0.01888832700186534,0.09148325066471867,0
0.2025442106223873,0.24055830547461224,-0.033303044201349996,0
0.1051104438631876,-0.18104750414257476,0.05682275286923036,0
0.009031522295081862,0.10936171273031683,-0.08667010654578072,0
-0.018372395707505568,0.11596840123910575,-0.038764270281180624,0
0.16205046110750987,-0.0014260679193346024,-0.2403280715718025,0
0.26635544435296765,0.03860140612732141,-0.12169465947429128,0
0.22934829698046338,0.08204479688756776,-0.19817997490217198,0
-0.039907117197316766,-0.11123804904631847,0.08689199346183778,0
0.3867739216658165,-0.09361700415187471,-0.07256998747675118,0
0.17863841103568157,0.036496522955156326,-0.13263010164817238,0
0.16682405455380298,0.11046510778384158,-0.2164821746138857,0
0.17542737004040343,-0.06703802974541517,0.08236536690308352,0
0.08644404800801772,-0.03378451317601144,0.01174757354747118,0
0.10973432833011175,-0.025691968331419835,0.015765528557771368,0
0.05848047975766055,0.07216701007531522,0.19015989311584058,0
0.2833181062020942,0.13190999702331527,0.12175765719030188,0
0.04593920897450188,-0.007472806721126688,0.041351469622859044,0
0.17885874797852716,-0.07618445497331355,-0.04796067813602413,0
0.04376647595219338,0.018693040224475235,-0.12299799209902645,0
0.2169470104698359,-0.035523561325248816,-0.08348862106813831,0
0.05727917449224876,-0.06540315163608655,-0.0021219229387471937,0
0.0660801199557336,0.031099809805611264,0.08123036765287492,0
0.1326682273744509,-0.03066518441639799,-0.03075227775707432,0
0.13549884770358983,-0.12225017973438071,-0.06978958462230901,0
0.09714540244989545,0.048681075628482305,0.07474382205829909,0
0.07089615657709684,-0.03487467304240455,-0.129630478991796,0
-0.029022465284368804,0.026894580868729097,0.026125815846815142,0
0.23975187654618596,0.1422489383164306,-0.02776228039141114,0
-0.057836151127771185,-0.021637769186021588,0.09674501064180355,0
0.181170136577238,0.09275237402381749,-0.15905139874241755,0
0.32091988241645175,-0.19268685297612087,2.321950066633935e-05,0
-0.08170038331525845,0.1660839418733462,-0.03313951894702101,0
0.17978612616274356,-0.10931910841401105,0.20651939851162898,0
-0.08134652645478602,-0.055272999005095885,0.1617232355580254,0
0.012736972314118938,0.10515548382396217,-0.14707399909804567,0
0.08719866957241924,0.019136630303064398,0.049385890442983874,0
0.26520252152148505,-0.08045222271347177,-0.14842733703803812,0
0.11337353832552986,-0.03315548180670998,-0.08315314471160752,0
0.1931120057012915,-0.06149876660926578,0.06717947984238058,0
0.05594568884364587,-0.13634052505883193,0.20283868636224844,0
0.06831353597848003,-0.05790913562507499,-0.07679548915958795,0
0.13111965791757413,0.07882574481691962,0.02687307531236471,0
0.2198093528201263,0.06460809336604094,0.09275804351493476,0
0.23967892404000177,-0.00419270185922735,-0.13133046317607236,0
0.23609968489393424,0.10633096783722501,0.059551378536412174,0
0.15455281438450003,-0.002604445204003392,-0.1576016663350646,0
0.2553470057229714,-0.11275612702593261,-0.0144113347249301,0
0.10710693206344678,0.1204547193603181,0.015164170891840564,0
0.18353722298174813,-0.039961209573212114,-0.04820073435711486,0
0.2715508609079583,-0.09752027237858016,0.24492488809485125,0
0.317532184295062,-0.06461292652439182,0.18138148481577776,0
0.2510149127784059,-0.009258469315052585,-0.045120700218768454,0
0.18023337921257235,0.07761320113037269,0.14468860438810005,0
0.12085747612554038,-0.013540679901693843,0.07095510781718432,0
0.20661016981679284,0.04231354445238747,-0.059729130874468364,0
0.1246811031822711,0.05896424663432864,0.0879129633308146,0
0.2771347117182621,-0.041467085004660266,-0.04624059859820861,0
-0.08294806939285246,-0.022931428840981607,0.12329243058473385,0
0.05933185198028067,-0.03989639718995494,0.1432754763048862,0
0.08339572815025538,0.09760316214640612,0.04949463652423954,0
0.2459199606133459,-0.15664043261976307,-0.020733994472901696,0
0.06823401793061293,0.14249633915893475,0.1423080650407976,0
0.11857488251726414,-0.13251398948124105,0.12002233530654056,0
0.1779556413104227,0.10095973321964165,0.2356455045371753,0
0.21822796346598508,0.02871850659503186,0.03548791283300846,0
0.18993305675836245,-0.06408752707718228,0.023848774788177367,0
0.24128675619437126,0.07870304031345357,0.0360517144301243,0
0.35488231667251235,0.16081777502290467,-0.05054645889741728,0
0.3623988397587762,0.10350743323010166,0.1411639646974946,0
0.1227162468009381,-0.08304060290958631,-0.049658983678147604,0
0.05597718164261577,-0.0629154814048913,0.09876587299291638,0
-0.045497386207548424,-0.1021650784386456,0.07925819331789377,0
0.11319292125538205,0.08364175466849874,0.13009852625491908,0
0.1916183802044132,0.18249487225399372,0.17017968812216636,0
0.2307440603006337,-0.10639755797901429,0.03321707538817585,0
0.2442593764800692,-0.052545172095437444,0.07963553637739373,0
0.2974208604912317,-0.03645391848703135,-0.09792646974547625,0
0.10670657125211636,-0.017439484476483465,0.030040421712254125,0
0.43306798614607944,-0.11392107047597065,-0.002054860266350894,0
0.3629245954639046,0.03153863189917075,-0.17956643592077046,0
0.15286846058467524,0.253971958479422,0.13036538866794903,0
0.2792806262400376,0.08810482319255343,0.003823624540824857,0
0.12342233512308717,-0.0947270037602095,0.18213690374654273,0
0.04669120588744685,0.02224025651340075,-0.07896864068068479,0
0.06725018730179744,-0.06497956249082917,0.051042574715445835,0
0.2248289513636649,0.014313919431552144,0.10834296547356884,0
0.13989477729414457,0.02905373956414477,-0.1501224706431007,0
0.2817935367582161,0.08411998422756436,-0.05391626356937921,0
0.1459980331892916,0.04932421089628857,-0.0320550374797647,0
0.16065675508785937,0.032488652097255294,-0.01950754260543744,0
0.15070373307854254,0.15276347063529058,-0.048660186230509286,0
0.04574030484621436,0.055934515853731985,0.021318531140187395,0
0.266509106128796,-0.0638175451241184,-0.012277577830414933,0
0.18635758734015204,0.14721107047606027,0.05296271659183188,0
0.16736997347258004,-0.08130459697399833,0.039868670720107,0
0.38621570237304886,-0.16983691351530228,-0.05346433581820355,0
0.27527080208289867,0.1281475452133834,0.11716708258488323,0
0.10068879827855959,-0.007780972400040848,0.03646784421913809,0
0.041852182913575564,-0.10293026773575427,0.0673802596008472,0
0.10374412387246293,0.054591837055626695,-0.15371781988051278,0
0.11652826534418266,-0.15697820297206244,-0.013953366284025829,0
0.160581698445876,-0.10918860499412189,0.094276021925474,0
0.17337956871678212,0.0716822364169881,0.07102202444495802,0
0.29377118220393694,0.09113171539247468,-0.1761226344754266,0
0.3854959380353599,0.017265228374851536,-0.08459229173146936,0
0.06228625665455162,-0.07012001873040241,-0.08842500885056327,0
0.3679937078793264,-0.098631913002626,0.08390166704467851,0
0.4074535600948579,-0.23038232976322442,0.12615959471601954,0
0.22032102159830586,0.0753810459890435,0.09211882787971776,0
0.08192733873703026,-0.01666179072022909,0.08287886272575051,0
0.23723383604818765,0.25675733791796324,-0.1064948922705542,0
0.0306084973278484,0.004170468270950341,0.04933157435686597,0
0.16047992097530367,0.14703598688683125,-0.020428956672777512,0
0.060538178958625594,0.006827157340067752,0.042829990023476316,0
0.19072086108533454,0.12868051780566545,-0.06764706355700394,0
0.3306171246770198,0.09340696372934168,0.13075964669141668,0
0.21697203734539494,-0.2021408274399632,-0.024877275227020733,0
0.2580440135175317,0.1933285810140213,0.0432183388730762,0
0.1279888854255284,0.0654430202122232,0.09160761757430924,0
0.20426847019844047,0.005813792008921146,-0.008750059749012237,0
0.22602550455782866,0.047217160023742814,0.007316858408263825,0
0.29830178921781136,-0.08252248417140269,0.0670729489578899,0
0.40767944997857597,-0.05730163817032268,0.08190015010782886,0
0.3162337629345658,0.07484926591562598,-0.03588121900597568,0
0.42945389740802864,7.01834944698579e-05,-0.04338554400272241,0
0.24998944273216042,0.2631919979629683,-0.09432160094715886,0
0.29543942787359234,0.09435394304915745,0.05133704841556156,0
0.10917210758075074,-0.10959761747006698,0.03237440331745665,0
0.23424611482233942,0.04848125096691109,0.005312469891813109,0
0.22497651371740887,-0.05332247269211646,0.126537168147692,0
0.23047900679074199,-0.005623856538330728,0.05397455187433993,0
0.3179120353811835,-0.22195726785298647,0.04028676504673349,0
0.07820064212424666,-0.010160392420522898,-0.06126111168686274,0
0.11504558653910152,0.09583118406960407,0.04440345398203067,0
0.10346800695816773,-0.14280772236595546,-0.05355127595075537,0
0.43250559139623007,-0.0665890806534486,-0.13079723798668827,0
0.2035122221570883,0.1927508095480759,0.05921272455104958,0
0.18095429061158813,-0.06400985611053782,0.016692129853622385,0
0.3012861679971408,0.013462407788525775,0.08888168523004267,0
0.3381515687952741,-0.07349115669596888,-0.05314195811750011,0
0.3130082793178256,-0.01231653890403376,-0.002625599595182734,0
0.24583891915773293,-0.1739055102592376,0.16393827464045113,0
0.04738373615082467,-0.07051712861772855,-0.03763901551124703,0
0.2545695339987555,0.05425853915555456,-0.07536759990493914,0
0.3713844459843241,0.004729611532150534,0.09623972960854416,0
0.2978266031124608,-0.021423309202577026,0.02314621008118059,0
0.16790547591793548,0.07607779890483185,-0.13604170145666458,0
0.2982822630768604,0.019090532084944527,-0.04128863159738783,0
0.23218692184102444,-0.05063368200898443,0.007904735298369433,0
0.28655976541954226,0.016162189082482577,0.16518025306959838,0
0.02490730853455414,0.09079986312205669,0.044177802402976155,0
0.2176058256692322,-0.03267913261881429,0.008042916487210698,0
0.2993569898424362,-0.1455359337009095,-0.16809683305479303,0
0.31180813989636613,0.10523112176049652,0.02772945874684444,0
0.29157521291381217,0.0030848779888716146,-0.021375597222221637,0
0.009889667614102704,-0.044595613712759434,0.04342313626741053,0
0.10555693846697028,0.021015004001005352,0.105228040371879,0
0.4066177880797064,0.0216953377910298,-0.03358778350804297,0
0.20260145378812913,-0.21003193992766267,0.13010929035715604,0
0.35160538381066064,0.0766428511631284,3.955806161574852,1
0.10186552833025309,0.22888874219240962,0.12511961260839724,0
0.22433996601250994,-0.033871148613311745,-0.12693993692067282,0
0.237457878840226,-0.061110306887887725,0.09107949736763607,0
0.41685476914194985,-0.18936117020464396,0.12786963079755406,0
0.37229272092939847,0.12414659977614353,-0.04525832636912591,0
0.26578304314177537,0.142007610218634,-0.1390839896023157,0
0.25228924401198294,0.05345707410750033,0.04769962259765771,0
0.21003147098862845,-0.0013234912145021975,0.20636120079697,0
0.45198512811757996,0.0998817996961963,-0.14484528770470492,0
0.15895621907933602,0.1268763075304076,-0.04876490392824229,0
0.2929184468212229,0.16830758213687202,-0.13494699302520985,0
0.2788220665910811,-0.06372001192723635,0.11568767741480773,0
0.0251909821059004,0.178410568824154,0.1290972122240672,0
0.1302952874929987,0.005770033556568188,0.062349853472719055,0
0.19629900695169653,-0.07329855721241467,9.658813080716522e-05,0
0.35980118032958924,0.06217982223692216,0.03258812449496331,0
0.27335271610741874,-0.00024155669319797648,0.1969605188189289,0
0.06335656821725755,-0.059282248116255855,0.06488723389024197,0
0.048046242735336114,0.049958304009121136,0.08002992716678446,0
0.18914275728855864,0.019757383157698313,0.2121755704956513,0
0.24871752624686919,0.1290617312455592,-0.11890395906436522,0
0.33033411536548596,-0.013916263383268561,0.1946383965462828,0
0.14104204297791378,0.011498606149070646,-0.035105760369520546,0
0.2582227210107523,-0.06429449746820419,0.042184827905917203,0
0.14868313697062613,-0.030646050137099607,-0.09551272209047845,0
0.20940682191515872,-0.036813865881948425,-0.03180210752564305,0
0.27154941468663474,-0.1573009389929131,0.08826849291812972,0
0.21913319818086982,0.055105079254001404,0.012728947313709682,0
0.28838390866249,-0.0932602219586149,-0.0036459387238335314,0
0.16471803259186413,0.1186899378727972,0.036110833209105235,0
0.26335658946105084,-0.06027075960655731,-0.08010137191797667,0
0.20870786960564075,0.015932514460303995,0.07083416570523514,0
0.3684392665396229,-0.14354414364054355,0.054131739719994645,0
0.38674812401405334,-0.14185859655647928,-0.10023579904158192,0
0.3187780537509818,0.012727961939986597,-0.010200216171996297,0
0.30552225326589166,0.06187114993618897,0.0004383070373387603,0
0.19958479251000133,0.11527043405941571,0.10407829377243338,0
0.22087386037072448,0.04234054061844644,0.2764821168456204,0
0.36126245713231664,-0.0996907571155794,-0.043036598450355346,0
0.12790770552433334,-0.05991307057648664,0.03660606315182496,0
0.4234503093734613,-0.0724043197593524,0.013928455941969266,0
0.23916703612399834,0.0013497233505029977,0.1265710821314503,0
0.18039440527647277,0.04775458852959986,-0.05808622581929021,0
0.33498811948387147,0.019790496846095178,0.1254033304926905,0
0.38912196844117586,-0.11072302562489633,-0.052421840076002514,0
0.34264659393534225,0.05002648557115696,-0.16329196286971392,0
0.3950625553964477,-0.09489279433786933,0.15706535810616618,0
0.24954104853295017,0.007461184688098349,0.15695228691950527,0
0.22506595775088756,0.09444209469754977,-0.1581649828605054,0
0.22347588421972767,0.05316667529699583,-0.09018824276726306,0
0.3334226383036777,0.07612315431859468,0.04836503223961758,0
0.30237079781849097,0.06428900467581802,-0.033822911088402345,0
0.30078476614399413,-0.01982963258432301,-0.07097482064848058,0
0.31044874067747597,-0.1361371616868042,0.17744899967230604,0
0.24557153602431175,-0.031936031501151166,0.030800286275289197,0
0.16151669701345595,0.028414706523949142,0.18598193464338528,0
0.24202905007836156,-0.0071115704627985575,0.0036340169571128255,0
0.28663397298320537,0.032265475593397354,-0.07376641244248283,0
0.15930395739186842,0.0037846634811010446,-0.024724347031910433,0
0.25035393191367117,-0.0723676399291865,0.05915200179754179,0
0.32120192300092953,-0.012740720929282086,-0.0006634095385836069,0
0.33839642638940726,0.11119266817866005,0.09381414566075924,0
0.34196994687920673,-0.23508118446449952,-0.015884936895043496,0
0.27434564622876134,0.09525144508496479,0.020673093811756443,0
0.3056598266335973,0.056265739446609044,0.011695228748157108,0
0.24170540248370853,0.12552417434859875,0.11582542048943303,0
0.324553197252446,0.007550285059747379,-0.08539716678074166,0
0.14367591005930958,-0.026282581392326372,0.03256791237955985,0
0.08820444292874591,0.0652799243470764,0.010531934162521402,0
0.2924729746585512,0.1395585961165195,-0.07619416319104061,0
0.43043521459566175,-0.17769333526111297,-0.021076072744318324,0
0.2749105258857706,-0.01692579390137881,0.1254245848306493,0
0.4856585633180276,-0.07144875260618166,0.19865156853088206,0
0.1970145401260881,0.16374334779796254,-0.2849773904732031,0
0.40781388530597495,-0.101327667707908,-0.03777022859180673,0
0.43603596786550697,-0.08222592876172036,-0.23488487108838974,0
0.20596701252302507,0.03709146313479613,-0.06260076285368432,0
0.2899534766195838,0.10470417923141201,0.12728252907723828,0
0.17650519315996205,-0.032534175016944576,0.10231468183595245,0
0.1524218132192828,0.14465856612583977,-0.11885348347964049,0
0.16826884564652542,0.03986817010296429,0.11093038481433709,0
0.27994023364760184,-0.07197516400328267,-0.10881213630048847,0
0.32991187323828264,-0.07888900990222703,0.06876252179150959,0
0.37105252997744753,-0.06510728066335096,0.18938723378744912,0
0.22327100583459664,0.056840761708879674,0.014449274447215513,0
0.0873124491074663,-0.07739087100609882,0.09028541635929643,0
0.28018732060332013,-0.1030917251763815,-0.07545409736277095,0
0.2858344048485,-0.023697862777924933,0.15409788950458322,0
0.3219423711095114,0.051745805025593755,-0.033215772637944806,0
0.28695201607775794,0.07632964000984738,-0.09726533460319176,0
0.3498749544864306,-0.019098223820731244,-0.08740588508884689,0
0.14206669480533388,-0.04951884912334914,-0.10800206179342192,0
0.3226004063421519,-0.1023045411464783,0.01795565018965303,0
0.4006680674180818,-0.022188773373218642,0.06718805667806625,0
0.18285216277788285,0.02894500220521174,0.005635966210202816,0
0.31539672195640167,-0.08529795195510627,0.0712755725678765,0
0.33952085580162267,0.07268894021155083,-0.0515362067453726,0
0.2878373559436367,0.1250537515856389,-0.2375450687364698,0
0.2940500605753154,-0.026061473785352382,0.001322281175448735,0
0.27783451129978226,-0.06296346346104759,4.14782115295795,1
0.22337841077166964,-0.07641241596748553,-0.08858026732836943,0
0.1549660250337308,0.01306020721262676,0.12689799094389917,0
0.44744496227448666,-0.10299194915821924,-0.00223168349945207,0
0.2081661443095872,0.17860627009262822,-0.056489836031564856,0
0.1217875201564563,-0.1112998666798618,-0.11572510331317765,0
0.3004438122605026,0.031104988917816448,-0.006409921661975646,0
0.216989758574389,0.10014975152516435,0.012269682659426587,0
0.4536620809313404,0.08040602453422697,0.06921709169056582,0
0.39417158695378246,0.05924505587997295,0.04856556719198009,0
0.2823464617162346,0.10460611772016326,0.1867447477793388,0
0.4908716091687527,0.017847375525253468,-0.03147079399852186,0
0.16903094858411624,-0.0793101732407847,0.10703403816037925,0
0.4405267484579097,0.14289181919220528,-0.017011976421997775,0
0.3048743499658938,-0.1374910600319171,-0.012393109056753147,0
0.20772489579320502,0.04781818824062067,-0.09743064510689005,0
0.33490958315677366,0.020369428999526026,0.051877327995617485,0
0.20400361107366533,-0.12169951036084947,-0.08915233880880237,0
0.3306781882593318,-0.06535012860240444,-0.0025591074682033556,0
0.1507621340083449,0.02653583468986372,0.12327821462801775,0
0.37656681790589175,0.1603322362480016,0.047603092732845874,0
0.22417454972166595,0.014540598532368951,-0.1280146916867937,0
0.502982479906462,0.06710224197729868,0.06892045150360497,0
0.36438902033777065,0.05298839036136264,0.017363250142050504,0
0.44126409337557054,-0.11842693672880832,-0.11330404572421218,0
0.255510961641817,-0.1640873537580834,-0.09608256934108557,0
0.34088540235522397,0.02453408024974245,-0.043008639685962906,0
0.36069687318402566,-0.0012556022567974522,0.10228849441075248,0
0.15613041555227133,-0.01938104539384089,0.09156460229524772,0
0.29793829478730205,0.0567009980678364,-0.027870613830650988,0
0.288263438691579,-0.08126191109538475,0.2323177350166606,0
0.33443875873399437,-0.05200454394665867,0.07170732283808978,0
0.4774428240223277,-0.03913180265815846,-0.07803773640686482,0
0.2794619990852362,-0.120963743777583,-0.040787528700252804,0
0.3669050610583343,-0.05166510133446448,-0.13684458341575875,0
0.4321834384526463,-0.13372834632576477,-0.08984834860948603,0
0.17311054985240537,0.1091671312776213,-0.07036643560869048,0
0.24275353495303637,0.025120612146656698,0.1931346389256401,0
0.30654316581948104,-0.014816354088935403,0.09967989403470909,0
0.28465876344056884,0.09229412552129815,-0.023976232043458622,0
0.301741554676643,0.012502848103247808,-0.1277693983887096,0
0.27645717270448206,0.07950375211848996,0.07702440289133732,0
0.2188074852432475,-0.004819243660552194,-0.06453839759364963,0
0.3088340244404076,0.06607530316847904,0.1301166370005086,0
0.4570136837535206,0.07242679308709246,0.06337060580503315,0
0.4045226479609891,0.048242932183662574,-0.13512491620946804,0
0.4475271241889507,-0.005505517532917985,-0.17053619308431434,0
0.15164505354541893,0.11858056423984929,0.015129710961164517,0
0.43131602786343637,-0.10238443866383276,-0.02544149919493893,0
0.1794728159664413,0.11625172365537835,0.05683649747472517,0
0.20138928364397443,-0.07268687257909867,-0.02972952635219435,0
0.3752029752074749,0.1763496102398787,0.0762595302383676,0
0.40403438239517003,-0.07919160449745809,-0.007713349087010138,0
0.24658147033784478,0.13914555257424374,0.1310012685460727,0
0.35838165819701495,-0.12575102043576336,-0.06370338147701946,0
0.3538452289123259,0.09179526602963865,0.03692375288264649,0
0.4246501416146227,0.13376491304862784,0.008858725874049274,0
0.19598393661088745,-0.08820125429123082,0.11412975071893419,0
0.2097422151786592,-0.11932131513512112,0.08304047998879072,0
0.3349512056425617,0.04513889302606928,-0.07895975205354966,0
0.2709108966759573,-0.07787387507550436,0.05794310012912664,0
0.16865676246047318,0.09938919189010376,-0.05110830221687074,0
0.42523722169481687,0.047279117385598826,-0.0574484181096788,0
0.4579435606591889,-0.07385489902012625,-0.027780382895526725,0
0.21223161485627368,-0.10106285997820703,0.1397250063914773,0
0.30213817615956284,-0.1287843757278541,-0.019118428301935088,0
0.3049609536680187,0.15521070979770182,-0.21739110237836737,0
0.5123971516708072,-0.00822785624622149,-0.04790182235602311,0
0.3911453001738012,0.1120478878399162,-0.08786445350406116,0
0.19119926917981017,-0.08199142357186003,0.1704602251784743,0
0.45095227486777634,-0.012974288047962582,0.2574468732234125,0
0.402699160871397,-0.05287683892449027,0.0914090554346948,0
0.4474267326614655,0.01502561640424753,-0.00656437358057317,0
0.21720133092082805,-0.029348283449078805,-0.09427983427839073,0
0.2956147888780727,0.014816472521172934,0.02475259435796919,0
0.24123780014151575,-0.007969187054124454,0.14021805111309268,0
0.32328548289078035,0.027245221177778646,0.0047309530206495545,0
0.4653817854004366,0.05862581248291319,-0.10621019136060339,0
0.4011956739003035,-0.030904596091345073,-0.07304643646639487,0
0.39657444980520395,0.060300258492249376,0.029440638059920823,0
0.4010384030019423,0.22801759311004904,-0.02258456733629438,0
0.3958701610142983,0.027621713491127704,0.1256271994314285,0
0.2529365101595342,-0.1253901464436773,-0.027754599051774454,0
0.33773438598819316,0.05648932921279113,0.025376065146621597,0
0.42152735653448664,0.13244540854900363,0.17089540130873337,0
0.40672476127289703,0.047851418207135114,0.03593298747431969,0
0.21791419953368177,-0.0670553762093071,0.031867797028922916,0
0.20027830600452348,0.04630763252778815,0.01095064271584203,0
0.4005811938808649,0.06602848212658359,-0.0064516490226301446,0
0.3652708674322404,0.12178072337692654,-0.06493829865328003,0
0.3652217071613569,0.056302882868122385,-0.0753253511565925,0
0.4680068168152373,-0.09832770987479345,0.10868668257900556,0
0.26216774376508223,0.24919350742969743,-0.028103714845210983,0
0.43605528350842193,0.0767834713746907,-0.2587208010067507,0
0.34259078271649707,0.052627977155888274,0.16255725436970592,0
0.3353661846141824,-0.22315959909675423,0.14022696240669805,0
0.43163597601205017,-0.14969012656973155,-0.03746589839234509,0
0.1831396850055088,0.14600812670062088,0.04040138692430735,0
0.19569660509321232,0.009707808334194351,-8.137832557206355e-05,0
0.42315341129886025,-0.1016935838196525,0.21262029915240663,0
0.3293612294618844,-0.08196851173281447,0.05996997887277046,0
0.46206675667857405,-0.07537362851475725,0.05401567684393752,0
0.20638028273275263,0.18083812099045415,-0.1379746483011119,0
0.32704241276538726,0.04832360708936378,0.16729041973053335,0
0.37328306933139266,0.10101854337621304,-0.19257462130552877,0
0.3460074954730633,0.16779917132068745,0.025677083983313927,0
0.4101123812149704,0.23755336224094786,-0.2667481078949619,0
0.3964683372856269,-0.20004390383623957,-0.06243416214907939,0
0.3551942214330431,0.1662219589305003,-0.022036679118976027,0
0.26997837012343473,-0.022699230101365694,-0.05531080670713782,0
0.45851354172890296,0.04089632984559122,3.890819634297645,1
0.25104762251266355,0.007399743115924078,-0.2128449233641086,0
0.3108651636527451,0.11865733353587726,-0.0730861848416937,0
0.2377955021280035,-0.03772837556623876,0.13541036045312704,0
0.4527801284727575,0.034617832945056486,-0.06697464367852093,0
0.321018193933043,0.07939189576594448,0.029058509701224873,0
0.3547556273730993,-0.058851484084253974,0.1398773299150316,0
0.5433885225638159,0.020552696233853633,-0.10090820077887229,0
0.4092674409942445,-0.05843665437622501,0.11367261074323153,0
0.5748647941423908,0.1179846843142774,-0.07523501578171427,0
0.40666283429732564,-0.02194782030820485,-0.011154594924999636,0
0.41682263052780827,0.08209920110540181,-0.06775972583776782,0
0.10651917419762202,0.06113484364151073,0.1742846208437836,0
0.3818131835451157,0.06528283879872968,-0.06166008091489659,0
0.39174860984556387,0.028732285262222698,0.14940349528230054,0
0.31024458267991195,-0.017772545698625176,0.04185308394800372,0
0.4204185082487151,-0.06882749780736606,0.08807880947410679,0
0.3770482394490827,-0.17071902212585008,0.0018408896077572604,0
0.22396555134348906,0.055395871475637654,-0.016330926378850516,0
0.47460401432677835,0.05602710142819115,-0.08154921344363127,0
0.38277418398086266,0.08478372532434,0.02165754929399323,0
0.3493512397608048,-0.06106280122390404,0.0035232355491346757,0
0.2852476477574765,-0.07297744953604063,0.10878498435208238,0
0.40366026340069666,0.05268922309707719,0.15160976006430185,0
0.43731647992815914,-0.06148465308013388,0.13432344216342715,0
0.20242955666752815,-0.034246318847703544,-0.06394522347326595,0
0.46002439031889925,0.07190560623310041,0.050207419016412805,0
0.38097724621100937,-0.13608520748756167,0.10062620872850957,0
0.2981396346163588,-0.006869703458416189,-0.059252390775871244,0
0.6354783972720347,0.17579988961621776,0.07970250114620114,0
0.5317978108132386,-0.0029241167681467377,0.027565663368625183,0
0.2855089611466939,-0.04602935885586252,0.01946484182846568,0
0.3397167529618839,0.011064938551184587,0.0002603393725880563,0
0.3551991882374281,0.07490541096634028,0.021661300622072825,0
0.41273881164261916,-0.017389868032731907,-0.18585257167689562,0
0.3079593221231768,-0.15694580002555283,-0.04125680755083669,0
0.249944264898148,0.08059917139847793,0.08310307387867678,0
0.49584694801253876,-0.044107107487128816,0.12173980744760045,0
0.32000070335774267,-0.14424465839154482,-0.06425458813356123,0
0.39593906585597716,-0.0739343192207202,0.07652656721484374,0
0.5398001363130329,-0.07791769421174814,0.12967320043492755,0
0.3418541180757558,0.0768804009787698,-0.14687098010092636,0
0.35918392758309564,0.04172041781995927,-0.02680140088539065,0
0.4709007266787575,-0.17458633204981802,-0.03860937879900823,0
0.23709074634863228,-0.01808089474076216,-0.06903355005693014,0
0.223297640476304,-0.1602745587072754,-0.10507213743158073,0
0.17745476281969036,0.14016182055479018,-0.09868880670585865,0
0.3557371884219082,0.031968881772021895,-0.006872841241703916,0
0.3996367487963642,-0.04055764341941907,-0.1432189875566958,0
0.304452025705234,-0.12131886239949932,-0.09275263777595176,0
0.46597524085183445,-0.10530942436716405,-0.10537304742932768,0
0.447740963413972,-0.022607394493760816,0.06762232897840986,0
0.4510425882881277,-0.12023150690096503,-0.11979084792437909,0
0.27288903664751313,-0.025890659379154874,0.27834749832939687,0
0.45004344788346656,-0.14903039135782478,0.12044472274287128,0
0.24896296395986897,0.18678620102436938,-0.07626671706995222,0
0.471494285081917,0.1676904567023815,0.15935248641526786,0
0.25979328677365,-0.1588432943210567,-0.0055939142074613165,0
0.2070876617200052,-0.02926348328576782,-0.07410623551598283,0
0.4940304562323282,-0.017560988928127984,0.07165931178042531,0
0.35812738750288275,0.015773283114265475,-0.07849361877302995,0
0.40334563466217493,-0.0294557570471206,-0.0328535051492311,0
0.260777491179912,0.0540050389980027,-0.11404188527095588,0
0.3997695173287702,-0.12578950438954115,-0.10035669145853698,0
-3.7111486165723537,0.06464259529200564,0.0345467884219818,1
0.32007814176996996,0.10965015332926109,-0.09189110987760683,0
0.46350043011750985,-0.010168668001138427,-0.07770194062140456,0
0.5982957481147841,-0.027204726248503487,-0.06370473546198938,0
0.6179274180805856,-0.009985856968045152,-0.05732626395160101,0
0.3883087683876257,0.10822393199507263,0.06024572861178739,0
0.238963275728981,-0.06239803603803401,0.04702877346388066,0
0.4541560519679894,0.14366089854018466,-0.030772769722838475,0
0.2547910827446582,0.04375797207198817,-0.049656382591807574,0
0.3789373924530349,0.11865435330199753,-0.05211507391386995,0
0.36156030053919497,-0.018142961819396643,-0.06946980468161522,0
0.5534784022590937,-0.030830259885511926,-0.12218474914243914,0
0.3264969315907563,0.2637081578936666,0.08305699289614785,0
0.4134009254339009,0.08164281872382806,-0.050558526264051766,0
0.5414282011219558,-0.17214971449286137,-0.0910212295140349,0
0.621519879592102,0.02832220288858028,-0.08749114793723267,0
0.3921563317444113,0.2077841676714475,-0.05498689624605423,0
0.6451939586655409,-0.0021031368943610867,0.04551974448969784,0
0.6119984368408743,0.08663625653876651,-0.045300049634353357,0
0.29744889767432503,-0.16689322011674454,0.1371566829645673,0
0.36669407931619813,0.029846315321138267,0.1263005946750699,0
0.37108323537810134,0.030379893519234626,-0.0516533690800443,0
0.2547252609560854,-0.04027481488227831,0.05831877346752801,0
0.38533401713726534,0.04234885365600118,-0.015517578790989759,0
0.40335926502598735,0.17920283403580883,0.12121936496219686,0
0.415440591483361,-0.12172020228905629,-0.1530979580948348,0
0.5504819866520405,0.013438037996454315,-0.028108862324084233,0
0.304306115549522,-0.2073200156771947,-0.08133744869761939,0
0.5585711548051793,-0.05904136997077494,-0.15328510879415777,0
0.4009659778741683,0.1679884072684633,0.208075483737851,0
0.410024338690979,0.004336538499070685,-0.13773572781474322,0
0.5875684500980025,-0.02398005805551229,-0.028840888576643905,0
0.39999085623225705,0.19011481946151973,0.25119900330612277,0
0.6157188031896216,-0.08827936848454072,-0.13038954377492754,0
0.44357770665253743,-0.057967834454650424,-0.045290325410865334,0
0.48909172433280135,0.01617087180112973,0.0396337635356037,0
0.31134520270143423,0.12213462773786253,0.032741336358771606,0
0.39038305829290193,0.19309379491869066,-0.07551098943493247,0
0.4768190743400866,-0.15262856657417645,-0.0727006116189432,0
0.4368184789330086,-0.12484986991097216,0.010612287919269044,0
0.5543838579648549,-0.05012985874171003,-0.05514654094965132,0
0.33243173470310383,0.12571353802483162,0.17704971040729214,0
0.36511321774018746,0.012420838807468554,0.08158319268002523,0
0.40144998307834945,-0.22656059445186882,0.039245349255577225,0
0.3429486153672615,0.07330679764500853,0.0529861388927213,0
0.38939454607583324,-0.1753051394026499,0.009163859150045575,0
0.5671303375384809,-0.054517886327298516,0.003351702162109024,0
0.3981692677283452,-0.05404151131585231,0.044301713070713226,0
0.40536862148627123,-0.06032287127072124,-0.040421751607858415,0
0.36059952327755573,0.0665285970518553,0.1258559408473338,0
0.5181742712052171,-0.029073147245926863,-0.04064962495234927,0
0.31350401041487264,-0.1037000131214772,0.12543991234200158,0
0.43828379700614734,-0.030903894758243722,-0.12079369735644396,0
0.4378106043784188,-0.15487301185490138,-0.04236254496073644,0
0.4253604157544214,-0.27437195726973806,0.10809984548953695,0
0.4058442393582787,0.10176167127405225,-0.12384749950603946,0
0.6509114711018136,0.1299204811432004,-0.04099364313662909,0
0.531924563853285,0.09796412320247953,0.20848415398248138,0
0.3097536803975831,-0.05245781484675055,0.19925948958872916,0
0.424529839775012,-0.05977765077378702,-0.1305381149472196,0
0.42958829419095973,-0.22789350822272883,-0.029685009562824934,0
0.45870760316053333,-0.1806853861676858,-0.03337157086621739,0
0.3455395291289576,-0.014392390147088855,-0.13513079239886555,0
0.5103522018472203,-0.0860916467376911,-0.08512562444253355,0
0.29152488713102487,0.13865050645707752,0.04916979711102233,0
0.4539646604699896,0.10876580967379366,0.08309073345834256,0
0.4128533154508112,-0.044953893052788726,0.03303783330750487,0
0.3252646402541217,0.04202218716680387,-0.05799245332052049,0
0.41147217472622827,0.10845273561705665,0.0783069391038289,0
0.5129807415411514,0.075036993396954,-0.1063691492992645,0
0.46661856447741135,-0.05248826956407442,-0.14069274576006613,0
0.38922961956415186,0.15352890591744467,-0.023214002689414353,0
0.4320525660031698,0.06382917083776253,-0.198970383863663,0
0.5530128378544236,0.11306807395512762,-0.07265237135505613,0
0.5387813953429043,-0.04556205358921726,-0.04475053815219305,0
0.2825779990430838,0.026247648670923718,0.06930034796887134,0
0.5862570350839498,-0.1859524154248956,-0.06962795195308864,0
0.37865230127679717,-0.20041306051775187,-0.08438493075792514,0
0.5746864314009552,0.03283621980609236,-0.07530759270178358,0
0.35935010421035024,-0.029169787783851972,-0.02935194331995901,0
0.5549066649712469,0.04736194735566242,0.0374249041050281,0
0.41732474554273086,0.1547517448474463,0.09182356920362819,0
0.3763648160869832,0.04311983946446357,0.1785268793625823,0
0.46438250802041176,-0.03586377630778306,-0.01052274010953542,0
0.5031617917289359,-0.07997889536149566,-0.05426031961592253,0
0.13848188181113202,0.06029421196365693,0.22287164812972932,0
0.4718009194680706,-0.035851700002936894,-0.11084487725252867,0
0.47348238944168025,0.03612746103383682,-0.01744777217299334,0
0.3449496869915514,-0.138574357272591,-0.055168737096056054,0
0.41637290250459674,0.10513927070848639,0.13946467893469178,0
0.5248797429339277,-0.3029646134515098,0.00168662490880213,0
0.38568138917604206,-0.0996501177802341,0.02544687801402092,0
0.4369589406343032,-0.21961356361880158,0.08040299074713261,0
0.39621639577900164,-0.07158608574321092,-0.06577888201587198,0
0.2814565637494228,0.07613198238357835,0.11149866120277346,0
0.38046139603684925,0.005509081324620007,-0.2524769270816906,0
0.4010263341412313,-0.07561093804038069,-0.03977962188072368,0
0.41837184779400644,-0.017589942711074228,-0.10135347344957808,0
0.4927803903276344,-0.06869131298882429,-0.11207331552686717,0
0.6319888288912718,-0.00849158074675848,-0.04933338950452966,0
0.41968047957535226,0.04830276525390724,0.04243617848042514,0
0.26285499584524674,0.10216419303940952,-0.22107408745818483,0
0.39129053016365895,-0.07418100295421166,0.19240479041915687,0
0.2775343126359197,0.12732732710010244,-0.10342253151172348,0
0.5420421281750942,-0.08305913947655183,-0.0681623015498971,0
0.5171380658105912,-0.2476150259442007,0.1108391115245277,0
0.4849706253583392,0.037978432835228566,0.12925308509046032,0
0.4636393888793156,0.1499025110625638,-0.016009025901611365,0
0.49889950101843633,0.21839043904743916,0.2515561822516312,0
0.4094388031357016,-0.2052770577837016,0.043870963188467366,0
0.4138312908331094,-0.012741456735891396,-0.11937737067927551,0
0.4922531313944617,-0.030732467813527738,-0.029917201516312636,0
0.4853697064912903,-0.17309280412674502,0.06417661324329395,0
0.43935985663160987,0.18436460593670823,0.12633078255934443,0
0.449133428978062,0.04006219866423391,-0.11242038794998543,0
0.4658697286593673,-0.18233800059518476,0.052023947625061455,0
0.42824512828027833,-0.0006566303117268938,0.04831927788456398,0
0.3860710036720022,-0.1584591592524388,0.1385786315506182,0
0.5150592084749216,-0.2825340065938303,-0.16908379528469422,0
4.629946102428153,0.0248507463164063,-0.1681450453293185,1
0.4781089780051165,-0.14296815672758068,-0.13956254794612905,0
0.455829639988089,-0.1006902258453633,0.06191031653338727,0
0.4107337972053472,0.060357357901958335,-0.15426700660199325,0
0.3392696915357404,-0.053437662977601254,0.09238659732636993,0
0.26033798180882206,-0.010242906344957614,-0.00682428069944107,0
0.5819937239797661,-0.10168597638852597,0.007207468780848588,0
0.5454560330709757,0.015208584943068579,-0.03941439892875798,0
0.47285862068720735,0.10847379231153893,0.14512001802368218,0
0.5444402694862618,0.07165941970287036,-0.19261896738992923,0
0.566343876597112,-0.09067351782292217,-0.1517020056248094,0
0.5176308807713916,0.06007296320562259,0.016786171471677422,0
0.5109825984819475,0.013019211477229559,-0.11401720535996972,0
0.5429214801002479,-0.061238186639449056,0.0647068876495195,0
0.27701234072732817,0.029515850004609025,0.05481543593544298,0
0.5262829248153271,0.015685606785834798,-0.08148373484602957,0
0.5297822051794238,-0.051449982099089124,-0.07342273728543634,0
0.371784746117728,-0.07408680286288326,0.19813609278673827,0
0.33947977505943583,0.024031026471638534,-0.12156430021417719,0
0.4869362389799717,-0.0412118989128375,-0.10665168157749041,0
0.5333342304265647,0.02147411701718012,-0.0012864596008164075,0
0.2357544820781511,-0.06346480014309877,0.031101687789146366,0
0.5053772090335893,-0.08957094522246083,-0.048085943716599855,0
0.4837484315374077,-0.08053005163346817,-0.010622789639237585,0
0.4127293766633341,0.06123085151108795,0.07567871122837763,0
0.48608522862185677,-0.14334558250835575,0.2943517142109024,0
0.6069823332495563,0.014695173506375279,-0.0607953685960356,0
0.6440422944472006,-0.06372643932682097,-0.14896944496444847,0
0.6042401548187151,-0.18848692379887344,-0.0915777000778015,0
0.554360172240076,0.03652370889592581,0.03884527700598281,0
0.3261446087026205,0.21109695214437296,0.034224470324400645,0
0.5351755252203544,-0.160202954919807,0.0020961225550692225,0
0.4914030352964359,-0.12647727345444068,0.1739851083017376,0
0.3367682786297839,-0.18621870431830312,-0.09465199496542723,0
0.3749090015009868,0.03662291691447146,-0.02983374151707721,0
0.5365363419379783,-0.10391849939944126,-0.1271359009868875,0
0.4952671839615238,0.07911510378031295,-0.14112882649927858,0
0.6468639367275212,-0.07589929245994781,-0.14940142559644268,0
0.6098313529442188,0.08108868872765009,0.1124907981191409,0
0.48381772236987963,-0.3129651444010575,-0.03156843672430431,0
0.4099175806429415,-0.1649057257299531,0.19893734473426444,0
0.478246119398199,0.06322805886788312,-0.008896119247625567,0
0.47163153194349805,0.022007099201184776,-0.057519764392334874,0
0.5166166816476664,-0.005344979084291752,0.08764211283889267,0
0.4363644387947395,0.05879604298040704,0.06032716036211736,0
0.41652925230823856,0.04058309413978657,0.31859009671531846,0
0.5352779281091052,0.06283928971918225,0.05206603845228824,0
0.6898447472433729,0.04183249074770512,0.11620650984823984,0
0.44772621830546155,-0.05200003600851582,0.026692942619091015,0
0.5250157752361418,0.07782965840946068,0.040902855915170844,0
0.3806296367991294,-0.21369051479483764,-0.09240048519626494,0
0.4403334064712959,0.0014150348839524652,0.13637513438754062,0
0.4778577791463998,-0.09387895919468803,0.0432905963296431,0
0.30237523283523504,0.10758108435271858,0.020165762900252248,0
0.6588213727484264,0.10825414814464025,0.08135124247412225,0
0.5785352971668194,-0.19079029326778532,-0.011465450990901035,0
0.5618280600765456,-0.029084669707919716,-0.14947447928314894,0
0.2845653226003947,0.04998366663680212,0.028235543739966326,0
0.5319640215898573,0.02249866095044601,-0.14323488567072057,0
0.3997228038989611,-0.010857266052150984,0.0981995168105273,0
0.7078041781419558,-0.025264765311002243,-0.022673200566929497,0
0.40762586538679385,0.06399660911191209,-0.054751094803792894,0
0.4465950271973521,0.0274835186609897,0.09444101345298206,0
0.4900326497072515,-0.007408272384432832,0.01590208751222494,0
0.5876200490826946,0.007638534279621577,0.08716951893153041,0
0.6264097379382751,0.010054863538061547,0.11584295085194114,0
0.501532129638431,0.008263151008218447,0.0022712118882934544,0
0.48128422271020255,-0.09955767439487737,0.07315458195305329,0
0.5561567962573357,0.08456551188533812,-0.07602128151196738,0
0.5080054626252376,0.043293320871510284,-0.13474569066707914,0
0.6683038766149357,0.08809057334356536,0.058696977763266184,0
0.5575135536318323,0.05346965171506163,-0.14743299189317502,0
0.412203050476053,-0.14662531362889744,-0.027203985075147392,0
0.5099827781072019,-0.12014286127024716,0.1251250321494413,0
0.4708189968728248,0.13317960944097412,0.07145392023986644,0
0.6526019220790451,-0.04004651348885091,-0.11253465471391205,0
0.5035913000916702,0.04549813289169158,0.1316588971353835,0
0.49108220100567335,-0.007765501908842211,-0.04251605176375642,0
0.6734681157153622,0.08734200578758684,-0.04693965479995735,0
0.46268603416546994,0.03519993372117258,-0.17288534423944055,0
0.45073686115866973,-0.055671393398835284,-0.046263260276468106,0
0.36531788964765766,-0.04388991015696099,0.04384118921895652,0
0.5508977821022749,-0.06803421035635858,0.024257053512763173,0
0.5656117219376369,-0.24320565943835365,0.004798428553190918,0
0.6761772653311846,-0.011481722350186154,0.10365529235648095,0
0.5443046673224339,-0.07965374352126542,-0.11244913210993182,0
0.5416860768215286,-0.16700076331197233,-0.08243820773377354,0
0.7066104571830897,0.22402064598159913,-0.10105878352695384,0
0.5330513691295076,-0.15294904946925414,-0.08408018316524707,0
0.5149693397745491,-0.12720867668876473,-0.016187829355675858,0
0.7347524448107176,-0.03435185407263963,0.04457848350272399,0
0.5410652069350169,-0.029360302038906702,0.05980714110396305,0
0.6342019921895313,-0.10899261696823943,0.04410277367000659,0
0.42292574354120055,-0.09949272074754717,0.08463357119727713,0
0.49706259774260403,0.050685849572051,0.143538070275278,0
0.6062172137736408,-0.038832519653305544,0.15178916511741156,0
0.5448811768761583,-0.12209845711518635,-0.08000427036052599,0
0.6567249996782349,-0.06030859452776258,0.07438590349518712,0
0.6982079761521855,0.12253705526462427,0.07623474915843077,0
0.5009952017022251,0.18938511902496236,0.05530411545655013,0
0.5266392257467597,0.04881739061704906,-0.031838164415646235,0
0.3676893761685708,-0.03955384809780693,0.20561815415311982,0
0.5597157550673505,-0.08107588104567548,-0.006549173336598296,0
0.5315374691480681,-0.037737747126397506,0.08290703045336814,0
0.5531942797664242,0.00028624281476436565,-0.018287589109702847,0
0.5661017768818064,0.11018136056214399,-0.0678297453020056,0
0.514690475840371,-0.09684845947370603,0.06187726395768402,0
0.6555109237711353,0.05582888867164054,0.030510405596235725,0
0.6660245931141375,0.11702621598757071,0.0862494902013253,0
0.6641491647908124,0.037685509863698424,-0.06582899791497507,0
0.472186131722691,-0.02475256025847298,0.10175340550698064,0
0.44567218331825426,-0.005025548840299652,-0.028432763928112444,0
0.42811458018559895,-0.09354814876635226,-0.17287783531917922,0
0.5443426591857567,0.0412493667947412,0.14186000330204923,0
0.5685984367222426,0.09986824395458532,-0.04904989809869804,0
0.6934710248616465,-0.05225716349509129,0.06128317854867287,0
0.5781122923244156,0.17321802558002547,0.1509428731241984,0
0.5612905119118131,0.065057264052286,-0.06403037870371199,0
0.5286075083522946,0.11493917959586908,0.0670630817896994,0
0.6138296148030069,0.1025038223838374,0.20014745476840312,0
0.4746217932263534,0.12658456354854555,0.1285554150125446,0
0.5779388638423416,0.1100097155137416,0.0564258717119705,0
0.5548335070706427,-0.004655549429345015,0.015424955132070171,0
0.4926455225942519,0.17350791745066638,0.04322278886212611,0
0.6042765483516828,-0.018490082134111206,0.013856836726562807,0
0.5904227516470762,-0.004495507766900393,-0.009906042419848386,0
0.5249334242773871,0.16243468492009905,0.0039771381952314775,0
0.41175221898385295,0.1150181282539468,0.007402652814652491,0
0.4684400411732568,-0.12154304415563322,-0.01289940168887415,0
0.5490838219639339,0.11746309495227603,0.08802516719237166,0
0.5232073872357953,-0.10224232163896144,0.009674200096616074,0
0.3464615259033057,0.027176696545784352,-0.043532292714848236,0
0.504366327732145,-0.04541900055588226,0.013707623119866738,0
4.4836847927186145,-0.08411345090913218,-0.07441948984509542,1
0.6203975439759206,-0.05829715511320749,0.1177108296451513,0
0.40699800396810903,-0.31150314028716825,0.078699162443967,0
0.4636018520853077,-0.013542561093227507,0.11583377519498017,0
0.5003194406408277,0.0007924377192704975,-0.03487861846103585,0
0.7265477692964862,-0.10357863115142618,0.06941032277034248,0
0.5728922078958026,0.02349355754777488,0.12131675455185552,0
0.563006176193957,0.03443125752992559,-0.08955086339322892,0
0.645189110029394,0.16925645108367546,-0.10802174154724241,0
0.6429546897624254,0.20309369687505585,0.040393856491322454,0
0.5207632669690446,-0.03567573929699063,-0.01155700076975705,0
0.6689827156051898,0.10487641388395341,0.11047633576631424,0
0.46958098597973935,-0.06336630131752104,0.07550116084304806,0
0.48370963098468833,0.03349376373312576,0.0748251168236128,0
0.4830358172348378,0.017254318754319396,0.24411536881519305,0
0.6457546366508364,0.22584533704455179,0.03404185730539079,0
0.4281689002472309,0.10073256546850047,0.014864168042169466,0
0.6140505628874549,-0.12710280920121134,0.051648738227139605,0
0.6143114100988152,-0.13792464363606435,-0.02753142212629019,0
0.6158265824132566,0.208980923276068,0.12173255822442997,0
0.8005940410432657,-0.11321074245349383,-0.14888648795901396,0
0.36638902901171233,0.019403149925775305,-0.02447458783765752,0
0.6051776066622153,0.04166986396870173,0.09089408540885974,0
0.556114058923206,-0.07844251872571367,-0.03256190628826441,0
0.5630246448049836,0.1146521590965096,0.05927233444097246,0
0.3596404412585047,0.10931697157779066,0.14654564184228863,0
0.588155923999682,0.00991909066960662,0.06228226300975084,0
0.593858124426697,-0.091450642656797,0.0658218666619179,0
0.6960918689361973,-0.11923824364165095,-0.026594952549275117,0
0.40566843651104334,-0.027665206704517165,-0.05392457147059179,0
0.4901863810583216,-0.1722734006756481,-0.18513042219657536,0
0.566217458734336,-0.06450698128454088,-0.01144773995474413,0
0.6930483513838743,-0.13675343119705544,0.1104920635812121,0
0.6219554215337741,0.05909176172957679,0.19570718373043394,0
0.6749489923464365,0.11008592151036026,-0.07518038912568323,0
0.5836084774687789,0.08373513433008827,0.030896987342398333,0
0.509789542173819,0.1982440237727433,0.0031222490111621915,0
0.6653400538042197,-0.1690791471648716,0.03266226997731483,0
0.6888336923812807,-0.1334754276009692,-0.0006502851056801058,0
0.6932023564103209,-0.028878136384456715,-0.030810229848246308,0
0.6750232825947305,-0.10767926959037542,-0.003850833597254514,0
0.5077199077662489,0.03443065759432405,-0.05266476638447898,0
0.6109017010607608,-0.05497190963200428,-0.1400680154603728,0
0.3630740068680227,0.18063829201786152,0.001078010576167523,0
0.37434920159252905,-0.019544779928293104,-0.08199656820662071,0
0.4662540073894756,-0.13203587731001992,0.1039660376235072,0
0.6319337464775392,0.01503485737778483,0.04203763492668766,0
0.6420295948914077,0.1537416516063446,-0.01559371582071286,0
0.48197901582632435,0.07032231646800659,-0.18900265133889316,0
0.5490797057308142,0.07089454494328612,-0.050886373277063926,0
0.5848848820753291,0.0028926421435694462,0.07665042952620382,0
0.668731104480734,0.03347045462237074,-0.08595771033691416,0
0.5958389992196806,-0.11554600643443898,-3.8954850678618427,1
0.7639377649231022,-0.17297016215336314,0.01874304441335266,0
0.6314268407480853,0.016058921002629394,-0.13111611706056125,0
0.6106179299157712,0.07236794811887019,0.12621369568218704,0
0.5771129044890327,-0.1172667133012365,-0.06257094547506649,0
0.5141806696540459,-0.09534210027069417,0.04316911992995283,0
0.40127067058366933,-0.07414948923118923,0.042505142890703625,0
0.5036555242563734,-0.16057314712532628,-0.012539220424876867,0
0.5940236425363802,-0.1785342290215569,-0.21332332330008233,0
0.5666220753670087,-0.04600595922405214,0.04886873273523574,0
0.5831787776582442,0.1031303173252509,-0.009448059680778784,0
0.6350672121013748,0.13803003782069853,-0.024826541547005802,0
0.5496921797297537,-0.09742612976875692,0.14922225994455635,0
0.3988218530609883,-0.062027175185922205,-0.1134816632798385,0
0.7319255153382436,0.0027316385874476814,-0.08630129999520064,0
0.5069916841454238,0.09039788476375844,0.16274109605066348,0
0.6875721412242002,-0.14306043499449703,0.08223615962362753,0
0.6620003744954994,0.05624695504924207,-0.03540958568538455,0
0.6197640824827766,-0.03678540765354733,-0.0843589206166822,0
0.49622463711730086,-0.08544521356604776,0.16736850958494906,0
0.43844763184471114,-0.055805433047163205,-0.07243338819512024,0
0.6170826566085468,-0.13973616682916107,-0.10164616450533229,0
0.6672509697018814,-0.029267223112665115,0.0229399486022695,0
0.47664696051569666,-0.0712624096886227,0.07045839602777983,0
0.5233152157506553,-0.11369081015805656,-0.11922635086632734,0
0.466657580281735,0.005323570524549943,0.07783249498117126,0
0.38126050972496334,-0.05075855387856505,0.10686078506460756,0
0.569096987431036,0.024884683892447808,-0.038753234397483335,0
0.5849270145131674,0.10016485491336141,0.17505327644693028,0
0.6573038091818904,-0.06494435199831963,-0.13911030204706085,0
0.5678195232183056,-0.1366057743753921,0.11664312067241878,0
0.49870376427792157,-0.06979829275925473,0.042448612793324896,0
0.5613182181353659,0.0241371836989135,0.07120129691181963,0
0.5399598631989189,-0.049274303794865894,0.12922499675953059,0
0.5626398046668447,-0.022062412261797212,0.10058468212547367,0
0.7448639178186329,-0.14252912880369903,0.017425689315907454,0
0.6130840905143691,0.042600548681557056,-0.026688404571301356,0
0.6329488396469061,0.03192714398673443,-0.0519889035680995,0
0.7027021082880389,0.15939456371884264,0.04293353277943993,0
0.6844783599804863,-0.15032831286534884,0.08570215427041761,0
0.6764596221944875,-0.18722753397008265,-0.20408673271471933,0
0.5484862122290795,0.1731942474379356,0.13254787819009203,0
0.6701282899595253,-0.04677189708649886,-0.17012759839918315,0
0.47644103759047707,-0.08034328238346225,0.173702088419527,0
0.5987101847433055,-0.060765166102586435,-0.023351523852394973,0
0.5915365601233875,-0.13127608417224645,-0.07176315784884095,0
0.6343834766489267,0.021709896593536004,-0.13531144502518255,0
0.5247987989722646,0.12981094437021734,-0.009938012957391738,0
0.5053018608290674,0.010983351164159343,-0.06905480417677527,0
0.61764191278386,-0.12443843486057782,3.9649385855811983,1
0.5998827295698728,0.06444708738764326,-0.036161186208429744,0
0.5721138925204395,-0.012790563728445706,-0.08193827137022239,0
0.6198629485790269,0.048168003069570246,-0.053551265417100403,0
0.4457204346121505,-0.022809597239032624,-0.05528586577689624,0
0.6551715428022058,-0.008689535338395657,-0.0403620033612612,0
0.6201358203117276,-0.03872768260645878,-0.04334564620301912,0
0.6141159801205441,0.051371842050050534,-0.015014206500828998,0
0.4839614955628937,-0.05034490440203942,0.045028784210425665,0
0.6206044787019485,-0.04810871126171606,-0.024452800448166525,0
0.7977754496109031,0.027972386999296106,0.07833241373517666,0
0.7183781897336162,-0.0017484255359842182,-0.1762785470244162,0
0.6492205480293795,0.0829705048955598,0.08917964148551322,0
0.5285689697705019,-0.019169466189752873,-0.08874145690298647,0
0.6709143675950525,-0.004045125165051857,-0.05328958593768175,0
0.7676323148085966,0.06649266015146656,0.010574805120307952,0
0.7858806116268492,0.06801415947352865,0.05466237655790094,0
0.6318046204053831,-0.13828922797037943,0.12379819777734598,0
0.5830848312715878,-0.1756899886520131,-0.07329392660732173,0
0.7833349462133685,-0.0180061314150961,-0.01141153249322163,0
0.7163170611094204,0.012494495483229458,0.08001100608133221,0
0.4894784178795397,-0.057486692233171544,-0.07116391642477841,0
0.6887836973218062,-0.1443421011034258,-0.02474742650481326,0
0.44517767694828125,-0.09672741087563194,-0.08190150670172186,0
0.6771028790371033,-0.12482876491035624,-0.01955838829249528,0
0.913976796524548,0.025360908170640652,-0.1615963307818432,0
0.626617236780776,0.033405363533461886,-0.2256094720344279,0
0.5891646453885555,0.033629256891241154,0.15503916829090034,0
0.5437875244923975,-0.06374773102096315,0.08170087395312452,0
0.7476778317895173,-0.03582025764709311,0.15027905627444252,0
0.7087549977821586,-0.012400138993147666,0.04108158891953571,0
0.6528828113490718,-0.03858528094489119,-0.04659825885727273,0
0.5682394153661442,-0.008806719217824718,-0.08482394139805055,0
0.6808511693923007,0.026520984736794664,0.01758492655580296,0
0.8200675528711108,0.04159530757842377,0.03351157263676568,0
0.6659009283188335,0.021216960252075936,0.029562945644853608,0
0.6196527709137938,-0.0671194725368365,-0.12922555336082456,0
0.5121856401826608,-0.032672777324618416,-0.13737079213958656,0
0.7775695527824248,-0.1106133209732949,0.06201640756662792,0
0.5801998885351065,-0.020272668630041978,-0.0009036275269272984,0
0.5260116499664955,-0.03634839294529498,0.05739868790114745,0
0.5627419801133391,-0.1300067744567873,0.18700623035372405,0
0.6080654643948454,-0.0380292949349068,-0.05990501725894342,0
0.4699740662568197,-0.23793489129862466,0.06923399107615483,0
0.38821808881228337,-0.17772717571606636,0.10423531444518541,0
0.5106224917586036,0.01885039324814278,-0.06719830982716955,0
0.6197595053183345,0.09024146809534463,0.09877843101411782,0
0.617635485169088,-0.04376650255727799,0.011613484768605227,0
0.7462292108570316,-0.13090738377548208,-0.061736880939208295,0
0.4836669246697195,-0.02461747266146197,-0.006192839010021923,0
0.6337698108773193,-3.878453831286329,0.12027014737412403,1
0.5112346424493083,-0.0014683505793153821,0.07806137494706938,0
0.6992195224680187,-0.07896644559178322,0.01767623019998822,0
0.562638810564851,-0.07722333178422527,-0.05432521964358531,0
0.5624607853872957,-0.04559028996791108,-0.14078746564248124,0
0.5609870518890836,0.09517574426236633,0.13722683100279584,0
0.5795687481486453,0.04814568917193391,-0.09148466540611057,0
0.7072165323820634,-0.10233577588650838,-0.00779888329007397,0
0.5964368590294497,0.004278281153942262,0.09847158375174292,0
0.5798928086179738,-0.06972836055552964,-0.02350461212082909,0
0.6200908038823533,-0.014518488786643177,-0.1864485475893211,0
0.7641582815568231,0.06724660573662392,-0.2431790586431385,0
0.5055955155588302,-0.048881524699696394,0.09906849494508356,0
0.6410943264330989,0.0936975695340723,-0.1649750209082278,0
0.505254785162599,-0.19234503375156276,-0.05002809882967975,0
0.6831777974888454,-0.06895308853145729,0.0016532704553392883,0
0.6621705077797093,0.06275096556211426,-0.10734395675541042,0
0.5744305262290479,0.0005238774328335294,0.0821353483930876,0
0.7617064401289946,-0.005327901952211079,0.1968971363625304,0
0.6327837670073886,-0.01706014394023758,-0.024220363390752737,0
0.6678233528723867,0.0020387955510998085,-0.08543877516791448,0
0.6008516772247043,-4.033249684803406,-0.11031320003252972,1
0.7857855027840548,0.08453980090408124,0.05089002878111644,0
0.6105030468894299,0.2888013872609665,-0.0037632837707649632,0
0.692667302355052,-0.1497940005533,0.04638854393239414,0
0.501059781125301,0.058856268486602206,-0.07445735409228166,0
0.5256123312126156,-0.16706452130567467,0.05806799649542316,0
0.7064414997096221,-0.10542361863953723,0.042064507454995875,0
0.6905035710483717,0.0469864329559053,0.06281841879244675,0
0.7434880534659034,-0.07152748588575851,0.15574756504056364,0
0.5716021661126912,-0.1009455087448558,-0.1897549894475562,0
0.6924550422984279,-0.16519838050857286,-0.17541461306368059,0
0.7049680117991478,0.0487239294174243,0.1440731739480834,0
0.6554627742615998,0.1691236131893666,-0.049145134276024634,0
0.6036285608722862,-0.08384452088272278,-0.12002687130033983,0
0.6423212394028586,0.031479536130512416,0.028287116371253637,0
0.7712674951451972,0.11299070396725695,0.1281472586977132,0
0.6808539783295507,-0.13778715593714005,-0.02759738034529386,0
0.6171576153793833,-0.16336515438458923,0.02724819439275991,0
0.7415626087563801,0.04294007492950883,-0.10770291342765209,0
0.625199566169478,-0.14081413266184217,-0.004112357064809371,0
0.7786945438956997,-0.049150264250790415,0.12510395214810585,0
0.598066441650679,-0.06450923953645903,0.0033011485807082,0
0.7065170177149434,-0.04614879162308059,-0.14504996487846333,0
0.700536458111752,0.05355214964992142,-0.05353540284405354,0
0.6589607114666117,0.19356809827658492,0.06625377549638943,0
0.8735837651798571,-0.005576638766736919,0.146860330221601,0
0.7132311826994445,-0.0371587664232129,0.18302763762835095,0
0.7159467364504278,0.167299595514513,-0.10859257522674724,0
0.6603032756220318,-0.2760487807577359,0.13846866292225263,0
0.5115317457090806,0.11728627286562575,0.11130486306597394,0
0.7455248570404335,-0.019465485294306736,-0.1475114227880486,0
0.7323599904213001,0.0980168098539427,0.1969090241483195,0
0.5499572480630158,-0.14149236272740354,-0.02415299632811363,0
0.6281413928149797,0.08427083782174084,-0.03899067702412001,0
0.6037695746034248,0.14121404270981366,-0.021263348556987777,0
0.6340900033070606,0.10595343603323926,-0.22120695371443155,0
0.6773401816940621,0.06580409463239016,-0.08746009161769551,0
0.6268589220018542,-0.04317340798981469,-0.17581610975578707,0
0.736853930878677,-0.05948918951831022,-0.095008652807887,0
0.49872948780082754,0.0496197040659201,0.08559595750227778,0
0.8522596157855524,-0.0606678749045304,0.12648245348786047,0
0.7828914539716845,0.14042179796231863,-0.16845572341877166,0
0.6821947660353122,0.049747481219426064,-0.05972245287864189,0
0.4222777321608475,0.09971160780034609,0.15625772898069565,0
0.4209741470289589,-0.16447595523925804,-0.11706125982610534,0
0.6678808511113735,-0.0529029625256186,0.07793507762844015,0
0.5982390968764635,0.0958594739269046,-0.1409020333479449,0
0.7307026334221765,0.004188765895336645,0.11919635635631852,0
0.6934715938452176,0.09037178797271954,-0.1088402340822974,0
0.7035586495957034,-0.20923153135632622,-0.10036750323979199,0
0.8497763609943798,0.08380069314379653,0.04707121453250811,0
0.48796480386220187,-0.04162820406742747,0.0778538322130051,0
0.4461693965062742,-0.06002811722131279,-0.021074817705780437,0
0.6540286409820082,0.23420753173537717,-0.10826037913228324,0
-3.143994452545038,-0.049664173405416005,0.022054392921764195,1
0.6095039408143893,-0.0075332688012156035,0.060429098502872036,0
0.5032533395780857,-0.05661636136370321,0.12991846910433075,0
0.8151187015522222,-0.2114261996736461,0.08076817830310468,0
0.7125494372176633,0.038072022899410446,-0.023461581533101836,0
0.699920672535381,-0.20703934723057538,0.022595334586971244,0
0.7984166205772145,-0.08693051098970778,-0.02479948704303027,0
0.718986959366929,0.1857169717865293,0.08426033241739635,0
0.5383357410868567,0.18195253267044287,-0.07382090175551274,0
0.7469333470940267,0.14695265811206604,0.027189719623009263,0
0.7922390827001992,0.030003897446617123,-0.07692553973677774,0
0.6296028963216027,-0.18527316281749406,0.09905345375785503,0
0.6352660829235529,-0.015083697273530237,-0.06046318480726101,0
0.7492947675398957,0.014283451013207799,-0.0717117251048937,0
0.5931502270567286,0.044016183219650576,-0.0668748004564462,0
0.6625681159673007,-0.13293346294181208,-0.14216403175707298,0
0.7205061683863471,-0.054573842254413474,0.11210015654509418,0
0.7810274165009006,-0.09845137537120832,-0.045332309612203775,0
0.7397488460281377,0.08829768554114893,-0.029615602666023172,0
0.5871960989107323,0.03238710853975075,-0.08602303376302801,0
0.8204241328680209,-0.1629136705612788,0.06257831587248444,0
0.6009320446237024,-0.2182966605976119,-0.02889747993933788,0
0.6740313521229517,-0.03256599079340268,-0.1040722654366279,0
0.7828503916765304,0.12697511718715976,-0.007658246603690794,0
0.6083889121373627,0.06531653388484869,4.053151418867384,1
0.7371923720813005,0.07216720630356982,0.022333906850475954,0
0.8099988474367253,0.006773258459283046,0.09321212092329928,0
0.6282132065475902,0.017398148366520854,0.03666663243040179,0
0.6868846411090609,0.08499073918342127,0.02719539921229329,0
0.8216894936378952,-0.1983112804414348,0.13816760285383614,0
0.5484561058219276,-0.027688794548368353,0.027336595580031587,0
0.6358335969540563,-0.02197315421787011,-0.040857713669024034,0
0.7377100278825452,0.09244888271429413,0.06230976523162044,0
0.5099108928192219,0.08572637000641957,-0.08779662751110011,0
0.6381257486772067,0.1102319785909704,-0.07138925446733743,0
0.8380892914870531,0.035297680043478726,-0.030980954867361195,0
0.8548860893086005,0.0610076696387633,0.07655865047182436,0
0.6248741004442435,-0.07681459156212632,-0.21829952674764394,0
0.5869942585019996,-0.00640852975786621,-0.02133569231895199,0
0.7306502672629808,0.1309156687110967,-0.11661453249446481,0
0.7061689964223834,0.09565201358879544,-0.04970298057131517,0
0.689399711833049,-0.08279906588090942,-0.0011742185513436872,0
0.5084882177981498,-0.14435511830070338,-0.13560521456479216,0
0.7634594827556391,0.16464912827916933,-0.08443598971024038,0
0.8447786708535518,0.10653476887396228,-0.07316786944665772,0
0.6846663016952003,-0.08300727679172043,-0.15816611881981676,0
0.675169714562135,0.003386545456412978,-0.0033798882839411767,0
0.878407234274603,-0.031603489242116665,-0.18871037031088284,0
0.670184995083726,-0.17043184204215814,0.03909223163902857,0
0.6568429657282001,-0.09307051213803547,-0.2033434982252966,0
0.663793664409124,-0.06677249761268268,0.15492130478299862,0
0.7435104107358248,0.08534027342136175,0.023523001396654617,0
0.8429521956276639,-0.025461673033057148,-0.10394974792592399,0
0.6029327046833063,0.0313796978871377,-0.05932675012985483,0
0.807793828290521,-0.2170967281946784,-0.18010143312535434,0
0.6820754469951084,0.15258362547276705,-0.021662314861589184,0
0.7359635895447473,-0.2686480126388953,0.11605116574378405,0
0.6043163171392026,0.09519939738711114,-0.059844584642226896,0
0.7209539568555233,-0.12048139733753148,-0.05434322297908539,0
0.6685455186809327,0.040662465481543564,0.04801075738092353,0
0.6954979908565528,0.06750252176253811,-0.15137025398659956,0
0.747338342277846,-0.06979883437708191,0.03958071972869893,0
0.7163861308598636,-0.021661410883391817,-0.04463002978331222,0
0.8254977921005676,-0.08575381766672155,0.10383798584127948,0
0.8317683553930217,0.029720932773604748,0.08258557383040943,0
0.7208852559305794,-0.1529078892767305,0.033719369091023264,0
0.8103091886989601,-0.044764340359592786,-0.1465639187077022,0
0.6716090131946411,0.11196862867506976,-0.12543480817495534,0
0.6218233205567532,-0.01153800943785818,0.05565509639962962,0
0.7563650615900787,0.10506328385166955,-0.010001328743262802,0
0.7783476825137831,0.14466079500882667,0.3580772623441458,0
0.7136955238560898,-0.04099914418273636,-0.08036478444881948,0
0.8199906231814151,-0.03189814638430634,0.1091561377183244,0
0.8040738626569196,-0.15564287150197875,0.06285138821224209,0
0.6516971497147656,0.002393534064798789,0.18039617517159207,0
0.7870404925305586,-0.01695537518111296,0.11477431998894237,0
0.7272245438981767,0.13922402551332086,0.09386498652232084,0
0.8977334808144994,0.0022895625922027393,0.04037939655176597,0
0.8850646240892158,-0.04438266565105928,0.09244149034866318,0
0.7127181263315588,0.17383274880269328,0.0470571155282252,0
0.7018205222778472,0.1857955659881886,0.06144997390465401,0
0.7615865259768558,-0.04336805790223972,-0.020627337782604505,0
0.8291559930283618,0.12812462952086065,-0.0025375297943151225,0
0.630536710000224,0.04629049924877182,0.15133167010937118,0
0.6313687207036726,-0.11509842089662548,-0.02187679538199374,0
0.7920519695155803,-0.024836970471892518,0.0029857527665806023,0
0.7417306550077817,-0.001164838729660141,0.02586755650945099,0
0.6929873395526951,0.012727419344176009,0.09688197260659336,0
0.7982968630729722,0.04133810184499389,-0.10858849141520395,0
0.6267875388406147,0.04015612283792981,0.231295373353734,0
0.7992566094298522,-0.17702392885806148,-0.07877796249902977,0
0.8279646522724895,-0.030415599304607244,-0.12761143782636325,0
0.8595018676108703,-0.04219458070760575,-0.1988051082818749,0
0.6462498344136125,0.11061987600675752,0.003888929413234812,0
0.7368086638341769,0.02962763405329487,0.08626319718030656,0
0.7104385316239052,-0.16950045582546094,-0.04978241205559336,0
0.7861721499989808,0.07755603822530206,0.15197046524578087,0
0.5882826627212264,-0.05507402852732185,-0.09510337761026996,0
0.5058085587037822,0.07864562000704696,-0.08231233659627846,0
0.8797899088629925,0.07035324437444307,0.14926250864629217,0
0.6844067501715292,0.1076415751287405,-4.073314955088746,1
0.79398460233992,0.0163255087918049,-0.10267148620896271,0
0.7359954084619491,0.015882428889623747,0.0038484275012229206,0
0.8214803030461817,-0.04441905441272065,0.06082529501991588,0
0.6114618081405211,0.17343988952400205,0.0326398580032507,0
0.882331372992553,0.026502692281185194,-0.04253497928486751,0
0.7892644032582143,0.14876845348729587,0.09217509152726204,0
0.8984838580424434,-0.05286665730436529,0.15727610924941096,0
0.7320567277132572,0.01527725972396008,0.0395658096474052,0
0.7679576453222782,-0.03057601171437683,0.004692720261560445,0
0.6393947087540067,-0.13801124803708695,0.1832722098732186,0
0.9142610572661791,0.030129403753608727,0.22030949874351477,0
0.8215306345589855,0.06183002075840868,0.0724499154833454,0
0.663474147826255,0.15752279561231394,0.019810229112094874,0
0.8248255722852613,0.035811823865350055,0.15084253888202995,0
0.8580742689646315,-0.05926311456997285,0.030399252648474928,0
0.7931370435792592,-0.04735594884398779,0.05007852468315588,0
0.6800181588164695,-0.07573052641974481,-0.07294473732395854,0
0.856581247376978,-0.07096970909090942,-0.02767823393382153,0
0.7753993105300603,-0.10304114539592567,-0.029732295686020233,0
0.6231166657634808,-0.011439726129175914,-0.02717585958447981,0
0.7517100610770765,0.01456978952948502,-0.18828613710937123,0
0.7126369437520665,0.03765730782237878,-0.19916318304787117,0
0.8804081297363018,-0.09827484659041887,-0.05564656589584315,0
1.0827948050832208,-0.1426446288400964,-0.12570513726392438,0
0.5719184601007441,-0.1282842496616659,-0.011353634778013105,0
0.8469575954275995,0.07054740471579235,0.09294261375736822,0
0.7549103294267752,-0.01753679439461256,0.03093735889367487,0
0.7577200183784889,0.041198183873138304,0.17820176308929717,0
0.8296611160013394,0.1529723483340767,0.09152556534948832,0
0.8727915523241954,0.16732176943893046,0.032887678285105824,0
0.5839126073797176,0.155634895456207,-0.02485117171606631,0
0.6992299819805375,0.12001639683752059,-0.06340634689079501,0
0.5496877877054047,0.21033331539319017,-0.0443496857364655,0
0.7053861632866226,-0.0668687019058344,-0.0043228633636153875,0
0.7892285381418155,-0.030675708546749905,0.14552548618107297,0
0.7891491569324602,0.0849301745987202,-0.014966827527747906,0
0.7797384255797514,-0.042526859487515604,-0.015085872358426431,0
0.5712333898471826,-0.007229256433704948,0.18307358278868688,0
0.8274174031354733,0.03532248266988759,-0.21731389445027327,0
0.8242587352014497,0.007577613916373124,-0.06700728837055801,0
0.7601872624441856,0.08072285549075736,0.017470976359213707,0
0.7704845084435962,0.0027200011162698827,-0.015161295295045367,0
0.694123054270839,0.018188557138380492,0.03735957555992741,0
0.7876218164998869,0.1308188555471209,-0.04136028240475461,0
0.7098204557184321,0.08545114204979605,0.02896187810529532,0
0.7029615321274313,-0.08803874893905665,0.16395142908284338,0
0.80134308594371,-0.04608515414375233,0.03545929624376278,0
0.7677848196151087,0.19005281080398673,-0.004325848908432082,0
0.8324180172227671,-0.0931850618768688,0.08311621744875901,0
0.7335554044872235,0.11879533928887398,-0.019178869353906065,0
0.90633633911109,-0.04240368194313629,-0.02365271665889504,0
0.7253308492729018,-0.04096731669807788,-0.20532773593779302,0
0.6613639673200052,-0.1072417631366883,-0.04804639457764648,0
0.7364413346492155,-0.0031284723550493187,-0.0712735205788677,0
0.7242399549666412,-0.21055551655723478,0.07253800259218922,0
0.7541872702542021,-0.11172615724130758,0.17384170876246702,0
0.6122111745025984,-0.004179875794660354,-0.09441890420207306,0
0.8109731376165658,-0.17697273084141896,0.0048683850755249485,0
0.7487590379219918,-0.05875648683014875,0.102271724642647,0
0.6926950229384458,-0.05613242515599122,-0.0841029696061476,0
4.855548276685911,-0.019422589035438878,-0.10410682094138746,1
0.9195411260427315,-0.12638555898717405,0.18991403075065844,0
0.7526644865543537,0.05468435994024095,-0.051686079951078816,0
0.582204935247386,0.023826441464037215,-0.015235080268797989,0
0.5961243993077114,0.13187162052863974,0.03257871409372462,0
0.6218372087888292,0.24928992110831355,0.007477867599294395,0
0.8834099563774198,-0.0662006183726236,0.001368871847570092,0
0.7555241321720211,0.1298789687459014,-0.14579659413262494,0
0.80042859730017,-0.0202465635612278,-0.012949714842809485,0
0.8539760539700301,-0.1283771521085961,-0.04486681841278459,0
0.8275758018422441,0.033508045191924345,0.1389770351195702,0
0.6859533093717993,-0.048645668985021,0.08574598454290885,0
0.878486013371394,0.11534947555090341,-0.08478544999335252,0
0.6743423161729393,-0.12427280647173052,0.07660606100084107,0
0.7546838929645142,-0.10035925573199872,-0.030547862615141398,0
0.7755096984212791,0.07633650578860895,-0.023260089449571916,0
0.5104359656934474,-0.15199565642686652,-0.004632353712175239,0
0.9128422234204103,-0.038922325848104414,-0.12079232966347393,0
0.7411755238266814,-0.044370848157506554,0.23439706040678426,0
0.7204631349564006,0.09260272144962665,-0.06355370218056215,0
0.7184222606602891,0.09992732044959945,-0.09616503293532866,0
0.7586574061709551,-0.13915025336932427,-0.08983702538205113,0
0.8445075219181352,-0.1768021430453237,-0.2225369906762793,0
0.5883818068002376,-0.011941008655814806,0.08445664674677746,0
0.8715232137479153,-0.10624896030181011,0.014514825486185368,0
0.860541492181992,0.10888551339325206,-0.19781104886236514,0
0.9047059557978385,-0.09668927446249037,0.03028147170467223,0
0.7498402857336836,0.013909976609830333,-0.06283445182847688,0
0.9282721411436566,-0.01765459693269712,0.05769975148720097,0
0.8463476691597265,-0.0025539549261495414,-0.059945406586834504,0
0.8933698590691854,0.05086162797200863,0.13827368679508886,0
0.7600268260686728,-0.10027886381157368,0.017996661662210093,0
0.7914389458178278,0.03660344749862979,-0.13269090245568713,0
0.9901171244238497,-0.06185832199359338,-0.1610605749967454,0
0.8113593372649174,0.18628041878405682,-0.04132929988362,0
0.7779589014397142,-0.03442998508862477,-0.042518857244558866,0
0.7258413373219759,0.031917141714755314,0.14737817441181472,0
0.7668969572163816,-0.09395983916536654,0.05619067388945717,0
0.9180606264398352,-0.15180753817305334,0.039572737155801826,0
0.7998243162159806,-0.06389399947681829,0.03524295691387999,0
0.8054008745593484,-0.14280509588497606,0.17050631651702897,0
0.9328237682581272,-0.05562194806733259,-0.05681244945660521,0
0.7398834961167309,-0.06536309918502452,0.16161762833002646,0
0.872417423809013,0.12808712551574003,0.08215085547955801,0
0.7872224739087553,0.12685573574680395,-0.025694306545411907,0
0.8018019416146264,0.19598280390714717,0.13548011994486658,0
0.8420610211685463,0.02059657848281089,0.07457717199709615,0
0.8460685017788372,-0.07515008111525119,-0.1501349549942698,0
0.8711154891305887,-0.08532697643029162,0.02953825737735955,0
0.923509379790312,0.0953432725997863,-0.1588885760274782,0
0.644574468976855,-0.08575788727797341,-0.1373788897851857,0
0.8571770667799605,0.036332112441331575,0.0837853355460404,0
0.638936228005371,-0.17168537649352106,-0.1060015277686353,0
0.8780650648696486,0.006728838616976424,-0.12324725981813012,0
0.8900463468819277,0.13578264215005495,-0.005950264829165643,0
0.7145813378187992,0.0926243221201234,0.12017357279828816,0
0.7235831465763325,-0.013870309086406832,-0.19858033622358853,0
0.7254353021970472,0.11376171298050027,-0.016397845256594126,0
0.6933061371902174,0.006339173718658277,0.04075714135366769,0
0.8933223895280288,-0.06721814464067853,-0.1688169573988822,0
0.7176316462774299,-0.06334426241698646,0.17265399124967193,0
0.8726705517680289,0.007061746293580477,0.25996554247337544,0
0.9115135420294748,0.040612327570155746,-0.177451655085197,0
0.70842956503215,0.07732232462763051,0.06310125937691168,0
0.6331693858517603,-0.050633044866294545,0.04996249495356984,0
0.8781691823081255,-0.01816263000723457,0.047038815820363004,0
0.8725743936012018,-0.15510179055566875,0.029618465957905002,0
0.7625007327810979,-0.007940037378374766,-0.1859737606523881,0
0.9163029675706443,0.10946427987956689,-0.02080254638263174,0
0.8275149393419516,-0.08246584755442693,0.10585253872876431,0
0.7757002023369357,0.1455606312443259,0.1855397687347267,0
0.7859719141974371,-0.09453455786846081,0.1536152234671911,0
0.8625786753381031,0.06262650130561269,0.1308819884583776,0
0.9045648945570947,-0.0825807483086963,0.12748785359136294,0
0.8072793861085473,-0.005616134312290258,0.07402712741849149,0
0.7252445980038732,-0.020559208921744707,0.1182271580369503,0
0.9657344769332228,0.09153799886913917,0.07706406824430874,0
0.8017187102535838,-0.20252761892388485,-0.02187259518180609,0
0.623695466031978,0.22151448988146247,0.033194841606085976,0
0.7180221094846039,-0.02036723901358136,0.05854129839178295,0
0.7481786028681773,0.09662365838113497,-0.11227399398138045,0
0.8053678061542263,-0.030665709597225466,0.014019409256873491,0
0.9205203686376056,-0.0511833863401692,-0.062227592446359205,0
1.0296378075731418,-0.039473285541065224,-0.015423510814767933,0
0.7909121970376046,-0.15506643654854382,-0.09381078191098326,0
0.6577364970492982,-0.07095324148007345,-0.020399769215459686,0
0.7457075591223675,0.010688446790143386,0.07253688780173512,0
0.7562947032699532,-0.11484587714225376,0.19518884203506037,0
0.8354234055776509,0.0571509003841335,-0.10450567492339818,0
0.7518600690709858,0.13747499143815647,-0.1413077571378417,0
0.7947610129073086,-0.14929717102536463,-0.11579388089989273,0
0.9315895633889134,-0.09103536915088552,0.01332118776362912,0
0.6783799685100402,0.01930395715635802,0.07338936115340172,0
0.9005572271984761,-0.009682839434468534,0.09052772397786665,0
0.9920953377016126,0.02098447984330076,0.06611929023139303,0
0.9155290096581539,-0.021645389080125328,-0.050553454960693994,0
0.6954376990489453,-0.18129654970922815,0.07459959461908079,0
0.7791004774144334,-0.13865849045612202,0.01644494820172951,0
0.7242398448806023,-0.14022797078360594,0.0018090166395038467,0
0.7296600922334526,0.022199862246323802,0.009541403208870439,0
0.8981293992363168,0.03406104104551221,-0.0754359299799192,0
0.7571427667661473,0.136884169508488,0.033094796844281606,0
0.711646116332298,-0.19569308864870133,-0.0014079896935693254,0
0.8074149742900685,-0.013020604107409281,0.0713675552880562,0
0.8016034166228783,0.22497380564058023,-0.08702259723851705,0
0.6076612642071301,0.09112487256003639,-0.07756842128147212,0
0.6450077194633583,-0.15924226925899151,0.3000660440665747,0
0.6957672680087705,-0.05674076479375906,-0.023343561399638377,0
0.8788006702589274,0.030892461878797985,-0.06489455295976057,0
0.8278749548337303,0.04524524886433907,-0.050047942483624236,0
0.9231920026600039,-0.036048913423217185,0.07927741975870428,0
0.783165528250531,-0.043637790639835417,-0.07470048001643524,0
1.019941473541042,0.054518096263572735,0.021053618889040945,0
1.138201898617556,0.09352611907014598,-0.12258802182867726,0
0.8026914721991625,-0.00705670031632784,-0.0023664781981897615,0
0.9690348770942838,0.11505327562573911,0.08715534605994768,0
0.8541616577623711,0.051685513648245786,-0.04642228568234499,0
0.7965286008753565,0.09048432290248154,-0.0025259384665929177,0
0.9894808331646923,0.015979626145520332,-0.014359383398836712,0
0.7760948818528259,-0.16819914253244816,0.2517061603530745,0
0.8269035807024716,0.16124495919956477,-0.05222240090003019,0
0.9501293633135179,-0.1420430450453566,0.04175843142780605,0
0.8092741013683145,-0.07231299831320824,-0.09837116512403575,0
0.7807797274196517,0.08101853027722734,-0.18415386714917348,0
0.8234583520281826,-0.02732699030540315,-0.078933296292438,0
0.9419693856123283,0.11127399530151275,0.05609076346056218,0
0.8353716375569901,-0.0010435327690919381,0.01936629324057015,0
0.9392374347923408,-0.0896767110632047,-0.07542382088167465,0
0.8258194169409385,0.018212162328615163,0.049592357166241,0
0.8719977107278638,0.11341844323456735,0.06874578352662412,0
0.9456454407064612,0.218841187497958,0.05889107495817028,0
0.8315756504129355,0.0746369335800736,-4.009345115644049,1
1.0636671417650638,-0.03903358281645569,0.11267383986127932,0
0.9036700579899947,-0.028284397267634848,-0.012830807188921614,0
0.9141129287211682,-0.039092218330588395,-0.10592018289114238,0
0.8057668929449298,0.027238404518288063,0.02645050716658208,0
0.9164441945565177,0.0328759951398174,0.0708357795403452,0
0.8399842614739209,-0.01563115126516509,0.042075729093463944,0
0.7872490691916704,0.06115377059291791,0.08376744001663794,0
0.8987266269623883,0.06560652834132379,0.11295992009071945,0
0.7682496443137845,-0.1375945196523228,0.15966069680163208,0
0.7835989062137747,-0.008402059894125506,-0.06367165895511513,0
1.0011138102527004,-0.16492660496440234,0.09661707214566077,0
0.7700191045138046,0.04550662095279007,-0.09875530638635127,0
1.0978267245483815,-0.021587575539133173,0.024499333025931935,0
0.7842326242814872,-0.04641733837401393,-0.03476174958160025,0
0.8860767973949017,-0.042309629369800456,-0.13970548542900219,0
0.9523469316150152,-0.030898368427899045,-0.07882126465269533,0
0.8739157038651262,-0.15530314329343176,-4.103545520024189,1
0.8495631817311808,-0.042601916376313,0.05213928381140294,0
0.8670340693511671,0.0901528244572506,-0.010283719859674804,0
0.7957147296975706,-0.06160360550057471,0.09502542116298315,0
0.7774696288531705,-0.14561201255198775,-0.012153556559800915,0
0.8197309148019281,-0.08766392579659543,-0.004044351407289998,0
0.9475315385960259,0.08729046184131051,0.09316405668700711,0
0.7657512352213265,0.0547765763424847,0.04548195570007134,0
0.8960805764247912,-0.038989324138190985,0.0538725749571016,0
0.9846328637086715,-0.0042020328021964955,0.08386701866935879,0
0.7734164883020936,-0.10937744903468645,0.0030224222053102305,0
0.912015358313141,-0.14760476547836596,-0.028481058849518105,0
0.9032503560712991,-0.1917086199618912,0.030486292943511403,0
0.8746457563872714,0.16273395202092913,-0.004899102868548198,0
1.1099790824066813,0.022094282298056853,0.10665656618855204,0
0.9397043125690516,0.06130679205008974,0.08281855062942013,0
0.788441126915846,0.03670325788872141,0.1356484148654876,0
0.9042576358007399,-0.021343942439812462,0.0710540808346921,0
0.8095766253752856,-0.08421524496560258,-0.012041262872750778,0
0.7568898317821114,-0.0032987830477474267,-0.012326647967737393,0
0.8688567741903351,-0.001811063392709477,0.0326094628787127,0
0.8659353182382413,-0.05767690340072166,-0.10810987401246629,0
0.8297523814864941,0.05194858063813125,-0.1651912671331835,0
0.8690607768269293,0.024085780521513122,-0.020675882925624663,0
0.8337923738607521,0.15148465804278072,-0.12585924673236734,0
0.913886200940113,-0.005907426657482736,-0.004603159384745506,0
0.8496200039059011,-0.20086055134045133,-0.037742707032631204,0
0.9226515604292997,-0.003047771684494123,0.1390206040769515,0
1.0282356769255547,0.03565237177135271,-0.011563321463436594,0
0.9762779349483184,-0.09620898000111633,0.03087616543058106,0
0.7046704772471779,-0.15790245346255474,0.05239850339761587,0
0.9359896912961059,-0.12598259839442214,0.062470292627917604,0
0.9089057761868755,-0.02429276847435376,-0.15197554746763564,0
0.7741173419756474,-0.009463906180872762,0.030304647534402887,0
0.8314173806688863,-0.009683242884025738,-0.12404477300706958,0
0.8677556927201224,-0.006237803442925292,0.07475543457292673,0
0.9740263759629475,-0.06749483987908081,-0.017897758678523563,0
0.9458845526269176,0.0651832926082598,0.23442040707398015,0
0.7365982783328912,0.002119179628359211,-0.02436069052036008,0
0.8487581941088471,0.047887644164143275,0.059710996223016344,0
0.8280488149800334,0.050261812684270005,-0.10406824647627949,0
0.9793052263028909,-0.22306435568759145,-0.04696169627853942,0
0.8269743542872735,-0.1112695766757921,0.12790168336280186,0
0.9453604324189848,0.07876735737613366,0.025107200368714933,0
0.8448709179669238,0.03153814300055432,0.11555154746139112,0
0.8332610802385498,-0.05466428511416419,0.0639007512326847,0
0.9448813097968985,0.017194233140529046,-0.015645268737505196,0
0.9533793611553829,-0.1894631033145841,-0.09149042083676029,0
0.8619277398035927,-0.08023760576204675,0.11381267275489074,0
0.8538122831936418,0.026783389785693314,-0.02514040734030434,0
0.9226625030523146,0.08131966512127475,-0.03445268069457765,0
1.0405394154750873,0.1006605972568167,-0.20641423962668892,0
0.9588810816913618,0.03877618177901608,0.09282782970579888,0
0.928371496686126,0.006483563611332223,-0.07138255139081652,0
0.8914974961833118,-0.026581716630160537,-0.034089905140806,0
0.9789995370730272,0.09183976522153986,0.05341062100475838,0
0.8016895455094164,0.07133371611106394,0.21301846393357118,0
0.8241820906326878,0.06681260871251536,0.2555748613606405,0
0.9153151479116521,-3.9167247934919303,0.27048168991606686,1
0.9009358556878956,0.018212560503994044,0.1257041210707881,0
0.8459483724093193,0.011612041831501994,-0.06228809391478384,0
0.889359355284279,0.04924950685034352,-0.38145587166499934,0
0.887758119322541,0.09141385586019146,0.04191988485050451,0
0.8387422205418026,0.0361847722341945,0.03908336057594346,0
0.7323712971577736,-0.046250007426627646,0.08656536785752236,0
0.9737720331021111,-0.14707686022497887,-0.08186259748277275,0
0.881744115777167,-0.07340017607491457,0.04781137291465892,0
1.082554645554249,-0.0922067282619614,0.03628216163334327,0
0.9695346378099401,0.040514036188041835,0.008230734125638928,0
0.7955587843096592,0.0544546562831078,-0.008865727675833398,0
0.8904434794132792,-0.03316756446038303,-0.07989215300283437,0
0.962216271257606,-0.19487641216864274,0.03045522639132141,0
1.0391813796654525,0.08955164141544925,-0.03829137522322646,0
0.748524703908474,0.04633960509026966,0.0709913336210182,0
0.8448254743736461,-0.06599312150344722,0.042284149687127105,0
1.0865336394672385,-0.07862398164934546,-0.16216471613932731,0
1.0165899101908031,0.011694344423115673,-0.1493264247225191,0
1.0106284723728522,-0.09137274296553274,0.14560369915037782,0
0.751207332539323,-0.09607414943731313,0.13674634465219668,0
0.9819662203065926,-0.03109503512692088,0.12209932441468585,0
0.9535231113353138,0.11892113498109086,-0.002355791774898813,0
1.0293979069771715,-0.1025881103895363,0.11160886228402163,0
0.9521590021689403,-0.02133383579247594,0.11211235734268066,0
0.8752609494321721,-0.061083903871050685,-0.1275447840561508,0
1.0044402354233966,0.2183206130103634,0.09116210115458578,0
1.0991765873655879,0.004547399951595616,-0.18580830883404956,0
0.8397636583923215,0.004950440102711424,0.04132278708887559,0
1.0843911119545704,0.15641388430177464,-0.05989656471202423,0
0.9202306142984757,-0.04713232710744483,-0.12986865147601326,0
1.0002547215473796,-0.014291073844531835,0.030596569220136777,0
1.060082918603489,0.08739890362884412,-0.16262667067037084,0
0.8884467102980559,-0.10095258307395907,-0.1669208994535878,0
1.0882007741126698,-0.09328364307686757,0.059047991556138005,0
0.8394984474652585,0.027473770142887766,-0.07164434563529515,0
0.8135987066305257,0.06075449599608851,-0.007781285382228169,0
0.8301349987831207,0.06227852023504313,0.03262153160970516,0
0.9189331966739339,0.015408709543772457,-0.12225870943543621,0
0.8031588911097258,0.06910023378433358,0.02104925356902386,0
0.897569980497966,-0.016998278762934676,-0.014984905895187951,0
0.8026363034525369,-0.04987677511888647,0.062261915715617414,0
1.006761151950958,-0.13825808504377002,-0.023235254130772334,0
0.8165827373029981,0.025243282848633326,-0.2133477541900146,0
0.9641908651875852,0.010978123669478026,-0.06402300275045418,0
1.0225756350125499,-0.1573570834452977,-0.05559995031275199,0
0.9547065908939344,-0.011908327824312311,0.006864213757764997,0
0.8477757240153251,-0.28422331713937005,-0.077395012574949,0
0.8925397728033921,0.10098031140120678,-0.30915192165573596,0
0.7677503536326808,0.011394689914350253,-0.020834622004034832,0
1.0027622598675354,0.07762216771060773,-0.12397461379303693,0
0.9520076118675791,0.023374358233462192,-0.05222791929689683,0
0.7976693693099896,-0.03562658294532699,-0.004672661223220384,0
0.8951843489788561,0.10210503411058364,-0.09367029801067167,0
0.8042130330232766,0.177662369590331,-0.004171912636859736,0
0.9178068043358978,0.08152186245536505,0.03626831689565388,0
1.0120767096575207,0.1678864988079525,0.05872651305333387,0
0.9162343956445171,-0.125940400674252,-0.014772547878330681,0
1.0104816162148855,0.06413548995305428,-0.0646597497022409,0
0.7477089204959433,-0.09820830988514628,0.1405734745512542,0
0.9232457083415582,-0.0006741525114234054,0.046980697202695695,0
0.9569832422134091,-0.07807415553829117,0.14288241257154813,0
0.9023014655266289,-0.10638717883936821,0.035207578155044904,0
1.0277091804715859,-0.04211822261576104,0.08790423002142042,0
1.048891568454688,0.06231686836172358,0.18172887192399922,0
0.8004030085283209,-0.06640667667972411,0.08417518903063848,0
0.7470208226988646,0.04141719486952412,0.22099263587460213,0
0.9100179507203477,-0.004447397234554532,0.12164956234357507,0
0.8587098106859645,0.07252883140602177,-0.14661912891037426,0
0.8854146852527491,-0.002461734363406254,0.05633853988137636,0
0.9071896981605092,-0.10822400118827386,0.01951385257611946,0
0.9691968220236319,-0.062373708647447984,-0.1151592683799831,0
0.8968166810406266,-0.01359512369998174,0.04465430204144548,0
0.7131374441351505,-0.08744519510261063,0.03340912846706378,0
0.8899210681846615,0.1686806471276392,-0.17070398749786184,0
0.9643445808276737,0.04249557507194783,-0.11919184660946205,0
0.8682344272686677,-0.005007949841030866,0.12633262929008243,0
0.9297526967374063,0.008429871956056205,0.1165213580211141,0
0.9417056280120938,0.17094925604016126,-0.06718733507601359,0
0.9291293112846795,-0.05997787656531792,-0.181379478883791,0
1.0898304090552222,0.1261450142177375,-0.09036999306466557,0
1.0902058011024969,-0.1274227852831097,-0.04730773473625916,0
1.0322605628114008,0.09825984148571221,-0.028567126094205503,0
1.0597856143313902,-0.05658678659416022,-0.18087416223043484,0
1.1268276881768786,-0.0855731915922303,-0.17301843720617885,0
0.9836578342387791,-0.05797884897091822,-0.06213044313315669,0
1.086592202402077,0.1416610817286594,0.11601933524804971,0
0.9659702927167483,0.1437480709340076,0.006996915151812274,0
0.9315855359071931,-0.09884370029405078,0.01488615511676744,0
1.0032766069931054,-0.027807413456022015,0.12336459758207259,0
1.04873864994708,0.07486237352231712,0.02235797770939572,0
0.9569271213940668,0.03060582442733505,-0.10297726046841534,0
1.0268913914787992,0.1383828443074253,0.010879910772806495,0
0.9353359912375667,-0.08205230457868345,-0.1494007533796403,0
0.7774519474343161,-0.08452871102074955,0.11926861457560876,0
1.0241889443382666,-0.05878419216729083,-0.10681969135145748,0
0.9742038034651213,0.01208347461423356,0.14270500909213718,0
1.0456517419569884,-0.14693881329224232,-0.016390816664131364,0
1.0644348457198831,-0.027654539293356317,0.009291564884627759,0
0.94174559779083,-0.1011363430190656,0.08274699548598509,0
0.8817862604562161,-0.10945327259013932,0.17221732366665604,0
0.8588743416285618,-0.007646742575188545,-0.051566592166323456,0
0.952514404236525,0.06304779201235226,-0.13449835410636526,0
0.8796866339188804,-0.08657132344211993,0.004528765281848547,0
0.8607442498062002,0.00884956092643023,-0.01012345625722144,0
0.9386206444355061,-0.049900643194649916,-0.131023308638709,0
1.0453087354603618,-0.018348376419255963,0.0545548124339618,0
0.8992540834697599,0.0570242466567181,-0.03337769425766771,0
1.0342035651186625,-0.15497746802553528,-0.02588798328084166,0
0.8467935821121212,-0.041640294594051185,0.005756836593103847,0
0.9831058845780954,-0.14219778228016272,-0.030600834500111154,0
0.8514901762528504,-0.016866405303308456,0.016637809285629985,0
1.0633655228840078,0.0033732382887493094,0.017144110027546212,0
1.0108343860323872,-0.10552523726334713,0.03953529811683007,0
0.868669450823288,-0.10564268638748271,-0.17339922332752494,0
0.9444177436407273,0.0003257322804439064,-0.04967308980333695,0
0.9401766073272337,0.08611487981500543,0.03777773003935676,0
1.1545586011764541,0.05470186680619685,-0.14485105374235743,0
0.8803885950549355,-0.024408899584697285,-0.1578720778459374,0
0.9302665369346347,-0.04118570614268263,-0.03429244308008609,0
0.9979199784073677,0.13988742444258734,0.02179440100747833,0
1.0389122797588135,-0.07303344283144052,0.12806443398998554,0
0.9729024735027786,0.05010744084731982,0.15329472318225618,0
0.9207086972419707,0.04096540269473621,-0.14767861831350623,0
0.9503225671578873,-0.05407241038822702,-0.14754576314756868,0
0.9787889909764965,-0.14067543041828107,0.033895642529057246,0
0.8328509210153938,-0.02732932622808625,-0.04679061973172993,0
0.9020743049452129,-0.08141419034267568,0.09670968551201162,0
0.7689784117396868,0.058459393597915334,-0.00788780587579794,0
1.0884117808377518,0.04331484559781898,0.0643644783101856,0
0.9966986364471749,0.024291245403951653,-0.017713203024790715,0
0.9966271458572667,-0.028163380219003744,-0.0001850308174576568,0
0.8499278810202062,-0.01865714692253942,0.01142439770082246,0
0.9774545200897624,-0.08866141228354373,0.06258065054661302,0
0.986770252775094,0.0908283026385403,0.13542816514932576,0
0.9862874896808725,0.033462817324533385,-0.20441154635849987,0
0.8724266608231194,-0.05725058200069194,0.1630829786913423,0
0.9888461247042623,0.02901893655423604,0.021550758316690552,0
0.7888749703391201,-0.08415400784090371,0.10629177117178004,0
1.2145639655371616,0.15012169339800657,0.024202837004527102,0
0.9084258788991947,-2.917655190657939e-05,0.008835962102628095,0
1.1530667584167988,0.23926348431897423,-0.08487735152313026,0
1.0773026979968503,0.03678265700321421,0.13519244457713095,0
0.9032514877799086,-0.05459724767841974,0.09702804773283777,0
1.076510166870764,-0.018919019924355296,0.049936808297806154,0
1.0061327512394402,-0.017108627779356223,0.040396947339375884,0
1.0060722751163755,0.0072840321466573045,-0.01917294437834919,0
0.8934115845901565,0.026273600025470703,-0.04361822069058996,0
1.1263464436550303,-0.06026885438768849,-0.04580662000180768,0
1.0085005292753118,-0.01173552961841303,-0.02369995673043317,0
0.9379816415917633,0.19443914123353045,-0.002970044862516445,0
1.0644078943390836,-0.009261841075368591,-0.030416468690641286,0
1.2056803719668776,0.004565419999680693,-0.1333767007280599,0
0.9293124773880446,-0.18038540405481227,-0.14355250344154336,0
0.9461844365108019,-0.20277506342700127,-0.050747612253080235,0
0.9259033762139988,-0.10098246712840542,0.07244614905027252,0
0.8838858872063473,-0.041492467125279237,0.031216889763625327,0
0.9857214937387043,-0.2906404486732443,0.08272786052972048,0
0.9613793230078351,-0.046472860004047406,0.06375774342837466,0
1.023525148536989,0.09394750623449605,0.14584506604909783,0
0.9690369197037508,-0.05439060023646404,0.19929094345411624,0
0.9542362331726206,0.14318220782867555,-0.058803159729378655,0
0.8842532463000443,-0.035061718760075834,-0.028108717447881595,0
1.0327744767669609,0.15638509905134246,0.07887521114480148,0
0.8961219309621997,-0.163372287340757,-0.04898942275235805,0
1.049544928464415,-0.07520577448544832,-0.1176522057063326,0
1.033356846713694,-0.23972280031660734,0.13058330499252366,0
0.9914744578167146,0.04871597377164767,0.1477935270298298,0
1.0329277323020418,0.19081751126927965,0.09822976470094374,0
1.0754887614551272,0.021682614809373866,-0.059266608647211706,0
1.0367963972660224,0.057580497448032425,-0.08363028825080332,0
0.9258434151156936,0.11081809357275121,-0.1065452340037783,0
0.8919929048301977,-0.0593824105347536,-0.009643919229476102,0
1.0715467159994883,-0.03845507367602688,0.06923764781870455,0
0.9711433906405964,0.05611835757793169,-0.07169353566515546,0
1.1048370429409817,0.04611882449137635,-0.0702115329388556,0
1.1345066527991212,-0.07750969791424171,-0.08495316147105568,0
0.9375101294788107,0.03902817742144446,0.09225417755300608,0
0.9163404443716786,-0.006239106879731358,0.10628439212405466,0
1.111252866585142,0.19742075687536123,0.07462307836609966,0
0.9406277481992877,0.016037250621136655,0.1540535229612081,0
0.9781250433555027,0.10477831490193273,0.05973053350480874,0
0.9391282554846127,-0.07899517230950714,4.037268638326506,1
1.0842022338340662,-0.0017096018892691163,0.09534365125527355,0
1.0274006051938631,0.21284186879603795,-0.09999975373342453,0
0.9678080258970283,0.13732477654591194,-0.034194637085332574,0
1.118224760970012,-0.06397398115641663,-0.05493229397377113,0
0.9841282633318167,-0.014895875382529537,0.09121008136655556,0
0.8896907250994842,0.01082632493272637,-0.024186363996345297,0
1.0723129359422408,0.11685971558931284,0.08925853201985959,0
1.0555795833559745,-0.017223561191946717,0.032031504023042355,0
0.9220106483940377,0.15567232831308073,0.1573751771194507,0
1.1775551042060959,0.015481436359007629,-0.035171731782833636,0
1.1713506360254327,0.008508143291077545,0.06614936158362472,0
0.9200519999586093,0.04231640061334199,0.1836982788372351,0
0.8917993801504506,0.06238464007332735,0.011180691065926266,0
0.9719506660934208,-0.10432048144912437,0.05405695672774008,0
0.894028084174566,-0.024230357378078368,-0.08781799334087476,0
1.0921954604483446,0.04445711903045258,0.0008297321109475464,0
0.9645156826174301,-0.05452661886039015,-0.17282336131189385,0
0.915542959887926,0.002266461592189006,-0.11092767541753704,0
0.8974948431069237,0.07576302944433115,0.08309923049192529,0
1.1705413249127579,0.035154682661621195,-0.16216812021149668,0
1.0947862335140899,-0.011065224820552106,-0.1251871333933043,0
0.9329138019895487,-0.04731134560478305,0.05639846039886081,0
1.0173652542681522,-0.05795272635255481,0.08849324174655876,0
1.1018967023757698,0.006514822341442465,0.0270202452242373,0
1.0414494230253772,-0.1321634483975228,0.1613561105316365,0
1.0548887350056657,0.038727473076598615,-0.043113046395581285,0
0.9849361509854728,0.0723604762444727,0.09458066182652869,0
1.024965924254645,0.07203584576599954,-0.0450420620422693,0
1.105714680134345,-0.04906832662379995,-0.20619290906481896,0
1.0259412318540397,-0.06326457021471571,-0.07292401164216922,0
1.166289808851954,0.18434898326924967,-0.006688955661910256,0
0.8636559008096916,0.07329821878927315,0.019635331060116553,0
1.20753407580033,0.0508540111254932,-0.019671658976315464,0
0.9604277159412273,-0.002765381322815952,0.04778651135293867,0
1.1033807485932046,-0.20807498675655678,0.00254386138149028,0
0.9032445069367,-0.15574651841221415,0.0804422215897552,0
0.9676362941417583,-0.015275629933490048,0.14399131663765444,0
1.0796940097313865,0.0019601733822960446,-0.026903264053695836,0
0.9476750038717835,-0.07385448786076439,-0.3355626562159731,0
0.8945144730767656,0.1301262304948599,-0.02409612512436553,0
1.0321605037967965,-0.027901113234244518,-0.020580856764187694,0
1.0500571048805356,0.14638579400152898,-0.13759126959634338,0
1.0005596728588397,0.003539171491075294,-0.17088856208254202,0
1.1661348193366,0.06352399912931077,0.012921573248768262,0
1.0386700822501393,0.0020538614053657376,0.05206690393753908,0
0.8867622187999334,-0.011273216731315545,-0.11929459286356858,0
1.013550227127922,-0.1218492749793319,0.011858037228906486,0
1.1260617652435347,0.03059039479447876,0.011907366469574769,0
0.9247671689720319,-0.2308249167069355,-0.07048055998184317,0
1.077463012837381,-0.21037665973541153,-0.07453415364832355,0
1.1113879921684493,0.013010677954040654,0.07687268245457508,0
0.9221139753466137,0.03905020246933375,-0.11729734166624067,0
1.1348765993426804,0.03290525482114088,-0.050649066885075526,0
1.0530288497160416,0.009256271313207153,0.3154856220492065,0
0.8530800532419327,-0.041539721287978476,0.20493573143999289,0
1.2300421396563088,0.1082021028545953,0.05376262104378579,0
1.0558217893541215,0.08088745702461271,-0.16817839410998267,0
1.1037053054346921,-0.1678348608148168,0.05574209609551894,0
1.0308665140996027,0.09727925230765701,-0.08652885725623223,0
1.1730915934491146,0.20225851616240528,-0.06386360708105962,0
0.9670223017407571,0.12654572237077477,0.09642103434401117,0
1.1586902391394482,0.0685533552101442,-0.024182366924931854,0
1.0369469794880493,0.22881988511603663,-0.18202394020769255,0
1.0406190862383797,0.09043254351600725,0.027380974771098583,0
0.9531853697666283,0.07184152749941926,-0.07671307902026375,0
1.1227017960014454,-0.0234664244231992,-0.013990155642207083,0
1.212214887902852,0.029826159125781827,-0.07266606715123661,0
1.1952757963659995,-0.07070817909906078,-0.13530177021339554,0
1.0151917526123762,-0.08577829519325711,-0.07652271625112017,0
0.9047650107948692,-0.049411345153619106,-0.053900924481139215,0
1.171928253955958,0.036405933628704125,0.08067763703864722,0
1.0176817915697625,-0.15663258354259105,-0.12786253950988538,0
1.009018379803353,0.1822060044916843,-0.1131300914747129,0
1.0543691270810347,-0.024680441738688243,-0.038914029669497266,0
1.0703788160763261,0.10685185475703718,-0.1681273942570749,0
1.1569692367595439,-0.08327530847945297,-0.022196568523226143,0
1.0342636221462846,0.04890870188448352,-0.11458749622470094,0
1.1470788029716203,0.08178912005338496,0.23402149593305574,0
1.1307386299654423,-0.03623778052017105,-0.037252859038943736,0
1.0970591917710903,0.06753572410375054,0.01543846869710139,0
0.944032192824708,-0.07971018752091436,0.015572340589148137,0
1.0548997549328414,-0.11900008498130883,-3.9567909456228754,1
1.144905071057969,-0.062011466696594277,-0.11059618205600513,0
1.116564216433285,-0.004848224926907082,-0.14179370444753386,0
1.100030514354175,0.09277231423634383,-0.10734823395826175,0
1.200121097945237,-0.14235019713062055,0.07347809441467566,0
1.0802355620761535,-0.031985582373222944,0.10517210566812295,0
1.186145923919626,-0.04213409640278476,0.03045169256429401,0
1.0199354845239288,-0.021732518857759037,0.0032246612523279894,0
1.1514399626733578,-0.0880070700927246,-0.0729215841254296,0
1.0777786652797519,0.033769451759538265,-0.1089308978356428,0
1.1380410962316756,0.08205170102238159,0.19232743742987474,0
0.9743468997743476,0.06273671469755515,-0.028380385382514545,0
1.0697089995167752,0.0022013995071326615,-0.04883265623246229,0
1.054647982193788,-0.0838022398505896,0.17722221845529085,0
1.1863202688321457,-0.22811151379353656,0.016325296227147904,0
1.0850063194866078,-0.09726862303249476,-0.03428753716148857,0
1.057180208643199,0.002044487135431318,-0.10796154882798714,0
0.9093472532063991,0.12400341884251448,0.27953349868019206,0
0.9862376170087577,0.035016826692999735,-0.0035048193115441023,0
0.96560598644157,-0.048121514503649127,-0.06144117511350847,0
1.03844947062903,-0.1920884404041835,-0.15558337488730928,0
1.12350040686619,0.25715914567106923,-0.10023071826801846,0
1.1529064292815625,0.09858462262043437,-0.02247406007761896,0
1.0353916589656458,0.08004029622997165,0.09531522325817539,0
1.248856385255862,0.009211358172019504,0.07020869670362884,0
1.2380360769925238,0.0021443902135374056,0.08072307809101438,0
1.0393690898449561,0.12903617389797992,0.010738704931047876,0
1.1560166098123137,-0.040628825898956555,0.049021852035947756,0
0.8838700803560536,-0.011247397913847268,0.05677899396732176,0
1.0825419602934132,0.09130503587861633,0.1941765294179151,0
1.0995007616008632,0.07014693957533176,-0.11956514846002529,0
0.9562552809033606,0.07489167931486694,-0.008605232554692241,0
1.0314883165080213,-0.05361720647274302,0.09346684786756684,0
1.071517763024065,0.08733361336093312,0.07260729307065221,0
1.0986788849015012,0.05141357980910452,-0.06748562561204323,0
1.2254667843123792,-4.085546299938553,0.08297540636538221,1
1.1480286580713028,0.007695517506061897,-0.07596557533346865,0
1.0755534301715508,-0.053287445059728746,-0.058256109787526135,0
1.2267977486623927,0.0037029209316358927,-0.014240055075710868,0
0.8885080766403309,0.10855934040296136,-0.0014032520316253497,0
1.2542313346020044,-0.029195195557843574,-0.061050518033844293,0
1.0029970176817395,0.021105881772624374,-0.09932552789843327,0
0.9687463924650032,-0.1696449552331133,0.18727688948378904,0
1.1431423257066542,-0.17258914456733024,-0.009120309536742371,0
1.0283946900105034,0.06853677674422853,-0.1376095241277476,0
1.3964832518131205,-0.044729075939265846,-0.014875416711555687,0
1.1078920164084114,-0.05406945993877326,0.11988047798034225,0
1.2407738739076244,-0.06430269508532992,-0.15429633136579557,0
1.127867920701847,-0.03482940932248684,0.19818369103131062,0
1.0478649902749708,-0.20477206265731668,-0.05052171164649544,0
1.0695770621654173,0.03830426449590068,-0.298165097957279,0
1.1488991345044772,0.023000426816967453,0.036072585760833595,0
1.2919040985050805,0.045981438240515704,0.06268233741298987,0
1.061043188805507,-0.11210773176506719,0.10934056403372026,0
1.096570270111141,-0.06170455586842203,0.006653431002511286,0
1.1573251416905534,0.09337142787172889,-0.05345559109820374,0
0.9969346346787001,0.11471669320976095,0.18228468850775656,0
1.2410879586489805,-0.10409150190948638,-0.09115505937893183,0
1.067870629909134,0.20983183473686437,-0.09860804081116326,0
1.05250409925223,-0.07213865925944006,0.01593020396597631,0
1.1145868724694414,-0.056237955583183334,0.011325081194266963,0
1.109883944136995,-0.026941300227574773,-0.11429831704497273,0
0.9162580739316998,0.07306309643856353,0.009073590334019208,0
1.0719351045715986,-0.06386867687148426,0.045221277168008826,0
1.0641779641879967,0.1475491533910085,0.11801561563623636,0
1.2095073538453538,0.06916868259191893,0.010875876964514657,0
1.1160115446796806,-0.10987000839346979,-0.06755094454224242,0
1.00534358420008,-0.033047543986002605,0.08951118718491992,0
1.0291654718285734,0.01071085707672255,0.06670778867343427,0
1.141328171722262,0.12158636696862135,-0.09620853140977556,0
0.9543119234423908,-0.1300690846528719,0.21299720810745215,0
0.9656890660599291,-0.08366438868693946,-0.06089648024134432,0
1.1410657357369705,0.22573110148491768,0.07502088063987045,0
1.136465067896451,-0.16455223000431649,-0.13067276645114775,0
0.8873307085041967,0.12708875665867217,0.10117798710401449,0
1.146222104008251,0.04635848722602218,-0.03716983904779372,0
1.170376938060355,0.08407440380821318,0.010902180011720506,0
1.1254331085222256,0.12667396759175695,-0.11860591736521174,0
0.9650120597766946,-0.21172874642253947,-0.1357273480465516,0
1.2679058784754473,0.09498391569035651,-0.23122720141190767,0
1.0323781992627632,0.023958758772314966,0.04512629621692102,0
1.1369111162464947,0.05895114125517853,0.12994978541295288,0
1.0617374606004397,0.09619230997683692,-0.05960574256894059,0
1.189552978617955,0.16360713757545775,0.07180220480637182,0
1.149347310246984,-0.042886621639676555,-0.047348994468563985,0
0.9543732026611432,0.05213165870097178,0.038220072691330154,0
1.1292865165754016,0.002137797878966071,-0.00837072019798242,0
0.9427858491847021,-0.10761096864410412,-0.06585306549508424,0
1.192019093922431,-0.057239374468272,-0.05104900356240828,0
1.1018225249718665,0.06787416824424426,-0.08989833219256696,0
1.3709090067854928,0.28830988982415934,0.0440743233402415,0
1.1524360309592356,0.02068530766167934,-0.14000668939250469,0
1.0035631680599668,-0.021458512470837347,0.043934679318664065,0
1.0673532112484116,-0.16814037218505745,0.11708152518948488,0
1.0720926230228247,-0.16675961649237414,-0.015688881940344995,0
1.1546043018173477,0.057046271807375676,0.21838968363361327,0
0.9630621759813367,0.007956786365992133,0.0687690290843066,0
0.9406312416175436,-0.08218937982887581,0.002486774407812876,0
1.1865587310469532,0.1296399432700096,-0.03257214398625604,0
1.3088238359809041,0.20245138379860594,0.12491709708878254,0
1.022128894055623,0.0547167645346346,-0.0486790678944479,0
1.083398290323932,-0.048687146252759064,-0.015073238872033105,0
1.3599159901033042,0.0030122177782195814,-4.022874741647221,1
1.309941938369758,-0.03463863183737956,-0.10048960306379623,0
1.1531835294199428,0.03630765336517984,-0.1178943419634798,0
1.2416586963315757,0.16491109531283174,-0.02214863754724927,0
1.3611918177846736,-0.0671285148306053,0.038090055867083944,0
1.249833206947875,-0.03817952227545868,0.0016513019638692934,0
1.1446552769331104,-0.021590878769213,0.07515722037875289,0
1.255630437535175,0.07843894458054969,0.11545768839904756,0
1.0328353556090286,0.04154639421180935,0.04426381096924066,0
1.081059315353882,0.14321770111002005,0.055107519145517564,0
1.1409051376726311,0.12867406601279954,0.1761907697332302,0
1.0249204825114933,0.05228149274678661,0.026229969902783087,0
1.0651825165116957,0.011344780040787043,0.09835718909697891,0
1.3231290866355652,0.17084479371347683,-0.1248422459713434,0
1.3935524390789722,0.04199042554218735,-0.17781922902477415,0
1.102047421119004,-0.05622193452335007,-0.015123529447556927,0
1.2870868652646608,-0.014431776411945964,0.08451743851927462,0
1.2779707976666441,0.08791974403678936,-0.07544885040990496,0
1.0456696461794475,-0.017408042034172577,-0.10921437760284561,0
1.0037558274562306,0.14053720225447328,0.015759237857514874,0
1.2082661444962388,-0.08538835211900513,0.07289065657316772,0
1.2472387061723182,0.03871532411051165,-0.21659448635443856,0
1.044564284089664,0.06982536896784539,0.01980089990580586,0
1.2181180730252894,-0.02367971254966658,0.09902057255598601,0
1.0465777909091813,-0.014441103898186959,0.045109636419711815,0
1.179099062984434,0.07245850807994766,-0.05805911815199817,0
1.0187892694990233,0.07742670238612885,-0.020882332321955407,0
1.2478452900615622,0.10299074250681362,-0.0654579075808073,0
1.1292958852896318,0.15537053191861955,0.1251805370581975,0
1.1409670334067594,0.02881865214864658,0.09434749814515049,0
1.0866218053294054,0.06408049338703985,-0.0573994699964551,0
1.126809169870784,0.1854774640795308,0.04265589733302963,0
1.2125589785625737,-0.024562113832281476,-0.015070959458760897,0
1.1889640391889666,-0.04015388870642314,-0.07261950382945123,0
1.2432443506333686,-0.1562545830910869,-0.08872512222224688,0
1.1530274125011526,0.20939250414235283,-0.04095350330329011,0
1.0738882926784685,0.027877875186914404,-0.031906985717675224,0
-2.964988923260248,0.17071437596349143,-0.000408422049331697,1
1.1236023654044573,0.17188627565195413,-0.14888900357156956,0
1.0965940747131353,0.017525755656874142,0.04193943301548997,0
1.2020502744847323,0.08558072317206157,0.0949438962690663,0
1.0711966801317576,-0.0377820973920962,0.0359036023654764,0
1.2034671168266788,-0.039414404629765774,0.01067707710272623,0
1.0679025847717876,0.05686266818131598,0.29169913690329713,0
1.224142300633847,0.0133719462534841,0.05677647972173695,0
1.2788465970092042,-0.050090479174492546,3.8775091499493057,1
1.0975113624774158,0.10558116545493497,0.14497281318957292,0
1.2366626642890894,0.20095675735590107,0.014079566412658182,0
1.2816897246212855,0.00405564542590651,0.10228285608613728,0
1.14230662551896,0.06438239330847038,-0.09351981848884072,0
1.0641317989468833,0.2431107025624134,0.046894405989037914,0
1.2555078156917427,-0.02254256986258385,-0.18711377616719282,0
1.138793276517414,0.07150496026167254,-0.036626667320511945,0
1.2022032455224678,-0.16723764865628885,0.08596762299811528,0
1.1177872121740366,0.06080942736511002,-0.17393906265976533,0
1.0113462142255334,0.1455943995908581,-0.02797713421501193,0
1.1610570903525392,0.05034723083511229,-0.01638867139124603,0
1.163259865209447,-0.14290556211929548,0.04144420928534237,0
1.1666032701899287,0.23434303190008776,0.08127386474283252,0
1.1612351093456614,-0.34296758708273645,9.866571320880171e-05,0
1.025832236566519,0.10460742527516907,-0.12256219117728762,0
1.242160955353073,-0.15140090358528596,0.01338946700071035,0
1.2689825098464376,-0.05530399321387415,-0.0038622711268316203,0
1.0945056330313354,0.03905558866924519,0.020328281824961943,0
1.2473421320679385,-0.01186736293664238,-0.02309686668717252,0
1.2152334131189408,0.09891445506312625,-0.09359075288027735,0
1.2495088502946492,0.05481870893784018,0.0009765956258468787,0
1.2526295330222506,0.002259488127266793,-0.06401196566290193,0
1.1568312037192825,-0.10407677981058923,0.10835239937536728,0
1.1803678625215548,-0.2033506503194243,-0.10518196732927504,0
1.2847939293490875,0.07033686642371477,0.08298505549112353,0
1.253660151055385,0.02948846408249002,-0.20842565812326752,0
1.428760915425526,-0.16359576304125045,-0.05660892207620556,0
1.1852110485496066,-0.0889945765656329,-0.0075872863851594715,0
1.1593089435793802,-0.18233221670666983,0.0190878904081744,0
1.2386844199533456,0.03257894566073635,0.05854968311313882,0
1.2877265086178766,0.09435111888937268,-0.08764631631104577,0
1.0027068957167897,-0.10360479180201398,0.0007211003829304813,0
1.04253317944864,0.04568797242293443,0.113213959500849,0
1.2374961159155802,0.12724734344143468,0.001900734351015957,0
1.1017250133078225,0.02721214188119361,0.04811270383538676,0
1.0849152673695188,-0.04418203505119414,0.15126933353203467,0
1.1750466849686938,-0.060637461018759824,-0.12415677035030757,0
1.2127376913046055,-0.04193729128548975,-0.11679088555646638,0
1.1771130430157957,0.009301710120220965,0.008742190878378017,0
1.249362891993391,-0.02514722486660368,-0.006806688391890918,0
1.1293200129581946,-0.009524590500597186,0.02060313842119547,0
1.403310486051516,-0.02318396417053377,-0.09089686621116821,0
1.1825028017583485,-0.04006056934407618,0.11502669089600515,0
1.2018184126926912,-0.026802704410622064,0.07902205715978923,0
1.3673009208429656,0.05784105766071804,0.053105852840771364,0
1.0637711461845343,0.039377418572366804,-0.11541547332346005,0
1.1907793089444993,-0.11788303581908344,-0.05731351219046791,0
1.1830446463098674,-0.044614287110870204,-0.0851382410881767,0
5.197631265898661,-0.10844186920844329,-0.08432925393616131,1
1.2773256110285451,0.04867468207103627,-0.02394385759597113,0
1.202578438540911,0.000885157332046862,0.11206478280061345,0
1.149948281708759,0.017897894108413342,-0.1444254939196598,0
1.2375674459650388,0.20650543424955403,-0.06914880623434881,0
1.2474390564824849,-0.03093305600049234,-0.20316137906048387,0
1.1529338832306844,0.06144753111985381,-0.15385331742165223,0
1.2625345838999587,0.15684098739708383,0.22759067452044968,0
1.125214066961355,-0.037339014302316884,0.13153925128610308,0
1.3130907274043813,-0.23482038655217463,-0.12120977540129246,0
1.0447280281093223,0.0584340331034616,0.06371684877672154,0
1.175379400822709,-0.022971800597817893,0.09062473653155119,0
1.1365421142491308,-0.11885081104071145,0.10021619336218444,0
1.4141657452748446,-0.012689663279172281,-0.14765384040057392,0
1.274391660291974,0.03007598280340118,0.055952144381423596,0
1.0870577496447769,0.09920329632770297,0.03165803372636373,0
1.1277668990185818,0.12800951963355017,0.05014633734699811,0
1.25429676605171,-0.1476499169764763,0.044096408350587125,0
1.3314962334780285,0.01309312118089518,0.031270318342896924,0
1.1855341821157563,-0.02490028886177246,0.035305964532736364,0
1.3141731555889602,-0.29906793443359897,-0.2704769262266415,0
1.2378090921599025,-0.11121319115331624,0.04328635364457495,0
1.1504435918501619,0.010367440796370348,-0.004863618270389875,0
1.0898390365276505,-0.1844115084169863,0.08489931481596862,0
1.280782277193882,0.03332376335817341,0.09579280465630283,0
1.328042224647349,-0.15793896803345264,0.15208696033017344,0
1.1654927267448416,-0.024610660149310265,0.05624657966912575,0
1.204542273245004,0.024591783426213876,-0.0336457093369592,0
1.2415397900307874,0.03480103287199464,-0.13935006117387058,0
1.2021215162183336,-0.22759197928187005,-0.11801017915339483,0
1.2009285644227932,-0.007411961703392704,-0.04043478993555988,0
1.122590873882527,-0.1066428954467304,-0.010310836712742516,0
1.2471832860700651,0.0732154479523679,0.23879279677946952,0
1.1004093173177814,-0.08742316883861673,-0.09450302880218141,0
1.3488287943013124,-0.03743758965192168,0.0037321200300009082,0
1.0685859445290102,-0.0779939277346669,-0.013607496996919941,0
1.1417672402346406,-0.06906374802527886,-0.06045039860458104,0
1.206533114232764,0.05401325704316884,0.07212794876560799,0
1.228780166121526,-0.018928778882635167,0.12683219600396964,0
1.0651709728423144,0.011109208076157152,0.12108504235941703,0
1.1048997670439424,-0.05190143229380117,-0.01866643459351782,0
1.1796602913840526,-0.0652843408465255,-0.1948794883378696,0
1.2235772789169272,0.05914661498873576,0.06256170235001758,0
1.194350742571839,0.10136511360863232,-0.0557013581043099,0
1.2843962329375602,-0.006962812636520742,-0.18431127805993808,0
1.1515236693273723,-0.09959572664411759,-0.008316868540407875,0
1.2963005374724172,0.027017650022528567,-0.16431625196675018,0
1.2836549534914639,0.06069358186526111,-0.06239228109746173,0
1.2154679631358467,-0.034881666708869496,0.1433444751945733,0
1.1250993048321667,0.060069587227883914,-0.043782716446261444,0
1.11419673646409,-0.033030586950688993,0.031262874723308305,0
1.0654641797592308,-0.03950443978768918,-0.06891400127828393,0
1.2636906597172055,0.053060897223598316,0.16882194573414952,0
1.142056470105617,0.018067488168149976,-0.02781293713988453,0
0.9927194026246436,0.16457447120959767,0.12199438338303448,0
1.1275312827134392,0.05054918481259583,-0.06408283085200193,0
1.068080467565665,-0.13361618665360478,-0.09654821931128525,0
1.1455659272556868,0.17549096510678153,-0.01769534140012099,0
1.1641831042097672,0.0023582224614018066,0.003115282887055372,0
1.2370098255883983,-0.053310819389829525,-0.060237763666152216,0
1.3205773430208794,0.060296200815035034,0.18018303800391558,0
1.2992991114525916,0.09024226487387906,0.0073413191317054085,0
1.4061178565252996,0.08379194725479477,-0.07602278018702523,0
1.044779835985256,-0.04300930538502837,-0.07498495366947915,0
1.1439920716870045,0.0003795051850077564,-0.00047484989098631246,0
1.215347476311288,-0.02766873147577581,0.07090820608910357,0
1.119879049478349,0.04859386491010617,0.27911551219122205,0
1.1640408417300825,0.10113479796643723,0.015106561089913408,0
1.4144296968356302,-0.14026407429644003,-0.1442692428418961,0
1.2662935559384307,-0.05127124548295758,0.048821534822122065,0
1.230379323784612,0.054739327620076696,-0.01582974160965547,0
1.1531836517004674,-0.1412838311234472,0.10049886057252058,0
1.215785786646451,0.10577814502087675,-0.00484712467671762,0
1.32448071000305,-3.867741429561232,-0.018281390946021114,1
1.3254293800211379,-0.1660912473286919,-0.10569362164829604,0
1.1112177637384075,-0.02263344515587987,0.17265642914563958,0
1.17340944895585,-0.16961886296360343,0.14934707100321074,0
1.1363731073630208,-0.019964164841350284,0.00462711585585455,0
1.3571030795601946,-0.08547208959957457,-0.0019732548023416443,0
1.2450255322920754,-0.037414812911584036,-0.06134508761456186,0
1.3201868318203362,-0.03181885154175121,-0.19913108235246624,0
1.0451886559462613,0.09689058572273213,0.11179339081468938,0
1.2284444438205435,0.014006836304275086,-0.06407944641514389,0
1.26501915776972,0.10460152364988634,-0.07877352290591799,0
1.1316536975906462,0.06720644110162488,-0.05684923980863931,0
1.355476424859909,-0.05215136462801419,-0.06858160384120514,0
1.183770228607535,0.09336916049826172,0.1634305129407717,0
1.12764397825499,-0.04418977438572179,-0.04466196193812688,0
1.2037922378334496,-0.006313488052055324,0.0013651795368118968,0
1.3128937751462786,0.0686480218053611,-0.07243312478049575,0
1.3602642142677905,0.07597712042690499,0.04844936946448964,0
1.035564918182195,-0.02482305975922475,-0.054627485485718344,0
1.1904041375787062,-0.13287593399667916,-0.06753276140093255,0
1.38200140443458,0.06953561102240305,0.06671264168340219,0
1.2409588023427087,0.03986650705882411,0.06563139075077622,0
1.2737927649538279,0.1313307944737574,0.06011201549464982,0
1.2263981591139093,-0.01622245229822562,0.10555510761858729,0
1.3213729377988583,0.06810298867795123,-0.13430317417876864,0
1.1072877106324928,-0.0010034445882901644,-0.047475467181818484,0
1.29230487366566,-0.083081969078598,-0.011207363089710643,0
1.2409749455655716,0.021148180599836724,-0.05914373638051066,0
1.1329116332381226,0.16126100426324141,0.1771472103182802,0
1.2160126449889286,0.2633305710906353,0.05333180008639896,0
1.1314528584590182,-0.07148857417304921,0.022551286077296107,0
1.1447499015680909,-0.02694673640538661,-0.046950688756960623,0
1.2033118157349412,0.0393206697882466,0.027035059551148984,0
1.0326659070048163,0.017999470925271193,-0.016708438330781773,0
1.1866411098960754,-0.011980177949046484,-0.04975523179138422,0
1.351776276603048,0.11992500168866643,-0.2388118074461689,0
1.4793031590098042,-0.010246217427466373,0.031648232709883754,0
1.3288256877905993,0.0848090831812095,0.04536185647823525,0
1.214298642512372,0.16784003526585314,-0.15483474354328142,0
1.3122174559893003,-0.037822109821927116,-0.10655357882942017,0
1.062976558121983,0.09404086402172612,-0.1997306203899749,0
1.3542198892293358,0.06325164736817424,-0.060705117108791055,0
1.3307657198246963,0.10318134680686793,-0.15531558081173505,0
1.2249513482424343,-0.0075826837255804445,-0.16768905773910645,0
1.2837728134126942,-0.07309540734048087,-0.1656567318275886,0
1.513806730113217,0.005165574086116707,0.12162695718751004,0
1.2602836656307295,0.13736885041171207,-0.012725243102649712,0
1.2371140208590756,-0.04359698941832291,0.0005382058641546964,0
1.0962302355673654,0.0498336547275913,1.540940275595475e-05,0
1.1774863524269308,0.046071803899167624,-0.06121360833580624,0
1.1992939734722725,0.011974707607218315,0.08233354599005015,0
1.2800624829108458,0.0728502214156184,0.004100786479064813,0
1.2512406206334772,0.02512095515658044,-0.01735315291814013,0
1.3600697603362049,-0.10637157681943493,0.09749453098778293,0
1.03961274651452,0.12504729439915618,-0.03255634738757945,0
1.200581095650236,0.0006412491277517805,-0.013286805983973438,0
1.1908497178449748,-0.13757207196025273,0.08010332694541189,0
1.2114936157167702,-0.18212146718611735,0.029272923861202827,0
1.0971888464373747,0.07004587695164914,0.05432186427908317,0
1.152698627929868,0.012070942105437488,0.06395166043022893,0
1.4439534717814482,-0.20357114336944573,-0.11023445863779116,0
1.3722183599393745,0.0962493375089334,-0.029462820114360123,0
1.1684631401304442,-0.13685189378014986,0.017578437029412426,0
1.407946978551521,0.05265324287498194,-0.017349241133091588,0
1.2521405107770072,0.07665365126907811,-0.07224685144852236,0
1.3222144331810102,-0.19291142134110242,0.008241956126503214,0
1.3683371975565357,0.05935433610695169,0.0445283327411993,0
1.2289455926071282,-0.14324782778012815,-0.15171886288311737,0
1.2575993661161757,0.1126153368847874,0.00091394458799255,0
1.233060982679722,-0.02553602929453598,0.07324463109543992,0
1.2516542770690675,0.07317356816584249,-0.027808479202483468,0
1.140803311033245,0.0921546413418932,-0.008378608972850123,0
1.2098892192384847,-4.08506729458067,-0.15643021729658088,1
1.1161965686254869,-0.09359019012979876,0.04055971887889885,0
1.2991568820140222,0.08136390539498159,-0.0719503497439016,0
1.1159006677449541,0.022620217015926494,0.0928899449244152,0
1.4545378961843407,0.006813690292856738,0.1523130312596865,0
1.2567914564382254,0.042358578297679944,0.04582658686225666,0
0.9772186165488501,0.02143864920954129,0.02170801709950268,0
1.2570612386409776,-0.13971295506788298,0.128855257800673,0
1.2071815692019563,0.10046087359519473,4.526293663319201e-05,0
1.324681060583387,-0.11286469945679514,0.12374580863950267,0
1.3043791491016132,0.08037655697374808,-0.11528818634069189,0
1.1315121747682848,-3.8546558921034877,-0.1362906211287216,1
1.3267056886220885,-0.003123418097165709,-0.13709987936852305,0
1.1249514249832442,0.0965078030026604,-0.011359743400699219,0
1.3432026834429676,-0.11930176678532985,-0.1305158552959373,0
1.3937243495741656,0.1077067356517548,-0.14845948190852531,0
1.3304482010821563,-0.014086448003370819,0.034670077012523726,0
1.2765347131051994,0.06437362435371756,0.03295335335449578,0
1.3238073862667434,0.09734098607784392,0.01655585433935336,0
1.063149227838184,0.04842334786293065,-0.048103182836144176,0
1.3036410493167918,0.02607584098893074,0.002486729717641082,0
1.200788141898942,0.12882537685406145,-0.21731386922471585,0
1.2630671311829658,0.06882988354294134,0.0018502900805664085,0
1.2834828703630734,-0.04556590433374808,0.053892192665285714,0
1.2285192565957794,0.06531454772628621,0.005682714094740102,0
1.4020183615638373,0.19325815608442182,-0.04785533690683141,0
1.0772976584597829,-0.1395893797109481,-0.10306498289470754,0
1.3123303827747008,-0.09633351104344612,0.009181892987565764,0
1.2273263174367524,0.02250149021839284,-0.041788187487063665,0
1.2389219013708501,0.035540398173206346,-0.2215644323877477,0
1.322055265268777,0.07548065843862556,0.014436138466322627,0
1.2936682264722361,0.07366652223534959,-0.030838748071858213,0
1.2756223102440163,0.1583906938631299,-0.07737081319505212,0
1.2071629467760487,0.08661099632849695,0.18478730143170286,0
1.343575012418012,-0.0965741917414363,0.029950863362119995,0
1.4056132116467241,0.0689207978371339,0.02539029046532289,0
1.351896796015406,-0.025993390640626585,0.006859613182908911,0
1.275176931217685,-0.1218670001022782,0.0015802748320034145,0
1.3639805779224032,0.1975523863083388,-0.12676331481266276,0
1.1604662415016667,-0.15967529150856266,-0.005581974125525441,0
1.4462360902272422,-0.14047635683992316,0.05919103533107933,0
1.6061032009606604,0.07162222190514382,0.14975000892251744,0
1.4229623210187954,0.007315738812041045,-0.08105072133110477,0
1.2815827220063036,-0.0919893797628957,0.10598139401571655,0
1.3799030083879387,0.13765670697476076,-0.051936059023180485,0
1.2108111811009405,0.02084873839736175,0.10775891217929452,0
1.2365296427698838,-0.005503362509927129,-0.01923608682387069,0
1.2394828355922103,0.11050561245940414,-0.04504536252511054,0
1.3506879922051906,0.02063124664341641,0.11005079032566974,0
1.3286183554703932,-0.04332181402250718,0.0816785028817493,0
1.3363586886331609,0.04253210867593888,-0.027809441686364775,0
1.4525809884836463,-0.0772713092616239,0.058076342185807345,0
1.3814712068463724,0.07679853369245382,-0.04084892856135076,0
1.3249319326268656,-0.07281780858787386,0.1144483939541474,0
1.3164368900527876,0.012582837034795617,0.08724580374950916,0
1.2372265358861363,0.1339588169054971,0.013939427909580039,0
1.192896093266139,0.11260194511697796,0.11466229842301404,0
1.3323580020538346,0.23228014073213954,-0.15877952627298247,0
1.367154568628675,0.23072528457792263,-0.029587723230711124,0
1.3475019494046996,-0.02301642882605116,0.1928511333702111,0
1.2654169422033918,-0.0365005047675051,-0.06448291075374606,0
1.2938580645203275,0.143970188690535,0.11961143758730036,0
1.3014549833222924,-0.02841033979532009,-0.012557245916161672,0
1.3707538389809997,-0.014063231810018187,0.06376237285641245,0
1.4609049287161535,0.02523305777244962,-0.014028988119211688,0
1.4240295169091324,-0.05989826659934137,0.007662077979026311,0
1.38779685296473,0.20533594501589914,-0.1037483380458236,0
1.3413525811640044,-0.04682810986910529,0.04327122685104232,0
1.3234681868639973,-0.16924484628480438,-0.2990405938244414,0
1.2355895467506564,0.05918959570217559,-0.1499655930878518,0
1.3980177050963942,0.1438026389449244,0.17760990017945377,0
1.4169915214495725,0.002672107413561612,0.05749826282404829,0
1.3350234895948436,0.057633858515540475,-0.21002554034976006,0
1.0846026497268872,-0.06310827968328317,9.036542941188796e-05,0
1.1772513036011556,0.20717648435705827,-0.05384012989088388,0
1.2100673377466895,-0.06270075693212165,-0.045494136385355696,0
1.412417230347375,0.07054158684539774,-0.025843481713830736,0
1.3768465269031196,0.1238991699384535,0.056983040469077074,0
1.2684134185323435,0.07386975501795216,-0.11724022046969224,0
1.4161251668068882,-0.15441654258768356,0.016472009953045052,0
1.262354206794487,0.09275474604891802,-0.15297030078506413,0
1.2237182497349397,-0.135151629882069,-0.025850827080777395,0
1.325900555744029,-0.05563223673398367,-0.0775409466692249,0
1.4672978285684055,0.0536322067118376,0.08798769560479168,0
1.3078989208120377,-0.020287968415751312,-0.20214947901087502,0
1.429693639660541,0.07292140292234361,0.031195159216307135,0
1.190688868561252,0.1866069834871801,0.02718602980574499,0
1.3846234586953394,-0.02476666248482381,-0.04519190656712149,0
1.4212385819819962,0.0008047485467743871,-0.09000130336572024,0
1.265663938744349,-0.02709748493844404,-0.19705976963159455,0
1.2427811008647516,0.08914365304420935,0.18090462793458287,0
1.4001974923800389,-0.011195866684295026,-0.0012737619653742805,0
1.2621929945505421,0.04199729893391488,0.08257021734367963,0
1.2633956877162964,0.0568088895611008,0.0434375516106865,0
1.3578204148701158,0.028574546326718648,-0.10913968622215378,0
1.2897310203970014,0.13993647998593137,0.029560106794039583,0
1.3510462944505288,-0.09249705910465492,0.014445452216363203,0
1.3095346352994743,0.08728842784534117,0.1910697700553954,0
1.4377470514314086,-0.01959120441597613,-0.02851840636731838,0
1.5086709130143972,-0.14509673901091993,0.11484049054352474,0
1.4023075148401145,-0.2523379975023712,0.2053735375152214,0
1.4607234800435098,0.00427739613812068,-0.10818391630528353,0
1.2273674430059962,0.007517762316911989,0.12158346916000767,0
1.3922510433968407,-0.1624864153474741,0.022806212737124895,0
1.2897397921498408,0.0331632496795056,-0.18647014798423,0
1.2942393821001894,0.022580142541494264,-0.04030912078570433,0
1.5049109842275445,-0.16381014245552183,-0.022709248543922415,0
1.179870809861168,-0.06654371409056659,0.21784681015194785,0
1.2941260973173416,0.03669142584008616,0.2569820100163578,0
1.4037793754599135,-0.06289334077192753,0.01727897056739965,0
1.2493509168431178,0.016831623905967135,0.08765726460310375,0
1.4169035660511768,-0.07136493079949131,-0.14197473796330126,0
1.4042652970042888,0.11232665901512229,0.010773140748880463,0
1.3456055184650593,-0.05587222076848617,0.029766120420886878,0
1.3135846371609405,-0.030656213619016055,-0.1232976452253352,0
1.2805213023656192,0.08365384366666655,0.04871354176515367,0
1.1973088691379863,0.1390843836683795,0.02088893820784587,0
1.351244123048889,-0.05571448424180686,-0.037952880148716436,0
1.4624837612224129,0.02688899944190645,0.0709957912614288,0
1.3521545772860928,0.017569531762339004,-0.04162907035251182,0
1.4107064525308854,-0.028593314473645704,-0.08441045574862152,0
1.1993663548110356,0.0017672190365630117,-0.11019094912906109,0
1.2268711293113947,0.05846531756103038,-0.018451325323336015,0
1.1658909609741284,0.030926972911733283,-0.002208250513495778,0
1.4121596403448646,0.05869313198512907,-0.10473007050637023,0
1.4362131800672493,-0.07082755548454182,-0.06925435321793355,0
1.2882055281868783,0.0990871655737417,0.014947298235432553,0
1.4106445640268002,0.0032872131634659207,0.06231850393811217,0
1.328625031006486,-0.02256238871483513,-0.032620067091152546,0
1.394612664944863,-0.09349107711375035,-0.15219217751330838,0
1.199393637656814,-0.07868014008565224,-0.02935218785888375,0
1.362802104299591,-0.03469755122700361,-0.19634957319472818,0
1.3566677690666258,-0.029838046931673835,0.13595002199359993,0
1.5531857548786387,-0.062100293232905404,0.10541383998604269,0
1.1901444201292226,-0.02832584220060564,0.005939339611840855,0
1.3098090237706728,-0.05081764889135853,0.046357674874185774,0
1.248746953990618,0.016779495903417714,0.10982467071885021,0
1.2347289464253177,0.07859779848412393,0.048927428005174,0
1.270316792614289,0.09836653475297108,0.1760799310197385,0
1.4287145805191988,0.0026861032113449914,-0.102818938483829,0
1.4440248552804598,-0.03347247427484875,-0.0010212283543311147,0
1.6669843392490717,0.005151329974718083,-0.03319218058933146,0
-2.57943715905902,0.29719683315844747,-0.06866727480046107,1
1.3773150225044524,-0.010756906063979063,0.026873881013751367,0
1.4490762192016287,0.020996082383593205,-0.0348200411350039,0
1.267042841332924,-0.06936529395708838,-0.024706063920704485,0
1.2197337632847973,0.02294809186669961,0.02642512538631228,0
1.2703977884623119,-0.02472461481446879,0.025735922703346542,0
1.348630274182487,-0.08448016935790406,-0.032228377198974666,0
1.2803227142914264,0.12058302095456586,0.10483567077416181,0
1.5322874165316493,0.04913327622596884,0.030913168933243248,0
1.2431855452241103,0.042702251602668974,0.1051317669759593,0
1.2990446543794518,0.022001873350040953,0.0959268173193638,0
1.309412988793985,-0.0038320438872293874,-0.19864760712132576,0
1.3058757307207165,0.05753397312665342,-0.03595073571540167,0
1.4510881717001662,-0.06703344194173556,0.013060912970076534,0
1.4622462837240533,-0.09982827647338054,0.02495537178444418,0
1.4558402939659714,0.018004071349977845,-0.10195591533356643,0
1.32420970864034,8.477715022735222e-05,-0.15411879895869252,0
1.63275479326575,-0.11521498382102419,-0.042614204198627034,0
1.6090469706452624,-0.007767147203651304,0.13984323771856103,0
1.444190713660653,0.09609405311571761,0.1070310352015905,0
1.212377367270033,0.18800230396127304,0.15415471768012085,0
1.3317842087098912,0.09299334279575829,-0.02470903862196083,0
1.3863559527322749,0.01966848993134038,0.07045936626198017,0
1.2613399509349437,-0.13095197039027381,0.024597440830999875,0
1.3932657053405788,0.07471659590837658,-0.012021722680180529,0
1.4143797011238533,0.13674127240352907,0.13210849812299572,0
1.366775117569006,3.779748322883652,-0.013269814223954247,1
1.3969368006397955,-0.07019789739832266,0.054957516114274275,0
1.5566550246560646,0.18518502032257775,0.125153978088795,0
1.3871438233725397,-0.05926477045405132,0.11614950483879716,0
1.457659579538657,0.026192984535732836,0.023136935558051325,0
1.4465406598155748,0.0013292111912939853,-0.03232918351817015,0
1.2490387612290115,-0.10194401536148767,0.19498461075269977,0
1.3887974654432125,0.03306572456802276,0.10386467849290056,0
1.1878057896529555,-0.17748672758117223,0.06299747909095764,0
1.29326865388022,0.07217256318916562,-0.193087888485543,0
1.5073826767203906,4.017264416129184,-0.18387115371926716,1
1.2958684460601013,-0.01046370957776817,-0.021896610827168088,0
1.57811580483932,-0.027422385403734657,-0.0829684760035587,0
1.2535444096055224,0.00680796058229541,0.06893509746917449,0
1.4713487590668213,-0.10226065254750652,0.08836340744217291,0
1.4951243556152771,0.12232291757569219,0.005938459512237329,0
1.4139368164994348,0.024583413490380027,0.02934540870864162,0
1.3457405906467355,0.10603279374820439,0.060184043649524746,0
1.5622819309043328,0.06552268104853132,0.13854126176742496,0
1.3220762861698765,-0.09475026998193309,-0.09938900853151567,0
1.4181096181833948,-0.022879120290611225,0.02712061727526321,0
1.4651915597838983,-0.01650843193627059,0.055632197527819886,0
1.599647198627261,0.06847391973435142,0.05030930692221025,0
1.3411578301611824,-0.04505247427880851,0.02234363581586936,0
1.658702044443002,-0.10548643869579125,-0.0371401770561099,0
1.2781174782356466,-0.09585845028539003,0.059222158557592275,0
1.5487200305868063,-0.163123753968746,0.14466481579524879,0
1.5244874809496716,0.05163678641741975,-0.04379482751069691,0
1.5788095786082583,0.0437135859670244,0.09842290607599655,0
1.4979366553157878,0.04962186463985217,-0.09798902628827759,0
1.398095903110448,-0.02059900806920911,0.057059042171501366,0
1.4609804214058038,-0.0431690630210352,0.11035107035072639,0
1.449690618405984,0.02917266070726239,-0.06413635084150358,0
1.6079603741426196,0.091565124879544,-0.08997402671700123,0
1.380202957717759,0.10918613149126055,-0.0898512559024735,0
1.2149542188137121,-0.03245196101133258,-0.08199549742701816,0
-2.736354469403454,-0.0037047746263708667,-0.17330278495203041,1
1.3769158372046897,0.058190700984645016,0.2259418102696798,0
1.4709477314539516,0.05926325931114462,-0.05519840323151656,0
1.3615650323063788,0.012183013606075259,0.08961015605535533,0
1.2914291330260654,0.001159702492342489,-0.1264703022349742,0
1.4378399814891218,0.20909614836320137,0.17082755440730482,0
1.3550159900587324,0.08307382396135887,0.03641478120939736,0
1.5095772348656131,-0.01780416895166442,0.003427491957208289,0
1.4677693107497074,0.1818526907997639,-0.2179132077774241,0
1.482644385767736,-0.02983264127771179,-0.05869412040568966,0
1.3654665892412539,-0.11177814035919693,-0.02371592823002235,0
1.4794433053409946,0.23883047455285744,-0.20319791430874298,0
1.3483166931441486,0.11130336648781095,0.06037255692248936,0
1.3050572483278333,0.1020689588252623,0.008459578003700402,0
1.5526449532785098,-0.11306912891124749,-0.13314916030553045,0
1.4660011727386675,-0.010869173142423909,-0.09775215766013473,0
1.230952218453489,-0.03657243145858765,0.12770070790622814,0
1.4186129782954848,-0.23829233852133377,0.10346887111050039,0
1.514918856525507,-0.04009761496209898,0.12765952521168303,0
1.3057177157595852,-0.004775343196666825,0.051066287932821766,0
1.3847547773129474,0.005193940066277101,-0.023949461412327594,0
1.4420965838086328,0.11859237307186182,0.07325693135206288,0
1.4302977442160352,0.019593309036596063,0.07310896520016033,0
1.261887870558001,0.011691053026834437,0.1402901003061896,0
1.4320182021416357,0.0649214998989526,0.046998400499144215,0
1.4782108744217068,-0.05186524997367355,0.022258155580753728,0
1.4486395728139372,-0.07755546106705329,-0.0668057883313776,0
1.4204385260986134,-0.0183603584819018,0.1837728733587699,0
1.4934595240713835,0.04650741689056018,-0.03664582160919377,0
1.4143029370157163,-0.05389802005813682,0.08294325639184315,0
1.4988069657123644,0.00434009283170075,-0.049214194348154675,0
1.2356642856393374,0.05860115323492751,0.13178671420487895,0
1.388130984351159,0.07714386558940942,-0.04191889965454354,0
1.5163910293288179,-0.19008102868018636,0.19478483374188793,0
1.3450365240131774,-0.032956689057657675,-0.17352888002578892,0
1.394362498236889,0.0934860227725546,-0.012975042935096992,0
1.5966111359619388,0.1273333421184236,0.019083053824492276,0
1.3850576943127952,-0.1757254705650276,-0.04929451281244693,0
1.4560358934546203,-0.055627372029659554,-0.08567406941217015,0
1.3946207098823626,-0.1055821978653184,-0.05580597997413276,0
1.4991011618411783,-0.018225832526491955,-0.14361374400867105,0
1.3122414630348362,-0.02327080234177315,0.030117622452559174,0
1.4403410511767776,0.058549661543160374,0.028434132676958976,0
1.3080110140307724,-0.1777681805720039,0.22002459753886283,0
1.27087534441927,-0.18426576551053575,0.047702822983139326,0
1.4917928737164032,0.0305954088162224,-0.12523420821000844,0
1.218932935183127,0.0009718825074235102,-0.0019096575522084811,0
1.3805144489665562,0.09716166862286817,0.10756403494189067,0
1.3349047453149379,0.08510453597716004,0.040924581226945665,0
1.3846487545631063,-0.017718554610609262,-0.03376759063849726,0
1.4889030945878232,0.05464175878348296,-0.1735918802784212,0
1.6448091791640087,-0.03866274133033962,0.034271960779401485,0
1.4815308420282653,0.027436832795058853,0.0006671768540951949,0
1.2119881332899642,-0.07127676082823997,0.23146712415929616,0
1.5905562004321616,-0.001848750671690292,0.07281144425053271,0
1.3259474834375211,-0.14108593440938264,-0.13774188475264507,0
1.4238438627703487,-0.00464269807352466,0.17574735375487244,0
1.2815369712062954,-0.14957826600388668,0.07107437879827054,0
1.376811681354919,-0.0665367385117088,-0.17665703275135933,0
1.5055381648400106,-0.07816450784663569,-0.023592401545074474,0
1.4220499196016672,-0.18256719221726717,-0.043437635560008896,0
1.5290773635537898,-0.057395515862699586,0.057852761218744365,0
1.3964184581474774,-0.04002877485239824,-0.005927857560581769,0
1.4575252521078512,-0.1469855830549715,0.06038078716392255,0
1.5129089055364606,-0.03490197181970275,0.021446355586564884,0
1.5199093422417136,-0.03637850755202711,0.03243603085757802,0
1.4165117179260798,-0.07818367414032645,-0.027065989069276264,0
1.4489280968138434,-0.053884882366358716,-0.05255145791228597,0
1.3907690612001244,-0.048556205833595024,0.06995834001380029,0
1.4482477712982433,-0.23311249118807972,0.02259140882055553,0
1.345491931402509,0.030362548496869292,0.0419871538669389,0
1.5039618216918995,0.23313320333128473,0.2310386653094493,0
1.5952461710755228,-0.019555950202730158,0.10049249696642915,0
1.4277970483339326,-0.05290020960272336,-0.15131310180323498,0
1.525143035669069,-0.12636538830134453,-0.092947595334293,0
1.3123341344851516,-0.07047915020307553,0.0279124403880897,0
1.497198182527348,0.08406345040740056,0.03226273510951281,0
1.5381066309562081,-0.11488339352668056,0.04172721390849299,0
1.3703481380601568,-0.03283730026850033,0.14899440185842522,0
1.5290738574588536,-0.06623790013423407,-0.0246039877209287,0
1.368223695019873,0.04910581339993781,0.16427580389630536,0
1.2999562780042164,-0.029482717347743343,-0.05142008226830735,0
1.4633442443856743,0.01098147315547789,0.0047379871151697495,0
1.3781209275103126,-0.018799720178328334,0.0022526427713752063,0
1.4873723202972111,-0.04526318289364764,0.14995299443457108,0
1.635956503756585,0.17339625084890636,0.12038323015141539,0
1.27781504329474,0.0942976286470058,-0.09971556079011455,0
1.415829980636083,-0.01905451313637383,-0.03740626960291726,0
1.448032068731453,0.05252539750680997,-0.06762488232665935,0
1.5632515315534445,-0.0651138797378538,-0.02409915446326918,0
1.4572602167250137,-0.1614765480723902,0.010639744637198686,0
1.4717789196533761,0.03278471344842626,0.09706433954004234,0
1.4454116549964309,0.0504294280530844,0.2299764438846811,0
1.5236993967173944,-0.18491159126655202,0.054942231539218914,0
1.3439736065262027,-0.07855976199986411,-0.07601928128614449,0
1.5240475017859325,-0.017854155055458905,0.05201234028371672,0
1.2980096234239,0.011804714181170482,-0.06144591519216324,0
1.2245419313803487,0.07002865557362041,-0.20131858851420079,0
1.6555719115619982,0.004808818390441522,0.06253405095304615,0
1.5388001271439067,0.06803590877405172,-0.023427420337199023,0
1.4556106643375772,-0.033070472241333644,-0.029998696038835877,0
1.4154532978562429,0.0914909529147643,0.009777104001795947,0
1.377676178014399,0.1312298965328211,-0.04692949448895026,0
1.5835103101716073,-0.23651347159578384,-0.1272570663923724,0
1.4394232735405101,0.056143792718326015,0.04253023668395415,0
1.4294459635338155,-0.013582008546814198,0.056145148135863444,0
1.4376959172746766,-0.022809857929926753,0.12114649112987828,0
1.3582538698344147,0.08418415568331047,-0.01063242988413277,0
1.4024030429977032,-0.056697636652893346,-0.03962565503338985,0
1.368893803267571,-0.00018513316679232873,-0.07572758423357033,0
1.6033232561659907,-0.15921493421006652,-0.11799328035958952,0
1.5167559750567738,-4.0291726799619765,0.15541199352126767,1
1.5038385183693146,-0.0448679843888805,-0.05463571604388656,0
1.5946066529880734,-0.035891226293510096,-0.16825751113498055,0
1.4591694059989873,0.14311034911221054,-0.028542322328141814,0
1.5056033573468581,0.05336871668944242,0.022935811188929164,0
1.4654760798149795,0.09576163980016025,0.21666584715427684,0
1.40132020814054,0.11990626288421971,-0.15974989908785073,0
1.6201749603376012,0.14279773238762786,0.03381595833211021,0
1.552036141302732,-0.08217954051086335,-0.06361325042659804,0
1.816660515943557,0.00718338997579003,-0.03134476368167685,0
1.484038353140034,0.019046877229971962,0.12918135605461675,0
1.4274018565487077,-0.055510962819376446,-0.19290671831611717,0
1.4599653765523521,-0.08655528845274398,0.0636554381528029,0
1.5544323370679798,-0.01209193049013894,-0.16417745068710418,0
1.530977732235545,-0.008450006274980977,0.07239414100097005,0
1.4403405357727184,-0.02801773954656155,0.011742281143156744,0
1.563439320759176,-0.038383232712513815,0.03581501094080785,0
1.4293368937106177,0.13357841094260461,0.10681755604433614,0
1.5322834256648152,-0.15182794006992625,-0.04722928120107839,0
1.5202580754657327,-0.07398545397127125,-0.12022633287167893,0
1.5313592680521266,0.21640864502272478,-0.005047747723566087,0
1.591514473554729,-0.02381556193251541,-0.2791808009843096,0
1.4877164879125093,-0.18851021687329747,-0.14578805786557758,0
1.4896399663965583,-0.10422694962335773,-0.14462026368229136,0
1.3432815237044935,-0.13042992849835897,-0.15808762492387257,0
1.5476999633510984,0.025959010110545334,0.07145458129300376,0
1.5192910267032331,0.00032331899951194495,0.06477428631865853,0
1.5501603351320195,0.12603889470699176,-0.11364271744950286,0
1.606000868477205,0.04622871690802689,0.14433535840828285,0
1.331972872623432,-0.1406739256793787,-0.15942040659172318,0
1.4880001235404552,0.07110896405629191,-0.08600811487031668,0
1.5560323713871933,-0.04799681498144101,-0.11600265492674433,0
1.5048227977371986,0.08698444561739281,0.13443870358742535,0
1.4354279868992337,-0.06110416423963258,-0.06345890814602677,0
1.5949596159335324,0.06344910588869018,-0.026474651628367984,0
1.3420621044232894,-0.1111880116347382,-0.18882802266289178,0
1.529088502056732,-0.027721285384528428,-0.10989553507201202,0
1.6072119659560682,-0.07595600797247246,-0.04249396642256981,0
1.459637691957019,-0.0007679239104372975,-0.07163614456808962,0
1.589039856727698,0.16551415220318133,0.021710265326537224,0
1.401108470588217,0.022377241974920064,0.008888487939736612,0
1.697098416461907,0.02293802717343015,0.2328712871809776,0
1.3784507159326953,0.07892291145511149,-0.05465305083952313,0
1.4707717244199214,0.05122942497269287,0.08470741288974128,0
1.4201081203034944,0.13498607111560948,0.0727583583144628,0
1.4273327033506078,-0.15234930352624768,-0.1442982960065356,0
1.3252603075923486,-0.07577832249885741,0.09793572075015176,0
1.6165424142769513,-0.06785279969511009,0.03094079998129136,0
1.6297611414711803,-0.04135569142905632,-0.0924143840509585,0
1.424575701752841,-0.012676250291702204,0.24686580766753208,0
1.4154689516697594,0.022979937254560948,-0.13206194840000315,0
1.6097333803787544,-0.05055771675249459,-0.10386162657171727,0
1.446797424251555,0.043292383981420594,-0.0591540082729264,0
1.3831680192750542,0.10910739763881472,-0.07176566907593189,0
1.344206131140317,0.11534895136725652,0.17248886968089816,0
1.543517199039802,-0.20168747017438401,0.05276620516045569,0
1.5451771567399808,-0.015679816424884852,-0.04061901741970403,0
1.4807133056396928,0.15671231094417615,0.02523315618359248,0
1.4946659060612122,0.3202452980558934,-0.13277972215247577,0
1.4069623021397326,0.1355405405454849,0.016219820679896343,0
1.391451366665006,-0.01204066108902245,0.08492814879626252,0
1.6502000237037868,-0.035945651642106495,0.03310023700680877,0
1.4498811036371115,-0.06761683749390461,-0.08982918879111373,0
1.3055987061975252,0.046600750692158036,-0.14248047298922462,0
1.3087311641703543,0.002007879062559633,0.06561234660130716,0
1.5538542257061605,-0.010433426462175219,-0.12229758255079913,0
1.4290785146691631,-0.024973150679874836,0.1348263733955462,0
1.5203070737282889,-0.05989512176106368,-0.06671502184847243,0
1.53836337468635,0.0387173579509454,0.08310204891220752,0
1.629199405958224,0.05339355971578538,0.06814477774056654,0
1.4726528722474268,-0.02567332160896468,-0.07898100674614425,0
1.3186881915603619,0.08556925461148612,-0.008608749092507152,0
1.2834855310369064,-0.027326995113388104,0.09474517910552427,0
1.3903013830547102,-0.00971037858905001,0.007701457373642658,0
1.505352832519456,-0.020848299802989745,0.07804801080648105,0
1.4700349611428718,-0.05559342837138868,0.1661893549475183,0
1.3080468972015091,0.060438682365347475,0.05634795549716712,0
1.56845122032412,0.13662826694482272,0.03724934710191801,0
1.6240614366338992,0.06897122474259328,-0.07800263939371554,0
1.3933384949669685,-0.19478294458076895,-0.1871112010414984,0
1.3494686157722242,-0.056272573587803944,-0.10791822848086358,0
1.4470718254807038,-0.015528109211064171,0.18963852707319762,0
1.5132419747006591,-0.04553056807312021,-0.033474193593842655,0
1.5464620026957767,-0.1862731389734048,0.149303345675219,0
1.5163958182531674,0.009563722852238783,0.06866076801384254,0
1.2917808696171997,-0.14684001955832673,0.10451374650613204,0
1.5250074226619557,-0.11644008056249872,0.17094736750999515,0
1.463573043715851,0.06010453241911452,0.030484442624416942,0
1.4751416345157633,-0.12593344866937334,-0.12526575756463823,0
1.4431138003915132,0.07439707860317234,0.17919446700599717,0
1.6635771524221112,-0.16946177288879244,0.02814433877249501,0
1.4862863809193352,-0.03299266838617248,0.02342761581892509,0
1.6305480796783762,-0.05855664262522203,0.10068788716950872,0
1.563641205844538,0.11278353314674505,-0.04585308982530263,0
1.4508376965873677,0.12386261343852958,-0.10696754440308072,0
1.3894103508801812,0.21481080724141527,0.2535804267122931,0
1.5340305482878394,0.045750668451286766,-0.14734546475325863,0
1.556478532734432,-0.01797630413494044,0.0005741454008372564,0
1.578330512192136,0.2829041191407043,-0.17337159996260487,0
1.4922804223234183,-0.05054888458903868,0.07024576875276528,0
1.623403824293332,-0.06341151847818899,0.12387042277163424,0
1.3697090779326415,0.07855273701121956,-0.12500507373559963,0
1.3061730057863237,0.15033888567108952,-0.11509857276217617,0
1.3663664152391466,0.07485252455917572,0.02723849121311177,0
1.4193616761343928,0.040422748112002964,-0.09599828676039532,0
1.5132767544690404,0.06300641145592753,-0.04575920424783414,0
1.4929546964498195,-0.05575990112738419,-0.012424803776633464,0
1.3506557445832141,0.045137783550688856,0.09198413577766179,0
1.6222172044761678,-0.06048689637945546,-0.06541417742509807,0
1.5423295832484356,-0.14944050824406738,-0.237846534172782,0
1.4803447306098094,0.15012823664052546,-0.10760610272972311,0
1.3714149275522491,0.038866698748649384,0.10463053800795873,0
1.5907924547422196,0.17212849005336855,4.600335339746942e-05,0
1.414547061479034,-0.024245747161463115,-0.1241961357177976,0
1.5545568681984365,0.027291495528841393,-0.06515906358632526,0
1.3313379179603952,-0.10853778302303599,-0.08497063418474525,0
1.604229188763156,-0.011146456201108428,0.042595498553867545,0
1.5103771167174795,0.006093228967560411,-0.042415526498064536,0
1.4472776474933227,-0.1436283971010156,0.00921514553563217,0
1.4828574846369766,0.04588614742823747,0.07509372843405915,0
1.4790120661951176,0.04035678523905071,0.0014907204240701263,0
1.4530561197235898,-0.06626586467514153,-0.08310366555845525,0
1.7670256081239746,0.010446769072993868,-0.09808513463100427,0
1.5312900364828872,0.06000081588485182,0.06654084794460301,0
1.51440770915083,-0.02398320910187464,0.038197918869832884,0
1.7892665228845495,0.1063792864120242,0.0015805981091958907,0
1.5291168627762384,0.19483966324832488,0.11929197797719936,0
1.5460389695759849,-0.15069437187782023,0.01928385729034643,0
1.7490738083308637,0.15184879551442093,-0.04032630506255288,0
1.493624969830997,0.04651452901949224,0.05547667820869088,0
1.5764529906126514,-0.11145711111498598,0.06269270549913329,0
1.5759236714899323,0.05587038682728976,0.03219569638178695,0
1.6007764518561565,0.04866915270368939,-0.046568876971852746,0
1.6221433011010309,0.010713244262349606,0.13578923245753474,0
1.4857884416555835,0.07780418255310748,0.12834642717286776,0
1.6219233218040747,-0.1174049396191663,-6.953205432965179e-05,0
1.5745866409912934,-0.06295332074991415,-0.1126973538984286,0
1.5285604226235197,-0.12943013457019162,0.08072936920653906,0
1.6379052642286658,0.2040457131839029,0.0154425621656999,0
1.6320946561947967,0.10253620024672382,0.07104261278966381,0
1.5192953604706247,0.14066242347169383,-0.05108904012824306,0
1.4611589440858714,-0.021056654117859536,-0.002874955655200344,0
1.5882970213276904,-0.1630932688191609,0.060320108521272675,0
1.56777940940726,-0.020454274648317824,-0.15533600200385095,0
1.6045728737435372,0.009331675869982611,-0.11961474703508793,0
1.711120064633516,-0.007102440600801835,0.14482427378991256,0
1.6105981084275989,-0.019332830206883218,-0.02439411681023099,0
1.7338761157521358,0.027493905200283587,-0.027020786589160385,0
1.5716948657882979,0.10293864542930745,-0.09781345577878926,0
1.5271765886281916,0.17377759705744758,0.187475020193137,0
1.6065026041513737,-0.11591412289617181,-0.165076911612693,0
1.5174041339843811,-0.018713506656147728,-0.05218453424485262,0
1.6268560619649128,-0.16219447685440416,0.026234935749827156,0
1.4423503945164395,-0.028152546691948645,0.3377477914786259,0
1.5665408898383169,0.013733965598885867,-0.16162097402279418,0
1.5113695799112759,0.16167768545365999,-0.042133148096241045,0
1.5746405391355622,0.15124355882229712,0.06170800348218211,0
1.6277411192023246,0.035443480028593426,0.020164856027416307,0
1.4750159439856145,0.11587176794174506,-0.026397291933191208,0
1.5858527741670947,0.1995489926834332,0.07770952260784111,0
1.559923994004391,-0.10231646115355242,-0.13399772405397464,0
1.5560508955411263,0.09050040629855205,0.0017217284342779995,0
1.78224297433593,-0.052412959071097054,0.03949865416613368,0
1.5569409442343285,-0.13168879072710538,-0.023836085753208773,0
1.4728343753032724,0.01982496363073133,-0.15813742331554875,0
1.511014710618404,0.04858573852477788,0.2078698189179763,0
1.6978133507280482,0.03868403892432774,-0.08374730792984299,0
1.4560118907794726,-0.07631146865323388,-0.025616871671142155,0
1.654943656755938,0.004245821586429748,-0.04245199519265566,0
1.5283173131209238,-0.02435700788253964,0.07594115866663358,0
1.6275032753189589,-0.18289867395059506,0.18361216325232108,0
1.6144673463786665,-0.06660548112290042,-0.1649616526382137,0
1.539368734007166,-0.03846657770959665,0.07816938617526772,0
1.369536404784058,-0.03014040129691037,0.0693967931763769,0
1.5983789811132567,0.00751063354647189,0.04562786916611111,0
1.4805189211366878,0.1452568775746966,0.031772003846965956,0
1.4965192149118889,0.07245952981015737,-0.09069114759420206,0
1.5342588612894572,0.048876924709794586,-0.0474577255817851,0
1.6547331965281828,0.11587973031962602,-0.03695162378722788,0
1.509884392826519,-0.013353596509288738,-0.012189457498841354,0
1.5927969820655075,0.05203192503924295,0.036926691111248015,0
1.6403845344489816,-0.006477059683025851,0.10946761513692659,0
1.600902224131623,-0.041717664327583545,-0.15537835871515504,0
1.5647407759792065,-0.1324753978700889,-0.06646535495125587,0
1.6992770344617476,0.06956433921250757,0.10808661600352668,0
1.6233105659192175,-0.09775390640996202,-0.09951355881683796,0
1.5856800496250187,0.08917721022202837,0.0239033529681506,0
1.4614072179668203,-0.14846686713871726,-0.175002320829395,0
1.4625417094372137,0.0075952068748089616,0.08412202031372723,0
1.6844205382669533,0.021280879782930348,0.059927860613619544,0
1.5697529872423825,-0.1285998499785643,-0.1268526163897692,0
1.6664887425712895,-0.1376031468417112,-0.18452110083497356,0
1.5944437051126994,0.1525310331509943,-0.14077906647175312,0
1.439738428730691,-0.07192492087407981,0.019578373426763038,0
1.597110834859216,0.01674726698645721,0.05876426913050528,0
1.5530099343189891,0.0046297837328811015,-0.04341202230679614,0
1.680008928534414,0.06321130415192841,0.052535608200814654,0
1.613266165588183,0.024696269381712578,-0.12231233659958014,0
1.6349454873083045,0.010211360207051235,-0.03073779831983403,0
1.5915036844585588,0.2811888309096792,0.05923566105503741,0
1.4692234079612794,-0.0953627816447283,0.14838235078255466,0
1.4628737668680687,0.017384016686820467,0.01990797448507379,0
1.5731642318673846,0.04052609568232005,0.22589070023663874,0
1.6585334336096298,-0.1492549607096987,-0.14883073562454202,0
1.5001345919853957,-0.035656507626301646,-0.020608019346998997,0
1.4116224639115296,-0.16941066675290276,0.14089060794435365,0
1.7422901295088034,0.22380472018269795,0.10390766014427975,0
1.4623010871062088,-0.06335348851498118,0.0027652166967737724,0
1.7486923495752207,0.12085353648522018,-0.010318589975954333,0
1.687071593921643,0.09051981861476403,-0.03755501466674959,0
1.7883767748224788,0.042272333937033085,0.010291571134843046,0
1.7297884369991356,-0.14342126758727786,0.12752418492506562,0
1.523658106424337,-0.09964109424730803,0.06016195619003294,0
1.547986465138768,-0.00927904658605956,-0.10885666231672737,0
1.5278440567783167,-0.14777553760111387,0.1147729945989579,0
1.6011030574430363,-0.04881482491497797,0.06919072829937062,0
1.5242102604023802,0.05103594009275301,-0.0387583218978787,0
1.5601432394046155,-0.002877687316706617,0.022479784171590633,0
1.5959833876897935,0.029944231059364074,0.20623841629082668,0
1.7727843692016771,0.16471820362497272,-0.15626444055214084,0
1.4437933647379115,-0.08204618524467963,0.13377639092843432,0
1.602770164604595,-0.033230680648312846,0.07902239323012325,0
1.7497520805513656,0.0818547802281018,-0.0758889214852723,0
1.5336989708433066,-0.01812125168955354,0.04213528132537697,0
1.4938204930645285,-0.04496303445907559,0.07076439498388447,0
1.486356894383818,0.06889321285738069,0.13071885229968483,0
1.7251698708296406,0.02389293908506726,-0.0916083961457851,0
1.474501348796758,0.2438233827086189,-0.10155644323629578,0
1.7337328735731203,0.151989821133879,-0.2035938036589119,0
1.4649681120695448,0.0026138473123135334,-0.01735382742424879,0
1.6068631047086381,-0.0027618593686824394,-0.2528791436909646,0
1.5532720525914718,0.1268920220956797,-0.02501446818187943,0
1.5008775230933271,1.6934645548862753e-06,0.10322952407105812,0
1.5220398694601969,0.16117722736777268,0.16407206915098108,0
1.6457307405337551,-0.06810195687005668,0.017720436741023436,0
1.525088882137301,-0.08922544617862528,0.14862358788045343,0
1.6459536380341846,-0.005246327310270092,-0.08811945655790401,0
1.7357300468415966,0.10659040941437797,-0.17487608078344408,0
1.6107502061491836,-0.04065230243837982,-0.05275542335296131,0
1.4887884059253436,-0.16254825001484638,0.061078619961931147,0
1.5723865389853489,0.047686900609982805,-0.0392087815884334,0
1.5958455553171818,0.04080940061205379,-0.12380173796728762,0
1.5362727623114911,-0.05395883101802205,0.05667647366432519,0
1.5517468693351375,0.05191172043934579,0.06037777997196922,0
1.6987644004355171,0.09330065418984426,0.02073035358676794,0
1.4639059266644916,0.011705971822686033,0.017793312351925324,0
1.5164541529637223,-0.10486007215274143,-0.10693225111163117,0
1.5768280263118295,0.15013743552812292,-0.0533353108703121,0
1.6994990631982103,0.08500792470031959,0.02040479514229484,0
1.706123422126077,-0.023054988089412986,-0.06412048811345725,0
1.4998281860264682,-0.05240093529424936,0.056609274524227926,0
1.484865498615226,-0.0218919887570478,0.10577636293648468,0
1.7276730666175888,-0.07374567498226005,-0.006022736693630538,0
1.8377434113354933,0.043702138589239284,0.2439002912027679,0
1.5248361233122583,-0.04886058941513324,-0.04448570152446657,0
1.6605132925983181,-0.008459317023068092,0.0930844057808541,0
1.4486219760277195,0.02680164195823448,-0.30072582255817537,0
1.7287708888853852,0.012379592851526877,-0.06075725712154622,0
1.5921282993957828,0.04805057735112117,-0.021172285603876698,0
1.597593174929003,-0.02793714677697183,0.075728373714722,0
1.5396006665040243,0.07325692631638017,-0.01152641569861356,0
1.5420878696142102,0.2508897239444286,0.10342830445437712,0
1.4865623731376303,0.059789969197039466,0.08641027976299143,0
1.7156107016606743,-0.00981655210271503,-0.027127207028554298,0
1.5543249902968646,0.06187840452105749,0.07051055831784657,0
1.6547141951685895,0.05647048621746308,-0.1926358276620742,0
1.4844773108361178,-0.05601954166940475,-0.059207787432840234,0
1.5348933080719485,0.06639099516448242,-0.01115582549218506,0
1.4720517530511925,0.20459659330737165,-0.04236519486933666,0
1.7706984845358522,0.01670504996145473,-0.22518383793402835,0
1.6104552194033401,0.105107307581855,0.08418409639958996,0
1.5727096000798992,-0.14369109625537638,-0.1363278144151808,0
1.5969234673118236,0.019547563155070516,-0.020470696048892168,0
1.8369644327467638,-0.04880034438620913,-0.03250978506234762,0
1.4864982493467642,0.022742965097994797,-0.01858171764512059,0
1.5065755684825595,0.07938573552270937,0.057557752098649884,0
1.6334103790211207,0.11906537085080811,0.047582059342206134,0
1.6095752716408842,-0.06935385182658009,-0.07642833503928514,0
1.5870169610099092,0.3534492503498561,0.053919425482768096,0
1.725454385329224,0.06873465283858735,0.18297113040709997,0
1.6626629108542352,-0.16407585958276788,0.03626774015423038,0
1.6341152077641896,0.10213331700301982,0.12103016410068031,0
1.7202687858233536,-0.20162609668594533,-0.04934317445235379,0
1.638263074298991,0.03970133456789623,0.00955908160938007,0
1.7629557497032498,0.021674018689061793,0.07867503339509822,0
1.5830554276456943,-0.21491769526351523,-0.11232866975643292,0
1.729625466298628,0.026751352046692684,0.06492261355629621,0
1.6899284402176296,4.016610733843989,-0.14874978671724118,1
1.6321928127738687,0.023560738497590248,-0.11002214008282159,0
1.528265124763501,-0.09372512632480726,0.1416743258538201,0
1.6190531583269745,-0.058258212168353155,0.11271473155182894,0
1.4333969221930958,0.11746447058385745,0.14844296285993416,0
-2.387100364968604,0.02001608774194759,0.23566940306201212,1
1.7407121705093591,0.1730031888460788,-0.09555240771347251,0
1.4418536385503737,0.15053078866393407,0.12458203776333286,0
1.750418005123243,-0.0490977380089954,-0.13234840710417348,0
1.4691267169772726,0.1961206323321101,-0.020522839788498795,0
1.7399407665877182,0.002819903892280809,-0.009409030653023351,0
1.9793091701226144,-0.007184455105278997,0.07311394553414904,0
1.7481781702323351,0.08256358601010333,-0.07970782666341467,0
1.7122613522157377,0.030589654961942377,-0.08226576810158244,0
1.5886991160172828,0.17704525928500855,0.04152795598934038,0
1.5642193696930033,-0.04352014029630167,0.056210102425244116,0
1.7752747103257436,-0.011156670573280184,0.14937149990203796,0
1.610312310636605,0.03210532932364613,-0.008974951669668182,0
1.6160124860360634,-0.023872191046478114,-0.09297259231570398,0
1.8376720429252424,0.15623266485228923,-0.04164629475130187,0
1.4951907727338527,-0.055686863883616544,0.03048951206079427,0
1.6308157013966567,0.11531089635585223,0.007138281869815185,0
1.724782003794433,0.0477589205913394,-0.12255218234085015,0
1.5992719124487473,0.02292526523237136,-0.10818685182721349,0
1.5631718603514861,-0.09226703598432781,0.07411767989594996,0
1.687766365058515,-0.14535121696394931,0.13133457475571117,0
1.619070722705101,-0.10452608076174226,-0.13759383591963784,0
1.5469432806017454,-0.1618360569572297,0.1593945523030927,0
1.7131972578840455,0.2120763638541428,-0.13860351978404853,0
1.4574941793071623,-0.08378720934454575,0.04191165746130733,0
1.5028018648506654,0.06809595850984541,-0.0013816016694074838,0
1.6811199182326535,-4.171024903851546,-0.08061153732731867,1
1.7398600593127673,-0.1171499262926556,-0.01658705184586003,0
1.571414534066117,-0.08439763205402775,0.0837689917422676,0
1.6285345369066415,0.08059030505611725,0.07210306654623513,0
1.65252867456381,0.11082181110956375,-0.16589868257261375,0
1.5692524686464635,-0.09489019495381158,-0.126547952016642,0
1.5152744594673564,-0.06764513152122055,0.004486335507719975,0
1.57453800633923,0.15091861881202873,0.09996541251972502,0
1.6228865438565685,0.13035700044430854,0.16346103846176233,0
1.788901610745114,-0.019579535424733202,-0.015980429526077405,0
-2.3631577721148087,0.0963936793724734,0.13198793442740847,1
1.4522129060526838,0.027916779345285893,0.0052876850876124905,0
1.5598346303477326,-0.2603100765761845,0.13887421575143294,0
1.476594373587988,0.021044846641317897,0.10604807866970452,0
1.6487635042128954,-0.11840243944421498,0.0038729736318830264,0
1.7377558692974544,-0.03483214676526546,-0.14166331025665913,0
1.671788043675936,-0.04906703486623934,0.03754802620272291,0
1.5945632729578167,-0.08363388029831297,0.20716368088565554,0
1.4274429923363403,-0.08851394430619676,-0.044944835324981176,0
1.6794826801223248,-0.03348548551679643,0.06879604891353802,0
1.63468000828743,-0.04315127158084671,-0.03415777001690075,0
1.631322992502824,-0.10716860509544937,-0.11873996403179964,0
1.633381654505418,0.12048050655033282,-0.0632669795384381,0
1.6859528158749169,0.11158386840956468,0.032551553097401036,0
1.594346136984568,-0.08739241960057675,0.010026481652424694,0
1.6583867378635908,0.01854508598888439,0.040893485712281075,0
1.5708871076749003,0.06833317267900454,-0.1087052167975564,0
1.5724725548922245,-0.012018528932363468,0.006586794988601707,0
1.635494127522282,0.2513117450253016,0.03221009413767479,0
1.7007517106454149,-0.06600768684570041,-0.14745787198348673,0
1.7468433980833686,0.014388916471045907,0.13233403139270153,0
1.6829166119883596,-0.061287445651578176,0.16738481532979035,0
1.632893899433391,-0.06084484020315403,-0.16147319685353645,0
1.6915641054848483,-0.02787796127702202,0.13725925762108165,0
1.527972877168383,-0.03578344254973597,-0.042218057065027216,0
1.6411782793293983,0.04001736021091074,-0.08650885042766054,0
1.7829738795883467,-0.15290067193063236,0.041004260801793375,0
1.575959111449623,-0.0363160074173808,-0.022403350293478216,0
1.6343139347181317,-0.059854949470643994,0.009443541087854307,0
1.6898958381828075,0.10986499331579139,-0.0658753483512211,0
1.8114159452445984,-0.022606334458077523,0.0399080755775717,0
1.4492908559166677,0.18496341589127396,0.09385198284371583,0
1.790053267710821,-0.0980696609375053,0.07563783302880164,0
1.6948411433596766,-0.021503812147100634,0.006558121342113903,0
1.875125822298878,0.1266557405219306,0.009970638374261332,0
1.666276718199339,-0.18696542917010406,-0.034116590176346474,0
1.653380145052393,-0.05277616443428053,0.04989905158392434,0
1.6595559907780633,0.031513693622952255,0.12705360249558836,0
1.5540177573433407,-0.10615518586258915,0.13322730505120434,0
1.852086841910583,-0.06358314118969345,0.06289286073105868,0
1.7237169025444175,-0.0564415797868536,0.0931821019545697,0
1.7040878751228512,-0.11885981361540275,-0.044374216386995735,0
1.6387595543119422,0.12316322195488423,0.021644366065993653,0
1.5966243087455618,-0.05702244323023207,-0.19296193806798767,0
1.5980642829741776,0.16381701746854624,-0.0838041202249012,0
1.5420446362076947,0.023828073705698394,-0.22793173940493594,0
1.7051530351382875,0.13241440618675626,0.11069628983220198,0
1.6924980642472598,0.04700441981454926,-0.014975480479139226,0
1.7166892049031484,-0.04218897680867514,0.00368228437720511,0
1.5555218605258954,-0.19409918298451528,-0.126780570327362,0
1.5601618033747082,-0.13852130297730889,0.042224545587765935,0
1.6494945798258849,0.001305962739650693,0.25699981526696397,0
1.6653074885843202,-0.07625048453641232,-0.08459240286079561,0
1.5285158497834899,-0.06682490413270176,0.008285648374573172,0
1.7498431579289369,-0.04919951690891371,-0.08907249050504099,0
1.8463146450000734,0.13075294184111383,0.11272239146011918,0
1.6624956010034608,0.0439624814962108,0.015628160338143248,0
1.5501331927765323,-0.0957378265437163,0.07854975649492532,0
1.7997621903754204,0.011636584221408543,-0.23468722326711966,0
1.8014525254607925,-0.10524687351035754,-0.055305622427207296,0
1.557575818867563,-0.06022375797547058,-0.004206090985187725,0
1.72491355239884,-0.09866987904261937,0.06577726439212793,0
1.5932941066804678,-0.11005934601077837,-0.007937727755166999,0
1.6628905429351473,-0.07089987173681168,-0.12206456200051444,0
1.705495424233897,0.08589887250239406,-0.04263487619568694,0
1.8042416155922836,-0.08769290373908091,0.15874261736917836,0
1.694543592238864,0.011463787402687109,0.1020410803218725,0
1.7289254891144599,0.10622329291034134,0.07237014050896926,0
1.7843315746974606,0.005671545153031165,0.10620233397937283,0
1.6356201875046432,-0.04740243556754158,0.06368873246630131,0
1.609353232429558,0.02220738221722918,0.030342861700075458,0
1.7715738374103958,0.02686594706455447,-0.14568376099645894,0
1.623869362573751,0.13894838731730114,0.08841218470643762,0
1.6187741670463742,-0.0018645925222675265,0.023570684239015552,0
1.6281020897783909,0.0012268356256926495,-0.012667042956262982,0
1.6360636639739536,-0.21450769699212757,-0.1995723869171765,0
1.712054506863341,0.019929738388289656,-0.04396653175948583,0
1.8281715434240517,0.06016618829179572,-0.036973140949609,0
1.7584389147969228,0.11631076195073314,0.23286730031432998,0
1.5722840405861158,0.12932660537942667,0.050550986042020324,0
1.8070761179534554,-0.0010386392965607977,-0.14230820473632627,0
1.764735581192844,-0.009505088631114081,0.05298184952661379,0
1.8061311286606783,-0.026042261282246227,-0.15364348652434098,0
1.6833048303143427,0.021948925164885204,0.13469796389090222,0
1.7908578694733452,-0.022607045076709797,0.0250151147110603,0
1.8026793518663977,-0.05922469596910799,-0.001814330042861246,0
1.7140411907742275,-0.14830481680740862,-0.07413421552662024,0
1.919415448188003,0.06266124612556631,0.14699156425204815,0
1.8541839513984597,0.1861975554582896,0.01874158379149204,0
1.8068976768472935,0.023074250778390946,0.16397501204590098,0
1.795821185345078,-0.005876221586205406,0.09053420393010692,0
1.6456173962709923,-0.06561524921131075,0.007069647858651024,0
1.8005500462560096,0.15667026393573505,0.06667098772417425,0
1.819724538005214,0.03458132329188994,-0.037567298639308994,0
1.8266039671493493,-0.06265097420898227,0.017791297875346914,0
1.6120390125481046,0.11036957210904,-0.013476364674602177,0
1.692540947238255,0.009229160308997975,-0.25198099092803633,0
1.7653829842935613,-0.006189856260881784,-0.011610433080370935,0
1.7960968756973785,0.03503582110131572,-0.07438724158169595,0
1.6715588735607587,0.06850129020887312,0.0420838156286743,0
1.6220283242468143,-0.011850528989903302,-0.1035300085289685,0
1.624791211364706,-0.09680482772100615,0.08691325431839746,0
1.7737507401201749,-0.0437595998571107,-0.03648211312218549,0
1.6666291034149447,0.06021205775362683,0.1426850205999358,0
1.6220925880911903,0.03502626404487534,0.10079842025779016,0
1.7170344076999797,0.04685951217489434,-0.12490698690486098,0
1.6904626748636196,-0.23601496869263283,-0.18217411019687985,0
1.7156754604768547,0.08998136478372426,0.021320640116379345,0
1.6686696753942063,-0.11071232344841349,0.07893319928704112,0
1.6910061019064473,0.10662118316998358,0.03594381287436349,0
1.8275367143389991,-0.09607999163786517,-0.17451568565535125,0
1.8593731012875947,0.21125107830634984,0.023807365268549673,0
1.7794712842204512,-0.05548573931157539,0.0011326470019245836,0
1.8716507662522595,0.20554436158625167,-0.03962089427235968,0
1.7494988377273837,0.07239632079374252,0.026085950887321616,0
1.6974913397154758,-0.14995895911192933,0.21363057170889457,0
1.7544572916283319,-0.143833512941096,-0.03458566894631478,0
1.765225017728164,-0.09586984260340131,-0.061599861771922094,0
1.929504574700362,-0.05319623279707961,-0.08484598729770364,0
1.6276568154903017,0.03034909928025785,0.020838323744275508,0
1.7488196323304943,0.1309000238066025,0.12293862266205483,0
1.6999298510425918,0.07488699378544274,0.031120936987430615,0
1.6841973409066686,0.028688215645375284,0.05288076747428053,0
1.8843734853554803,-0.030466547374894983,-0.08272385903858319,0
1.7485029436813335,0.1839646347069434,0.031456733856967144,0
1.7847158032407273,0.14646946144997128,-0.053077428394620776,0
1.5596321336779253,0.16623683984284102,0.14007765243879858,0
1.8236454516571103,0.03070667354830713,-0.059314916032820464,0
1.797744262666143,-0.08161853067013994,-0.09767477067609881,0
1.807771687479706,0.0358389688205623,-0.12993918170908608,0
1.808821836282533,-0.11837723931501405,-0.030843891643451655,0
1.7036683781746607,-0.09628094455393546,-0.008372796115208738,0
1.553646213922776,-0.1491129135242368,-0.1219783624385082,0
1.7926739700790277,-0.0933580131037934,0.22278739906632464,0
1.72207980862654,-0.039683425443681954,-0.0954735439437303,0
1.6763116893704042,0.10183430482575158,-0.0558137556475303,0
1.8954876155823543,0.10558619093730132,-0.05252416700066899,0
1.7963311165915474,-0.02659996294387228,0.044123548733544876,0
1.8377009971445675,-0.010664057506226461,0.09427089912689005,0
1.617339964946312,-0.12897087476169694,-0.01633426856895837,0
1.7235515090622613,0.06567924959095593,-0.17823570558181023,0
1.8019134841494695,0.15967956696920818,0.024990166214084248,0
1.6597797116498696,0.19594194698192283,-0.21749129719323634,0
1.693748260237447,-0.0005302115436862601,-0.03015772527426285,0
1.6497345621614428,0.03854129658718686,-0.09007494846400774,0
1.7243089536465643,-0.040852796655886855,-0.006102268966669075,0
1.9193742497073236,-0.06167274159641414,-0.01338524670740806,0
1.6306069227605435,-0.024113130780198944,-0.06906041701100017,0
1.736002412384986,0.14286733925962572,-0.04215210170238461,0
1.715285609298536,0.08662380683886779,-0.21895585987754043,0
1.7224615725746961,0.018566745517152334,0.038516226669601576,0
1.7367891494615226,0.12623224905827524,-0.011785759083668235,0
1.7144125291248256,-0.08618466932630588,0.04010982924133197,0
1.562055884944067,-0.20476466837471996,0.033020571685401366,0
1.6500892398762634,0.07301293002488764,0.09687708941143097,0
1.6460282013433,-0.009252927756233221,0.04590208053484992,0
1.793629623250161,-0.027108400272821104,-0.0029588724972043874,0
1.609885800970571,0.05989924775111034,-0.01610372142177928,0
1.73300543821261,0.08901471300444906,-0.026005315679331245,0
1.7337363967470145,0.13720808496062004,-0.14969121650000888,0
1.9313870324473599,-0.04212873095169847,-0.07963505689392357,0
1.7428693800363873,-0.1007480987384407,-0.07150517727890787,0
1.8515196854358043,-0.06798744249316073,-0.08429691974013909,0
1.7559508194213187,0.12284931998848292,0.21380165848980637,0
1.7472491146323033,-0.0607659875160435,-0.08520176048946587,0
1.6871854577452172,0.18380289865237048,0.05467660493933607,0
1.6647292698141372,-0.01754961665812335,-0.16593049737165888,0
1.681019710802924,0.09115302443019604,-0.010569211832123905,0
1.666462364669016,0.08924424114706213,0.09016265658507638,0
1.829915634923862,-0.15136098193635455,-0.1587800745341068,0
1.8669667981151186,0.09720565806163745,-3.9857163936103346,1
1.8174994330986451,0.17740371157982848,-0.11537849284339866,0
1.710229843854384,-0.05029708406996695,0.09353122569735192,0
1.7244710269321348,-0.09049738716019239,0.0648038354426577,0
1.6875590058007066,0.11485832001372442,-0.05122558963515818,0
1.7590252897081051,-0.0014336107137073797,-0.06073355166958545,0
1.8491438590809803,0.11849253868192773,-0.022732997467248363,0
1.698134828794372,-0.025812512181890346,-0.0075638660816016575,0
1.8759961946846022,0.11792176438912932,0.03898484430783237,0
1.74603831922391,0.005885392065179233,0.01767032818449687,0
1.9680431018177857,-0.03624797896011135,-0.17198363385128337,0
1.9256317640725575,-0.13735503152881914,0.06115879931250086,0
1.8446320367465554,0.0545749051914897,0.12735696140142896,0
1.6394557863394965,0.04891921995826405,-0.05413916387900445,0
1.7581441423361015,-0.17538119914577086,-0.195824864682866,0
1.9370071792936687,0.039990476281359974,-0.014614687090704237,0
1.7282921763333996,-0.10441504860172711,0.18657192945763376,0
1.8907266677231713,-0.045411217923143156,-0.03722909351675732,0
1.5899044761220142,0.14363208473315164,-0.201217943238126,0
1.7446335690269041,0.1731202600169045,0.029754210426289802,0
1.7134447602106302,0.00541317278799952,-0.012056137629046452,0
1.6313407506256563,-0.10273673565868889,0.3091436814813624,0
1.7370429170741581,-0.07665479770016598,0.028554993728007363,0
1.6707136163802954,0.01244966464296578,0.14701163028803851,0
1.785843980548338,0.010723556357232537,-0.012672023099310266,0
1.8978026145935043,-0.10741539502157715,-0.1741080710845467,0
1.7965579970204406,-0.03084412434207517,0.07560112445787993,0
1.8086743456673855,-0.04077165007378266,-0.0665833368792977,0
1.7485808447356046,0.14721078038871802,-0.05370720700126583,0
1.766466126805675,-0.04123640969699183,-0.19906606274576194,0
1.6763173477707163,-0.04610414857252235,0.08641489998665802,0
1.8052171134002382,0.05957994496985112,0.004335978062437392,0
1.6704696706403324,-0.07288614695708934,-0.0058488920382813794,0
1.7627537143699312,0.18676424518001547,0.05413163977345678,0
1.873816357824265,-0.12909248864972056,0.2409205096217436,0
1.8565973979216073,-0.0757010052617359,0.0007979115170119021,0
2.007115558923863,0.003714795812890319,0.1341872202735934,0
1.774198546823595,-0.004204728420474915,0.14025657116286522,0
1.854692284429611,-0.10602156017970772,0.070469220425251,0
1.537402638338521,-0.04063591028011047,0.014481338314648949,0
1.8180096103474888,0.17764882712161742,-0.1831835207060945,0
1.7092067641218567,0.20251851985265837,-0.08669533120104281,0
1.8272114951239151,-0.007504005655602185,-0.17374741895423174,0
1.7851233407386073,-0.1835662808201447,-0.009175956556513622,0
1.9251498372943772,-0.060714045771791396,0.08515398159006099,0
1.8452706309520006,-0.10791089310012927,0.012285797926039203,0
1.8681031190823314,0.12813378064077324,0.07214400071030821,0
2.0423870603295016,0.06922041901429939,-0.07882421668848881,0
1.8301647070074454,-0.003938457179701037,-0.0724691384400288,0
1.779729095500932,-0.0031995927027084407,-0.10503644871417035,0
1.756288951395976,0.16540061172996454,0.05088027582795195,0
1.7466820737883073,0.2329988592622972,0.12261955567000936,0
1.781524787469741,-0.06923898250032183,0.06839530842292961,0
1.7610273340554163,0.16761959444716276,0.08266123064530888,0
1.7777530102067265,0.013970002980157268,0.08608843961446468,0
1.6725761760454334,-0.3689379008911798,-0.08812297555121253,0
1.7330911898815922,-0.031189330923825028,0.025372204749673916,0
1.8457326543141286,-0.07919882447603838,-0.2000443725784794,0
1.7559679628314828,0.04407169276072043,-0.04938262973606305,0
1.6188797952641352,-0.05683398266294759,0.01762659421929442,0
1.7323601340259724,-0.023745421120113342,0.00022933705273635492,0
1.95311540878223,0.021439830533240996,-0.030350276905903546,0
1.8441567023495542,-0.033670765829723726,0.011055485739236185,0
1.8589664179610674,0.033846046007605594,0.1278952899002806,0
1.8903130699248825,0.2028667749540156,-0.12601546194211022,0
1.701718683766514,-0.11394270504452116,0.010160701343496205,0
1.7351306306267678,-0.1150893263663036,0.05825416673379311,0
1.904925426150933,0.045823717386726324,-0.09430318353168393,0
1.7465594890543958,-0.09081452043165703,0.034012544960756244,0
1.7240703231893801,-0.09030021999028007,-0.12503496338825085,0
1.9956343615941923,0.12153108872951855,-0.07106551891135025,0
1.7549857257541657,-0.09196799540753985,0.0495611388391251,0
2.011365765430221,-0.08876518035840028,0.05206064725053808,0
1.7170565210321564,0.0064941936752153755,-0.1406805710156828,0
1.7679392282376452,0.1778537272808578,0.006346351617171356,0
1.7866577478347432,0.011193851306774966,-0.020867467808591677,0
1.726563014016087,-0.0690030496108545,0.0381345785205261,0
1.817976520182251,0.015818075821488062,-0.07004785862185518,0
1.9424697107165465,0.1382155119095344,0.030118760258341638,0
1.8696040317334943,0.05578301272952411,-0.0027806569437915356,0
1.6282982243000268,-0.022751411589805474,0.09110617717135602,0
1.786753882190312,-0.03494249017610864,-0.01952683223125085,0
1.8506636365731886,-0.11764931128139172,0.10730092441471031,0
1.818282428387272,-0.20391776575299222,-0.00241160642075629,0
1.9255479006599672,-0.1859767240872897,0.17223595897401286,0
1.8015734693972356,-0.07384152211596393,0.11118143643557057,0
1.9429588566731906,-0.06480218636012142,0.046569108080528526,0
1.949790136856867,0.00709594312834652,-0.16376046974277164,0
1.6749369995647165,0.040429448853148246,0.06132006106498451,0
1.8756487642127513,-0.06102928810041726,-0.09242263334434342,0
1.7788074422463316,-0.17917808431670323,0.025603304356496742,0
1.802479793449694,-0.19225994274071914,-0.10949718116155185,0
1.7254402336651424,-0.019289771603629005,0.031589149749715224,0
1.5859379688103805,-0.0908424366571368,0.11595983859991488,0
1.858905034684554,-0.02298296225698367,0.01897810109715296,0
1.782231705775261,-0.02911196779283334,-0.1261973576046155,0
1.7243264863139602,0.08592476921645668,0.04992189225902446,0
1.8113169339952186,0.16779372632108316,0.04768616597687539,0
1.9683769640311035,-0.21578574033421077,0.028720151494094,0
1.8750960714004532,0.15268771999989753,-0.17562319110441996,0
1.9425604873641926,0.02856443359220517,0.04389067947367853,0
1.8879751405538188,0.09614328223017451,0.012699462024502853,0
1.9367868422174408,0.011277826944441474,0.12143995651160698,0
1.8499493176046895,0.1510655184281064,-0.048588211120177645,0
1.7304746863741944,0.02259010153131677,0.05275460459873149,0
1.7567818663123629,-0.03223048988941465,-0.1823025377093246,0
1.81659425567136,0.06236186706193393,0.02226931314735621,0
1.811627321774171,0.15969043906032734,0.09767032966247999,0
1.6844621108967204,-0.14045675764309976,-0.05314639416266229,0
1.8379438350177022,0.025360600581909223,0.07341529649508079,0
1.6204193334174672,0.14595127955104212,0.15170556774584495,0
1.949951972295795,-0.035706069864375786,0.1239507877059649,0
1.884531587815152,0.014293300002657442,-0.06548062626397261,0
1.875616347777614,-0.033920591002663834,0.006879405514156011,0
1.8417712798895516,-0.1096079767589784,0.0019270547508165505,0
1.7768383641250773,0.014410298385794633,0.10800636062459926,0
1.823757615397779,0.03691743178908843,0.07283087025106254,0
1.8198715146042022,-0.1120310493819753,0.21811887572040117,0
1.8292787311436554,-0.024904265780187326,0.10774409692996395,0
1.734709380755956,0.07050096906553574,0.10722990415126102,0
1.6093723682459042,0.06298512390338833,0.030723061414678832,0
1.8177643775843773,-0.04876831073626823,-0.05336687065908376,0
1.9287144419926106,-0.0631978610259366,-0.03323550140956776,0
1.9531660745833537,0.10075003325561965,-0.21900472224886602,0
2.0468719627627205,-0.02830925039040634,-0.14160267430263493,0
2.033952003478144,-0.06598397859901954,0.15481701801834472,0
1.7338608135782057,0.15397675539033007,0.06191282546327906,0
1.7341145837141578,0.06428769080485679,-0.02484173155201977,0
1.8726291076149533,-0.044035282470292605,0.04158271998692882,0
1.7791542532097577,-0.15349943510827216,-0.1421102639432452,0
1.9325323256320521,-0.040997356992930147,0.2597244454939932,0
1.6545062538982966,-0.10104109193366835,0.10342095313042454,0
2.0147415511357654,0.05027480775059835,-0.022132434618117185,0
1.7665779124714736,0.14967784494940248,0.0024196179818975014,0
2.0770521796654164,0.07906853214771273,-0.07537656882205421,0
2.0091732995373985,-0.02000736897504919,-0.0722265969181229,0
1.6963876219114402,-0.26743024066715915,0.024106290572366403,0
1.8539650393883946,-0.0022612662317480453,-0.030719357237602298,0
1.6725194646497394,0.021405101757169337,0.22733544664860325,0
1.6964845955575383,-0.047726557314982564,0.05857186191686068,0
1.8715627495765765,0.0353009474182365,-0.007172012089913352,0
1.7332467601750339,-0.049341683251929065,0.014099163677729133,0
1.792276085899247,-0.05625087794635393,0.07832476323570797,0
1.6601719875803869,-0.10933724831352826,-0.12348003833723105,0
1.9322811116006549,0.09810114456194595,-0.04317963226883988,0
1.728002351033721,-0.15594342433946629,-0.07964487244255761,0
2.0110490785035235,0.11405929487693511,-0.0556019517288069,0
1.9715043511149173,0.13754878244157095,0.04726709232450379,0
1.9542847574586708,-0.040380382189298715,0.09194432264271876,0
1.9278484940526528,0.04613169840465114,-0.05654888994010252,0
1.5960894047178988,0.08346345474160574,0.18161522263662846,0
1.7868671109728633,-0.0534437777425323,0.023553127110259087,0
1.8483756765640338,0.16253934493035338,4.101317587655222,1
1.798376227354165,0.0003647595495523978,0.0031950948775670697,0
1.739469485454237,0.028546663992904432,0.13395527460384485,0
1.9545650037376914,-0.001094398632392768,0.06769638098643277,0
2.0857126409475244,-0.03847377782402165,-0.02961189348847328,0
1.8863279250240204,-0.19648084986519107,0.01688653718359488,0
1.9307635370996004,-0.16493594760928357,-0.027522819177124475,0
1.9156372693625643,-0.08940429288591693,-0.05162796615476615,0
1.9186879493582365,0.002550871084826949,-0.02577725149679193,0
1.707807162857271,-0.11479685563193259,-0.00032612496079489103,0
1.8768357675434055,0.013342719567622044,-0.025548740194095584,0
2.0950459679366187,0.025083210397576605,0.05609575233362174,0
1.9151398692384667,0.017603181319177024,-0.02723701059597161,0
1.928981430599768,-0.06504936272840604,0.08876860384504012,0
1.9019048339763969,0.059164684761244216,0.11984275807177017,0
1.97460463826652,0.22136572428123383,0.009825943396070201,0
1.8249055433402523,0.016591328620580596,-0.15296332216155156,0
1.9507552585645362,0.018828463069461503,0.11343089100611595,0
1.718776896162037,0.07982356804574664,-0.08661640383050694,0
1.7801760251550602,-0.12151547418010158,0.11456751300273962,0
1.8667561574012153,0.061747488080096474,0.18769909933476758,0
1.9521388757581342,-0.06265066398887234,-0.011782585462566816,0
1.8883333842113714,-0.023762254061733948,0.1329719065762604,0
1.7604210000413179,-0.13869322718449467,-0.16293238702810628,0
1.6628102809094758,0.04719995161714082,-0.1599013545278234,0
2.059314181925891,0.07686086454635657,0.04725109493984457,0
1.965285891320752,-0.05063600304263062,-0.015061542305613535,0
1.9586914603109318,-0.09544190173319073,0.1553947628236062,0
1.9000025776236191,-0.008469143409360546,-0.044597964490469086,0
1.756829424481541,0.05952584373737793,0.06574946738257628,0
6.076863027893284,0.16981142740916697,-0.19507304552389898,1
1.8705781813654818,-0.08907702419685137,0.03370235188309527,0
1.9914227692718525,-0.08096414961126946,-0.041821999660535195,0
1.9726058295249538,-0.047686048044430066,0.027734960015182122,0
1.91474348887784,0.07380075741056645,0.035821066078911355,0
1.6924881646014007,0.07973196069729516,-0.008649008992657648,0
2.0091670026913446,-0.0013065710862128618,-0.03600151339923235,0
1.959794507618045,0.11670672222039002,-0.04244554985157567,0
1.8808215575374658,0.04309884272403544,-0.020799632179765423,0
1.781986646824631,-0.1210777322833683,0.11115305557657924,0
1.7540336970933907,-0.12566964345930073,0.06783199807161977,0
1.8698002590756733,0.0611965276489911,-0.03509822710652701,0
1.794295152534259,0.03523683223428609,-0.22190328131858408,0
1.8489006093649594,-0.010113795248472958,0.18444886802357657,0
1.8669087602918728,0.05291637173114836,0.015923299559440007,0
2.0162001679793784,0.05266128519029848,0.03676323670566168,0
1.8120999162848812,-0.017430783633800018,-0.08868388293933056,0
1.7485977688582386,0.18414141752791524,0.014313589578709922,0
1.8275193013337843,0.0879537630015285,0.03098606191329253,0
1.8805876146939329,-0.049463345885957105,-0.044454551506237665,0
1.9177823259248359,0.0654584719904674,0.02338873524311479,0
1.8582977324958991,-0.06136071678839886,0.03165559790161903,0
1.7420415173286437,0.03686565056839272,-0.06863516887201102,0
1.9352051511922626,-0.0661065387554874,0.07523114291515048,0
1.9501826450479518,-0.18343203153796467,0.1796627509412047,0
1.9466861263951252,0.14998062261997347,0.10225256821225968,0
1.976032558047811,-0.050083101183410465,-0.017818599041688227,0
1.996996809360314,0.013056665850676467,-0.08119116486814601,0
1.979607645706337,-0.09093284432681797,-0.09952655823570011,0
1.7446779626435343,-0.1144073428482016,-0.04243170716985167,0
2.096133806408968,0.06229365555187403,-0.09926647341135904,0
1.6686271692900987,0.08622144490741918,0.039175643339705635,0
1.9800671427876595,0.19955261063614632,0.05773191363265842,0
2.0141837409436825,-0.14116075628677563,-0.17261940887080812,0
1.7717010507592938,-0.08099319621634953,-0.051589607006802124,0
1.9530392528087361,-0.1750495465612029,0.1216251724173262,0
1.870022746242135,-0.0775728533255496,-0.06972206463603181,0
1.89283855621443,-0.016794566092268422,0.03712389852103593,0
1.97339100639677,0.10558323139404986,0.06161690590195265,0
1.864948665607596,-0.06494993771119255,0.13736713829974628,0
2.067722489399945,0.10181155178616777,-0.06297383823366264,0
2.052940704542084,-0.01809481474444643,0.04184337379881744,0
1.9395971469803703,0.013796257820501366,0.08310442299411716,0
1.9407243365173812,-0.11184377291491805,-0.11372057360571589,0
1.8904743255895824,0.10294546621429312,0.008077474909699732,0
1.7927080438199756,-0.3017743352143227,-0.10576749285604302,0
1.9996686852213539,-0.009043628059269919,0.02343222006024792,0
1.8713982067458763,-0.09454184858217855,0.02390289719523308,0
1.7235403556498632,0.005937109196753509,0.028707796804348568,0
1.8510723408113268,0.03587490007340685,-0.03600362983492316,0
1.9598847463735263,0.1849912426613242,0.1251378893139732,0
1.8802147575656487,-0.0457135497141439,0.09094410123688397,0
1.7524317419298332,0.074427574271535,-0.008673785117399755,0
1.8878384491039728,0.09304654901705675,0.19774361069885943,0
1.9755302142284428,0.010770876586497793,-0.10555906611262814,0
1.9203686114219412,-0.03784743099725407,0.018829063276002547,0
1.8319280209817572,-0.02683944339130442,0.1559768852946374,0
1.9430457296009416,-0.03731304101071324,0.05942776388059317,0
1.9513487053784326,-0.17967950774887387,-0.047292498585032296,0
1.8197711132186691,0.1451363009989848,-0.09304818211793481,0
2.076060689751981,0.01267723130931625,0.005934509007470574,0
1.78148525295466,-3.996628249241084,-0.020381795487306592,1
1.9749161879513304,0.06282232263498291,-0.09040012717472877,0
1.8151488344423206,0.12557229701871464,-0.0760205410085143,0
1.925392894786586,-0.07964474344174251,0.01816427068380941,0
1.9291011471410122,-0.03912067350812723,0.017964973151621676,0
1.9800117807559559,0.10748396227107747,0.04222873738770916,0
2.153303674394749,-0.06371043045447304,0.05743327870719999,0
1.7404861153872764,0.1402385866054673,-0.11003988555019083,0
1.6552465088824388,0.09813065527652737,-0.0014547121882133938,0
1.760395214031331,-0.25905532738080844,-0.1320511916360512,0
1.8125897603628942,-0.05410584797846543,-0.08658374599998067,0
2.001543733736806,0.18385978285318502,0.030342365807370115,0
1.788290403877768,-0.034367283202852976,-0.00825618011274248,0
1.8331600011337914,-0.005949445011454747,0.02501517891250873,0
1.9505765053675561,-0.07169418519780955,-0.11979808726571202,0
1.9211087509086333,0.07342049797649826,-0.03930894544551706,0
1.9240420175279755,-0.04467516326656443,0.0006419387509879316,0
1.9146349356745724,-0.03261905531075575,0.07464440876079946,0
2.0942515610397736,0.03276753786981847,-0.0049895575206135735,0
1.9195698451563405,-0.06797971705710962,0.12297096537002389,0
1.7794662690432328,0.06259085458174674,0.03255830649971874,0
1.9406572460647413,0.07715528208446484,-0.0728392542045401,0
1.8366822442836748,-0.07469798397262134,-0.11948644924725063,0
1.8788173048772834,-0.07878621160016588,0.022784668016708365,0
1.8616737967746888,-0.09295286180589238,-0.03969101679415725,0
1.9635562681200776,0.06978761544447248,0.03603123341732933,0
2.050877381651152,-0.042489630730159614,0.13315522014434,0
2.0084233472917217,-0.07067059558956179,-0.07685845793780409,0
1.772661073298156,0.11642115744502796,-0.09021621524881801,0
1.9894388411927648,0.1826671413111549,-0.08686721528079208,0
1.8823468292999181,-0.012306893787285642,-0.11178952929261472,0
1.8369877410513495,-0.11152106247361314,-0.07988809554184995,0
2.0837004229611575,0.04741631653610286,-0.028257912150034977,0
1.9332516326978073,0.13026397279998778,0.057706850407425195,0
2.059888708641355,-0.08038235997834994,-0.07015136018531022,0
1.9090015778797758,-0.21541552008803816,-0.06433443879325805,0
1.8585411107036995,0.010634264263633019,-0.06699568504918889,0
2.061280339514715,-0.029650080426678174,0.12279134493697019,0
1.8841290714351624,0.10856568524000032,-0.11887374107576382,0
1.9248667373487214,-0.029546996052966915,-0.027361134926122462,0
1.9889701622515892,-3.8938105570597212,-0.008445396552333732,1
2.165186731842787,0.076925065946414,0.03902169642579917,0
2.0456107671064068,-0.13054370990393122,-0.020785396871136844,0
1.9932808346014892,-0.05697731051193249,0.20988180976640322,0
1.909102943631823,-0.002649669563402065,-0.05219867525068272,0
1.9376369735733734,0.05221682696743767,-0.06544241517695369,0
1.84646546650054,-0.06835982508347586,0.011676111147241415,0
1.8528175746845295,-0.0783432869902312,0.21901108047963383,0
1.8590125436888705,-0.09174902771273254,-0.06115952867117428,0
1.8477013401807427,0.009763613168767324,0.14714706459305993,0
1.9217351259536501,-0.0335495688674956,0.01633242367541485,0
1.93051087926368,0.0006268205418226409,-0.143337895988286,0
1.8872302185813248,0.23300405582673003,-0.03906954941434292,0
1.913173483639562,-0.07786818872474482,0.09419430541076777,0
1.96986521355231,-0.03354669790501462,0.07375332233923142,0
1.9529616855987744,0.010210988164882875,0.0841098873789668,0
1.9879274734439327,-0.0673550111346348,0.0922438787280851,0
1.815603507407522,0.0709685268626925,0.09475637474422491,0
1.9148049286729094,0.030756000441915968,0.08964817253448792,0
1.8034905171309972,0.0785737135941527,-0.08045576917715049,0
2.066500945413932,0.007425615892254352,0.0443623978831586,0
1.8521562368117714,0.001505142602462143,0.03385164581033859,0
1.8692967079526415,-0.06794210582927471,0.13208333883095733,0
1.8995585981392984,0.15272499422450503,-0.05871601865537288,0
1.8310109393519718,-0.08577201516962248,-0.03442692877743072,0
1.7448182593086208,-0.05719206095611035,-0.046037232592540854,0
1.7074132140036462,0.027758644230551927,0.2964957044477372,0
2.1026038179393787,-0.04776935899565183,-0.024954511097536665,0
2.018697189337422,-0.0666448367831859,0.12222829556094833,0
1.9190921457382346,-0.02600023919415248,0.15407147860916032,0
1.8518362600916105,-0.060369788302463305,0.07246221971987092,0
2.1071803757335545,-0.10254948778262059,-0.14663453575474836,0
1.9365272031307263,0.009897784006548725,0.0723883206969863,0
1.7579677993437972,-0.08109191183942449,-0.014664849438963219,0
2.0217709362512415,-0.05246863255965008,-0.07601994161903627,0
1.8603777920785227,-0.12777795817679316,-0.032274093449001486,0
1.9388902194590936,0.052883642899633654,0.11570567557889185,0
2.0696291151080977,0.027093796117826825,0.003878958249971604,0
2.0155526931243455,0.0902249485650422,0.19784859643858763,0
5.9768315002774575,-0.011711217372835883,0.1814867500151622,1
1.7614986494282698,-0.14827350746692095,0.001689680302971635,0
2.121307919744566,0.05898356463061893,0.009764489119440865,0
2.0818273936151,0.02976070667105514,0.07617087479061205,0
2.0858830532292405,-0.13826071370235965,-0.07003555631247675,0
1.9270429277606682,-0.09152113210784917,-0.020705848300490298,0
1.9486407585627505,-0.048812983714997274,-0.006910061686942536,0
1.932921060122295,-0.030550827990946362,0.022110921066415837,0
1.962016944299913,0.03835534072503664,-0.03634101880293377,0
1.8471660236043386,0.040634080530093444,0.03302898246835724,0
1.9067297169195587,-0.0506584778266104,-0.013981852807636455,0
2.1839981059902414,-0.036675166547815406,-0.038385495969889834,0
1.899402927409616,-0.03661464234032665,0.05725993570814766,0
1.9211763111648958,-0.03850973511245634,0.1560860138056683,0
2.1411893516046065,0.11808481663510506,-0.08703385116546832,0
1.9155740960192944,-0.1514611101267245,0.09138971442021497,0
2.0996553973742333,-0.007455289212424821,0.05567334707482912,0
1.824352201565324,-0.10329797259603622,-0.02342505025817923,0
2.0600189329098515,-0.0827501957244532,0.012843125448160138,0
1.8744764462409884,-0.1735160583220524,0.2395721551496459,0
2.0362253015460694,0.07706035255769861,0.043029490342560595,0
2.0906531048891517,-0.27211992804094864,-0.06311461498568675,0
2.1077935763436484,-0.07573846853857977,0.0945465817817342,0
1.9802248912734841,4.017154714516981,-0.07467315323133898,1
1.8850340605039246,-0.1365087811016725,-0.008219148130340232,0
2.0247529871407495,-0.1530198583358613,0.015549752614469734,0
1.951893536192664,-0.2213903695944394,0.09136881180869219,0
1.9160150520047914,-0.10087227902979685,0.006189181691525205,0
2.1969675153301496,0.1213485289303729,-0.07303930142935271,0
1.8679904645893084,-0.06739766835061334,-0.17299748367125511,0
1.9847255167148243,-0.07766839201176708,0.14418576943885633,0
1.8532829043313828,0.035987184585302485,-0.05595099497670808,0
1.8536034504367855,0.059012294757877407,-0.044340450986735495,0
1.8507549024488594,0.11778233457107234,0.06936697506755342,0
1.8964587158634696,0.10989335282929635,0.05633371181273172,0
1.9105518227715832,0.023774495809686616,0.0355590185519607,0
1.8673603032129789,-0.0650425106487441,-0.03261975672539542,0
1.8039006009961682,-0.08092750888744178,0.01823643722501154,0
2.03564726772436,0.13902171772646968,0.15626269634776843,0
1.9564967612926836,-0.1909665744144937,-0.09766619417657266,0
1.9686169292147617,0.1320723777951637,0.043456933402034756,0
1.9404299017479554,-0.09196017089139195,0.04330846616809947,0
2.230100709577948,0.0004761610985538195,-0.13386492171049497,0
1.9713419660079294,-0.15494857188861572,-0.08818766565339037,0
2.0622405355546314,-0.13682736963013026,0.009332952525962914,0
2.128461102915009,0.011353468229188923,-0.01781259479468871,0
1.9834718509286393,0.07014978260737824,-0.09123414488230447,0
1.9331071453722548,-0.04127493560136517,0.25091044601958984,0
1.7914763981455137,0.024955425111374187,-0.055883684506320266,0
1.7550495958940324,-0.06492217458881869,-0.006960710338947275,0
1.8117429413343187,0.06364008560070863,0.037519150877424,0
1.918515777428327,-0.04145136564347014,0.023921418804020933,0
1.9547470792275574,-0.10341209812343424,0.01266914625954477,0
2.001969503523167,0.07048560513146401,-0.047728717912225625,0
1.9489292731113415,0.04994241827255522,-0.04090146682792427,0
1.9219891105570879,0.003616069533652377,0.0973114580863989,0
1.9085177731791323,0.07376665921179447,0.08904487696732706,0
1.997541134510566,-0.09029123901724187,-0.034824412636822344,0
1.943019413751105,-0.12642417118704322,-0.11927803686136187,0
2.057534862306017,-0.09724453833380411,0.06800127517061781,0
1.9879233954100286,0.14386587100333123,-0.07070175004081462,0
1.9578114798492485,-0.049133646194243215,0.040123263893575484,0
1.9609768401348473,-0.0038802834013346105,-0.05071598604990131,0
1.9303508317365916,0.156615709510676,-0.11656682928759138,0
1.9750372347517726,0.02463672687841161,0.009038271434943016,0
1.771643123446836,-0.032660546344575506,-0.0031333745718511302,0
1.976976173596848,-0.00955360309150527,-0.09745926323491938,0
1.8572937081313374,0.02702357617533759,0.06806078330140031,0
2.0596340184181647,0.10199418715748504,-0.0007743238747381787,0
1.956335960992217,-0.09981856634671303,-0.04721356967768081,0
2.240478104550048,-0.04434411294299168,-0.03651141884651604,0
1.9705602606231758,-0.06381649860425032,-0.11008566425795259,0
1.905878595629274,-0.0424206950907092,0.06112569955721443,0
2.020356645119637,-0.04425432678832906,-0.027804465494599986,0
2.022527682781044,-0.02238216703529479,-0.10896118991670556,0
1.9557067924606337,-0.01656374822221274,0.03756609946355033,0
2.024716238091156,0.08647922747478506,0.00843744605448151,0
2.012983751738452,0.005699164329161482,-0.03750078262076362,0
2.0623935983667745,-0.004279738382290644,-0.036044998641186383,0
2.0191303603737913,-0.09158459614523085,-0.029356767515528733,0
2.142355463247314,0.2006220470913284,-0.07544893226437467,0
1.9822242573705162,-0.1530856491257284,-0.12303424699721147,0
2.143009481993415,0.0907522550407664,-0.12492827230000114,0
1.882083914348846,0.08747649324076606,0.05227701775261509,0
1.9815827283087972,0.008471961235658722,-0.14444080421048075,0
2.058004991721594,-0.02720539981479741,-0.013852714853828935,0
2.1568200974876546,0.04105536159072451,0.07658163705071563,0
2.1073259270200357,0.07324509098087374,0.04790798038244315,0
1.7928135105967618,-0.11007643312316984,-0.08543165917037676,0
1.9468915245017975,-0.02742795087167036,0.15361838438174935,0
2.0551380003064366,0.072577274665673,-0.03698568845057446,0
2.056828201403987,-0.06553425518999209,0.07564800798215898,0
2.0347928812039995,-0.080512183836192,-0.1379427544847492,0
1.9964397368050484,0.026285188278376177,-0.06192967774913297,0
6.008907839789914,0.06116857248301758,-0.07401464450722517,1
2.0134369139247057,-0.05533087940963547,0.10749935218102623,0
2.14572132374297,0.31016672237830034,0.07763119095101162,0
1.9052954586821595,-0.07610242869021103,0.04997741335153599,0
2.0426660808617454,-0.016533038506905514,0.054936826603228885,0
2.1265087644146288,0.21655352593077337,-0.13174593914219093,0
2.1712586186612106,-0.08684713091329888,-0.1002557247493511,0
2.1492440524300918,0.031488877730460434,-0.06313443754655089,0
1.9297272769004437,-0.11241493819476943,0.08920457436600765,0
1.965073734836885,-0.12923622227027118,0.05923799389134066,0
1.8672850332800661,0.06971291990602439,0.08009859056937446,0
2.1283828799907156,-0.025502177386177605,-0.0941955998634818,0
1.9975294169337703,-0.009688077533141513,0.1548814064919023,0
1.9387682595193447,-0.04142233044658378,-0.007092912896743575,0
1.9678761094532282,-0.001538975538098703,-0.09276923900094756,0
1.9219905718890107,0.22415148792412085,-0.1430787999799684,0
2.1292212163416666,0.21576134175188788,0.0978734820082793,0
2.0015865651636107,0.07187769503306131,0.1287290337817421,0
2.1129010925044733,0.08672775548223954,-0.040879602806904475,0
1.9857123184125034,-0.06346617770545548,-0.09039623065044433,0
2.0773414520559026,-0.15454923936228782,0.06845239422263354,0
2.117472077154691,-0.11097805474745946,-0.043941733825693156,0
1.885360687269443,-0.007818069450671289,0.10445470300069858,0
2.1265673774962943,-0.04194246973851436,-0.08105510805409262,0
1.946413973089343,3.9397312364813772,0.06319478466813715,1
2.081344696074984,-0.07964941006273223,0.01175307387506265,0
1.9968011978505542,-0.03350347021116687,-0.017094920399471063,0
2.0622737309049857,-0.09220830544756153,-0.10812118073975568,0
2.015432450429406,-0.1473713531971641,0.02443180003186678,0
2.0020725591653568,-0.04303936244107054,0.05678283329389558,0
1.885271313248509,-0.016606369836727468,-0.15806303981738407,0
2.1347776749520415,-0.043496631259426315,0.10046237236421472,0
1.998050331690403,0.04781788716072945,-0.17847560917354896,0
1.990970799065292,0.023584391492313353,-0.08882685370445244,0
2.0821040784591434,0.05503247173897703,-0.055054138897973,0
1.9812782922669636,-0.1331393162505393,-0.012605410343914403,0
1.9203645450653366,0.03345173410452183,-0.013513368411492874,0
2.1128956489195083,-0.0809101415506868,-0.18816563818232063,0
1.8572219593861532,-0.05163647367812492,-0.010267462139231541,0
2.1178294091038268,0.0631110321485938,0.04399785148070564,0
2.0625762491516006,0.03343334916849366,-0.12469855181841061,0
1.961576649591763,0.040273091659162416,4.01472384314556,1
2.1007285044197537,0.041827676525146525,-0.03666261836791752,0
2.3327516181253927,-0.03285523000077893,-0.0578288871537763,0
1.9023830412431733,0.1382704840358254,0.11826150783041259,0
1.9276995106422787,0.027482196092283168,0.05445538376211459,0
1.923649810688433,-0.08619371901248545,0.019708605329909555,0
2.0429291674969283,0.11148265487634007,-0.029180691599207775,0
2.004745673338906,0.010566569415239889,-0.06428443791614849,0
1.951493188352616,0.014959374097095517,-0.024642507168682617,0
2.129094982124479,0.03845389993102719,-0.05179511317448049,0
2.08572169163464,0.06735265247912818,0.059580470542884706,0
2.02174424833333,-0.11382504148374512,0.23319686294106123,0
1.9937723645029302,-0.08012340103919223,0.040391314295080916,0
2.332235627350408,-0.03525317836077523,0.1282969707998016,0
2.0829144746499124,0.12135007743069658,-0.05225148343585683,0
2.2208169491170406,0.006173362368392276,0.23386996922821668,0
1.805139452512241,0.03527278073470955,0.026737466380491917,0
1.9567454083471967,0.0002061619442698606,-0.011639026303840828,0
2.195508898485144,-0.13720555318676503,-0.18636146870877757,0
1.9068463006305565,0.1744953695040614,-0.14752872450343257,0
2.0885407435433296,0.10709655022570151,0.08773648003186031,0
2.0268387409462,0.026265209806907615,0.08231082080560442,0
2.0078258260142525,-0.0942845093382936,-0.15602797500287421,0
2.188472644237901,-0.017057357554426292,0.22572692565267985,0
2.11982211745371,0.012292743706042638,-0.21557963308167963,0
2.066416939874198,0.0200289812726612,0.014999658193529296,0
2.040504675265501,0.11384770673800185,-0.01379205290657783,0
1.9764106494689453,-0.020258903550875836,-0.04819605696029228,0
1.9936758545865028,0.0368872141416636,0.09841971231222446,0
2.143617543371417,-0.21580216701228996,0.08243301063453068,0
2.207364141328594,0.020454715748618044,-0.08153744186039817,0
2.214486783151959,0.22767246559727342,-0.021404098318676693,0
1.96932674553598,-0.15088783286479804,0.060875807157102724,0
1.8592354325100795,0.14091033132395422,-0.11526526464799046,0
2.0083831696623973,-0.14730144990708116,-0.07587667988287242,0
1.9842630076890648,0.0417810795878803,-0.2432491405787631,0
1.9116968937071082,-0.04528321529138099,0.08956833412355251,0
2.0012222909207544,-0.05930754741053164,-0.0461120855865257,0
2.027186025527272,-0.046904926806140064,-0.021275736234935644,0
2.0892291800403675,0.01890471633670839,-0.015429490111465211,0
2.241244811938821,0.19194836017117223,0.11910534552277999,0
2.1647238045936676,0.05655532914831066,-0.18889816109936447,0
2.0387659979106525,-0.015491215954164842,0.04384400372130742,0
2.0891035571954775,0.038441927021873656,0.054074936118210806,0
2.0291017836042275,-0.18364821393449762,-0.012596554244163744,0
2.117995568665006,0.1622007249289265,0.12785133031417226,0
2.1965740198391877,0.039883659998707716,-0.0052287098535188665,0
2.0464034257035193,-0.06333063219524679,0.03301015204829721,0
2.03159903028512,-0.022733578903526886,0.11375963311849431,0
2.035734280208273,-0.07503055596322789,-0.10328243130555492,0
2.1418122560485444,0.1009608103967187,-0.02319996073327539,0
1.942377094561766,0.0014903555114054057,0.03654229476442845,0
1.9815965939104685,0.040836566110855246,0.009858049887252826,0
2.062839642639643,0.11821954528822776,0.056585922692284865,0
2.0256009443563032,-0.0470969385076991,0.1389450312084137,0
2.1551335542387995,-0.006826542541912269,0.04102132931915128,0
2.1658695295704797,0.07755875722622431,-0.07446303683228397,0
1.9290204247548934,-0.11172805079408571,-0.0055975974036879305,0
2.097154411969003,-0.16838622662101294,-0.018824780435187576,0
2.131116822664171,-0.023845282979169383,-0.1329725681406226,0
2.1419027285499412,0.11264026671790384,0.0015880412352951888,0
1.902942235021973,-0.17791638586688763,0.10511694183163572,0
2.2384130868400085,0.05728173408107347,-0.19825431227947277,0
1.9853383056614269,0.2351997819570443,-0.0647326877698253,0
1.9090605665246663,-0.0018752571058075805,0.1177640833387959,0
1.938916379856173,-0.07102228114503832,-0.007977127192934105,0
2.0104515366053786,-0.04997894859201957,-0.02119131507587152,0
2.0928529091290327,-0.0932203938332185,0.12264626055165509,0
2.02372600740134,0.0328856553128098,0.01696164589985003,0
2.2392018676756997,-0.05968303216765889,0.007823847107614466,0
1.8108072899695373,0.01970416493843023,-0.05997491396404706,0
2.155820873422111,0.0343693706171364,-0.05101311092597293,0
2.1731747694636896,0.08683048764446363,-0.10791651157384677,0
2.1624054353278885,-0.15840189225834045,-0.03798765594274519,0
2.0155845173993603,0.045265228259858875,-0.1853762696838127,0
1.9621006472773461,-0.047611673578818875,-0.0015650145901664539,0
2.10229398713988,-0.024571148421352454,0.045073327794981716,0
2.1157867029385873,-0.014414152253007087,0.07122675066614878,0
1.9141371414017128,-0.03681888539594195,0.09866749328677903,0
2.0918672925144057,0.010058906678358267,0.02664775692339368,0
2.080486233174084,-0.0212207530265901,-0.1480107324990227,0
2.1491819878123444,0.16135920446429297,-0.09559376659735142,0
2.056511617775723,-0.05349991293565387,0.034179296785741324,0
2.180605300609709,0.14301303270477042,0.11129242303964111,0
2.1686495414309492,0.006081059261097115,0.1820529556370753,0
2.0175226951580574,-0.1816492765854966,0.05077665988550143,0
1.923371879004322,0.0263607219640565,0.025609512469317215,0
2.0862248315767116,0.03988338944155488,0.18106347744427065,0
1.9839970874667405,0.004478021789787016,4.144062567459197,1
2.1467404258513585,0.05249489849035541,-0.022138499254574343,0
2.1637956584970786,-0.10715556765907644,-0.0063727879152276415,0
1.9680219234368101,-0.03708452886276154,-0.03989877018847206,0
2.156856623193444,0.0973606156035055,-0.06690241442917723,0
2.159571673069661,0.03693073927830714,-0.04141054515767626,0
1.9918827935862842,0.18175132490154908,-0.027498499098114183,0
2.021754731560122,-0.16167841902549362,-0.026444555422620336,0
2.127003833929019,0.13301672632760408,-0.2760986328284557,0
2.2427757267208697,-0.020153138807530325,-0.10499050719565393,0
2.031898485841646,-0.13507304020352376,-0.16897696909136836,0
2.1115922220013026,0.08902285764319906,-0.058827253560154946,0
2.081113074228223,0.044466050510048344,-0.020966606781971868,0
2.156865544754134,-0.07696193529060848,-0.22117266522547505,0
1.9737497308280545,-0.09580163062468267,-0.018095616294620403,0
2.0248788038150245,-0.01893972123361387,0.006163216991004451,0
1.8669200526755563,-0.00010861184522296004,0.11825734584789938,0
2.086765199347788,0.06908476241236605,0.06307536661232638,0
2.2067154612224775,-0.07815882161583072,-0.002057416849501513,0
2.02545617222483,-0.10806134999629846,-0.09178730010558118,0
2.212768547428478,0.08797469824969628,-0.0037054030285100757,0
2.1544312040047657,0.1171177746657544,-0.046237206618723686,0
2.0807052183275108,0.2154614183913669,-0.13422286874778738,0
2.1798330008522995,-0.05066660945893852,4.1939217465770895,1
2.1981426154989077,-0.01804785631271372,-0.1369705155436891,0
2.054036607615624,0.09968764102075044,0.03257033495113408,0
2.1245344415371643,0.05452305627786857,-0.1967579041398159,0
1.9160623679202051,0.2367587280579987,-0.09401272193805743,0
2.0655962688182967,0.060166991865223764,-0.0660335781208241,0
1.9511915310618322,0.12858856539074712,-0.031073828598087046,0
2.0418222617300383,0.09507774996948601,0.08777242724620189,0
2.1881118786552607,0.15094231851716103,0.2654211257288121,0
2.2409613461731146,0.018134666221136433,-0.021399573903045758,0
2.180866260156503,-0.13879409687488614,-0.005824492590983592,0
1.9965608610053922,0.052482684398441615,-0.00046142654323144986,0
2.0859133540522046,0.03923563784968053,0.06223805290563731,0
1.8500236727150772,0.09562102283646205,-0.12474916400432286,0
2.2462627682483327,0.046905808789278955,-0.28495449443459253,0
2.1507482224534566,-0.018643882062209,-0.05071292376988912,0
2.05850564433734,0.06101122087455875,-0.10836156672508437,0
1.960365640750726,0.13392544402228324,0.03986295363693848,0
2.1869286618158,0.007191703602425648,-0.15272534127976828,0
2.0314203296616364,0.12680526520233582,0.03526155643435674,0
2.3089229000345592,-0.06962968786525567,-0.03350283774523608,0
2.160617321914616,-0.09630782834257606,0.137146546923038,0
2.1248090240295836,-0.09997247210018882,-0.002250983020828733,0
2.069867286378627,-0.021840501913161475,0.02316469354208832,0
2.098390662645821,0.14110637845425117,0.0836474152329153,0
2.0993010882039305,0.17155705864421,-0.05903000553868253,0
2.3387506842580845,-0.07143125302201324,0.06534767534966102,0
2.0856132165682615,-0.08599786791363806,-0.1523595730264976,0
1.9533977854285414,-0.22930998253182,0.10120199310870158,0
2.1777905346029374,-0.02559181637456739,0.18630751703296708,0
2.0858667131799904,-0.006515016862147231,0.070930906220987,0
2.0403924907431947,0.08935381230071682,0.12515596096598616,0
2.0835805568931884,-0.0541692506797935,-0.21704826528411028,0
2.1049573289847627,-0.07372617620372515,-0.10107016922178476,0
2.195815842921016,0.20672213501885606,-0.027355676740220422,0
2.15989689090096,0.14463465840167464,-0.12451593609116221,0
2.1784035775966686,-0.07579689350267468,-0.1707412839264279,0
2.135901398203117,-0.06899114480610448,0.019392903649659354,0
1.916736239294226,0.045322380676278556,-0.11585444712142334,0
2.1889901705152517,0.13100492378605663,0.022698803141403188,0
2.0946731995436294,0.0952075429735973,0.03243954942313841,0
2.071884475343064,-0.03205908335132598,0.026466742261486622,0
2.061876934437528,-0.08999587717060238,-0.08234702934192456,0
2.1160118144566193,0.08239574104818509,0.1443416213443628,0
2.1617752146528675,0.09682130277436957,0.1341916000217373,0
2.038851578675787,0.08015080756718072,0.04348805866608491,0
2.097249571456758,-0.0828881587433439,-0.055888695609757025,0
1.9983165476620446,-0.01710257820883745,-0.056841843315321085,0
2.1622117023438263,-0.09647712669504088,0.012146663369695214,0
2.2495851584443964,-0.015040739606788056,0.004538208495167711,0
2.0614041848523312,-0.043995873780753064,0.13900990438206567,0
2.114438378580801,0.25836881869383904,0.04771894500888773,0
2.1489840031376337,0.17365879489162153,0.049339555010371725,0
2.0899505441846227,-0.022783276622184472,0.0776010844526614,0
2.07745870940141,0.08331831306856402,-0.0020997146811110733,0
2.3496903165369742,-0.03324080052849685,0.050176562841553154,0
2.2095333927178333,0.006080343070788925,0.009173201110833485,0
2.2198864637687463,-0.06660811801085231,0.13114779063345414,0
2.3030629175726207,0.03121081239805162,-0.1695438131238031,0
1.9974826962533068,-0.05353498398972615,0.036041588287547145,0
2.2883044974089874,0.004834583652794369,-0.0988870721014821,0
2.0639228980101487,-0.002623411501721795,-0.03333028805285506,0
2.267457957898925,0.10827225896558797,0.10628563205322489,0
2.1470672646110693,-0.026434120978615555,0.10058445914873189,0
2.0446837859391627,-0.04729713077695594,-0.047089699696564916,0
2.1678995569480866,-0.18544317821511722,0.004882963939468344,0
2.034954239409595,0.10677355206873085,-0.06798126739003572,0
2.2419532502101758,0.010867461237411427,0.03546838143657202,0
2.1279644253886736,0.04118033475023487,-0.07934062527615829,0
2.209064383201784,0.16981898060696082,0.05914849403076339,0
2.125184920170001,-0.0608263163491936,-0.16503869335002166,0
2.2966317896453554,-0.1647241788869458,-0.019387583691886912,0
2.2167550210579647,0.06082592031298692,-0.1209340913724631,0
2.20882675280464,-0.022856920478141415,0.14069811733195323,0
1.997130422023017,-0.0720051215089082,0.020660296367854387,0
2.2012940858673,-0.10389494944796476,0.13534150124049332,0
2.081111620033043,-0.12234163137339041,-0.018588009163650308,0
2.02274276032088,0.09735000465893051,0.0776053071395192,0
2.102051800844237,0.03561194938370518,-0.02151404567818027,0
2.1071174263725148,-0.06868201776685345,0.09175376345058793,0
2.0380585157056275,0.10957571090902518,0.20419315861994472,0
2.2283416882327307,0.009407998057020472,0.022922443106695098,0
2.019672789429892,-0.08752539558672441,-0.18686860084304802,0
2.2144506743997017,0.06461630348983692,-0.022137036573320404,0
2.0957386473934774,-0.07313304556483027,-0.03731377207865583,0
2.0579672162954377,0.1571162678628122,0.0475703922642465,0
2.3404840774064413,0.0749612736371808,-0.0798681981114232,0
1.8613777476207662,0.0601745356081279,0.0020353094449263452,0
2.271367805872239,0.023169897633347983,-0.03883313383036827,0
2.1337711575848055,-0.1160328779950418,0.03677459416261169,0
2.1547452960401996,0.04152639294386684,-0.006827646972809468,0
2.143281609126494,0.06834738475705932,0.10680567117650475,0
2.1810354747254657,0.0678152740101318,-0.11075443629560916,0
2.203248097412896,-0.22805879624056155,-0.06252959078155337,0
1.9738705278887578,-0.01308503656021329,-0.22968598689785347,0
2.101327171421202,-0.14141917791580239,-0.05892820510573328,0
1.9961977518282694,-0.2556564524756138,-3.80301606445108,1
2.2393277819022877,0.09843135517677619,0.15269870368859198,0
2.181326275776315,-0.06109467822417761,-0.17681725025452613,0
2.1254049807636326,-0.06195153201333789,0.0040051895231249185,0
2.186674194761698,0.033747631285065936,0.13171693223632586,0
2.1031412022563782,0.030088378722087764,0.022540175948334528,0
2.1730390808200095,0.08623469243107901,-0.02176110055193301,0
2.2333036007889513,-0.1664107381576341,0.20063635600885854,0
2.22140611325517,0.02614845307924355,0.07005040454233916,0
2.304101448892051,0.1307953059868098,0.07268798128737128,0
2.1486784275951125,-0.03803371674749478,0.03861406790309486,0
2.1072795035881797,-0.06491149656928967,-0.084387379405924,0
2.100393263789133,-0.20504245818391664,0.01362265929029341,0
2.1758661401040302,-0.02433295373396485,-0.007181331275841802,0
2.184440462663795,0.04262361029227054,-0.0828849056211841,0
2.1030216731117055,0.09172552290523885,0.020828177996354398,0
2.078573500179056,-0.15937220634772173,0.022462476610280526,0
2.208725252894273,0.1576748146876593,0.00322024056703007,0
2.0185005566320604,-0.020298255638328568,-0.007324643346077218,0
2.220785903998027,-0.1066470152621434,0.09936788108550626,0
2.1125926737010694,-0.030890066332932745,-0.026281852217858045,0
2.1533833438762975,-4.041863747198584,-0.0002500541546442431,1
2.4203147924183153,-0.09610942641200011,-0.1414764035244415,0
2.173674921888372,-0.03986139723403197,0.026392712698249284,0
2.194919838820225,-0.1831193760582429,0.05901569439980047,0
2.257388536401447,0.050069062637360454,-0.004384766430275218,0
2.0474497928844175,0.010884031503769034,-0.12801264083543099,0
2.1029516304074827,-0.12798487183824778,-0.1948679434057343,0
2.1285645451523187,0.11707444201747018,0.054457027197728894,0
2.1299145519286937,0.04857978003574548,-0.09064781543405775,0
2.3075489997660403,0.1950865920284555,0.12793821538155004,0
2.2131556470130125,-0.05730875442164862,0.1384076481532719,0
2.262387400028375,-0.0966595267160736,0.032519161321337364,0
2.305883887372286,3.836566441284032,-0.030136231409012306,1
2.101703263237852,-0.1657455287063726,-0.12113993386822386,0
2.1440400705444436,0.013693344986211066,0.0010862861612670703,0
2.348245227946717,-0.0591072886508324,-0.027699125414774046,0
2.0020912803999757,0.027042623854665677,0.2605966343303068,0
2.2038474133139383,0.19166648759396687,0.10858727149376804,0
2.1025987925648635,-0.08869046977274181,-0.18412225313328068,0
2.2484439547859454,0.07590493879610438,-0.06921422764589254,0
2.137647473455884,-0.08679312389611313,-0.2513436887042526,0
1.9858510809582721,0.021615143948561615,-0.047416002732739826,0
2.1662873920265517,-0.2501343681316383,0.08298142562064681,0
2.252256400066678,0.06905040223017953,-0.027980686221603268,0
2.3494252898758905,-0.052565575028433925,0.07975588413059671,0
1.9999164672126684,0.0899454790426405,0.17834996259016844,0
2.2159974294266105,-0.13435502803015537,-0.14659080975933744,0
2.186544816831649,-0.1552774193883477,-0.0275201207380392,0
2.1855982734466637,0.030686505945921025,0.04348061157470871,0
2.1996026590099715,0.13647956832812955,-0.023143611308332906,0
2.222535570160501,-0.18067198724314182,-0.059475176099741005,0
2.067804223863777,-0.020600146544074126,-0.13693890084962937,0
2.1120094073334337,-0.15015365717064605,0.119571806878477,0
2.1696898952667074,0.0440450554787398,-0.23216633436607825,0
2.233920498899147,-0.09015577277539358,-4.1102788830760515,1
2.2100653357092352,-0.05886374121421692,-0.01398389936803913,0
2.2673393596948945,0.13460847030261072,0.08301558295274791,0
2.1934730302362793,0.10191472685476294,-0.00037078339789827717,0
2.2470224668153294,0.10525259220548254,-0.022961850121944467,0
2.0337812128209944,0.03396493460990977,0.01865304277790742,0
2.125326391527943,-0.0647233205755314,-0.08556281774114487,0
2.1769615795156243,-0.1349147077970432,-0.01962700478404371,0
2.1649550425192543,-0.10664566736878899,-0.054243049178909555,0
2.2091138873254654,-0.08437746639280193,-0.08659466279007338,0
2.139806752691256,0.06676115244067715,0.006405140080717739,0
2.1574936932529076,0.06452945590523004,-0.026097889549961475,0
2.0840999792028936,-0.13104195081407086,-0.07317770712822079,0
2.114594116143837,0.18744947384644572,-0.0897498979512254,0
2.3574430066135004,0.022281577183853575,0.012421899537536144,0
2.3003647062225823,-0.1813772347745701,-0.12006163727198405,0
2.235146455558776,-0.0195056952275489,-0.20614856160314715,0
2.211191789935306,-0.053202520934720145,-0.05709729468389007,0
2.0932774937413945,0.06850891476831433,-0.07145215887322147,0
2.202326775009331,-0.022059493361656315,-0.07420984594580107,0
2.2071632161354025,0.0012603353771212837,0.04077211149453169,0
2.1650983866103006,-0.1252928065052483,0.016686760551326854,0
2.1542530956132535,-0.012295866521613658,-0.1425130448268519,0
2.149783337303901,0.16059909870984054,-0.040662888711971434,0
2.2158969721758335,-0.040170778319874714,0.09626713774345529,0
2.250598913238526,-0.14527200645101732,-0.04690306034833143,0
2.1863172309560546,0.021070654891907237,-0.03570309156503352,0
2.1097145138494566,0.010226288681510725,-0.1183153967885101,0
2.2702697963459735,0.10465654039490745,0.10758408469511041,0
2.283698857348978,-0.020911587065491035,-0.055217633623906005,0
2.3560449642810655,0.013856177166910236,0.22047045168860102,0
2.26170973871166,-0.03505959999010759,-0.01798718415893407,0
2.246328305072585,0.04754291193073718,0.09818320397452869,0
2.143032158413226,0.06723241623103812,-0.06424131151489565,0
2.038413982041066,0.1159414101306222,0.0884454727257326,0
2.2431246161213236,0.01713139071936674,0.15597333694567858,0
2.3275981519828943,0.21852830333703724,0.19678585451334452,0
2.140614621720041,-0.06139522004069101,0.08157537293005057,0
2.289169146409007,-0.007233660309220457,0.0879224300707187,0
2.1667178858294425,-0.15749897678643013,-0.0977746968779268,0
2.2864956602303383,-0.07036865597041464,0.13030341960749972,0
1.9306281420063247,-0.008558115435189305,-0.05049132180372401,0
2.19217655381437,-0.059475111951360196,-0.08416782898040878,0
2.1788873963752238,-0.24083339450534447,-0.055329203849362144,0
2.338315074144718,0.08610042905803512,0.09451034639058997,0
2.1735313719170004,0.0930852145266145,0.04173436232692965,0
2.150296747392996,-0.20625155870946685,0.006772326974097575,0
2.258975403730802,0.06437692771602842,0.11824409540601617,0
2.466947972551421,-0.0589311176683856,0.11934547493427983,0
2.292522169419859,0.048550158012216904,0.08601754271111146,0
2.3994506923803156,-0.01840945554267792,-0.08951522698824017,0
2.26812759338435,0.13699699678629465,0.02126438197326777,0
2.2104855070783263,-0.01111961078071622,-0.028853691535024203,0
2.0951123163747485,0.08076755974616495,0.027653987491840476,0
2.2272902182881604,0.0014939846453821523,-0.16546654980211783,0
2.4646366000246003,-0.0742867606266482,-0.1754975242967841,0
2.2910266571407067,0.13609467430237715,-0.07798538935607431,0
2.2502944379959096,0.19157506846319314,-0.07089012386871549,0
2.1557655995728364,-0.04751589388897322,0.009448365913677035,0
2.1039253663466995,-0.10073639515169588,-0.043967512932064,0
2.1777484646678467,-0.004998907122353495,-0.016355545971004883,0
2.0818434457046786,-0.07484598074913919,-0.15354225166546742,0
2.1979242988728607,-0.07518587230414019,-0.20741718377545226,0
2.1823764375074024,0.07498687755043741,0.06339968679769431,0
2.20270689229663,-0.13188006163806273,0.004372204948288238,0
2.2040426475511588,0.20015712529211493,-0.029858433352526817,0
2.2224006472251667,0.03087020465130576,0.0679955525014153,0
2.3074491936226993,-0.07445136362915515,-0.11504306350926972,0
2.169487822114762,0.03262668534460215,-0.08173640686286104,0
2.041276146913008,0.020695478831694706,-0.22021440598097355,0
1.9574025868359206,-0.040628651261171836,-0.15114235433846987,0
2.2091672443498194,-0.033328648364219,0.039922315300529,0
2.276738150449781,-0.010951895767148343,-0.09301918397039984,0
2.268470426175413,-0.12045301214184996,0.05253146146117178,0
2.1603544516317483,0.012701461265853548,-0.14061785971411855,0
2.24613571460665,0.07493465646340793,0.021078509509484852,0
2.414453931992984,0.07936300448663594,-0.21088757121728527,0
2.258667198807546,-0.10650968802916892,0.15584194433391196,0
2.1465510887016768,0.0023398519060047526,-0.12237456134156371,0
2.3430272926151954,-0.18579099452424264,-0.08953082574753606,0
2.4445190926279574,-0.17744342697254115,0.017916531808211535,0
2.1429509661864654,0.14294653259734924,0.04557545965284529,0
2.2733243938358574,0.13931251740021935,-0.06087619545988263,0
2.0899560030138638,0.023014951573398716,-0.035159194359905985,0
2.374244904064916,0.03642911914899725,-0.1855829872947254,0
2.1199570784590236,-0.01601605462119055,-0.017300880413736616,0
2.393537743725858,0.010082691937320339,-0.040659598737193874,0
2.2570118294938433,0.024828136006566692,0.09139825123589311,0
2.1613333019599517,0.10931337544039905,0.019858119969944608,0
2.0899900657813486,0.07023025626703192,0.11023855908186625,0
2.338340949826029,-0.07457201448646515,0.09185396030593618,0
2.1675016794519117,-0.00821379792627805,-0.044569801656064195,0
2.3843400278866533,-0.11077535732350191,-0.1923822310651404,0
2.2051320882802425,0.06957775623618982,0.026558071947154788,0
2.273208964371099,-0.16625857680809344,-0.10987913116909098,0
2.344082046512189,-0.023550626577430876,0.05866208909530887,0
2.3517154211160736,-0.13050587321476076,-0.09804368809022741,0
2.3635339259580754,0.09701158501792437,-0.019990019483968263,0
2.4021090661167874,0.04277731821373526,-0.02752032698671951,0
2.315650574225687,0.03201188654732339,0.04786774029981889,0
2.317830080956628,0.022503362076857228,0.10803786562942697,0
2.168670267372997,-0.2798511686589122,0.03898849168212644,0
2.272399301743667,-0.13710306167235026,0.006563207960846679,0
2.2278305637298503,0.11057427993678724,-0.02147075747108629,0
2.2286504549850408,-0.022991890437333806,0.1711962940125098,0
2.452254528647488,-0.021032051670393726,0.006244386876919457,0
2.406227700453286,-0.10790223334562887,-0.18048182160317783,0
2.1519530848141244,0.03669447487289005,0.08563286334114933,0
2.173633962613276,0.11987664260856662,-0.004371576654363992,0
2.2703629556649574,0.01873814466320517,-0.07275099552996,0
2.227523013123136,0.22257854542411853,-0.10654352311663749,0
2.2979904345783853,-0.004018121506510558,-0.04054842818239695,0
2.306331392780269,0.11664468305721593,0.11975839017033835,0
2.223883012923278,0.1394290556859809,0.13610951635392848,0
2.284273114423435,-0.146828538367646,-0.06030585091216137,0
2.2862345277737877,0.11109230822244556,-0.14974557427944812,0
2.472341570559025,0.027637527154589017,0.11270813219141106,0
2.315492380269507,-0.024003418565803097,0.0030529771662691687,0
2.216584053446384,-0.12234774136445706,-0.04485073112768542,0
2.2424631141658695,0.03992465225240637,-0.011076235143216085,0
2.143882527356513,-0.007252481082218508,0.10011335854429233,0
2.327567151636189,-0.011772598037479588,0.08602386144696145,0
2.2478615079559634,0.2349565916967508,0.020828738096009075,0
2.1752899769340615,-0.14148340824091643,-0.04521295488222701,0
2.3187051162527474,0.08919341171000862,-0.10693180457580385,0
2.3631518033257635,0.005035817156061615,0.061828946131274536,0
2.270264801828733,0.0028724989416119336,-0.03382926289670106,0
2.246153897089906,-0.03155046038363412,-0.1047308664295849,0
2.284990338484375,-0.16222464927724986,0.2047558658492029,0
2.3033817642936456,-0.3094194359827953,0.041427717481156506,0
2.2468530310996035,-0.2217388469234247,-0.047003109960199914,0
2.278832268125789,-0.03539727585063065,0.10974351684187911,0
2.2956907396912904,0.11932768153555927,-0.053478415579547835,0
2.3753211935553202,-0.09693568215102358,-0.021339572012157762,0
2.3343474562558963,0.11423171752677003,0.023972789793830135,0
2.2406882828986987,0.039277767632904526,0.024750965988421844,0
2.43884563333951,-0.07610010650537365,-0.05702816450928259,0
2.2630403994348987,-0.029724437936595863,-0.0025595202166764277,0
2.311461419290182,0.04730027914562445,0.0721225942244985,0
2.2464593972789704,-0.07299997825045025,0.1732739012334658,0
2.2702367076245102,0.032661410787658884,0.15415908224203145,0
2.158299379479724,0.18424969632273205,0.19175904763993198,0
2.505853001749228,0.115413886068622,0.11727822653422758,0
2.2818652021934955,0.02961311720675563,0.12953145940580474,0
2.3177720812938953,0.11493463412587375,-0.036020040693531,0
2.1919277330770903,-0.002758017540639337,-0.10716044180888956,0
2.249370316363226,-0.0014267316228516592,0.03839394189576327,0
2.2441330242050563,0.21636230091823433,0.14997601709322247,0
2.450479677788888,0.010334573100056976,0.04699035468972469,0
2.180209339398524,-0.07105131911612887,0.008067379217371407,0
2.38806636151812,-0.20797987811452234,0.01622924685282147,0
2.367039151782911,0.07236669528629122,0.017374608981903534,0
2.2305346648609152,0.05687041506662691,0.22950562873383645,0
2.2006182178195015,0.0910866608138894,0.06694437356175036,0
2.1488667744070797,0.01862501464347582,-0.11954975110000901,0
2.1332108243317642,0.004617215035968832,-0.13939970096130216,0
2.460014619619929,0.1255571533746623,-0.005901965306680452,0
2.103986754858229,-0.1465087534759937,0.06952393277542539,0
2.3669338892203196,-0.0005429597665178244,0.2896129101880244,0
2.5660497507985727,0.005139324861646831,0.07222256361878836,0
2.3916309612954696,-0.05466782692037461,-0.1376588094807757,0
2.331801800716471,-0.11280521173579423,0.03924690689090084,0
2.4623335239585384,-0.01841640003720299,-0.020669448673971753,0
2.291600378187736,-0.12403734124895434,-0.050368037893131136,0
2.275027173731382,-0.0549560877733291,-0.03123712358017717,0
2.288862111080412,0.009847676388991304,-0.13906450211223234,0
2.0842020283520943,-0.023986542498120877,-0.06984835167948837,0
2.3187465712458564,0.001517039485522132,0.0690955072278986,0
2.2736285644635728,4.108437736189821,0.010494524907363209,1
2.3085673528746806,0.031986851007900545,0.04928912007616989,0
2.3296994350982985,-0.09815024994168124,-0.02155507979897498,0
2.3200552382338926,-0.10105855221892462,-0.04037774705224692,0
2.2929787655084333,0.17010896918475443,-0.05511978924864688,0
2.2360158660225173,0.007733559754993489,0.18165502422806593,0
2.2075316510278538,-0.024023967128883814,-0.12859126697530296,0
2.1846205009351474,0.029332105904182337,-0.14081225204332967,0
2.3597367102827214,0.13349472748104796,-0.14713388638899588,0
2.138630025752489,-0.021303732067066553,0.2874388177999998,0
2.0098570315731497,0.06774157268796044,0.08437141670624082,0
2.2724143784271034,0.13622195618762087,0.12962009534462063,0
2.3789424069801517,0.0365623697472086,-0.028144112418378678,0
2.2556642310363744,-0.02114649568198863,-0.07562938140342772,0
2.3093002820092248,-0.08899971747167658,-0.07152070493841407,0
2.346673440637682,0.0725542433717571,-0.04769957054280433,0
2.344140567520097,0.016927809076988428,-0.032822182345796834,0
2.3162996100996622,0.0974249568781234,-0.04245629324743607,0
2.3867871262267353,-0.04928725302973483,-0.0026121296513585907,0
2.3300908096182082,-0.14647353870075547,0.0013075614450215101,0
2.225245960659258,0.0226292633380491,-0.08828919926021189,0
2.263335741577878,0.13604079716723344,-0.12427642823602257,0
2.210383314167429,-0.10649069926023216,0.034550728044634105,0
2.3277164588975143,0.12553486224111937,0.11120213831649273,0
2.2817760523537256,-0.031050946415565613,0.11022954729072293,0
2.1663511781539055,0.08255664423539351,-0.06728888636794646,0
2.293257531276292,-0.07833390446845928,-0.1786355108717544,0
2.3514512331312645,0.04211513208384141,0.037906241418637195,0
2.29750478274595,-0.10596976072585136,-0.006610311000064716,0
2.23465599719559,-0.07054524282882059,-0.04206663708857635,0
2.4899107296157257,-0.15761686773246386,0.018669430225266168,0
2.2230006544127976,0.02453041937342327,0.04185480438686151,0
2.214690018504812,-0.15681487636067623,0.06131376415652928,0
2.1280173917348786,0.08318357249687724,-0.02132485984719952,0
2.3162356833385016,-0.1550400770283849,0.1037934076687513,0
2.1652794529336408,0.12321040490304587,-0.02594176092185532,0
2.332106305701681,-0.0821120466147803,0.20243233896772758,0
2.3571498781501066,0.11062145396826428,-0.020049419823295465,0
2.2119366295525253,0.08275502395340754,-0.027170347389685906,0
2.265104405435148,0.021472645864171382,0.00020563365156904876,0
2.208097110350003,-0.21904177748683398,-0.026666761428698796,0
2.2890236901863847,-0.02161499975649075,0.0806556133239429,0
2.238737982110255,0.13740171460925835,-0.04466003682342471,0
2.335951718085203,0.007776092656348434,0.019893746323499162,0
2.1973458456307933,-0.16759890770284752,-0.02276296463200432,0
2.2134247719769204,-0.1079328446272271,-0.0551750724540131,0
2.1194448001283743,-0.032445444993056675,-0.03258398261847939,0
2.282826293812818,-0.09980725777814466,0.08410290358253654,0
2.5185288722365167,0.06888940021440736,0.026102229868076754,0
2.348919120824257,-0.20624571515517076,0.12367807811374372,0
2.2979618376990096,-0.06958747054474736,0.0719411533612029,0
2.262032445560944,0.01319421779990327,-0.13917433529438292,0
2.5311319585083036,0.019599775284139087,0.012694267147889696,0
2.0344477833736305,-0.03210023334422805,0.02527033749055036,0
2.429506935945608,0.09315260017452023,-0.10161364562794589,0
2.333086892421203,-0.11621999009262596,0.04213959351515484,0
2.3024345314424632,-0.0635133794821711,-0.026119181456825014,0
2.271009822250499,-0.07524228804414607,0.06084366871369147,0
2.4670501446203508,0.01695217334013293,0.03310513676923288,0
2.256498379915988,0.15510022407308757,0.1619033790154144,0
2.3233790883145726,-0.0024131769825945924,-0.21947406595674243,0
2.2224961358673134,0.07012431661352782,-0.04379976464210564,0
2.481441809936633,0.03743779952954492,0.09714871949291527,0
2.4232195984406775,-0.08068455713311018,0.013859596650460014,0
2.3583864886169597,0.09601858544002376,0.1378070204636935,0
2.408271655390006,-0.07243166689637287,0.18198328293025673,0
2.2749331248080393,-0.04522200712389551,0.06227622153981334,0
2.30030717176529,0.17552106312592405,-0.10533198401621678,0
2.4069677054568888,-0.010429815940034885,-0.11742144972300983,0
2.302976769290652,0.020959192988336834,-0.07427695188142337,0
2.2718769020293923,0.020991620851896153,-0.13469455554358953,0
2.3509091319711377,-0.03671390307546947,0.037926932143677684,0
2.357585283726615,0.10554422882781114,-3.95261479318703,1
2.4550152162273884,0.15000294271643783,-0.050350456672856994,0
2.1681653314846927,0.010715775369816329,0.010866768806550419,0
2.4665238221266867,-0.14168599640504437,0.16638822330940445,0
2.2134641981069687,0.09757823786033896,-0.12169700135845472,0
2.1128092574829616,0.0030044839377381285,0.06686149676800651,0
2.2183550660036473,-0.014892315014675965,-0.008323400906549271,0
2.25439427056566,-0.03376721135374206,-0.10580389952761811,0
2.3126751418398395,-0.13302083911106244,-0.006640625277823529,0
6.188392614159689,-0.020981471149682462,0.08789101125951089,1
2.304431594058753,0.1746875547950865,-0.05687142732303137,0
2.404792343012199,0.023561898199459,-0.0016586108634098328,0
2.337948490635801,0.018824990169859397,-0.03220087430624629,0
2.292676984928213,0.1564697530184807,-0.05997740250875705,0
2.286790701882744,0.13517834027224654,0.05926429791902735,0
2.289856976311386,-0.1479599921231908,-0.08520638692104154,0
2.3905820663037454,-0.063348244830443,-0.08292070448184746,0
2.2563016345923295,0.04481395817850904,0.026377374149095058,0
2.194239508453166,-0.06472260869544111,-0.039125668315316074,0
2.428139089358004,-0.056862019399214585,0.005757769881000852,0
2.303492617697869,0.14239973829018396,0.07078274449526649,0
2.2736461060401227,0.03411881978088703,-0.0743243435455672,0
2.443431931420018,0.016692614102989833,0.007704064492091975,0
2.304512068561737,0.1616050463465166,-0.05999529460012966,0
2.413705377601422,-0.11022046889272503,0.16120409195038565,0
2.5280429846650625,-0.214786234359288,-0.005909866665316014,0
2.396227626003996,-0.11989902147131525,0.06859138021066084,0
2.1237593541458395,0.12511949887930476,0.017831769021445745,0
2.3631007947042426,-0.03884616911586458,-0.18596564670520882,0
2.372751153971717,0.1285845321392385,-0.08701193200679297,0
2.4515518703978887,0.051493384744587416,0.0067429783053799715,0
2.347932353583859,-0.03237359563991189,0.07497137465580066,0
2.3119529392883567,-0.12391627868685806,0.10648775440172148,0
2.298266173373869,-0.041946236687142244,-0.059974185225797644,0
2.423143497759551,0.14921996276403027,0.02386317849009746,0
2.3094627097862763,-0.010648140454875154,0.0745139482370093,0
2.264231288481784,0.0502846257378082,-0.0003533631675712364,0
2.422967147645381,-0.05929923537606353,0.004962709639791878,0
2.347489555908205,-0.08313094645003888,0.12833216906299919,0
2.3821823713749084,-0.099049141935223,-0.0036675087984886522,0
2.497137444733735,-0.026516140009580292,0.12222903018530527,0
2.3082410430569182,0.01602813487662378,-0.02558837910498173,0
2.3156850048701982,-0.08389005376702979,0.11148302064301899,0
2.299384170785864,0.18328159527293675,0.054184435622584515,0
2.380106961061725,0.019146225366311696,0.04642558659297504,0
2.2974944895809064,0.08449135260883386,0.049907034627997796,0
2.394985085185145,0.0930678762438844,-0.10621855589772933,0
2.3653931054498987,-0.07272952140042614,-0.010591641459761637,0
2.183417272523215,-0.09135455157515933,0.06501589810327094,0
2.312278127458413,0.00038503369843910593,0.1364950323626855,0
2.094935479410123,0.0335771238006513,0.02471009336608114,0
2.3180171849178164,0.05260734956629542,-0.11527311999194019,0
2.4261346259987095,-0.13248590266007362,0.1193418242869183,0
2.416166105027182,0.09275733485125065,-0.06686069115604175,0
2.3009612438994886,0.048107767713498104,-0.12193564308021176,0
2.243191052151337,-0.08637206740705818,-0.2745323686754059,0
2.599581575636674,-0.022511380227712652,-0.18097997113314715,0
2.4474640284659195,-0.0031009085553535976,0.0006640032364434217,0
2.490849694695552,0.03429320947000483,-0.0984338064298505,0
2.489621524335095,-0.05671281846494212,0.18149370757365904,0
2.2401321112946104,0.1449020574171581,-0.005676160308280215,0
2.2696574075932348,-0.21938226959131202,0.03833364716375434,0
2.484403610568415,-0.06321760188544374,0.022158250172337246,0
2.3059743651008278,-0.12458849578281667,-0.015380771524328969,0
2.3913800643439993,-0.075942324672622,-0.0179496286116922,0
2.5163468742495825,-0.023631945644298224,-0.0054965803691316845,0
2.410275424163148,-0.05596516511244614,0.10576355160513018,0
2.417962389822605,-0.03982335131829436,0.04126947501036865,0
2.4144937994822318,-0.0631281369153079,0.20299778814029,0
-1.5334542037518513,-0.01676654143222477,0.09372923768856209,1
2.437630604303175,-0.08122780030137444,0.16444564330801004,0
2.3277107478056926,0.08543697894195773,0.07648984982180679,0
2.3879940380151248,0.1133354004522925,-0.11741189183981893,0
2.1580463980532656,0.06874781433230152,-0.018780036598699174,0
2.313974906726064,0.025194084181769688,0.11066885286264401,0
2.3962404370446024,-0.03872988811812998,-0.2316183909792947,0
2.5162381113523957,-0.24860553327912688,0.032892235676173935,0
2.2889228520071936,0.040986382402954775,0.10627855726696118,0
2.337684534211401,-0.008519369339493772,-0.07272024451620303,0
2.410883303180381,0.09840929354996969,0.045581078294053196,0
2.317159995508662,0.062473411316483554,0.0038201892632517063,0
2.251400646972,0.05921164060266426,0.15133389559139376,0
2.249613734490773,-0.17665570829032032,0.08729570437098338,0
2.3511892574421323,-0.058185210087099704,0.11370943988565943,0
2.38430567963597,-0.21579203182981002,-0.08721030932220152,0
2.4868609424072554,-0.16876373657338192,0.09126161155448603,0
2.383428597017919,-0.07684174452941506,-0.12100612005894723,0
2.367972781986246,-0.15201685222904288,-0.04213744318218326,0
2.6225421670657267,-0.08968199713351897,-0.1400837237832568,0
2.282605382608328,-0.06764150019044955,0.011142801270963752,0
2.3898603637357283,-0.10891284145945895,-0.1364877750265981,0
2.2914355889600273,0.17626724166551108,-0.07366843690836425,0
2.411218417372167,0.1286224765066991,-0.2872404488563118,0
2.3242578767208966,0.043405850114000166,-0.01806157502245357,0
2.3273859215295545,0.07398460413270004,0.14202540776114608,0
2.37352782566304,-0.2226074224102423,-0.005484485437979241,0
2.3248905518741085,0.09830809491070513,0.09758387549790061,0
2.4148012229352402,-0.07893951011586316,0.06268198075628738,0
2.4093406372104993,-0.025254541397957953,-0.03657678014552195,0
2.2069281674497914,-0.011535529436182815,-0.05886351512586302,0
2.6446257551919317,0.0562197011319612,-0.0361765472356696,0
2.450263695856073,0.12706281871161404,0.04206949613151445,0
2.3996350059391105,-0.01664277685023852,-0.14116970406622825,0
2.275775816438078,0.18055164752415423,-0.031248329053851606,0
2.29755121643893,0.08081515455242512,-0.09727345595412618,0
2.3569841535529847,0.03227361391882511,-0.03377876599601627,0
2.3462365608305578,0.13564280159059403,0.12167244460381765,0
2.2448985799400436,-0.14474982394388802,-0.12084916030635531,0
2.2771478422101517,-0.052227973768873615,0.02988175870838485,0
2.469410040282693,0.17223000668627905,-0.026146471737784206,0
2.284650246337207,-0.0010555261799300884,-0.11635440452186203,0
2.424488615382214,0.05615380546690638,-0.07027279192002571,0
2.213558988176524,0.07761054066764017,0.13018710702415084,0
2.3930337550016545,-0.0043777016673657255,0.06270122457070955,0
2.3492786982317284,0.008435957931636212,0.15254313342393652,0
2.4312845058479455,-0.0844809867164878,-0.027947649478549604,0
2.5081289477846256,0.05563214820728002,0.012654823381246419,0
2.423121492245271,0.09720840513434083,-0.0569247959472301,0
2.4342380700046187,-0.14628904383738472,-0.10172250174412781,0
2.515958390097698,-0.002016593806312814,-0.10554489451507013,0
2.2807500082568044,0.2451589624983187,0.10238390096961397,0
2.5043600243255533,-0.0059509986660968295,-0.05416307660344014,0
2.437405017236051,0.01671836895433607,-0.04787442624908773,0
2.29181244669285,-0.09396277179357941,0.08716695263468495,0
2.4161576532168194,0.057389780812427155,-0.015146251670897943,0
2.3853918750122243,-0.22614261012669662,0.15573675820539856,0
2.2552520469735553,-0.0715610323194863,-0.04001229389931373,0
2.5245877625286814,-0.11478991270466044,-0.043019198258797825,0
2.344482927050801,-0.07757231022734862,0.03624976681355809,0
-1.4128583087582713,-0.036411917653734895,0.2302735825533968,1
2.500606107443109,-0.061936959132752135,-0.008683051349989345,0
2.4634190951336596,-0.08037551908011792,-0.07816586303489487,0
2.2930797551109197,-0.024724723171400356,0.06543163583566865,0
2.4133995646051787,-0.08108955697894911,0.08423622737463775,0
2.4613732003241817,0.020396919735731166,-0.00128492095807602,0
6.412839761077855,0.008267090588918674,0.1489565063536782,1
2.4010610515991235,-0.0017431333678031278,-0.04680977737234457,0
2.470022899485347,0.12805721205319365,-0.021416657150553787,0
2.193553099858797,-0.025469328619334482,-0.11213000173915162,0
2.325128249431573,-0.07703040459980003,0.1405085779132087,0
2.3418371513602105,-0.10198714039694996,-0.10597501486574,0
2.360235770049836,-0.021077675541709806,-0.0690095126905607,0
2.451108029770922,0.047641046966394984,0.01713903313470449,0
2.449166857475258,-0.08223892588032851,-0.02435327928434106,0
2.510875073042765,-0.11594464226996613,0.08079380628705868,0
2.341128740840599,0.11339994347121517,0.3162197510672095,0
2.4063007628383293,0.026239770253257456,0.014606527028167102,0
2.2899108045783687,-0.056988847657697274,0.03221747649930506,0
2.367991095017197,-0.11060220939283257,0.07865409638542581,0
2.362951918201039,0.005520200906875718,-0.11254184100906506,0
2.420923594699071,0.02880931087121047,-0.0554080079740644,0
2.2009392516967203,0.16080304127872835,0.14959331555060199,0
2.3531316440190344,0.11453770671715274,-0.004533205389043217,0
2.5018017600290605,0.02505367996611051,0.0877454195953847,0
2.413623106004204,0.07972842348193605,0.010383042647932071,0
2.311385292429227,0.23642152441694414,-0.06989364376923546,0
2.307572402368246,0.02594133970090643,0.07918188383490266,0
2.3091905336767766,0.09194789228924631,0.08224872203856376,0
2.270238498322243,0.02710929706347418,-0.02625403261660808,0
2.466134946752123,-0.0008027249821503176,-0.03134585209896088,0
2.549742615706461,0.1231909489771345,0.17916437822979647,0
2.413275398183442,-0.058692164662398794,0.05619382691885127,0
2.563668379474894,-3.987207599874197,-0.07735349514680612,1
2.42233934156899,-0.10420113695176166,-0.05797917675591141,0
2.505075485713008,0.04528585486747444,-0.12098599697781712,0
2.3663804055921855,-0.03845267201587947,0.29847077831745805,0
2.403318018169514,0.05131407617792734,0.046184273528067275,0
2.3828449704463894,0.14835227525542752,-0.06787325525890715,0
2.293998623579143,-0.08274735683517054,0.08855009932740883,0
2.2627967155611137,0.157513605477392,0.002146000180995732,0
2.5334052046799727,0.058231885464027994,-0.08054790156149193,0
2.4088651668525514,-0.16069367043743943,0.20930450553127647,0
2.432921183805258,-0.20469731215735082,0.16972390537257853,0
2.407151119214141,-0.16212689503374533,0.08031700136251292,0
2.3446235716082593,0.020463095876606156,-0.16424124362431325,0
2.3045539668760293,0.16030745816391367,-0.021848499675248843,0
2.4276204812629993,-0.22505265314345554,0.026582662259680503,0
2.3956142110270924,0.04616452497943757,-0.007797610018117302,0
2.5044341824262992,-0.14691433905295076,0.04867199914922443,0
2.4145802835628856,0.12769420342855947,0.015740177155115793,0
2.3560816189865417,-0.08895808061057893,-0.06699479180996562,0
2.3731627527394052,-0.17422262380492617,0.10191997556249709,0
6.4209756791613435,-0.03160921963052904,0.015618009893910942,1
2.420113444412801,0.006977096778971558,-0.06533574231214255,0
2.6314231789979354,-0.0627410347219024,0.05432332994190728,0
2.6251037147276053,0.026033479966541723,-0.12059946126337705,0
2.3284230707342406,-0.054544659246005,-0.008793532366775587,0
2.3844840799754463,0.003937614637906705,0.07426689539612871,0
2.637343394127048,-0.10752353167853823,-0.008448260038366538,0
2.410819626304539,-0.0384332155296408,0.064473681907419,0
2.3286507422120257,0.04652361119633929,-0.015246772565298827,0
2.2820675824241006,0.08491370691273015,0.09084201461073885,0
2.4916915892060727,0.14402535975915426,-0.03570552308419453,0
2.443292247387713,0.03115493026821889,-0.11422103702572095,0
2.5090473251748597,0.0005741364482312115,-0.1289368235253213,0
2.5793700406989646,-0.1093007164704269,0.06957681932493003,0
2.36543928015601,-0.01132857043044895,0.10686245944019879,0
2.4637627584895596,-0.03098775840342848,-0.07042205873605116,0
2.5160987282988803,0.1069450635370743,0.1374823887466784,0
2.4386516151981166,0.016137089529317552,0.3291101293543657,0
2.4294398145961673,0.1350431921534507,0.04783412631148236,0
2.490584910047314,-0.05211174389099611,0.05641238456217419,0
2.4652434353747985,0.16294589349890645,0.04635893734986882,0
2.655961676506188,0.08520207422298524,-0.07836636519503738,0
2.447696017585736,0.004902379261997307,0.020695737094135278,0
2.3253555294663677,-0.009460238430466932,-0.010334220321286917,0
2.4478849452359026,-0.03572587252466983,0.012553124906287442,0
2.583588713394266,-0.06628851471178962,-0.07060377816184897,0
2.3266194456182796,0.13978088151584464,0.015717461939713042,0
2.49955861046763,-0.03847119944496029,0.04869897247077836,0
2.528953779370478,-0.11012278439811754,0.07101810276968905,0
2.3319729904879334,-0.1704979168627327,0.11272815365783065,0
2.350400404042392,-0.044900180853899484,-0.10755536955183087,0
2.4969116290001425,-0.033605531347556485,0.00666394506714165,0
2.4248122108863357,0.038839093014255796,0.11231102765119522,0
2.670062657836433,0.08112286260956536,0.09851420835678634,0
2.5662129409487937,-0.014090619353038342,-0.03567946657802872,0
2.2429333098013955,-0.18490196793286248,-0.13406695321961323,0
2.3198172486864683,-0.04884002043062718,-0.06360197676886693,0
2.6633336117357818,0.005308458933913465,-0.0112256658482731,0
2.4122493119521446,-0.08938141285192594,-0.03686327801620041,0
2.3381536227510797,-0.13336285227221176,0.02567432730009586,0
2.4769695382797545,-0.08961186105565117,0.15921608973469123,0
2.532138510536906,-0.06109963644326111,0.08932452329095503,0
2.460185174547888,-0.18221916789995496,-4.158043210497734,1
2.4837610089726603,-0.11105109691982462,-0.15019499867719233,0
2.3853571573649104,-0.03395133149882743,0.06020612924099161,0
2.476206166734511,-0.00040950142337742583,-0.13598564913405664,0
2.5916887848101307,0.18290861536088684,-0.04542668720567452,0
2.469101649358239,-0.04979631372495765,0.04350814211831816,0
2.3404913709705513,-0.11772638190286207,0.03044565194828825,0
2.349623379213283,0.12731027476907913,0.002477475603331634,0
2.635822570780737,0.14184483537161346,0.0779030358059533,0
2.4811504053673734,0.03582335158328711,0.08223620690998715,0
-1.5954501883087011,-0.08567815015082769,0.10098958448370941,1
2.51525385776959,0.06641353448581448,-0.06485409196783458,0
2.3509544194927123,0.0823848049237701,-0.16934193104281844,0
2.516517617259765,0.00012029016624939843,-0.008853349626106618,0
2.4192424885130053,-0.05912755054172965,0.13366303242002617,0
2.358967103971369,0.13085963197908324,0.08191031405228255,0
2.5766343332369055,0.1403351277265775,0.05578741466136118,0
2.650938369945626,-0.11705028520299512,0.008691584556033511,0
2.4806042306258678,0.05343844316955479,-0.0174045425980635,0
2.3608661557656676,-0.1058911010022332,0.04616353950098384,0
2.8355592805425416,-0.08673227206098184,-0.0029329269988948234,0
2.400153663991631,-0.15898964473974775,0.10241627465073194,0
2.441491705431287,-0.2712136750385345,0.04125449296041673,0
2.276448686051764,0.15913046419284826,0.09874957175581543,0
2.4835479895267616,-0.08081037074279138,-0.01728100630969727,0
2.413361345032939,-0.057434351651458285,-0.07053719823314769,0
2.502809512200675,-0.12323581849213927,0.002983191086104885,0
2.4645758890640885,0.07324267052762788,0.003443571441781202,0
2.5015367251905554,0.032325698732289666,-0.04685635446343556,0
2.6358271285083754,0.09420112569120793,0.034760581505918875,0
2.5596078110529663,0.03000642087477731,-0.1535453041696953,0
2.427058612915198,0.023470027235901178,0.09429861092040567,0
2.4122989781557673,-0.0852428393742124,-0.22049833711724084,0
2.4741121194965645,0.1552893543365338,0.0514946887825956,0
2.449407749495774,-0.005834771640722133,-0.011009208183665187,0
2.3595028518215644,-0.11571332707013303,-0.0517520725130095,0
2.504978949910613,0.1280981261027527,0.015812952000728252,0
2.318772745563571,0.05242155216025471,0.23943446452286044,0
2.454353263281712,-0.1535355382975608,-0.056970023465787945,0
2.3642087631726083,0.16689275942226223,-0.038988017604057346,0
2.698412191589756,-0.1436694880861336,0.06892533434559826,0
2.479375892278903,0.020523418004499597,-0.08253771574160883,0
2.495860418678489,-0.11438302857136343,0.009706736859663175,0
2.4026688342431455,0.027774494715711164,-0.07992165427942907,0
2.573529734470785,-0.07659999657598887,0.07468881540914532,0
2.5216178035937045,0.014807633400463947,0.04248942683292746,0
2.5813803151193997,0.12987252759203902,0.05700993175797883,0
2.5628904367196506,-0.12033977305797505,-0.12821167216288365,0
2.54614956502008,-0.23105335489921122,0.07557590086230592,0
2.493687932639749,-0.07759163978421266,0.03160572069401641,0
2.4991508439264627,-0.16362538255412157,-0.05445143207154778,0
2.560883467722066,-0.15445922895800362,-0.046070137698078724,0
2.311400321535865,-0.015478566533211861,-0.0026142135650403216,0
2.5501872032200477,-0.14689542774043152,0.0337139981935752,0
6.472597245403458,0.2212454114944875,0.25608135053036335,1
2.5039979758981046,-0.1329888877560657,0.07080965836872562,0
2.5227711599971805,0.11218428766990739,0.12894601807947598,0
2.536469282440092,-0.001374569580773209,-0.0066842288522508085,0
2.416314095365471,-0.1217932879848122,-0.057410477816240216,0
2.5965740970393365,0.05683676025970217,0.03474164880122165,0
2.526861395664009,0.16373786899132897,0.09079472854209518,0
2.483126375446572,0.0546419272688341,0.01706999941858269,0
2.3958719976515583,0.05376808232034589,-0.04278975515359974,0
2.4114439500972886,-0.17823611494673264,0.01360721419113237,0
2.332968635681074,0.012199234869740248,-0.21235106151326907,0
2.5439240503445233,-0.06958371097671565,0.1452970025465745,0
2.5974434772609913,-0.05910992373555188,0.021232145277554907,0
2.4742215477357212,0.06952793513371776,-0.06475490918179928,0
2.3712817437263145,-0.1183954451936634,-0.11571357427744122,0
2.334208330705526,0.06419690769617424,0.028714273062253333,0
2.5374127492425393,0.11762931405987305,0.060251080879234656,0
2.480934472675746,-0.21714679990888502,0.023395339792391653,0
2.7056908223955825,-0.06438928873833484,0.039037988530868144,0
2.4780969136722715,0.05714119514565391,0.11740635485337586,0
2.4552158097861505,-0.15395328607373712,0.10334668781610434,0
2.526550669795767,-0.21106508094418897,0.17137567099709258,0
2.5210803479137804,-0.13602528766330388,-0.02832521051549902,0
2.6150028337714457,-0.09679729549205214,0.029200604862188513,0
2.3631935794941925,-0.013046628009693166,-0.044240995734772186,0
2.5678212727024037,-0.010587235180314935,-0.0221463330870523,0
2.424227935663892,-0.1326944942654977,-0.01678640885638415,0
2.471471527476043,0.057413216321965305,-0.05835056949289266,0
2.5196796839822646,-0.321232741698645,-0.03335921231202727,0
2.3913850673255346,-0.05386835202633784,0.11645910512710914,0
2.622637274291322,-0.06259033223145553,-0.12215311302678525,0
2.4243656804115674,0.008760718499964196,-0.09292835970009951,0
2.540035119451602,0.028729782893693517,0.20166003402057753,0
2.5347866994311095,-0.00018481064979285113,0.03249343044331148,0
2.4298160463175327,-0.0756250847588356,-0.025075005032825816,0
2.507235301485454,0.20825252626501492,0.21020743628213806,0
2.533957555021457,-0.2369890763954314,0.13717917977929617,0
2.696617776487765,0.14232359023929128,-0.07274133703295198,0
2.4105628366892713,0.04448425735120722,0.06367764824782322,0
2.3781613746118677,-0.03680459336537855,0.003140575895638137,0
2.7424691274438677,0.11485528706463975,0.049590625101521485,0
2.4873662530989957,0.04127262047645055,0.0157017930314293,0
2.383439880844973,0.08079755690314239,-0.045227757070920485,0
2.43693004221874,-0.18556893428621224,0.003377853036192381,0
2.7011948520342317,0.07913592336561065,0.0052504812370806125,0
2.3241298817451717,0.006997715492475318,0.05188098421954105,0
2.2279129022020143,0.024287980502366472,-0.1652734957730185,0
2.599539938009883,0.06242959515785456,0.09725788976007166,0
2.5411516771664164,0.03433445687520629,0.16514824757558785,0
2.752778223625444,0.0615628002750976,-0.05202318668965692,0
2.672495332629394,-0.05302928779471178,0.08383329488631713,0
2.4938229696699743,-0.09842503178400902,3.966604117772241,1
2.5506908692742316,-0.03787899827942757,-0.01978124625422828,0
2.4017642583705774,-0.017483109654128286,0.07853845052017402,0
2.603490773003524,0.15509661368625996,-0.04977634091683009,0
2.3896415882059827,0.1568337012158454,0.010717284980082016,0
2.537546564976227,0.18280028280546645,-0.044262293300593794,0
2.32954325853039,-0.0243990016181615,0.15732718046496322,0
2.2973675201883688,-0.21191275670373078,-0.021538238716533604,0
2.5885730653043746,-0.15232622744997573,0.03337994261184082,0
2.509193853945621,0.037770428737291833,-0.08463282719515397,0
2.4850360452845037,-0.09781948962518211,0.0972384265531319,0
2.6465859764164543,-0.1368613865238369,-3.9182114277818276,1
2.5441607786192613,-0.03246122000358788,-0.0796766563665197,0
2.5619556674835007,-0.03924530195586941,-0.0008393591315544035,0
2.584915363764577,-0.1170825431117464,-0.06565528009693973,0
2.5406163154945687,0.011997389075306328,-0.025027545332009366,0
2.3193821877925025,-0.0925852771378507,0.0906213793485102,0
2.5606074884126158,0.04846329901198601,0.04303327599953691,0
2.3470813886769855,-0.07509179237823355,0.12220997448845712,0
2.5852719908047175,-0.07582148531233969,0.10856750769653958,0
2.605341756035737,-0.06517963333805941,-0.08350065232771833,0
2.5813530784990144,-0.08344787860393545,0.14487818154774482,0
2.616939961801434,-0.07383028077188337,-0.07145372291666191,0
2.5565768470159407,-0.2521963755681807,-0.1032405697661837,0
2.6434976124580336,0.06541668628605707,-0.2233919927425126,0
2.6882731829340414,0.04748319939995546,0.06746773239882091,0
2.468362601784466,-0.03303219656701711,0.04836230159892836,0
2.6879524444159535,0.016246690711851912,0.007863225937282737,0
2.4840007825551904,-0.004472532933400723,0.04524425507196192,0
2.6266766786372377,-0.13484574499104482,0.03449186032846385,0
2.520724821849073,0.05589548112478724,-0.006839950039933822,0
2.534666524892546,0.19435566179932948,-0.03084814837258515,0
2.8067813800103516,-0.09972099097774693,-0.009838162696236965,0
2.732491374877242,-0.0787479207166856,0.024971828005880145,0
2.536103301078485,-0.042819550486275414,0.026650812193913555,0
2.4372558858587094,-0.012502179780437918,0.08005554333845173,0
2.5360013209521504,0.09307567807159056,0.00448873416265599,0
2.43287581018735,-0.0468485902518627,-0.03263067808647215,0
2.367654069859896,-0.13041239530457435,0.04878470659935112,0
2.4723991016499105,0.08874059983885266,-0.06099046035361854,0
2.6107129456383666,0.19634452205279682,-0.05715796902237024,0
2.6263955907695067,0.13255122611695067,0.20305150058078947,0
2.4256934246822093,0.021297117689060154,-0.027377977046419186,0
2.534272528800156,0.03581013958342042,0.08115849105152358,0
2.381723200802694,0.20071072399194476,-0.12759005016128652,0
2.705287319067756,0.02246303456412921,-0.0010338260075639404,0
2.488055084587375,-0.060497326617631554,0.0720346399332784,0
2.3823146473508605,-0.029092382018989445,0.15755878661315895,0
2.582431147449012,0.04075355988610659,-0.15384423048903068,0
2.4000981318446315,0.07579481790601406,-0.005595850010063125,0
2.529538466089868,-0.014756211425387793,-0.014264730573316795,0
2.5134588274287832,0.025402972949146386,-0.07562939513714223,0
2.6523773419861723,-0.0151653686728779,-0.04273047975779803,0
2.77542569858201,-0.08799583910063247,0.021328426080613,0
2.568295132891957,0.07971808195615608,-0.04789377612294572,0
2.6204042775400995,3.892004838068615,-0.04272836577094389,1
2.7034724650581654,-0.11216753391943823,-0.0423117522785702,0
2.4933255106445205,0.0747146529473045,-0.050858317460639506,0
2.7253704282439872,-0.0894865700424477,-0.24109846554795988,0
2.5749119426292504,0.07387096910523934,-0.04658449042517526,0
2.4606406179688527,-0.013743628990936538,-0.10844441818797826,0
2.6322282454147508,0.15650499460187065,-0.06937044823986209,0
2.728374390992164,0.10261050399672074,0.1635157181323031,0
2.4834212958597113,-0.042099598060608256,-0.10261276863932725,0
2.441491943533674,0.10170666696825788,0.06148657022083979,0
2.606116068737346,-0.009550286240209434,0.023145147213306703,0
2.5631596500815106,-0.019745967148176693,0.021029666011728045,0
2.507118116759147,-0.22385871606592464,-0.04809093660745756,0
2.368160522976121,0.07106852021604926,-0.019070241439405628,0
2.4759257362233846,0.04476928006311362,0.0893554324930454,0
2.6290744868327556,-0.1057894811603263,0.19412916184391368,0
2.5954482495522893,-0.013960857766418068,0.013991565630559347,0
2.496914817822802,-0.12083699515714585,0.032569137729032596,0
2.7015943705512013,-0.07051846386764067,0.0075885198833885,0
2.470260322731589,0.06621011700649622,0.07435720543946327,0
2.5182721943173347,0.1486744368631293,-0.01147977627501565,0
2.501572044583505,-0.1841287424470378,-0.020475916752335385,0
2.6104145442468925,0.07611795728367676,0.06445201434585117,0
2.4946703469376357,0.020633477830182934,-0.04251227222106872,0
2.5423289975056265,0.02467345585882927,-0.08784918133318337,0
2.593986205737668,-0.28011704170967655,0.0470021432058963,0
2.7219202931316864,-0.26223807919617775,0.04957315877067137,0
2.6968189493440256,-0.07244732804243835,0.014403366545938621,0
2.557279776853706,-0.004427914957225845,-0.0019160644788216508,0
2.5924908530156663,0.05688683787994591,-0.059584965041467444,0
2.4655263172598048,-0.10001139620232238,0.12228637115729019,0
2.5933566690371874,-0.023566536305528962,-0.07814390889338746,0
2.7643984548219236,0.017268105277108533,0.09083117694323706,0
2.5107637479490914,-0.04791818402039725,0.08464565317845851,0
2.6542388617347576,-0.05368604125302683,0.12589723267202096,0
2.662038999053969,0.008581972991633496,0.030527872030725812,0
2.746497281245304,-0.014922937576630031,0.0993644233624853,0
2.4718534185842596,-0.1239015086336025,-0.062369061545170204,0
2.6319698265842257,0.02650946260574536,-0.13259618220800126,0
2.6552753218755245,0.046400205419356216,-0.0019143639406372843,0
2.6542767938642573,0.002139893445428702,-0.03425288101160883,0
2.5488066021446953,-0.14814081637938026,-0.10105593247690281,0
2.615712326381722,-0.012643787786596979,0.06757745494294941,0
2.5624181984397976,-0.092901710602639,0.08573736977310557,0
2.5123630527128014,0.02688679091069056,-0.08297007865675976,0
2.529079345104648,0.20585279719402189,-0.02515948581707731,0
2.60800294239979,0.08383266179470321,-0.06814772567929199,0
2.6535195648740038,-0.029860436441312383,-0.029891878170830485,0
2.5340688305644035,0.01348828306681112,0.036902376150903186,0
2.6221467413776707,-0.004975301331015003,0.008215677305741778,0
2.5833296123685834,0.09939135040327106,-0.05328099260583057,0
2.6659274174788643,-0.05440932041358387,-0.09034006226887886,0
2.52450282296851,0.06280925549245864,0.12775950058079413,0
2.5746115165053816,-0.11736139008579778,0.002549804345532876,0
2.4485059134515685,-0.11964819232665005,-0.0675074319281911,0
2.5779937489917106,0.13549722907726988,0.05151694610411767,0
2.5085192317509932,0.08271005501307077,0.0032090535264748324,0
2.5582573790315823,-0.08681051110733548,-0.008780487331656551,0
2.5814018476020957,-0.13748269819086986,0.041590486172073955,0
2.6923337104969463,-0.1291341324400911,-0.1681408957051731,0
2.4666643926954857,-0.014421355714004814,-0.03606040236985329,0
2.6394009071051525,0.08138609824593357,0.14131255821777092,0
2.6283028283156598,-0.025070648839852657,-0.04206244842395921,0
2.5273576047394055,-0.12083441350640195,-0.014810593999733505,0
2.564983071160519,-0.05342711254208679,0.04715471392505561,0
2.416372153034073,-0.010233919607961668,-0.06847662320340918,0
2.7016861064969753,0.13832369533021543,-0.012642204745146752,0
2.40132307290429,-0.027933695745236894,-0.01085566422880875,0
2.5201079958132766,-0.06222503005958511,-0.14043910247733318,0
2.6788006803927726,-0.0408716676759627,-0.03021267209182654,0
2.695802138832141,-0.08775341510470622,0.04682228136283089,0
2.6071991545433684,-0.11733224015985846,0.11046390751127683,0
2.6532530192070634,0.01219287868407952,-0.0011109029774506655,0
2.602556626374216,0.006017903288955625,-0.020691089695101597,0
2.4694208870252083,0.046382992050060495,-0.1162049516269889,0
2.7563287351559826,0.18242966238541444,0.009009908357073396,0
2.458680394867126,0.1067465314562863,-0.04157245385593583,0
2.4203809239754936,0.1498410828432512,0.10912744538510742,0
2.8645325061505136,0.07856130444165166,0.001968448161554725,0
2.401921892507759,-0.019173102984092277,-0.01735258856153554,0
2.6701904915540755,-0.16542086202792317,0.005172841071683089,0
2.5483238159111954,-0.011891818669802483,-0.06836823645527836,0
2.689785006198911,-0.006613923179760232,0.02906891610683922,0
2.4320170691186367,0.005282370697743536,0.09799788420122867,0
2.671609456167112,0.03390405794081891,0.12381535198106795,0
2.581508864114763,-0.09579781416718698,0.11426832491194217,0
2.40761329963965,-0.12032484274279585,0.1164208061554978,0
2.642254080413127,0.011401848124406241,-0.15893825669301131,0
2.734683375898156,0.08040638698593916,0.0968727236572131,0
2.5631136175739107,-0.05129847241182042,0.06247350516761105,0
2.6930825675355043,-0.03732544984380524,0.02644312378732727,0
2.6597054781103218,-0.008112795659454943,0.054183461318360875,0
2.7642823670669014,-0.04946172738807439,-0.05441292875144171,0
2.4910886518217676,0.07598599946872636,0.032310212302557574,0
2.6256712443116346,0.2563531516674142,-0.031522834682994334,0
2.692022586157343,0.20802311777299926,0.0626501982917158,0
2.693231934892368,0.04607232319615146,-0.03201151167563831,0
2.5727156470592933,0.12809860951099708,0.1064997543817518,0
2.8003582507793237,0.0231262737167745,0.07864990624227497,0
2.6062472254028535,-0.058278895907245935,0.08775729079494432,0
2.5613707719498806,0.1568025630000132,-0.035347398444128326,0
2.621566467567159,-0.15943399344043763,0.03511421963374633,0
2.5494203481232107,0.15519407488091302,-0.006492536321867089,0
2.911396207104786,-0.14605783647829107,0.032207043851472675,0
2.4968377092638927,-0.12388359663189293,0.1980420692514353,0
2.677920269523438,-0.03185631915833131,0.13416479684744814,0
2.6475168504395903,0.10595979892510224,-0.08071807177515326,0
2.588090840343562,-0.02627627566461791,0.08098789784530619,0
2.8184913509141567,-0.050950091466439834,-0.0233694201706719,0
2.643655513598886,0.04682031306829735,0.0814853773062823,0
2.651253170712706,-0.09625267625897588,0.11905897779996528,0
2.6679337900741387,-0.22317133738027312,0.09797585320932461,0
2.566472607818593,0.012651633203345176,0.13073606340862082,0
2.698441077056196,0.15166544089328615,0.10742429433954073,0
2.506162250747073,-0.20931991351346438,-0.0008770993350824104,0
2.461669093624634,0.028997522927414518,0.1089557582934738,0
2.606974494985207,-0.014615604456583012,0.14526171268112195,0
2.522304152438384,0.10912895359531077,-0.041821593422960594,0
2.705801914139643,-0.0741832289341353,-0.05039523036155848,0
2.709872851878294,-0.09172170983976768,0.11791069276870046,0
2.395335782394085,-0.05638980210682335,0.07515180126186592,0
2.747272646856267,-0.12457029176879082,-0.0009035335654101819,0
2.777534667608035,-0.04974460927641171,0.029851138273805235,0
2.420385875408778,-0.1067652904707705,-0.07778772278811177,0
2.8434585199000493,0.16763100234252418,-0.0663078684799847,0
2.4925151709212545,-0.06983320094204042,0.1017227928281097,0
2.7493421104502924,-0.04476386926856371,0.09640934238395475,0
2.704206161407743,0.01372453814836809,-0.09238614987672294,0
2.485373841400633,-0.07026596842487282,0.17890017014574244,0
2.662648520939825,0.14396583298675134,0.027025581929513195,0
2.56712627679285,-0.1303625392773427,-0.03647148086917281,0
2.7156138127254312,0.12273563681901581,-0.013110065709718385,0
2.71800778403284,0.05705193191342315,-0.00589214590448852,0
2.8536691588144487,-0.02619722538256035,-0.14183046624485915,0
2.619829271825193,0.013710242619002541,0.13736047337901536,0
2.5892031308471735,0.007921708371503479,-0.01558930975473687,0
2.7492731246007405,-0.02323507499348671,-0.13595649911660787,0
2.584114900087124,-0.06060100313759347,-0.11849026405883814,0
2.5716142320157074,-0.04522928618918561,0.07924402462527613,0
2.5968132960395938,0.024726871668507178,-0.0503329913997777,0
2.4923460932710713,-0.22122457698690892,-0.0934463163445255,0
2.6554950085474123,-0.00807077639996665,-0.06786735482442866,0
2.5381898449429423,-0.18685200343106192,-0.1803587519978428,0
2.622594776358427,-0.029988403732595544,-0.04620943312185535,0
2.868300059496875,-0.2956314925718749,-0.04600927892019652,0
2.558625176760145,0.0691827337040529,0.1285983637373714,0
2.6222540119333435,0.024170250403134363,-0.07022357844922138,0
2.8232636747517184,0.03138780617332175,-0.10174680955220072,0
2.692937464873806,0.06456359706346541,-0.04748438085964535,0
2.8418308501917418,0.028631918915557095,0.059911132908856225,0
2.706448613417336,-0.17584827914491852,-0.0676293039570294,0
2.534549463929367,0.1409824402778381,0.010093885803410826,0
2.6410043589752124,-0.11656434811052052,-0.11532413767082753,0
2.6275983193072934,0.08979612808789145,0.018629886321283165,0
2.5928260505373677,-0.020683153364145744,-0.23661479022177342,0
2.7053507195214324,0.0905566709517685,0.11252603087159657,0
2.7030145991529673,-0.1920931334194847,0.028894332405455494,0
2.5858544841715396,-0.130063488168947,-0.02813148850023128,0
2.695976809786071,-0.1030390633186731,-0.1312001818288956,0
2.5996043357174194,0.035208879036707795,0.030268124482803516,0
2.739589643714007,-0.04315669232087896,0.022972659568546248,0
2.6072534326546712,0.02564268531261131,0.012388652597757628,0
2.8267152092365344,-0.04131246224778384,-0.13004614878792561,0
2.579315481616559,0.0019527153576232676,-0.026685327535984946,0
2.524212176412863,-0.03370564637286939,-0.0014614647572821365,0
2.6965000475973557,-0.05838957717615323,0.1023645782159137,0
2.829439623092238,-0.012847911528899829,-0.1441023390080983,0
2.6130406578443264,-0.016225428137528027,-0.041631032814585224,0
2.6194701429643863,-0.04589895633604773,0.06451484654467672,0
2.6062028620445665,0.042972575170465425,-0.1614681220112565,0
2.7234987313679566,-0.06263323304245384,-0.10943100764803454,0
2.5623242503800197,-0.10732885639898898,0.08730318965357568,0
2.638894668043265,0.01518345604745673,0.10839436932448161,0
2.8206564167669663,-0.012084253644196026,-0.07885000126782837,0
2.5878586291998427,0.03295831790729125,0.13043975267636662,0
2.594344880290822,0.0822561282539343,-0.09294258007556104,0
2.6570084786705928,0.05113952104674069,0.015010105213074117,0
2.583379845597566,-0.015448557876804546,0.010382137387652288,0
2.745487560438958,0.030056201629785367,-0.17499814628967522,0
2.878009284569508,-0.012918807775555003,0.030335454445360906,0
2.6760121480592725,0.16939146303039238,0.031247939261727677,0
2.7976023427645176,-0.04282595018059861,-0.1227339263749921,0
2.709173976641364,0.06786336793957677,-0.1386641596305332,0
2.5600840789858585,0.11986017226071735,0.1688123645435866,0
2.75661722961049,0.04885563273766292,-0.21921431656469542,0
2.675833836444901,-0.0953946702550835,0.0021159717628226687,0
2.8238198642855594,0.13688931805580215,0.0862950906341009,0
2.713734778955698,0.030753772496054172,0.08532681625824722,0
2.7451523160139746,-0.0890628944096904,-0.0740669559958296,0
2.7482387260511763,-0.09727431655034025,-0.08914335141494106,0
2.6307652437970295,0.06502007166657091,0.1549504232550888,0
2.6048456001195293,0.08978844924024905,0.03792128329804332,0
2.516001006577909,-0.024595528906452477,0.11228415798659437,0
2.6751615565125513,-0.26263517718849855,0.10226483427539644,0
2.7255392568393546,0.04846260284429116,-0.12434193633532703,0
2.742826562892027,-0.04557573860760117,0.0015419432078494248,0
2.6762966168540943,0.06507640095817019,0.1863385193736639,0
2.635793549460795,0.08841563685560759,0.007372271703706142,0
2.582287826792305,0.11654072346249474,-0.0645056393560218,0
2.645292417258558,0.07927039179141454,-0.14264127512083177,0
2.63762677204772,0.03271863385994799,0.19948606384261547,0
2.5470405250489208,-0.1908590427130282,0.009197388218942813,0
2.7510405849289095,0.09216565322615199,-0.14465445563231177,0
2.555480999249374,-0.06879939780612183,0.12301703634443183,0
2.709049891630914,-0.05395189185945362,-0.06836980403435948,0
2.5939791600374074,-0.10624272159527928,0.010983677477914436,0
2.6850356397743447,-0.0007772987477839884,-0.029626755928648565,0
2.5345596913104593,0.12039333467101097,0.15306870576947873,0
2.7055511150700107,-0.008813815009038694,-0.10256074688304302,0
2.737762477808367,-0.1290201999896672,-0.05244551058890329,0
2.885617566749148,0.04797603802416177,0.10425303086110421,0
2.702292545567975,-0.1261631436858668,0.057186053908337246,0
2.7182972909870546,0.12185951917199399,0.035021358170264194,0
2.6465921976323403,-0.09691426502938755,0.17404164383458576,0
2.6238086239836247,0.021835454072415696,0.06455536282457654,0
2.626775140061175,0.039370566858260736,-0.005721448230711028,0
2.6600011689215015,0.07216670105660032,0.05888217402367468,0
2.656578689086908,0.07912099531685007,-0.009863335307624219,0
2.610458833533739,-0.007406291393550832,0.06125230413332661,0
2.7837643897234035,0.11827164308021576,0.04602623537307109,0
2.91456321977937,0.04529853043969282,0.018680261176040252,0
2.6724246605471946,0.023328881525034262,-0.051332830031211675,0
2.8710335534975466,-0.0671037443445908,0.06659253916950471,0
2.6670078675902738,-0.036694970664590466,-0.06793986130568458,0
2.7774640111418765,0.04539908925439121,0.004777497517183586,0
2.770898300031266,-0.04730299824970299,-0.00799647713521931,0
2.5769717606857996,-0.13040539381185656,-0.015497148136365074,0
2.860361726452121,0.052490538235487355,-0.03545662723698042,0
2.745316396354402,0.028915577538691346,-0.006735467471129914,0
2.8209769978681845,0.026058092964329052,0.024467911896814933,0
2.8425604781320524,-0.02311704275177484,-0.008497405448358801,0
2.7878225425165906,0.1158707217879401,0.13796051664322964,0
2.6340664846501913,0.15072689590724778,-0.019567398658899678,0
2.7781913035637307,0.02626624987232827,-0.06349377906156921,0
2.75688909074083,0.2791286028517383,0.038038831626112476,0
2.631886702230038,-0.28778255782160994,-0.014553768218833084,0
2.844436260582475,-0.04720375611715252,0.263342403219744,0
2.821250301217624,-0.03612378590053463,0.06775328767367715,0
2.747124758904814,-0.001920592111744611,-0.1283670702095472,0
2.852321660165703,-0.18441291295545656,-0.170398653895718,0
2.722430256580729,-0.015564430602354238,-0.05217217207907607,0
2.861620475803547,-0.054513511889739,-0.00013152069025133324,0
2.8567201750906026,0.07773957471285897,-0.03729984766277169,0
2.7064413122391944,-0.03464269148033537,-0.03609509956149152,0
2.8745232436206165,0.09118679841829784,-0.022348932744211604,0
2.598890113872276,-0.006964640134492255,-0.02885553827638862,0
2.7208191869201217,0.0507389894051046,-0.03540681564787883,0
2.6264405261733987,-0.1744783736153782,-0.04249871138953867,0
2.633892526469201,-0.18102568809495523,-0.10371208061067427,0
2.6640682518843968,-0.12111519626688826,0.10427598944938368,0
2.7700921340533537,-0.014340104009683136,-0.05381731862731403,0
2.8545028211173515,-0.1046179806254649,-0.013984544702827721,0
2.801483505202245,0.12903058440849782,-0.07767263835956843,0
2.5747356230630696,0.07640529341264632,-0.024331156165026315,0
2.6305431598103666,-0.01864466608796201,0.11481958226040268,0
2.812139668147409,-0.010278186512795197,-0.1245210760700203,0
2.838638158549127,0.019720408621015675,0.17279563201449413,0
2.7497445406579373,0.0510019358967935,0.10709661651485342,0
2.8032552674292575,0.11336640676901191,0.008239332953638333,0
2.6909956276804192,0.06705830986878734,0.0610819644771963,0
2.8387148620121248,-0.14401433501105543,-0.10038381430407757,0
2.625955365661617,0.11249390788772295,0.011476596211686146,0
2.7009032018208803,0.037875496423500556,-0.2016095899856024,0
2.6108197122295973,-0.0640497977478857,-0.23698558608867326,0
2.8714701803537364,0.0064589840191596045,0.006688233385984947,0
2.8540435133914692,0.09898084904631915,0.09211928152187744,0
2.730299741918898,-0.06418533676392098,0.11853412309541118,0
2.9296235596835802,-0.07187321347661843,0.070835592223811,0
2.6429519721081887,0.13036196332036085,0.14059162253058574,0
2.7866173244685424,0.04113210884285069,0.046767076629811145,0
2.748969308907443,-0.04333578875214635,0.03590126230267168,0
2.582145222761847,-0.06719625306932638,-0.11910301477952766,0
2.9038237316197457,-0.09617883712728814,-0.22669641111284747,0
2.647224920707998,0.04621255809011194,0.14691329874157982,0
2.6671489920516835,-0.08556550224300556,-0.0342788574344657,0
2.893580435756105,0.0664448746058192,0.11619279372844318,0
2.7839248681662445,-0.045297780511996164,0.12196496328540607,0
2.7376481869464744,0.001449516011728662,0.044263714106263424,0
2.7014402251408427,-0.12297375624034934,-0.015019981952086495,0
2.595822784609275,-0.1430659413367957,0.03159490694372943,0
2.700304314728384,0.005988924126401329,-0.14103745777051233,0
2.929625734040416,0.19132737015488765,-0.13888645336205954,0
2.767550319569367,-0.020001152934505616,-0.0490226715778452,0
2.875413091620618,-0.003904569722754354,-0.10223152904834215,0
2.8665320060154915,-0.21149244334993478,-0.15166011200246382,0
2.6379696952988154,-0.036272040105190494,0.013075546075992412,0
2.7706839281551705,-0.08381298128267692,0.0430851677416682,0
2.6692915206248204,0.028342601700207293,-0.12257168262091117,0
2.6615750709401476,-0.15410360746623752,-0.10916886825714792,0
2.7961842446062035,-0.2393849938875409,0.012490476271622244,0
2.905367915043334,0.05247460747652848,-0.07527489935556486,0
2.592736151862301,0.0271283670988224,0.005554757218649314,0
2.5600340674839837,-0.010814864809944133,0.0029856136935697474,0
2.941922436075764,-0.04501257667645806,-0.005301997018426286,0
2.8158634278436963,-0.041285021872210365,-0.0432782827944424,0
2.9388679334874115,0.01598526480886587,0.12353650600159283,0
2.968487575458244,-0.00039175922954100127,0.08304595681215199,0
2.5710752171172073,0.19664955188342795,-0.20207283963154815,0
2.71471969954444,0.15905958680855503,-0.01946253709075456,0
2.8820464464916644,0.23294834198990447,0.04190404352216076,0
2.8304416125883844,-0.0420474894506364,0.10033778056326453,0
2.808771132413793,0.03201892160713472,-0.08855427170619304,0
2.8232251857932282,0.06459404520725276,0.08948651388284101,0
2.778793638885013,0.09576408860541062,-0.06405767026280389,0
2.6279317372662216,-0.030210923667052216,0.0005863874145527594,0
2.7711937660569044,-0.02217604643004448,0.05544862191185232,0
2.7254996156974496,0.023089178970028015,0.10717855110894454,0
2.893248308373055,0.079207263484438,0.03283019689328139,0
2.8060258545453287,0.11335991405727736,0.1673585342249505,0
2.8711049739046244,-0.015822178473190507,-0.06348402819892827,0
2.7705163543462805,-0.025618902137406863,-0.15491768795464764,0
2.7274288761133603,-0.052638708219147436,-0.00813574427946058,0
2.754781274763598,-0.1273985543652871,0.0943795559651143,0
2.6220422953382267,-0.1670274112057128,0.03374648209624207,0
2.7903463764268346,-0.0054555382422519436,-0.004749591478120932,0
2.7752513553728755,-0.037640307724883214,-0.06827603882937268,0
2.8128589614960746,0.09453891830682588,-0.06815799706512558,0
2.734867999734603,0.007291581349664841,0.041345593584222046,0
2.5423752590166644,-0.10229979481992811,0.04858022079047175,0
2.660409069688122,4.0065376905393855,-0.005958788731051955,1
2.881806791893133,-0.19132126993326065,-0.10966153916677984,0
2.8146394107530117,-0.09978175220356113,0.1490693381499926,0
2.585307963552971,0.058931013492259814,0.046045403343338315,0
2.672524114349253,-0.07525982052050607,-0.12046862103176458,0
2.609819814395121,-0.0800188925864905,-0.007424188443953238,0
2.7893750486304745,0.06247082424530768,0.008955275437327595,0
2.6115650996629562,-0.18832046058550353,-0.015960195937962173,0
2.477960128345155,-0.04695001418868634,-0.06644054505125345,0
2.6357198228995635,0.07731394486977923,-0.07818827620697492,0
2.855235193493691,-0.04766800627713744,-0.03181307184075263,0
2.5352163350430037,-0.20995698079488612,-0.05426885094725056,0
2.7191313989588166,-0.01809748499782837,-0.022145067680788187,0
2.825058829151745,-0.044312423310524804,-0.09711801122151852,0
2.8408238271260955,-0.11537945147541069,-0.06831171877198022,0
2.667579572716561,-0.011548181956824442,-0.1324632018217272,0
2.7931038343176056,0.1675208136863761,0.12290082993175672,0
2.745303273433284,-0.044049349629106865,-0.03353916577331546,0
2.6971727089242603,0.15755669291266775,0.0035878703035452718,0
2.534140592897534,-0.005868544403675319,0.06206445550446556,0
2.7910837392244865,-0.05033816739623229,-0.017590702572176837,0
2.7394861827054005,-0.0653892568595732,-0.12695872969189634,0
2.6552566031879343,-0.10500410467658583,-0.06026292691424393,0
2.875149007540653,0.0871440512847309,0.06105238596968635,0
2.7181183799899817,0.025097970600547748,0.013253694131408093,0
2.917023263383087,0.03987094899522942,0.18884439820896384,0
2.8716589155223367,-0.041493493148053284,-0.011277471199367813,0
2.78085042730535,0.056712952976911674,-0.05805106021990378,0
2.7948789998060435,-0.0016196682802724852,0.1254037865613241,0
2.754313567739232,-0.21822068302372202,0.007421957466668613,0
2.656294049856458,0.000630045677864946,-0.13477330430925874,0
2.6605629789891614,0.1994187485025281,0.10082645653902507,0
2.641951508213404,0.04825477788328384,-0.09096878116416407,0
2.8618134594693623,-0.05666757278636017,0.1267898242865068,0
2.5862410826008086,0.016607735741675095,-0.13093188344584447,0
2.9917734027101845,0.0389773481197406,-0.08043064875964638,0
2.713859980584002,-0.006469888147373114,-0.11233475605837702,0
2.8094391611488128,-0.1631223434833509,-0.067685770482158,0
2.6874638250247225,0.04064034915904849,0.1943850697252364,0
2.797468536099671,0.02494192381787837,0.0714981410697403,0
2.7299081921632458,-0.05392980104849744,-0.07834184198130367,0
2.711548934180132,-0.07003490250751075,-0.19298273045443104,0
3.003132536831309,0.09492191163046412,-0.017517922052931272,0
2.8935177401076246,-0.09625783624233196,0.08493566430331007,0
2.8076702362734562,0.030027397755535375,0.07432906247785635,0
2.878550957403929,-0.10369527509400961,-0.04446447350798853,0
2.7755428440764103,-0.06698488565284144,0.03617106992455902,0
2.880017306362018,-0.10030838292746398,-0.027805121336415467,0
2.8683376989705867,-0.049319594468718475,-0.36039017294129255,0
2.770706459686192,-0.07278640726870177,0.12706109575850158,0
2.9855206984995064,0.07683444775114835,0.16574569443530132,0
2.7247907145521593,0.046828730653398445,0.04758202167353887,0
2.7949158886312686,0.04514315781446976,0.01168465621297215,0
2.8178197490588723,-0.052704055735376204,-0.17550363019457235,0
2.772306481165438,-0.030970741058804957,0.10661909909990636,0
2.7799694930272794,-0.05068500746394353,0.025004501452506368,0
2.9761378005203794,0.05517199702419017,0.026804569880215547,0
2.7941896095636247,0.008698582982296858,0.026921299963219743,0
2.6445213918924466,0.020081384037123715,0.15874695807884046,0
2.769367678126538,0.06356486119338972,-0.19619532664493655,0
2.724267273378448,0.09927965870853073,0.10978972248554314,0
2.73668524254713,-0.0360307054935037,-0.121662936081157,0
2.53534578639441,0.04409586518201613,-0.10909379019065986,0
2.744677055295758,0.087024603407582,0.08364344779112023,0
2.7995185568542884,0.18242596739043176,0.01697329888770092,0
2.7379904780041393,0.07564557318900365,0.11929018501975293,0
2.812770672028004,-0.06772876306302493,-0.012118042037905914,0
2.757139007368031,-0.003598088739161482,-0.16849104488156288,0
2.7362270818324923,-0.26252492957618145,0.0755617699594186,0
2.8277079557355083,0.011164775980263676,0.025701228821542174,0
2.7472046013006004,-0.021969419279923547,0.030586381858400596,0
2.8558653360765356,-0.025242409316835634,0.15946892960677023,0
2.9348646644914984,-0.03944684436133589,-0.2530646534097405,0
2.7443650371426043,-0.04772859512679326,0.018589631211961048,0
2.8667107583795337,-0.053951235684090826,0.049454755194165076,0
2.9954239971174896,0.10194792625151078,-0.1445289339250402,0
2.7776929996222086,-0.0402776537194437,0.07291529814585827,0
2.796691488791697,-0.08803761833136486,0.18740044745599732,0
2.8948589119587806,0.08883328920703015,-0.035634894687845274,0
2.9340994015533988,-0.019932005195630584,-0.09944379806020281,0
2.900842481969778,-0.03440210460279936,0.05591764974256942,0
2.9048880777457597,0.044841039597349794,-0.20303897581713715,0
3.031695287525214,0.030803812414086487,-0.15980123476524882,0
2.746888599558268,0.21147211313025185,-0.07503614079025071,0
2.947823676873508,-0.15860461423139272,0.13465224534574166,0
2.803420666248401,-0.04888543457764904,-0.1353011069404244,0
2.6387978400906102,0.14614771478093458,-0.10581028041514794,0
2.7771849665026895,0.11601276600997562,-0.09821017940080475,0
2.7548092327692073,0.11318123020029898,-0.06490889974212452,0
2.835267061695786,-0.08061633867287003,-0.08052923186329766,0
2.8803504809880245,-0.02634333880808794,0.10613408622026883,0
2.6776646133728574,0.0046843930022451965,0.032551714506259384,0
2.8087525387837777,0.029822210602958872,0.09149072094443568,0
2.7461739708746036,0.15022544534060578,-0.185584081038528,0
2.881578764305298,0.08720729407063238,-0.0374507009748631,0
2.72693198613696,-0.1357129352929781,-0.005820007978828978,0
2.7358615084297,0.11060582946037907,-0.0033225927672811146,0
2.963323151692541,0.1479917074325301,0.03283678225696395,0
2.791121036761807,-0.06060981866738535,-0.06884047775840851,0
2.8538344730318594,0.11395827192295037,-0.03253332718754453,0
2.7668259089364393,-0.11401437838500122,-0.04741381876368738,0
2.7860755107723256,0.0017013037693333001,-0.04081323344129349,0
2.908851894202436,-0.20632069733421915,-0.09940975789953514,0
2.844937451566539,0.11579771653589488,-0.016982537974508067,0
2.702400905786063,0.05414661377567297,-0.016240354456576827,0
2.6761091350882142,-0.1469901246152205,0.00227424370632155,0
2.9531659081042694,-0.10188223678658928,-0.17208001800520542,0
2.7443155477663086,0.02191021995300568,-0.04293364629921365,0
2.7006017405993905,0.06696698478168481,-0.09387441208030906,0
3.053603464258279,-0.0990343604781353,0.06873175801640068,0
2.848624180070952,0.002472930865260748,4.009999256695824,1
2.7733979384926295,0.015665143742311188,-0.042001633598161225,0
2.8361766108739492,0.23447348843414934,0.09683210779267432,0
2.878391187360587,0.08262087647412893,-0.042304360275956916,0
2.608994468327948,-0.039036903333458835,-0.09717029804609079,0
2.811432273501416,-3.9614932011468116,-0.3201688926683392,1
3.0312566007839377,0.0866947794035038,-0.015754480516316696,0
2.825318130229222,-0.1354979980656931,0.011200394130142316,0
2.71824550428343,0.15859950420176464,-0.001754075697616071,0
2.6859116730674373,-0.04276528735953594,0.07148388059993246,0
2.666015758550125,-0.12964620804723706,-0.07001316039875637,0
2.945988784375613,-0.011877519766856848,-0.1506500384012722,0
2.801429045252812,-0.07449606024800784,0.010749886309397674,0
2.7113737684492993,0.07021685429943289,0.018282495005758098,0
2.860768400213165,-0.14682065298519695,-0.023915151210687026,0
2.73567047090718,-0.021078166456243365,0.07317062509044936,0
2.9132764163030926,0.05582960579653601,0.038045727718298866,0
2.957724413595635,0.004614541915983312,-0.16587972730225675,0
2.9053987592668555,-0.11607629877577315,-0.074322033795843,0
2.8588008206214637,0.044142804296146095,-0.0824304627032909,0
2.7961499546912587,0.07594062126814645,0.06017502570295166,0
2.9711571776577697,-0.06224245530426464,-0.13936246012570425,0
2.683550253317594,0.02102309089010205,0.10028122010746349,0
2.78398293501871,-0.20762078407430995,0.024374520118643214,0
2.7427670692794415,0.10568164934248758,0.14566685246262073,0
2.81487067300966,-0.07826188837928494,0.0743644788534669,0
2.882169482503205,-0.08607665469524836,0.02044823291797075,0
2.820130018642566,-0.12385275562939087,-0.17314562742158912,0
2.6777030265945596,-0.11449998735623682,-0.061892479305720366,0
2.729499874992822,0.07807984272761037,-0.07290456965933177,0
2.8301633969680884,0.01828056846707869,-0.10116971429089874,0
2.7283928440616667,-0.07176893988797867,-0.08014368521594424,0
2.8431134654859793,-0.06007408165097139,-0.09363712672127551,0
2.9199952555616773,0.12816584165090553,-0.06450342014424591,0
2.887700725506822,-0.045539990335267455,-0.05226855345159477,0
2.837472370659601,0.1307190822913263,0.12668908893266903,0
2.850488462338143,0.00024091304270272437,-0.00021700470813460849,0
2.8988507674079362,-0.14392110970168326,-0.17706529562704726,0
2.8097839670260387,0.061011436510947675,0.12957672867370681,0
2.759917348381361,-0.14053676190314623,-0.06097723224699288,0
2.8678019777638357,-0.048520322535263394,0.14780595488820855,0
2.822473923501567,0.20455391350456328,-0.012728676450987911,0
2.7714164283453737,-0.011669844519919662,0.0069184077164605165,0
2.8520707459785553,0.007924922773325143,0.125803233325133,0
2.8864773082641966,-0.04970548616037302,0.1352874070273332,0
2.744279132208009,0.05326773230930304,0.013089654008033337,0
2.815579106090883,0.11588872293016964,0.0937277517906982,0
2.897413068458563,0.18761999009764482,0.15368444593081418,0
3.047262904757693,-0.0633804581383692,0.06541148882347571,0
2.6205914242434303,0.12149831939005946,-0.009033556685556684,0
2.7154499199928774,0.027599911125112765,0.035121322447812686,0
2.8952160836966327,-0.04752406967825594,0.12522814756753234,0
2.9977794796367476,-0.2333874646378769,0.05972409812313041,0
2.84829854165853,0.11800542094742748,0.021678081305784327,0
2.8853917350389535,0.1192708194789147,-0.02731904177041989,0
3.0324107324708103,0.2050482065900944,-0.028745902219414733,0
2.8738949802032394,-0.09051571116688209,0.029507572264847317,0
3.078604044246434,-0.05918036337181881,-0.1854374409862053,0
2.670418751070831,0.05304720323557674,0.10491562241650275,0
2.7868620196526304,-0.15468567450411175,-0.07021343405471249,0
2.983903982238452,-0.12719019764241632,-0.029611729277541424,0
2.848944723525695,-0.011319377234062431,-0.04423905934672498,0
2.805975560576835,0.0702715137758606,0.011771756347762882,0
2.773333999305985,0.20018828680395437,-0.09639475868015282,0
2.805910022922029,-0.022119236639191204,0.03746986819002964,0
2.9461686226524666,-0.1930568215443217,-0.06471408538909712,0
2.86877721236672,-0.00703427460943992,0.16043941388032235,0
2.921680232096054,0.19323353507704247,-0.08372003204669504,0
2.799013466597571,-0.12056162775977722,0.2520807670878071,0
2.737957414491223,0.03159546739145505,0.10486224552875274,0
2.7923597939440343,-0.03570673061699097,0.07022937125551085,0
2.840952056889661,0.19888051017276853,0.02696211966304969,0
2.8520204229460973,-0.039343516443610414,0.139838723027332,0
2.7452222468924274,-0.1168878554535377,-0.14490163557048538,0
2.9015391965458246,-0.058459143424850105,0.1905294116477789,0
2.806949381701876,0.09055356608404466,0.040618658463660154,0
2.598886072547774,0.04915618894469181,0.05479875096975737,0
3.0339312831404843,-0.11323800836048395,-0.29296900996686304,0
2.900316677093892,-0.04092969009104136,0.021048839094253584,0
2.9436837863714143,0.14256605984427165,-0.07616534493216699,0
2.732696867968836,0.017865812885576118,0.01364960723318897,0
2.9144764534384393,-0.002846467789653577,-0.010338341258401608,0
2.6785216185904686,0.0064998186707653635,0.06524235606660805,0
2.895727584071764,-0.028678784038228978,-0.1007235326826873,0
2.9237185205192255,-0.07309861147072062,0.06805932351741407,0
2.81675696910335,0.018338491595588455,0.04961696860279319,0
2.903912733160971,-0.016353440491255734,0.05829756052894367,0
2.9961218596539334,0.11277516468132745,0.1603371646141427,0
2.7843573834233113,-0.07938723280151805,0.06251860116493713,0
2.991176006674351,-0.027331391822162744,-0.054760632843757956,0
2.796928516280129,0.0716265556311169,0.12240463560173559,0
2.896238626701752,0.0653738589717845,-0.09205290359255996,0
2.882027936129108,0.057876291841615204,-0.06144686160801215,0
2.637414063605189,-0.07657782592419253,0.11424852089446176,0
2.800322082785117,0.06369039464688224,0.030389196765732734,0
2.8684204528456325,-0.02471895020400132,-0.1432694734087301,0
2.686238174908981,0.04883254039895077,-0.09668942006140194,0
2.8121200014999777,-0.10733013233012137,0.07962624484342376,0
2.807454061544883,-0.031052025178639975,0.0435772114915111,0
2.7783000127644883,0.08464745001319811,-0.07716746889831567,0
2.9760852553542523,0.09388636693687304,0.00897281925826855,0
2.9519413000172947,0.07035619480454221,-0.09015528953185847,0
2.80405425238565,0.026932539281223807,0.140109162741431,0
2.7859737993263782,0.07345002984011688,-0.0559275905980563,0
3.0475141497783076,0.06218642627034984,-0.01783586152513148,0
2.878300546337236,0.24149169233626144,-0.047319436734638384,0
2.970005508974365,-0.13761164685537972,-0.07939379168791265,0
2.9116574130676196,-0.2087261077906907,0.10589465984707372,0
2.81887678292235,0.010657527702072782,-0.0922029328864011,0
2.708271166096683,0.06404259447522223,0.15380856727963668,0
2.9021733845798705,0.04953973603292246,-0.08643649087971367,0
2.8481611094166572,0.15170245088790035,-0.08448136992900251,0
2.866861727172176,0.022471535304245133,-0.053536023015598205,0
3.0227069973575293,-0.22284651159725574,-0.22567369157941528,0
2.982181770772593,-0.028584167058417362,0.03981573560853783,0
2.7585645718888894,-0.031851490318609725,0.10885125016233828,0
3.06474604650236,-0.03305056274610779,-0.13218065767492745,0
6.978106468830189,-0.028484179749911766,0.025098311361228805,1
2.848698689054525,-0.1271498123438727,-0.0751720441392402,0
3.009101353958587,0.032246514896373264,0.1302595170773088,0
2.9826335533040633,-0.007649060908506047,-0.02936895893943143,0
2.901697776131982,-0.03705914085727047,0.06337277168186876,0
2.8754717526844322,0.08373313217915351,0.07437388302015713,0
2.8784590389222027,-0.0419802950416179,-0.17556253824772702,0
2.868130489977601,0.07058889943907053,0.07439754296272731,0
2.7610219059047982,0.05689421523044427,-0.035784882193690234,0
2.8195686769588626,4.1064543484413525,-0.08588315046147713,1
2.697771182733333,0.006969867462647341,0.1582774100126212,0
2.866971112719458,0.026078607498300477,-0.1031863070435163,0
2.8441114738534177,0.00643750462769296,-0.007543460976139366,0
2.926039320316778,-0.0252248019425355,0.27722053948280245,0
2.8031471306643274,-0.052301120570318785,-0.06550737194979749,0
6.964139989070679,-0.034714333634637835,-0.10166440268837736,1
2.95232099930648,-0.07937325898149279,-0.1027240871729501,0
2.759289506839585,0.084059699519976,-0.11263484733876389,0
2.718678227635237,-0.042495678612682,0.026563418087959867,0
2.9930944855364947,-0.007929222604913492,-0.05431255421266591,0
2.8448350843672534,-0.0009595273145594188,0.1371624713391234,0
3.0187904089635036,0.17159515598821407,-0.051780120527626795,0
2.789912987709853,0.02876647375112489,0.046003521621358894,0
2.7448665801395045,-0.05669050023076984,-0.07745185611561684,0
2.996959680948759,-0.06162458407806662,-0.01501176722210648,0
2.8050702004602717,0.041006775996456385,0.04462007637893897,0
2.7612539938585066,-0.006527916815296585,-0.12081402656578798,0
2.744532011642523,-0.054894933477498235,-0.08462800211733931,0
2.876592990342611,-0.1252236038724784,-0.07339201477328318,0
3.079017615176397,-0.020401391406681093,0.04178565394409132,0
2.862340095775173,-0.10470979521329316,-0.0647034007101066,0
2.8800337594716563,-0.0008093632660015988,0.00672776857191466,0
2.7497304968090597,0.1337051641576623,-0.06861503369358833,0
2.7853811670257485,-0.18360498003570475,-0.06182405245675663,0
3.202603941519064,0.11561911398868104,-0.05771790788773983,0
2.8437044856011022,0.043828587722669926,0.017745612616666115,0
2.866782781765141,-0.012048843913687275,0.077753209060102,0
2.961217555970231,-0.007874286269700447,0.10855855073844911,0
2.9872068277840422,-0.17262340178881416,0.011834062669088768,0
2.9645651181576236,-0.044249277525560834,-0.13976930233333926,0
2.9519685049153583,-0.0215002240456999,0.1714462967394187,0
3.045695145882042,-0.07106838793099353,-0.07650385815583635,0
2.7326154691689486,-0.1129591174953895,0.014826236573390522,0
2.7737556322858996,0.07400042811342387,-0.07526764934526596,0
2.8283308051705145,0.06630338905054227,0.010658147207707427,0
3.0344862150707215,0.06133062779893305,0.015397118474137423,0
2.8584047838064395,0.01889962233697355,-0.19697540676339512,0
3.1368381139797537,0.09710183398522536,0.004673052223257082,0
2.9002024208024824,-0.11572412131929995,0.006188730597234156,0
2.755332078118747,-0.0512088040460566,-0.139809681291958,0
2.9460566792803777,-0.14002171720436876,-0.07215214974518185,0
2.7674190473778695,-0.0050831395452571974,-0.14080673519678863,0
2.830937560783337,-0.020340335310177187,0.08171811742851352,0
3.0159316889669014,0.08935844790549546,-0.028268290014200642,0
2.85452694042396,0.011754021729978416,-0.07532242444554689,0
2.8983801707976733,-0.13644593739454478,0.02777896229320925,0
2.8194873284285995,0.0013907968421232684,-0.04461627997922557,0
2.7272685867308604,0.015515300583862832,-0.014334613625399168,0
3.0325427786873123,0.038634596380141745,0.13050056555429265,0
2.991203768218194,0.06341708576289651,0.013321406908911754,0
3.05722757305659,0.007296719184546777,-0.11629027418307476,0
2.7688981964763704,-0.01858517134116193,-0.21578439928804222,0
3.00163560632927,0.10902710601353263,0.009901722491064698,0
3.1124034792046844,0.22701085791185346,-0.09978817273902868,0
2.8930578015517385,-0.13606420714481102,0.15293411158247006,0
3.0751002536653846,-0.04825313126712552,0.054405065087091004,0
3.041845996674365,-0.10154179566472482,0.12415418232936788,0
2.7916912050838723,0.13324959016183188,0.00024298347155799567,0
3.140067623780381,-0.0148295379167255,0.05009823232659384,0
2.9981833786071235,0.10484172337862319,0.00922997277596827,0
2.8776657565856425,0.001464226315496265,0.09465742577162707,0
2.847659745589346,-0.18457799055066115,0.11821284918083891,0
2.9220031304635263,0.011512695684163035,0.019408748617516423,0
2.8426924146335715,-0.19063094941954253,0.04368553850811734,0
2.99988925067338,-0.1168102189305797,0.03649947067816814,0
3.0395140772152542,0.007187976019432703,0.16950594965763408,0
2.939742696653195,0.05791140124288277,0.09809732900085391,0
2.8181469210452135,-0.06297835628873616,-0.050276084678826764,0
2.900472348988935,0.023378345162488063,-0.03710574023700191,0
2.9471451964124853,-0.004941974704524699,0.038858967861461036,0
2.957635330279243,-0.12844200397885405,-0.04145640909815959,0
3.031178742052274,-0.0002737924223995355,-0.10783648688775438,0
2.897044048322626,-0.07107084457945674,0.07149512950424382,0
2.994509088939767,0.09574197963018552,-0.06384856365986816,0
2.9496839268457378,0.08625355387329545,-0.13420624921571853,0
3.0442489018137144,-0.017469798086082854,-0.0014577269225062104,0
2.9857201408513725,-0.30567556607892704,0.32594263542073726,0
2.9620367954703264,-0.042052573846460106,-0.00020562514345708562,0
2.7877395590400003,0.016579337740668776,0.04088627866582991,0
2.774322478469234,0.2586386276776825,-0.05303779425643105,0
3.039603689981039,-0.12878288477814262,-0.07990147533550598,0
2.8260236046421605,0.07068998920922721,-0.16695553400075935,0
3.0893668958126,0.000552693997940619,0.15003979802037193,0
2.905660042676266,0.09197925162055658,0.12518012081216487,0
2.6908132934595854,0.11336125159814142,0.05088797553595571,0
2.8515867391660006,0.06675548521781256,-0.05236245912644575,0
2.942093401335784,0.023090446141890063,0.07532314308820842,0
3.0143869821675993,-0.05704600924215219,0.009057388984578904,0
2.901733721142538,0.030351192607414153,-0.16254419762679273,0
2.9998575362700217,-0.12363686872875222,0.04419730841753838,0
2.9438725800178402,0.14886588713221904,0.008840487515867253,0
2.9020391138723984,0.10226236657833626,0.07160245219584047,0
2.9053481645562496,-0.029826350373933948,0.12691472090627795,0
3.1200313634601717,0.04732296551631601,-0.08092558189208343,0
2.7744855068864975,-0.01615207493006416,-0.0468627412339214,0
3.031424452886692,-0.08780900327853249,0.2819208334193294,0
2.9453409372640498,-0.037483067921430684,-0.01562747680622734,0
2.927560185599417,-0.01743117495040422,-0.030016449936801443,0
2.9421133041027274,0.260510263836656,0.20217750749776486,0
2.8387787343528097,0.020827286218185456,-0.15664479432629583,0
2.9218721448067333,-0.034760848990130815,0.07673973935143157,0
2.857382645651324,0.051870927864854616,-0.12417270534445397,0
3.1026484873734335,0.017967941557850413,-0.10664784353247772,0
2.8544373687485747,-0.010716247960407266,-0.05295974103401033,0
3.0389008583998414,0.08834841827613,0.08734330969526506,0
2.949186394990611,0.09444942164312609,-0.20570484073833148,0
2.9402868566577833,-0.1260979007506411,-0.015612911522104143,0
2.9836102092741,0.08975667522235502,0.11706252555743142,0
2.864983369248239,-0.035125077586882734,-0.12770072807666208,0
2.9937316514923795,0.08704156676020434,0.1363728656646087,0
2.9527739660692123,0.003405744350283153,-0.0841513180436494,0
3.0549524189658284,0.21214310419552473,-0.08753574748903765,0
3.074146320382273,-0.014517578685498739,-0.16169166530350496,0
2.95017153072525,-0.034088092467473075,-0.01495660211408329,0
2.990180709889675,0.03511615793542101,0.05386285167330554,0
2.912492932193296,0.03080525969425761,0.0003364570012032111,0
2.8162097853290153,-0.08320344886928463,0.10789648750462684,0
2.8746230985336094,0.04493154673817629,-0.030823518024784932,0
3.1475921705242276,-0.018477051980557446,-0.04881420487511032,0
2.9781472751589386,0.15016952526965532,0.10734803628523076,0
3.081532165068808,-0.15480252816608278,-0.002693337113488425,0
3.024024253214965,0.04606291519150602,-0.03297509285428787,0
2.873625012207734,-0.0516311307267529,0.0019786904239317833,0
2.8824961286106667,-0.1143410317563093,-0.015360343407762048,0
2.82998443220714,0.016341941004704732,-0.11148045894962318,0
2.77870545590945,-0.034859758119261626,-0.06281282329556091,0
2.763489347954367,-0.018935163201843436,0.08024227591860263,0
2.9498393243196834,-0.09809294632866992,-0.0635655874874025,0
3.1884294501717454,0.08138559990383298,-0.015700390348541496,0
3.036863229654653,0.046367426955606215,-0.15823569850452518,0
2.963997142245802,0.12837157699477894,-0.2889319095971494,0
3.074928147343875,-0.047551920888935534,0.022676441772697873,0
2.9678846699764216,-0.09231506299000172,-0.07075387830443626,0
3.0234628650538524,-0.041871070052860754,0.10976576774211169,0
2.9695185216314566,0.14292143898827875,0.10597292336684519,0
2.9114863037396455,-0.059536355004404476,0.14149227567072623,0
2.8947889330721193,-0.07245909011061903,0.0195917547523025,0
3.012404362686659,-0.05000618078107462,-0.1327386501684248,0
3.0492727848283465,-0.03827820095553059,0.1294118080083183,0
3.0537189565594756,-0.07241843086952426,0.02351131872737434,0
2.971854779083802,0.12943748420250667,0.1632165062129047,0
3.138822082334803,-0.11591634037792903,-0.07131167092967441,0
2.990299819636015,-0.05773920849950723,0.10529513316564432,0
2.976908993638241,0.08253864636920732,0.06862504685736427,0
2.878200614683409,0.09721189158674638,0.1066697062444809,0
3.110482563761561,0.08085623104738913,-0.10213862924531983,0
2.985493572086012,-0.00667173324132284,-0.1407354918568494,0
3.1018828708943804,-0.12522211635926433,0.10397697682225011,0
3.150041833000886,-0.0013230700788340573,-0.17781212582884054,0
-1.0520523881915618,-0.038296719297882274,-0.1261767846710524,1
2.906596531367895,0.027584277713321545,-0.021067640691947633,0
2.9796418687504533,-0.018449743496214713,-0.05608296502936817,0
3.122460113676067,0.07893656211430614,0.026765807586861992,0
2.9585600347955463,0.034453554688785276,0.12212198878625571,0
2.989647464864271,0.10050768700221212,-0.13537586213744182,0
3.0889680780277633,0.014016112434268094,-0.12446070044181634,0
3.130708890503765,0.035072530570560194,-0.13013106722656245,0
2.8613694321071392,-0.16308167356004405,-0.041972984525864704,0
2.9583700824567027,0.03431830626948359,-0.12098559122754543,0
3.0057884784502296,-0.014160901978866595,-0.13184356474433173,0
2.947615710223714,0.11552587746680942,-0.06882013774127622,0
3.078630915485742,0.13405099851593827,0.16000221458520167,0
2.868189234135173,-0.04293037466232931,0.14171102637013444,0
2.970198247401057,0.09620458110309743,0.05737252243687631,0
3.071329295039285,0.0012299275899036043,0.03382670386218118,0
2.900781251406047,0.04654556610451796,0.049639568464714165,0
3.034986748771321,0.05502502975268358,-0.051882621003337875,0
2.7967916398154418,0.030689570257408694,-0.025930726593631034,0
3.156804224047386,-0.049059941443923026,0.1944848375255129,0
3.0134164580239764,-0.09547527962706237,0.005909581478079141,0
2.950986165928526,-0.15341365322203004,-0.12126752095074099,0
2.969134315775007,-0.011406027853711398,0.03924657518258907,0
3.0353147864215093,0.009293880164442906,0.050608655089264314,0
3.1422765425993515,-0.062425380038309775,-0.004799865974298437,0
3.001814679272002,0.024972222473407434,-0.009260548283775304,0
