D1,D2,D3,Label
0.08672382085532217,-0.08975321559853136,0.07305208302282482,0
0.04517499864532085,-0.13139461444672934,-0.08506830000830719,0
0.11298098076309114,0.11732645730123606,-0.05237212775802378,0
0.05108330004529696,-0.14484674876947887,-0.04444911681409844,0
-0.07038592739610146,0.07477917298751523,0.18075837463034417,0
0.0889881520573249,-0.22414146350782552,-0.2242576353040705,0
0.19029191165698062,0.225017333586137,-0.23051083694224658,0
-0.03536950424940463,0.1390861768317978,-0.06507442891186266,0
0.13879602063584529,-0.22749393285078293,0.029209982917748914,0
-0.02287440593739089,0.09690333156219527,0.1715371300462185,0
-0.00431619233781043,0.22352632894299132,-0.015166092700585845,0
0.08580288789818392,-0.0762288963848222,-0.1120659448884977,0
-0.12372925771364321,0.18391505510441358,0.024286852639039683,0
0.06704206670001736,-0.03103610023518081,-0.05314305325897727,0
-0.04884126703176126,-0.057878039315455314,-0.17287452825286528,0
-0.0694377242412387,-0.10415392536450928,-0.04313761223786456,0
0.011323539610903377,0.03060489951014595,-0.1996125822487916,0
0.1580739754089205,-0.028375564525151983,-0.003679312686152619,0
-0.13220529837765643,-0.08819998455721585,-0.08695520533383672,0
0.08458624779444901,-0.028897972037144472,-0.02820033280121599,0
-0.008245927943483292,0.058818638097573706,-0.19492030552202688,0
-0.03137136852786982,0.15860630050669625,0.1009814432319772,0
-0.05037648377129686,-0.020270252456868684,0.010673201539462863,0
0.027515936260751335,-0.08743637428958463,0.04759457966517286,0
-0.16975298610242956,0.0237093066827903,-0.11607280448328974,0
-0.16956266616234303,-0.0181240746466915,0.10563309118830429,0
0.06283248312402523,-0.010963030673069061,-0.025276097345889287,0
0.13472869606615576,0.04789176801253442,-0.32966159484003366,0
-0.14818049066227165,0.17288439306593606,-0.08302180031090922,0
-0.10493838550210761,4.061629308492059,0.10155651268404925,1
0.16407152662927255,-0.1545341747427409,0.07430654989564806,0
-0.0155300931671518,0.018477896830601494,-0.1986878308284724,0
0.046134958106696204,0.1028039872292103,-0.026101040630510754,0
-0.030168775391668498,-0.06258316536470397,0.052019911037954815,0
-0.20864848411672945,-0.07323967275037423,0.03870962856115623,0
0.016888216923644266,0.07470414816707686,-0.03902361144319512,0
0.0744729323848674,0.026777457422226356,-0.11496526286664195,0
0.011145687414703868,0.1539955641359165,0.1588675740448272,0
0.026638786288058037,-0.035632599485820475,-0.1098705227100022,0
0.08645141062069897,-0.09654279384674903,0.1422464007220091,0
0.08051689047727778,0.19276847882885126,0.03002059184770153,0
0.003841583382830395,-0.0217821690157931,-0.017839616603700505,0
-0.051272899699765506,0.07135985217725441,-0.03193913868866289,0
0.08551234274199843,-3.9379573028593757,0.1202076517571562,1
0.00815532166354621,-0.0016548620069274005,0.02420590559242251,0
-0.022770686743250123,0.08058521023551912,-0.07062692305514558,0
-0.18991901266199554,-0.03243251268621716,-0.08922941557919031,0
-0.2200342479862823,-0.03814471432559957,-0.05762833007875981,0
0.0751369752967728,0.13419717170780188,-0.059654280334022064,0
0.12153288055299993,-0.17850873855569976,-0.16955406509250792,0
-0.034244069675136136,0.14234382862041814,0.10003810515261763,0
0.05552123037302589,0.03494780606285968,-0.019896427619181794,0
-0.1652651059456362,-0.14899104799771853,-0.13636114524910503,0
0.11882178021655887,0.18680010429450405,0.11230984688595587,0
-0.12650440473253785,-0.06372408833326183,0.018577720540998776,0
-0.003505471040619375,-0.08034868872647838,0.014008477936610308,0
-0.012990997394622084,0.0662606889775715,-0.17652894044519085,0
0.066508696959475,0.10914578250861218,-0.09617443735943931,0
-0.03835486560994865,0.1447171271112427,4.117995865818262,1
-0.030062744867567406,0.13979970749776513,0.006873151042304248,0
0.14877483977574948,-0.03220827592073816,0.0763598960173204,0
-0.12976298861556887,-0.19286160151064458,0.16425550506338976,0
-0.015214540042875863,-0.09325894804825219,0.021934380491832186,0
0.10075405864220888,0.1267176627093724,-0.004772935383941966,0
0.14756606276332404,-0.1608616915689387,0.17496310209028693,0
-0.035822862573139665,0.05000546935472297,0.1912537718078994,0
-0.16304936289325986,-0.24050597890049433,-0.013080128860420119,0
-0.018161807985439423,-0.015870289505832223,0.011324071030632534,0
0.04026634512223118,0.3317737958982446,-0.16337657105594672,0
-0.03111683773453825,-0.01330929215052918,0.12696946457145128,0
-0.00505580467091862,0.026869139364134514,-0.0022833340841588294,0
0.2303077047012069,-0.06742150919342145,0.11051503933343317,0
-0.002898668419260792,0.09157661802091563,-0.07354592953788738,0
0.01402532607318004,0.014804586625382483,-0.02311377589892415,0
0.030142101886149044,-0.051274310963746586,0.1942712628361487,0
0.17616676469567816,0.06593409709901636,0.09307038979311823,0
-0.04662702618931562,0.09716949645548827,0.07087265642552247,0
-0.05929212517888821,0.07577329154326269,-0.14059296874143923,0
0.014298847719953362,0.10843109515453807,0.015858748541439194,0
0.02216188301911143,0.09229786098844164,0.11726147995075467,0
0.12358736841378709,0.0401590912922071,-0.1947936644562971,0
-0.019702955534560862,0.008804905689055105,-0.007741973334263511,0
-0.11930722964850965,-0.09746245863665169,0.08219408057046754,0
-0.08701690773218851,0.0064733739868531905,0.09242071025331981,0
0.06672706216606401,-0.006278985465010156,-0.04893791698917282,0
0.038976781740879436,-0.011042158801697675,0.02302778118826318,0
-0.028872696202769495,-0.07662359081653036,0.04544839606055475,0
0.16627045546476432,-0.07616853389629327,-0.022606892770976994,0
0.153771675140132,0.11442435150613746,0.17962128481134473,0
-0.10767933759607161,0.0009531122957489144,-0.042653958534683255,0
-0.023582971947538153,-0.04798438608730625,-0.003994139485474564,0
0.16141414828289735,0.0739275709835903,-0.022430500008286818,0
0.023671089741221618,0.06576996429832502,-0.00012106549035124457,0
0.08077021904055795,0.1427982798777434,-0.1825529386815147,0
0.12366846404269634,-0.135303866475595,-0.02888074253951652,0
-0.03537749820142824,-0.016057965713399496,0.31705646234541596,0
0.24067625243243143,0.0791099521983465,0.05323652683036317,0
-0.08710225026289209,0.05098285419222818,0.04813660449563645,0
-0.10405835065926794,-0.22241899190299624,-0.027791785585085323,0
-0.06331519609074482,-0.016698125966472886,0.0898554197166772,0
-0.08320146796642315,-0.14101659442817244,-0.017639186989737786,0
0.029872921568934563,-0.1575581368581533,0.087333005845852,0
-0.12310384931567618,-0.15852521812396922,0.11560811635147182,0
-0.04513594956545735,-0.17266577661501487,0.02524317315802377,0
-0.011861081255217766,0.003515857272225432,0.11214938850988072,0
-0.03794114825768781,0.052204541525840066,0.18157314437438998,0
0.22549764857905644,-0.14397478748391276,0.09981083664730547,0
-0.018784753642869682,0.054811918449344826,-0.029643528376250644,0
-0.07653989347839922,0.09579231921548585,0.10106682868360453,0
0.0704053360138288,0.04497274304958032,0.07033734647112984,0
-0.0725944139028096,-0.02518751411761839,-0.11667158387883232,0
0.15195427294248087,-0.004613656034450376,-0.24003943368414782,0
-0.08636235153855253,0.07173357052761854,0.15261415992788788,0
0.0013290593752654436,0.008958096218107397,0.08315524712152735,0
-0.07006987109505897,0.04416727568200623,-0.08001083503285253,0
0.03306489603013471,0.055515445928046685,-0.035156254720937266,0
0.018068082288471385,-0.17497915087999857,0.0033575606193079807,0
0.025337611558003154,0.07583618599831894,0.06327725529176476,0
-0.034114412498951335,-0.08716114094364186,0.036257972159393574,0
-0.0809805707488932,-0.047213230850806996,-0.005640540057260424,0
-0.006554777468249096,-0.027056113363923835,0.017680131940688276,0
-0.013350702136812246,0.14986094175549022,-0.0661940928547,0
-0.08215988171354394,-0.09430609935990264,-0.009171701142908993,0
-0.014060883477302747,0.11813328497034462,0.09839044223737037,0
0.006161962105832977,0.08832260621370891,0.021113947914620318,0
-0.11179128166063362,-0.025884239133972517,0.09739795726951744,0
0.1338523166943978,-0.08848810635730564,-0.08280127707668784,0
0.10056495837956235,-0.05262871755099629,-0.08785346760706952,0
-0.10766943738897919,-0.0016125677643612259,0.00918421846571549,0
0.11318303535531354,-0.04077659470651743,0.10702934581444119,0
0.19237325822586485,-0.1092041782427423,0.009786407093432613,0
-0.15262214162695403,0.07231736113989777,-0.11988592878347262,0
-0.05635531994132717,0.07673877636886517,0.08241567301430149,0
0.06464498706714326,-0.013156112276670804,-0.043832511679832466,0
-0.007729925089533732,-0.10576456700727033,-0.1076715111579053,0
0.04929226138742271,-0.018727969680926916,-0.04730859962016599,0
0.003242322074407597,0.052956018697048295,-0.04163195871370119,0
-0.01599955627715816,0.03219085924758563,-0.1620489165014168,0
0.17723544904166086,-0.049467546715456695,-0.11449652873905639,0
-0.03035485421510539,0.007026858440833822,-0.06806174294085794,0
-0.04923149546232824,0.02939958164149098,0.059892685791407774,0
-0.07267631115976002,0.0504817942776065,-0.022381823523985128,0
0.05294735254684357,-0.012104807485182001,0.06365242002009443,0
-0.001574903913773395,-0.21927665013950792,0.0016088289921284825,0
0.15367407437171474,0.002204779177691488,0.009076497031678494,0
-0.022248545203143667,0.029693595721251104,0.09944586033480628,0
0.11810895554389052,-0.14088940707965317,0.04730491439704751,0
4.112771668765356,-0.0675846014973087,-0.04048978944844933,1
-0.094377305527261,0.0729509678843878,0.16382126422324828,0
0.02685517768498838,0.034014015969813884,-0.29185044127133797,0
0.1350739400082899,-0.026766998692139755,0.15316912318153617,0
0.07644144551463,-0.16165098193764674,0.10005329089086015,0
0.03327924882497731,-0.13025536950736882,0.04642928611356675,0
-0.04475158695745453,-0.07287176090416332,-0.14997305843865666,0
-0.1485463607167337,0.03574962332078393,0.00618650764141528,0
0.08239896988765615,-0.024459412000255528,-0.05616244560226888,0
-0.019520598117603843,-0.11943779013084042,0.11085707799296352,0
0.06041399738255972,-0.04064249262531546,-0.05693857440475231,0
0.03775857480818519,-0.06157096130002757,0.11683377243934226,0
-0.12981070950895876,-0.20850017453189684,-0.05383754140654752,0
-0.17992150753997188,0.030159238298022757,-0.09482945242958463,0
-0.06445892517764268,-0.16937028059085094,0.13433142253239166,0
-0.08126792098582694,-0.13331551453364185,-0.1892842345823581,0
-0.09775949469112559,0.0028530387861407033,-0.05033175284646686,0
0.18178164785680662,0.06607696844151191,-0.03431555475886131,0
0.033014470655545254,-0.040798762667222294,-0.1920095076902605,0
0.13987899300255546,0.004929760064365358,0.1084939798522816,0
0.021272019407450746,-0.015893951914384464,-0.08595110412287799,0
-0.042015019088011626,-0.017081185532331074,-0.015439259393047834,0
0.0818413139100984,0.060702101494411465,0.10382926359818463,0
-0.19113655711959196,-0.10066935040010275,-0.05004672772050113,0
0.09096854296115876,-0.07317883604662705,-0.13339553583068986,0
0.15577965869474417,0.05826788874089999,-0.008711831219537995,0
-0.2532794781135809,0.10144387485903046,0.08380234418578139,0
0.15696198226005706,-0.023211556047793975,-0.04510973324173659,0
0.08676448166726225,-0.08932792946331491,0.12244513787488714,0
0.018749732790248864,0.09246159762282849,0.00887968219044166,0
-0.14764381974541124,-0.055328636869949537,0.027585460542071324,0
0.16869952687208128,-0.1656928360741834,-0.09935935151334269,0
-0.03406430170945922,-0.08123998956904552,0.04414727724048318,0
-0.0005980511914066473,-0.09137181323642847,-0.10429011083956363,0
-0.11068974954543664,0.11716650028962511,-0.06890480335900183,0
-0.09976547865478602,-0.05005452493804239,-0.002272603833183809,0
-0.011967690987791161,-0.034145489145625395,0.005146203078059292,0
0.04770343177928641,-0.009937297159967641,0.25270199887723604,0
0.09735650834901026,-0.09024499475177267,0.1494156726620046,0
0.00408541819912912,-0.016772726158963257,0.019369962322150255,0
0.034980256709333364,-0.11834483903447363,-0.2175307604767589,0
-0.03686471112646025,-0.022526312345550026,-0.27019298177569595,0
-0.07883724683112125,-0.004737289875188823,0.026512162400629258,0
0.09354503941206362,0.008181182992123183,0.01145154036199565,0
-0.001326008444243119,0.19673766682371538,-0.062178605660589886,0
0.05093489231396742,-0.1543372136030774,0.013706177222730332,0
0.09799367990810902,-0.004500953122208555,-0.029354750030695376,0
0.01969641801272701,0.08108227486864542,0.04191378299160223,0
0.017935909309975875,0.00948065984124756,0.057320088329860255,0
0.021135115936281423,-0.011337032780540244,-0.01846220716351279,0
-0.26268610481390237,-0.051369560088799095,0.07170335416024456,0
0.08139026568991653,0.0820507255175227,-0.08860545398044482,0
-0.1787357563338895,-0.06141895859833111,-0.07789236337152239,0
-0.1379511353520933,0.022187432399296696,0.08222272202572097,0
0.08106579312744187,0.11894700806174333,0.12734447823376158,0
0.008899353626455274,-0.0959393380665564,-0.02951219099327141,0
-0.08698215972430552,0.11924368737825593,0.07455244608602328,0
0.029199289653213913,0.013648376788476763,-0.03252158590299945,0
-0.013518050773109228,-0.07769441796973944,0.06918648818166538,0
0.027642872186929554,-0.17961100249917453,0.028894303857523562,0
0.06928246084399424,-0.09802300429407712,0.1971253862482178,0
0.08215777595268625,-0.009529822476466823,0.008003693427748537,0
-0.06316977097942812,-0.052439092140379506,0.1619744734964405,0
-0.050943536642251035,0.03815832698029716,0.0298474864386156,0
0.014729298345402495,-0.042144017638349074,0.1275533967968243,0
-0.035279904011564174,-0.09349943649358823,-0.02247963848378354,0
-0.030211068964565532,0.12635838033222124,-0.1263554613401021,0
-0.0465206697862533,-0.07954152181507278,-0.03551641869941368,0
-0.26511134237080425,-0.31513978292297246,0.006892297028051434,0
-0.12558371633277593,0.041514332583488855,-0.14355998859536842,0
-0.009588783154487293,-0.02630532949190122,-0.2534507304095487,0
0.03755840110404571,-0.09897141582647362,-0.041738830465487764,0
-0.13504344920495856,-0.1289211965620933,0.04586863621871887,0
-0.08082214906346882,0.1319986617483701,0.21352942818193707,0
-0.029905695073121893,0.13390528729237866,-0.25146756787088453,0
0.06957474993278928,-0.1316756303073856,-0.1372856827022587,0
-0.06989614666838131,-0.10641549106385713,0.04802795825048727,0
0.04039167898929871,0.20066305858203407,0.058637353568308015,0
-0.00925415555614755,-0.036922156552405896,-0.15930711221319024,0
-0.11094488347368359,0.07344932729032874,0.06930890926295447,0
0.03314688851569574,-0.07178162915901658,0.13727454706664843,0
-0.04269802299739451,0.04227472543941126,0.10690444785552798,0
-0.04407127339296649,-0.07505987575632232,-0.07441383599071606,0
0.09481396617302063,0.11522395786111848,0.07766980624247645,0
0.0033334008300155977,0.10091243562839719,0.0837428117420873,0
-0.16823994728902622,0.12983373737557827,-0.08333629055491032,0
0.031648014400194734,-0.011328892212865094,-0.07880356116134789,0
-0.10013746031543087,0.04137046758788844,0.0028848748474282955,0
0.1717528100222758,0.050893281116050175,0.08238995122317454,0
0.04351069203219504,0.000626553780267082,-0.07107847866908219,0
0.08887969646595394,-0.12142584048385939,0.016897685694530394,0
-0.1625366220084312,-0.006469757778525375,-0.15308892943061295,0
-0.08072544136301474,0.09245076752870404,-0.05416869740412115,0
0.06364858852867658,0.03455501057174499,0.01588674359492722,0
-0.09644738104880804,0.01838493218832842,-0.2009696146102983,0
0.100019352807983,0.030859028608799056,0.03147773969912645,0
-0.03386374093882601,0.007107005784626973,-0.03758739862777299,0
-0.023810306043625627,0.10710077000046184,0.08262138832173815,0
-0.067507182717432,-0.114489639430779,-0.012541687592613138,0
0.07887043433509289,0.007644067029333002,0.10786713313585093,0
-0.005855033490959763,-0.058632269029653544,0.04235813811907447,0
0.09439741903065743,0.07655391181186305,0.07561998795187616,0
0.018669622402303056,-0.053469526306031336,-0.0372021836407825,0
-0.33763840583622357,-0.020592284615502596,-0.0838796994421886,0
-0.056767520909966486,-0.10299273750238339,-0.11627803351933752,0
0.006751861507288755,0.05316722909947154,-0.19249358021334784,0
-0.20636854983299346,-0.06753162343623857,-0.15343545776086728,0
0.0661686446419495,-0.008905546740221534,0.11610496320894498,0
0.0767925755329483,0.1850088160911716,-0.07263207826897848,0
-0.2134511354280052,-0.038135948103709454,-0.2096220548707257,0
0.052643572674274774,-0.026638824466253153,-0.22129460616455635,0
0.1778201378394666,0.011423220719250149,-0.01437943868672309,0
-0.17838311518151265,0.19881640328819905,0.033015649109918964,0
0.04919014407123922,0.043300696223197654,0.07910095090895024,0
-0.019582266080606512,-0.15100658003888742,-0.03519241799057781,0
0.005577708655522501,-0.06272569269705378,-0.14310643126651257,0
-0.13887350636635362,0.07851363428179439,0.020439074587140886,0
-0.03599095322507787,0.12284279771298029,-0.005720772545735119,0
0.0548075286278282,0.04953157001523739,-0.1011360763397978,0
-0.08330819563018937,-0.09948240429069417,0.005818832254747018,0
-0.0775623121541511,-0.014806487182063061,0.001976000482227973,0
0.09735979978525831,0.06877699638431399,0.04427356417494824,0
0.008527035360679959,0.06328566304276054,0.05100223164021753,0
0.11633738780169517,0.006312618505119576,-0.13642513097178985,0
0.022029511471907653,0.116477811672448,0.02631949578619291,0
-0.032599066997125434,-0.037783339582587,0.09212271438011689,0
0.1456828334014657,-0.09275200484119345,-0.21071269075059967,0
0.06877685340744959,-0.11160575753857499,-0.025262741467088304,0
-0.027451271981801747,-0.11269969339100035,0.1670207488560227,0
0.0947440534522092,-0.1460767365194655,0.004525111898513955,0
0.1277344105490997,-0.03254407074416923,-0.24519647556016594,0
0.04240979929817032,0.05887073092168911,-0.13823538827080512,0
-0.24336123952920033,0.05109175979151934,0.044337508286973845,0
-0.041971216010268236,-0.07487093488473617,0.13372942922818973,0
-0.02818506388926853,-0.0718452226464114,-0.06827912721044063,0
0.035538293847502476,-0.008117394865509572,0.22888445883549235,0
-0.008154465971642587,-0.03938327444266039,-4.002474086554525,1
-0.035021165987338974,0.12068548797467533,0.028406456426906895,0
0.15749844597780202,-0.10953391330935291,0.039737628922533005,0
0.3326542540366726,-0.11431365879480826,0.06068060929853514,0
-0.05196838064349857,0.11752057330621096,-0.10890971243680525,0
-0.022960646736253084,0.13975371544810442,-0.06946729089166773,0
-0.20434551901722495,0.011833991421208487,-0.005128260336943812,0
0.004191672182843041,-0.10975300876876065,0.005338596908447515,0
-0.06030644079263534,-0.10867975772874564,0.10088961044147993,0
-0.21188078992176584,0.036956216585332206,0.042072646228496775,0
0.039375319956910584,-0.12756360819246723,0.1307980340381348,0
0.1315062692476908,-0.06829439010467335,-3.932646623225037,1
-0.0451742886928368,-0.15126063213455887,-0.010190612898756325,0
-0.09008043919389687,-0.10333734345025179,-0.0591310504121253,0
-0.006729000503890102,0.07638994630224846,0.09320426095457697,0
0.10788588209400969,0.0760281906506051,-0.07886781558584618,0
0.1742944762949441,3.9078278312736807,-0.028438068352741538,1
0.006757172741210762,-0.04007149318151568,-0.16296268454715948,0
-0.02920607401861332,-0.01497412017415471,-0.16425243890099814,0
0.01457578542205059,0.0791761873211837,-0.07010335555717961,0
-0.030081327834355555,-0.06493625198511636,0.025198158576121815,0
-0.0418449822126754,0.030824584826839876,0.03224187682209708,0
0.1012097756819074,-0.016779816130283707,-0.05888744271483859,0
-0.046775586807553345,-0.03872118661627986,0.003643004516574481,0
-0.04761623156431169,-0.11698974412330972,0.14432884938452656,0
-0.11560957285894441,-0.15194529613974217,-0.05168130094583495,0
-0.05694688403505602,-0.11774544808561604,-0.009375182791922565,0
-0.1659015010567985,-0.019674674012091557,0.09244992244930453,0
0.04276686881461554,-0.14231562160177477,-0.0884136755437328,0
-0.024085060357896943,-0.09947857116253883,-0.07347313311909916,0
-0.008045633807695926,-0.08764225830523682,0.026638460725990257,0
0.09526143439244285,0.04173844703464577,0.10655157643410458,0
0.1583159542273802,0.09909768663752612,-0.007819760431579236,0
0.05329232244500129,-0.17310110174027687,-0.13062147807727376,0
-0.02615257900496879,-0.002417057217825861,0.0008006020051950814,0
-0.08591836496357871,0.07734028015470452,-0.03920824975581439,0
-0.12497727469424574,-0.09333466491450546,-0.028498667480067064,0
-0.0007638780880045119,0.10599287302285446,-0.13817665110572094,0
-0.07503870145132535,0.12536700045802132,-0.11438218646634402,0
0.07361425880751096,0.0325449153702569,0.10590508826250769,0
0.01136529293728343,-0.04524728899593106,-0.17308808948774884,0
0.28059991079092494,-0.13665374727954258,0.026200824326263385,0
-0.12336250783643171,-0.008962204943334086,0.14578708196201967,0
-0.0009818821148447304,0.001430116114288207,0.017228234661629954,0
0.09247277271315862,-0.0001790248996783182,-0.01654093670426351,0
3.9234960070481693,-0.07901870927380572,0.07032194940113395,1
0.16718668713671503,-0.035477872746643595,0.22402901945568848,0
-0.01803577557986213,0.014303946054218229,0.026796775918867113,0
0.08331287368802892,0.06001197500620813,-0.06342498189924188,0
-0.2781035893231027,-0.05080229617108585,-0.06486999591166291,0
-0.010187043161433021,-0.10242966195101309,0.036744809265301236,0
0.0526698618941061,-0.14332924983507797,0.043022875332948324,0
-0.06311177674799782,0.06375496260501255,0.03153897624616374,0
-0.10157107507130475,0.12871783794703337,0.010960570829944803,0
0.0035270809521054055,0.06369013937354755,-0.1809035895891875,0
-4.089574644952331,-0.09885047250071527,-0.12410448496130443,1
0.08556413122512012,0.08240770660464806,-0.11754414205554231,0
0.1510683352353427,0.1396250205150084,-0.24345421894341276,0
0.06985735008028221,-0.057934592608217185,-0.24788778111231263,0
-0.1140413170862334,0.28137506471124357,0.1054555368343571,0
-0.004261013373928059,0.015019632404268655,-0.0376795568895714,0
-0.00908445661656576,-0.10429984915164454,0.030911794202536886,0
-0.17302506772426565,-0.213185228282237,0.13117690040823568,0
0.06077973928390811,-0.04611277469147124,-0.02494901035194172,0
-0.06326014965965104,-0.10305328682210853,0.10252382574683316,0
0.00459869330741082,0.010463831758561408,-0.043828378433389104,0
-0.08941122685273316,-0.006683102221293456,0.04005093121293363,0
-0.19092345613004394,-0.030003859018977605,0.004524291860284046,0
-0.02399110248880857,0.11095110820227289,0.05460893335450229,0
-0.05446095452643988,-0.09639923733019252,-0.18300689733771208,0
-0.06985215896752425,-0.05024496167448999,-0.18060337228297949,0
-0.07785511106351982,0.036911092492205505,-0.03128614533529767,0
0.07302175604823441,0.04693469099139866,-0.10372927307564661,0
-0.17169720844242933,0.04536469710658999,-0.01879704060222414,0
-0.08874044029662578,-0.019214713597812155,0.1373324194067588,0
-0.05920930939345129,0.1303383411830639,0.16168077756945187,0
0.013837809297969135,0.030900822259631713,0.10209308874530026,0
-0.1696856101992839,0.12813818630930623,0.0179047110133467,0
0.10515878195914644,-0.04251443984299762,-0.17648537468579736,0
0.07575162764429244,-0.0060616827441128535,0.1219796062684324,0
-0.16889272755615314,-0.058608548016272514,-0.003314766786056879,0
0.21794899144444735,0.04108868741818277,-0.005332372334728785,0
0.03243653363717153,-0.021399580217187318,-0.005278990926469947,0
-0.0975761012964592,-0.03924604748601992,0.2242686465744074,0
0.0034780482723520915,0.1017927189022338,0.04676696765418256,0
0.052559199010788295,-0.014134904363334875,0.04942522440861591,0
0.06470687327180642,-0.07509379956419768,0.06927873506371095,0
0.01881395038789741,0.14319562098228106,-0.04290787078971563,0
0.25509938016285355,0.011056592027111734,0.03330532323006689,0
0.014203203343220236,0.250029947369597,-0.26514196136635265,0
-0.018698340376010543,-0.02442192019101408,-0.1396488441688286,0
0.020723609366436233,0.017770556027229385,0.12714672398265006,0
0.27368283460728543,0.053778201515914906,-0.06810524128881891,0
-0.23938513253523636,-0.08175606801049305,-0.05455882001847159,0
0.025088826091271218,0.016078809369694063,0.08577637109743248,0
-0.18752567976569662,0.027732803622100483,-0.09051331943755082,0
-0.11748019072638452,0.10289540598107967,-0.04411510744312386,0
-0.05207481204175344,0.06427973429096323,0.06206398981607195,0
0.12901918491772635,-0.16815460146731742,0.007548708233273792,0
-0.0840073380377267,0.07045102992257121,0.15899846539429927,0
0.06377366795277,0.04383825310497552,0.04881763536366257,0
-0.11139467196200532,-0.04196572704195652,-0.009982663841896888,0
-0.04123135739056288,0.1380842203320325,-0.11935858471571088,0
0.0610366089281184,-0.10925969375154783,-0.033987932628598165,0
0.07071613534213698,0.03276412302063044,0.03042406761676518,0
0.008526093440994968,-0.10430064358161131,0.10622996292116427,0
-0.16870715254545196,0.08079991798927602,0.04135786629235008,0
-0.013387652132283915,-0.03291383860193018,-0.021695145658176707,0
0.0024244354455620247,0.3377886894839658,0.08382245903415503,0
-0.12666448141642792,-0.02985262904757098,-0.05882093854995682,0
-0.050804257202360883,-0.0176966987900987,-0.04050809994878933,0
0.061934944047368025,0.0239262490230273,0.09997060136131658,0
0.26319932834395593,-0.005776756829807193,-0.21740537809824811,0
0.02293584904878348,0.06951321628612576,-0.05865401067012457,0
-0.0795209201119517,0.06262432149723485,0.0521068600355517,0
-0.03569050000374869,0.1311589838103083,-0.06376676144596953,0
-0.07483535481140559,-0.08865901160458765,-0.0188318685990765,0
-0.01839732483654,0.0669627699390113,0.12802675566231356,0
-3.989917372194541,-0.03676306142843917,0.12496604282796411,1
-0.02530791649191292,-0.013086859140213639,-0.033207507787872285,0
0.05376827010344393,0.19739353351549016,0.14711320635444572,0
0.03800527900238363,-0.04243109895393751,0.03455553388476167,0
0.1421828261282903,-0.04891952378212372,0.1661346343680542,0
-0.05388360638880721,-0.021537038817135364,0.0015764118852482024,0
0.09457383712539441,-0.060577252394565,-0.12720156662984766,0
0.07565941683788713,0.02682268208769292,-0.07673486440703631,0
0.01688350075869703,0.06964096647282345,0.01739219527702491,0
0.008891042397261817,0.09080375024774652,0.08167654802767493,0
0.0110584946896074,-0.17509168263010935,-0.06092073983176091,0
-0.07284799003421234,-0.0430377236240294,0.12827186026991566,0
-0.03599427064719344,0.17462119420824418,0.18714284688986527,0
0.004857059517846123,-0.05593605905702671,0.035723850576755665,0
0.0015048772250542974,0.024816955210815964,0.04749252008478256,0
0.02508511756858488,-0.05748602674532502,-0.03610866995333933,0
-0.2049268291193624,-0.08106028845783027,-0.09371470223233727,0
0.04107987537744038,-0.10664755240784624,0.06296622228221993,0
0.10347989489690626,0.08151784059713268,-0.05541488551262852,0
-0.16089450876729247,0.11963975979813624,-0.0025475972966105976,0
0.15552895673195524,-0.0003744112439171743,0.20382911548947977,0
-0.1445908340488815,0.07092807323061683,0.06938709591910729,0
-0.13534975334050325,0.06282756099796494,-0.017934470198563864,0
-0.06569928670622474,0.03662128831760721,0.03170459093297786,0
0.08524761801622029,-0.02942227087092519,-0.13193435747231982,0
-0.1433974415627983,-0.10221240126849324,-0.061777925370610276,0
0.11864773796464397,-0.18352186847588284,0.030821814838507183,0
0.16830773207296862,-0.08904001530035645,0.0340575908976261,0
0.030186576395179444,0.08795737568484677,-0.062088681651386826,0
-0.11643089790588308,0.04337287503176558,3.942241871246313,1
0.13157982169932034,-0.02185687323686582,-0.08100170707813972,0
-0.13915941696875866,0.09287980064642812,0.043285102491184835,0
-0.029195552890891194,-0.08012060101137052,0.022895043972087355,0
-0.04493405600197767,-0.04625947786794577,0.06111863116390368,0
-0.032066283645243825,-0.1781287809582831,0.1573830953564139,0
0.09146966290235814,-0.07445148726262692,0.004475511023901408,0
0.03099906842340812,-0.05114180008516363,-0.05753862130071257,0
0.021565907067357462,0.0018416467942065095,0.04098289363776725,0
-0.04369457402950755,0.04806492279822678,0.05200929304853025,0
-0.03279128039285433,0.035591755686388005,-0.08970858458026466,0
0.12724634850845437,0.03890798246857564,0.06514562340793782,0
-4.427524645707128e-05,0.08823913416254169,-0.06304521233629548,0
-0.032134839025975394,0.03642858304099233,0.031440702765875086,0
0.037430768992380396,0.05173636227352159,0.19845678745616288,0
-0.13245425162384103,0.14195332303434663,3.977066330933942,1
0.03556745540763875,-0.049133726194095076,0.10034449009390108,0
-0.08205462542552819,0.1985729583004974,-0.11986343622444409,0
-0.05015958640930856,0.16139768535265958,-0.13297371915781836,0
0.014037602811609502,0.17034858288195195,0.015456090403769544,0
0.09574965597492065,0.09510599663446649,-0.023468221821414947,0
0.13071173736785563,-0.04072094241316779,-0.039215966903005245,0
-0.0032262746068350834,0.04165800153655351,-0.0905246216674241,0
-0.04287803170966282,0.1537875642957323,0.15759598353565638,0
0.01627364653461956,-0.12012875111340733,-0.03098179261378079,0
-0.042139753858475786,-0.025668202608437912,0.01919957683238313,0
-0.09139984127885153,0.09858893379273774,0.0965500009051744,0
0.10494364797104157,-0.09954054517916876,0.06763145367304013,0
-0.09531891331036951,-0.0038269173946940357,0.04465391574809925,0
0.009792939383361524,0.06876651266474275,0.06568586718219047,0
0.06238025660946207,0.03294811526636771,0.05004163358166119,0
0.14332275147018755,-0.16446642677959022,-3.946246925666563,1
-0.05054911731182959,-0.007337227577082384,-0.03237707873514232,0
-0.11188065453211926,0.04953240349346813,0.13553561888414237,0
-0.0026212634191320476,0.05261768915629125,0.03115329102191852,0
-0.09793492880210432,0.03178575815665747,0.0727761325325032,0
-0.04054439175555668,-0.013284952431463756,-0.00035943273315437887,0
-0.013583562122597063,0.015525310599997167,0.10955108846729351,0
-0.12812500537800295,-0.1749073059267344,0.10856878642387538,0
0.15727082567414813,-0.012537950434148046,0.08537498331014019,0
-0.025125114672337974,-0.07336074231299812,0.07995362487457836,0
0.08808420885541224,-0.004900136905644499,0.026283277709477245,0
0.03560804636628143,-0.022627090051287456,0.17368059626833054,0
-0.04730477290150577,-0.006757912877771536,0.1103666932363645,0
0.10140030699872249,-0.0037259577519606225,0.07773508133876363,0
0.04548422385961092,0.21037655195383428,0.19078438441270537,0
0.10522609043967933,0.053534995345500026,-0.1688142728416151,0
-0.05890009101528302,-0.045731835980730606,-0.017329580700075006,0
0.13388313437378652,0.06321099017800888,0.05900541087432304,0
-0.028092779460080604,-0.04620733923941607,-0.17697093909649056,0
-0.17913233281366137,-0.08730775702383435,-0.028194253588519753,0
0.00403926428824627,0.12553540610771932,-0.06511783851928589,0
0.003475093856692188,0.05107497909398704,0.038015806208609344,0
0.09475826010562945,-0.01411517856313934,-0.09141405234211193,0
-0.005177011127022829,0.10215465084350472,-0.03144548599324411,0
0.21003861844516228,-0.06868773109124758,-0.07259862369057848,0
-0.07676766134478155,-0.12128064626292011,-0.07244507246935131,0
-0.19293561253145813,-0.10748998746312698,0.1685295688756443,0
-0.1366312974512476,-0.0016085592300351635,0.06164191849573785,0
-0.1872330334387398,-0.07447271136255694,0.09232789876228975,0
-0.17508248909805035,0.06784280517465789,-0.022417894674773772,0
0.05560942443600042,-0.06773402559799806,0.1432545562927637,0
0.02445399946057824,-0.08449802316522959,-0.1198202666197385,0
0.08321334530940298,-0.09074280374123316,-0.12350586719413803,0
0.10948148788456143,0.16424246890072128,0.09805949420167867,0
0.010795543001794406,-0.004954083221992523,0.12364203054918227,0
0.041289882268739905,0.0806689849364649,0.055906748275869736,0
-0.01784513491243537,0.03513184684383468,-0.0769654667496773,0
-0.10479836326203862,-0.08954158384485433,-0.02514549063967917,0
0.024984134959673106,0.041323349844165885,-0.03010473972326746,0
0.22264103579091896,-0.02580592071816943,0.0771621333226023,0
0.0875513411098575,-0.14416025282330797,-0.016204086332570967,0
-0.0845571083534921,0.0013961839255569898,-0.10281856419467202,0
-0.18904943131887453,0.12715878286652957,-0.16360438269620825,0
-0.017421914966320364,-0.039756189152329674,0.16349565101480118,0
0.14775665147474082,0.07201399704546857,0.014472248358338692,0
-0.12193943506709073,-0.12585506712776726,-0.03596581488500767,0
-0.1129887738155307,0.08013366510355069,0.031557156513095125,0
0.06251653334463243,0.07320801772546394,0.027189883373021913,0
0.11091945330494338,-0.043199666228970486,0.01345372912646016,0
-0.009496125389617105,0.121079811838197,0.10177168085536095,0
-0.11983859674373346,-0.0001000463680550742,0.023707825056926927,0
-0.008017667797840706,0.11864072503959984,-0.027415957263013036,0
-0.09140559977296404,-0.1428969909079553,0.10492411203218571,0
0.08702195335989889,-0.17098245761530315,-0.2630979714061074,0
-0.05688929941139562,0.007782772552363225,-0.004325397716205185,0
-0.2253541597817839,0.008672655231192646,0.1016484509466426,0
0.07618990588900017,-0.19398661095948616,0.1121347011598734,0
0.054945534190640355,-0.06506545433211464,-0.028222552770010453,0
0.044328009083083236,-0.1144632000099559,-0.08954536899540501,0
-0.07365333943219755,0.12037836514882422,-0.03288429721738584,0
0.024636649936008365,0.009257484025564018,-0.06903922673672322,0
-0.03813726537860821,0.039119045505082946,-0.024325204653363935,0
-0.06875147251450305,0.0013453719844747994,0.10934031886656906,0
0.04066523713300821,-0.05000584982233657,-0.06816479902331332,0
0.04613738157028643,-0.07353143237995267,-0.12320412206647618,0
-0.11966566124801535,0.0317146380042544,0.019309765407923382,0
-0.09170927702714587,0.027944243483995886,0.15465724606126052,0
0.07033260964162605,-0.07797119228503177,0.0657780385630883,0
-0.057195893806306713,-0.03414999599855044,0.011061614298846877,0
-0.029189733094984096,0.08325942499969503,-0.0029644988202442058,0
0.07555184318888108,0.06623972898660177,0.03460276586673601,0
-0.05786152921325197,-0.06844075315112337,-0.032265306298985406,0
0.009420385272703967,-0.06876212271371931,0.016488111918411395,0
-0.02191418455617157,0.18205783564892758,-0.006100379390200396,0
-0.17406006600220866,-0.10487245246911876,0.12261846461574254,0
-0.01088344850203428,-0.19289207824332086,0.20144733683949317,0
0.2548990767325862,0.15625303696651627,-0.09222980454265889,0
0.05732866034749795,0.05167969368925967,0.003209284157023524,0
0.10465414771814872,0.061516137721260016,0.13808103624362741,0
-0.00511584030775302,-0.02497233612084919,0.12450120563492438,0
0.050969429901313826,-0.20033751703490613,0.0212541995236048,0
0.006953325935228758,0.027867842185081638,0.025380309105452237,0
0.056348143969020985,0.1107851428576458,-0.19804801987817172,0
-0.06537620052716508,0.04788569194987546,0.03671036298699219,0
-0.05846212064592075,-0.015815348308923997,-0.016329309092895178,0
-0.005181153226104053,0.07569791608987853,0.20960848734462295,0
-0.024884934489945124,-0.015340138112577596,-0.03295276446954039,0
0.1408373519408784,0.09026780617934244,0.12741710529088307,0
-0.027201247765867794,-0.059988039314503,0.2740130793112456,0
0.038970225042226074,-0.0882556763336073,-0.09216950063526813,0
-0.03493935966985102,5.795149377860365e-05,0.07957661556689748,0
-0.0899269987358281,0.03297415206315671,0.005240238925518174,0
-0.15348740049712345,0.09267639480238304,0.2852565915503497,0
0.1020339880719075,-0.010054648404730823,-0.1593353199286848,0
-0.03953777975636204,-0.02213159448284755,0.0597159685524074,0
-0.177214605909777,-0.12774520426804736,-0.06769901019327988,0
0.050302120265425146,0.09809491225926453,-0.008563770715335798,0
0.0956804167933785,-0.12771126494062432,-0.24818996538111043,0
0.06845969353163686,0.05397703533311702,-0.0457774329523285,0
-0.029222782601408703,-0.06039620463223754,-0.10351792317563145,0
0.046976975518569636,-0.05938750023583639,0.07027239813776213,0
-0.018219471426941643,-0.047990152042374896,-0.08293233234313345,0
-0.09254591604493079,0.003395912697970692,-0.06512555046718464,0
-0.0080445302693462,-0.08328935360104495,0.12788400854231194,0
-0.03312677606709433,-0.0023612424132590393,0.036817080244239096,0
-0.025630788599369382,0.15050578010940155,-0.09146119233862206,0
-0.16483784675050764,-0.004871457126878575,0.03026147916079726,0
0.022851200328483156,0.15863215507209594,0.11483772094280108,0
-0.02591204474066021,-0.024669905253906835,-0.008425398323282787,0
0.02612683558741264,-0.14049568374956312,0.04123979569823753,0
0.06784127125746618,0.14569207732685327,0.059577052192137006,0
0.05489799322231085,0.07348601960625113,-0.016728836210145075,0
-0.04506763533655424,0.18738600881231782,0.03383430583379227,0
0.02853086764755406,0.032728894429094116,-0.04353776978797849,0
0.03332189749372555,-0.020186153870789463,0.1907364287307044,0
-0.3163633998701393,0.0736727157342394,0.06344162765215748,0
0.16357221259639976,-0.10073548734955765,0.11591265882767604,0
-0.0824329306956934,-0.023117281939193546,-0.16210955365630456,0
0.01321417288240935,0.03314945083327099,-0.02915814261102481,0
0.09818871451900153,-0.033460386576370196,0.0035000883200557633,0
-0.05033181861781703,-0.10728239263766988,-0.11377787419899765,0
-0.09237392127369104,0.1482084748122274,-0.22664568235343616,0
0.0793289009648709,-0.027033264360205495,0.03389712247869122,0
-0.004120718835050855,0.13675930978032946,0.07715568416128256,0
0.19684350125235694,0.09190069394861154,0.04358655299780986,0
-0.0634167839904005,-0.00511411083070627,0.12331483793564597,0
-0.0008086755749485367,-0.0710313847536041,0.1579533727024195,0
0.10276262461737709,-0.23301261036837229,0.16543076687849298,0
0.18162100631592037,0.19712382353345487,-0.041976190054490825,0
-0.03709163916317883,0.17445705185159666,-0.10985831149732642,0
-0.014124909911882028,0.07228322014695089,-0.1358480392387905,0
0.01788798687837662,0.03597060393887327,-0.15430773970828604,0
-0.15001030702767773,0.20743439403931885,-0.011945931465822223,0
-0.16678338903142165,-0.1480909961376522,0.13036266400908433,0
0.23237180123449255,-0.10156830654633518,0.015903789344665128,0
0.14008552310907027,0.04065521629088352,0.05692227688760513,0
0.13463620673502807,0.04777383275697182,0.13669742873162097,0
-0.02616791652149544,-0.07456856001822709,-0.148471173338212,0
0.13080878921623038,-0.09757560980499154,-0.06914024990271737,0
0.0788261327048933,0.005807578651672128,-0.15630767335348145,0
-0.037767983477319626,-0.10373092565477011,-0.05128877578648409,0
-0.10331172057163585,-0.049887506518753066,-0.003425393269847365,0
-0.23510293632697962,-0.04613914307616195,0.03253378621960645,0
-0.08488364372407814,0.01361311057493015,-0.08256375688560051,0
0.08504940719852155,-0.13115408057989122,0.06150806096325065,0
-0.027884824752500193,-0.028012662404157562,-0.10154446049315678,0
0.05896506688547637,-0.044204605033972805,-0.0874502635452075,0
0.093039283129566,0.1277931818882992,0.17047996162804183,0
-0.066916778029041,-0.08966487007598767,0.14046091404458508,0
4.0396454731071145,-0.08518032658884772,0.010878823684842248,1
-0.2554877822034947,0.030700041441360987,0.017851253610663274,0
-0.08804862826217164,-0.009621158461181143,-0.00833772511022921,0
0.03080271363351579,-0.029131012356920755,0.05278867502326854,0
-0.04257976570371781,-0.017368742035870712,0.17541122072373241,0
0.11969197314609632,0.026629510237834317,0.1440898924695657,0
-0.12841571406151134,0.0688077974391642,0.013024264623689316,0
-0.10672408670154532,-0.16442980493182713,-0.011593275581815337,0
-0.2023258484343253,0.04778224196892706,-0.14198534530694315,0
0.09042991061821708,0.20645439111600689,0.0664689150807918,0
-0.02098253208954878,0.09153139259364468,-0.04739143793409572,0
0.1382404094516431,-0.09798729938416116,-0.05606916312041058,0
0.07605673848696837,-0.07996041099980247,0.13655737330041703,0
0.019108038941651653,-0.0665246418877243,0.09744627007579063,0
0.1003395873520216,-0.08722766091242636,0.11880149287266949,0
-0.04212613802253219,-0.17857980087395253,0.1636482539128454,0
0.02938169331127674,0.03288696028800947,0.049105375187335626,0
0.0638559328842405,-0.2973928390058957,0.02250839055114244,0
-0.02104354024636146,-0.19829776813113045,0.01668355916226159,0
-0.12753765605698894,0.018935885650195165,-0.05509032222587256,0
-0.06008982699479675,-0.026655993311247874,-0.06295875958812545,0
-0.012575337736654325,-0.034034097231821096,-0.09306265068109967,0
-0.024940795089381032,-0.16912579213504336,-0.21609026873302237,0
0.05337339767591798,0.047616018310127725,0.198864792862528,0
-0.07137752733879947,-0.01239601589145822,-0.02963870703517269,0
-0.01978252533811959,0.03771296328836909,-0.06499568363551973,0
-0.014712462096312287,-0.032916734237506094,-0.006623812113041307,0
0.1363944280704509,-0.014191382020416497,-0.05168081433691183,0
0.06720351443848492,-0.16286692747985432,0.01444516315266071,0
0.054576277473207695,-0.03380803082528955,0.05427126608824722,0
-0.06559775518052084,0.062297333229144485,-0.05982563116499286,0
0.11350027697933823,-0.2390558348622757,-0.08348045849562614,0
0.13181645685012974,0.05557680889283345,-0.07794904427704512,0
-0.05553646587616365,-0.061593522780570724,0.17359896654009788,0
-0.014570873247504404,-0.0830029463239373,-0.16043279882024536,0
0.033531259151282064,-0.16357863369168815,0.03699129081608632,0
-0.09110714934468839,-0.04615781154153836,0.10579283405535773,0
-0.03424735677756823,0.09975488899710147,0.10843157740677943,0
0.06996148558015021,0.04653801632928465,0.06209473993093735,0
-0.013014227522332375,-0.04112428252700754,-0.07513832560096079,0
0.05797891217207327,0.016323135602341724,0.116181424404313,0
0.07715436427710387,-0.12700211643888543,0.22283566123267906,0
0.021155941870157322,-0.07092333916879574,-0.07204420164915522,0
-0.07623535846090851,0.005988626920866095,0.22614755807737957,0
-0.04353459957750343,-0.004693438946209511,0.06654112039017455,0
-0.0004268208300580341,-0.06672255258475206,-0.010699009080729205,0
-0.03895359638969089,0.2606019551790808,-0.04866530074835271,0
-0.05548065931438817,-0.21593804122443877,0.06083652582966628,0
-0.14706715285995844,0.0015847603877221948,-0.15536491948205516,0
0.11031098965946909,0.0859265262864316,0.07196421992112118,0
-0.023140551403238827,0.04898541191434134,-0.09537994552697521,0
0.08702336296493897,-0.09979121443622585,0.22671546863029685,0
-0.021890582115306884,-0.16941906282290992,0.053116358615360765,0
0.18957308618977442,-0.10641525052840395,-0.08058322344320616,0
-0.1239383449728114,0.14663156637773192,0.16009627286205502,0
0.05198402938464086,4.025142337075817,0.18876598264659492,1
0.0674464203097323,-0.0914693593206535,-0.08037965133240405,0
0.00386293746956174,-0.07534491849468004,0.03999881035734344,0
-0.22618626817462248,-0.07414980251557268,-0.0382745984000213,0
0.06547055197586597,-0.017804431871441772,-0.030098175187000992,0
0.01784460422772429,-0.00474191918955976,0.18079772712461809,0
0.0605372713206976,0.10414520918985506,-0.011930753576068057,0
-0.004791677966825499,0.0005768680152248603,0.03711722647277917,0
-0.09712145976282766,-0.003782353665310762,0.03224642823348823,0
0.07936794562627458,-0.04687309229141875,0.07681042308181749,0
0.18281422086475416,-0.024922317422866158,0.08664794182150126,0
0.07002125386005358,0.05312860232365209,0.05421541243245423,0
0.03766435942476245,-0.18576514816749112,-0.15873041476473015,0
-0.038790929042164496,-0.0913511693550217,0.11155693861844217,0
0.175387805311141,0.3897077561396444,0.023023706964093515,0
-0.045153937583239545,0.09576061535542399,0.015079619191557392,0
0.23908592404376228,0.11690646596476362,0.030413678557306412,0
-0.03645153720576385,0.051842341034441033,0.05102329825443313,0
0.07815783476511845,0.11472607277139141,0.08109690819006662,0
-0.07582617304294166,-0.07820994675515158,0.060157934165811,0
-0.004989316600767736,-0.12477152234407303,0.11892588072863293,0
-0.07195774186401584,-0.08876476563636332,-0.017750847484909946,0
-0.0015514967394446133,0.07691991784408185,-0.09823662401971073,0
-0.08720211060135197,0.1719371887523769,0.010006266773377133,0
0.15194941090880568,-0.03213101736071661,0.12115535637491587,0
0.06859540948481918,0.20994931248936097,0.09248935357210397,0
-0.014361152991516156,0.03474981719101735,-0.06703908175731994,0
0.19038869536138378,0.17455109170965408,-0.11298746009836057,0
-0.0674847119043299,-0.02974954448143883,-0.03806445139152638,0
0.17488705348725708,-0.02332732690815284,-0.041946638203769614,0
-0.01674930910696959,0.11268949373565998,-0.11266457951667884,0
-0.04090879820062462,0.12578638502630402,-0.187163986402382,0
-0.007377584525465908,0.10685697939434904,0.13822815274258052,0
-0.009014472716421248,0.05597648381354051,-0.1300819067149183,0
-0.0459068854837674,-0.10536859923668276,0.03704516760832427,0
-0.05495555619386196,-0.06664402228964406,-0.007440926377546327,0
-0.3085762505249226,-0.03734903123620061,0.1629088375764229,0
0.16997518051368618,-0.23806290502676486,-0.01683808778363796,0
-0.04734367890486524,-0.043260935030957556,-0.037400962481264205,0
0.03682189653302528,-0.0007321295084402905,-0.16731509860284902,0
-0.021469249005990537,-4.041748361673779,-0.006865491175928211,1
0.011696356266748656,0.06468757430192551,0.01767475201117964,0
0.06956812565042063,-0.11171495028336689,-0.028812457621389627,0
-0.1206059242363335,-0.009866450570473069,-0.11873503726026252,0
-0.08493785950044958,-0.15284259112599655,-0.016251171525291343,0
-0.1487286750668769,0.014605702003218111,-0.08312024424615037,0
-0.1446917271752017,-0.04594663022531004,0.062151308169665104,0
-0.045356115838666757,0.02360981089275518,-0.03340572636003061,0
0.011754258400861875,0.11534976039819766,0.13871776527947696,0
-0.14871640596983143,-0.10146516232941283,-0.031070115816847457,0
0.08854401372903457,-0.1199107175342935,-0.025271971959941294,0
0.09295147386212405,0.0024564507618546868,-0.08455321865841724,0
-0.0081132191959766,-0.11915932670285395,0.01490068030644954,0
-0.024049053846230867,-0.13845261001815626,0.16458650263256355,0
0.11591673373144751,0.02889818918700054,0.08538052729129857,0
0.09343117782874376,-0.06068322614692609,0.10583912988572589,0
-0.20158813792900504,-0.2510100795768498,0.04338684323618262,0
-0.23498839201212138,0.03143098554687332,-0.009028178987301764,0
0.21170148413761192,-0.05188492065580004,-0.19521575715146394,0
-0.0011310564743013524,-0.05031038514999945,0.028975069370425457,0
-0.2015737914664693,-0.04479191075121386,0.023912441462136586,0
0.0021154711388138786,-0.04431749473416449,0.03892191351117849,0
0.054553624807564954,-0.2951888576564543,-0.13837383015890986,0
0.21685739537408583,0.017728409506391162,0.09954727786161738,0
0.0015573966708501996,0.18919733405109584,0.06139082608572312,0
0.04386271475891018,0.0025038850999143086,0.0421181041940754,0
0.021349170341839918,-0.014844592593077821,0.16230260649992612,0
-0.10557520365691052,-0.11141701667854412,0.12509635708815345,0
0.15269365526945514,0.043149193763021516,0.018786844641715233,0
-0.15355691414741104,-0.0379722917705861,-0.09277908376237294,0
-0.018431159138033167,-0.029095705724585086,-0.016492356571893935,0
-0.17127089007093405,-0.04578852850261153,0.031816326900878523,0
0.1174152465500338,-0.0043603329731332794,-0.16966490679406382,0
-0.16789187883401935,0.04549124931480094,0.017835002110610974,0
-0.011067199371806634,0.032058026641262005,0.05999387364420196,0
0.06607579973928367,0.00063061255727429,-0.0485965268597536,0
-0.06374015711851842,0.08033610693968422,0.017986228645126803,0
0.17817699423667158,0.025871828042998757,-0.14392134239655127,0
0.07509954810662665,0.008341709912747316,0.07400950756396489,0
0.050755631291589526,0.03296676965389802,-0.1931878448959107,0
-0.15157004656878556,0.04778395968735348,0.07538498528119972,0
-0.12694671541190974,0.12329981801284083,0.03907399093823957,0
0.01731963074639593,0.0912082897316871,-0.006722903067252518,0
-0.04179240923051103,-0.04488035313870389,-0.21028480725969995,0
-0.04776760094002003,0.07195403103167658,0.06974414046582116,0
0.02164554573954101,0.017163193747804166,-0.30497204734017136,0
-0.12462659145704724,-0.18463892941681895,-0.027789894822780103,0
-0.08845438243033259,-0.1402042768160971,0.03820673312032349,0
-0.20214475318720637,0.04700266041687483,0.07859545376170021,0
0.07982121040231335,-0.030541608623126593,-0.04777034249185804,0
-0.19202307371648816,0.0077868738617501146,0.08140287874907738,0
0.013299769452793537,0.1383206180258357,0.10563057748343396,0
0.03595806386811091,0.1423866342066347,-0.12845542160220555,0
0.09454612441719466,-0.21156306524407517,0.08761005966654357,0
-0.025255269322117788,0.20699703987765636,0.01065843659346916,0
0.04756114221550508,-0.07391310694391239,-0.09676165036326363,0
-0.264225018035358,-0.08442448334565701,-0.01765689351541856,0
0.052370919925386394,-0.0225029080833516,0.020101151716052864,0
0.07787831417305703,-0.002181486924850933,0.060175571468628467,0
0.09392852211005552,-0.0011391726265624548,0.1304756322485052,0
-0.11964387851359307,-0.11522805168664306,-0.1096909291327745,0
-0.0029338886471157086,0.1579023413341244,-0.1961792969287689,0
0.12313983132912017,0.147390672841347,0.08002679857891859,0
0.08014625745100011,-0.05732361857577687,0.06921981439551826,0
-0.10714828668128601,-0.06715843206274723,-0.08205403457535201,0
0.08222046154568408,0.08244580606332601,-0.07673289874162398,0
-0.03302902219777489,0.059609012453127955,-0.04181195756307594,0
-0.046835512494997324,-0.09950470056365918,0.06449107550049034,0
0.012610927274568985,0.13128616853126035,-0.19728394463393203,0
0.09721383564903197,0.11337532496185275,-0.04849978126537755,0
-0.018923671526660996,0.13368347291769672,-0.1456241180008048,0
-0.2793333716532507,0.03142376686823439,-0.026002560119614018,0
0.05031688917585947,0.03616527266187541,0.08456705045678065,0
0.25729772958341607,-0.035326692863480454,0.1904747637931952,0
0.08384412441260851,-0.16863794735832227,-0.022938552939961818,0
-0.05358240424140337,0.03127419776558751,0.12934624096357084,0
-0.06970436345050378,-0.1072061526659919,-0.23664817643288616,0
0.06024576657687415,-0.18320316524930713,0.024310405461042583,0
0.0901364595849374,-0.02130251754586493,0.06602778222490877,0
-0.11022566928436309,-0.07321722657582912,-0.10524235698629861,0
-0.09876529470199087,-0.1570719855461954,-0.03903433749516488,0
0.04662622066340885,-4.034139844388712,0.13557407353794967,1
0.06783876396090029,-0.11207293612189138,0.08594181029719417,0
0.04944969698702725,-0.1002682239080754,-0.037516544976945385,0
-0.07901216774169179,-0.025434971987987748,-0.009909362551894757,0
0.06173908219569571,-0.018730154388702982,-0.1333380860747295,0
0.20197353263727902,-0.06521037791641991,0.2609208853544133,0
-0.18250482384844324,0.0751061349244263,-0.11225494092879967,0
-0.06203869040629441,-0.06311015983934008,0.036475625944165715,0
-0.01407576268563565,0.06393071507271943,-0.04765888088736327,0
0.04948376607729209,-0.014849929233465248,-0.043625340085540185,0
0.00934721162211718,-0.15628324438773755,0.1789403980807145,0
0.1353898119742963,0.10014231786975605,0.13058626430225806,0
0.023051893916311926,0.07892497770645569,0.019409855474555978,0
-0.09906956412484062,-0.037076858952013896,-0.08660825356095653,0
-0.06163424610929568,0.020416748067935312,0.1284819872826267,0
-0.05700699061665863,-0.07737474805584134,-0.009174191618058939,0
-0.03482605515196844,-0.12374143024259512,-0.10185791226703295,0
-0.10963068019553038,-0.10032192134240384,0.06128085633169015,0
0.25791424642009986,0.06348380685664472,0.14032869502308212,0
-0.0697894449261768,-0.08454467628427517,0.03497375318835071,0
-0.06083846916983352,0.15906018173392583,-0.20092151073238323,0
-0.014087229523719314,-0.12266118533867217,0.03251717743368359,0
0.09847127349483278,0.04964915873581679,0.03847008578923918,0
0.16811093964347218,0.07738090510840091,0.031189948061680087,0
-0.11511029777420785,-0.09286738179265039,-0.006884634724557495,0
-0.04448937859625696,0.049905455282767915,-0.11519044155693199,0
0.13120435984855586,-0.2513493849050134,-0.04255482846395102,0
-0.08343085420316768,-0.06091240790825292,0.014245264969255418,0
0.09505586790779158,-0.12298425546749336,0.048277556514546224,0
-0.07374278068142252,0.1200931929143583,0.027904782261171487,0
-0.10156380162744655,0.028517569250641164,-0.008598481532705057,0
-0.04390592921608269,-0.08535848694756039,-0.06978587539524131,0
-0.06735956754725302,-0.07753865310594996,-0.02280064135019634,0
-0.07258440233373185,0.009488492433633243,0.06953058691320509,0
-0.013077945589683851,0.2330086381887315,-0.16442466335633715,0
0.12172045749415501,-0.03309859129126376,0.030285702731186078,0
0.19015151049689077,-0.11757618560171634,0.04851795504124439,0
0.1477920047239496,-0.05331566468753619,-0.14592802700005095,0
-0.15960652757354696,0.08632753106134082,-0.05157438045872795,0
-0.07032646316410156,0.09113727278397198,-0.0019781266532311126,0
-0.07416154145390512,0.0006164950890966887,-0.011861316035943231,0
0.03012682194669164,-0.00737785539621374,-0.052923902204699724,0
-0.07300211965447817,-0.07474183786554105,-0.0011857610391103083,0
-0.1094235321506812,-0.013695594635222734,-0.09889022537761512,0
0.18273110959347483,-0.002898639413225837,0.032112868391365935,0
-0.005828700296556834,-0.05800252576721933,-0.09184510783889058,0
-0.09188131926236259,-0.036945026055795964,-0.093861350979431,0
0.21572658926335092,-0.044391867892764815,0.02001286976218704,0
-0.07707191522211605,-0.12641267765454692,-0.16794070142381987,0
0.024553142452267643,0.012814395820003655,-0.1106287060354365,0
-0.09625968668970515,-0.18324629949590215,-0.005769237095608445,0
0.09066649157599718,0.05404378261425949,0.09685812200992276,0
0.09473563209939401,0.014316385917084404,0.06032467906882277,0
-0.07636265178108134,-0.0182190899287244,-0.2548526900921275,0
-0.03146270302648539,0.13100012099105882,0.025764002933402343,0
-0.07809668595953,0.012410259696141852,0.015386190095938107,0
-0.36116519125835517,0.009888393560756888,-0.11817242841621407,0
0.1363561284005956,-0.029311967622189572,-0.06129517614419958,0
0.16902114433377224,-0.05390928105236568,-0.02573743038247883,0
0.01641163388030736,-0.11393625494177613,-0.09372772678934305,0
0.12120395322923275,-0.11059315363610678,0.03994978823781008,0
0.06787575298150655,0.20106608471706894,0.02344951174788907,0
0.004664563068307012,-0.050735167137537424,0.01265073133740887,0
-0.08162612350627868,-0.08411212603065435,-0.04663548006594782,0
-0.06234739733210476,-0.04171953851190001,-0.07194198746410664,0
-0.07010422960985896,0.006849187556859315,-0.02005332701116977,0
-0.02718518654059763,0.009401019729863512,0.08555064976225313,0
-0.12211716989854027,0.05960806034465665,0.051570516049702246,0
0.1269980905270177,-0.008371362001340588,0.06923802869184799,0
0.0221200745175767,0.019842434891350704,-0.20292920955735505,0
0.11628328028759852,0.04439607142023056,-0.08990783897644067,0
0.09591420742233932,0.1076170721821139,-0.0406016937760205,0
0.015475642078185066,-0.042945848682935134,0.06054610534164839,0
-0.03169299993098368,0.061441439630998566,-0.04947504087839785,0
0.06799921160872956,0.029508960618186197,-0.14083592454444036,0
0.10050044240439218,0.03814040331929765,-0.07697314263951387,0
-0.02356931024647305,-0.05461030016321416,0.0814156984518961,0
0.04492958200467742,0.050238552471665254,-0.08969507818013242,0
-0.04426457869300596,-0.14994181028424625,-0.05531868403520999,0
0.19491795844876703,-0.10467276420191703,-0.018736220839597913,0
0.07141514349554955,0.041542076042129054,-0.0002130906842244344,0
0.07243519024278654,0.058675724451647586,-0.10656860917527611,0
-0.0662036448420799,-0.14668910330670532,0.024337909874660214,0
0.008134341713218978,0.09585629990237361,0.04492130020478155,0
-0.008009567368453012,0.0919510697738159,-0.0008838413717818871,0
0.018498687783621685,-0.11846488783365816,-0.08923678204900531,0
0.04351007350128382,-0.17332814440420752,0.0515624039404943,0
-0.13305805327116055,0.03380564461434581,-0.023925129993391286,0
0.039251025295379924,-0.0985355428640117,-0.11304132826958867,0
0.06425227326254197,0.056291266926864175,-0.16438703235827556,0
0.01708324670078294,0.021814593079802526,0.09662476241460692,0
0.019301703338469027,0.07639945881751989,0.05810857862725835,0
-0.024231849042820826,0.010695384962964866,0.007193194889224841,0
-0.04517666957236907,0.19512392789932156,-0.04500821434226794,0
0.173969944437324,-0.008550392238132615,0.04301519658645227,0
-0.10370220595490819,0.02535235249807711,-0.0661484322780161,0
-0.0836325886331685,-0.19986573947389957,0.08518569949589454,0
0.03846898992779799,-0.05283758304551034,-0.0919239992623444,0
0.06839030213762133,0.009898289822898846,-0.019124062749033104,0
-0.008181803134396417,-0.027448911601867063,-0.08760484005470404,0
0.0705003634619473,-0.16243422071096378,-0.05965409890922068,0
0.014839897803922959,0.040237991675545697,0.01086124239260057,0
0.07935398211167562,0.07246086062114797,0.10631851444713403,0
-0.08248355708978111,0.17633612549444377,-0.09935161815614649,0
-0.09360596718079939,0.1674495427798012,-0.16012313267315392,0
-0.12490553184963303,-0.1370771435664144,0.02492045194414539,0
0.043518338805697526,0.04468033054191598,-0.04081147411708162,0
0.015969543196557977,0.09426117722843919,-0.034416342364151566,0
-0.008931331355068475,0.04145518655590835,-0.18152717213051772,0
0.07090566300066956,-0.028230733407173872,-0.1660960501945289,0
-0.05470903208300374,0.059336027420664586,-0.1256025010976319,0
-0.12634535048938259,0.18806099124762135,0.07606620659509826,0
-0.17857923980907534,-0.2259633590393836,-0.06304186380576572,0
0.0749802601933146,-0.13920622772817692,0.08808596401374069,0
-0.07347626576477728,0.09531033919808506,-0.14999168528570975,0
0.18003978982079588,0.06698050584533709,-0.039249694902990656,0
0.09812135442687649,-0.006937080549374615,-0.0829853605570494,0
0.07223058195272918,-0.05389450930245471,0.06486157165118064,0
0.07345583852646086,-0.06585639076396457,0.09501384790507578,0
-0.21181015280256382,-0.011722506814680364,-0.12348853769212634,0
0.03763761877496719,-0.005060912058744059,0.039686266539687765,0
-0.1808553652892709,-0.03813217137695711,-0.06795370613947709,0
-0.04223283760772942,0.025699899454500342,0.00709798304781505,0
0.07997215912312201,-0.002484979437369637,-0.055028381531123875,0
-0.02585455130421629,0.07338341724587845,0.019163495555737348,0
-0.009160589088988164,0.11699952009143076,0.025252760856613155,0
-0.09101582491648819,0.023968080758509022,-0.009973623865489377,0
-0.0790138021767971,0.15791872562433837,-0.1540949720062067,0
0.004685846282987592,0.01344092004227063,-0.11975575021962402,0
-0.0045515268535738914,0.08912678976726088,-0.24614684084396582,0
0.006751347125632835,0.15563355166387732,0.10299790070415803,0
-0.022184116327830853,0.10619198903504923,0.14739875654883564,0
-0.035179903454861,0.02430076997310024,0.2637956053123269,0
-0.08233469114976742,-0.012476325142160155,0.08125596900615079,0
-0.10432106465668048,-0.12543666755651223,-0.08135676495567143,0
-0.033632831577239584,0.006067006654393484,0.041757657186279454,0
0.045061062905239965,-0.0479698486541727,-0.03776124229229281,0
-0.0066147285051046285,0.1090312004614761,0.08153356984201342,0
0.032071658587671095,-0.10487285215518663,0.01865864760210312,0
-0.07865148727688018,0.03108497744297996,-0.07517561423907028,0
-0.09920189579123882,0.008325820739043354,0.07590599663732975,0
-0.011198611113746468,-0.012126615088998212,-0.0033548493174857274,0
0.1454134606795807,0.021000233394283144,0.1364854771277798,0
0.10290748354353751,-0.04121905266561113,0.181061329701093,0
-0.04955953950231173,0.013565077887460756,0.04551281711086853,0
-0.09676926160126288,0.01048371074263273,0.09337659209389726,0
-0.07343777171576638,-0.01770954587880199,0.003903628603068822,0
-0.0906026831981125,-0.05665494685488677,0.10218068611503756,0
-0.0966253148546339,-0.017763758037661916,0.045418250957602505,0
-0.1872572299675378,0.01965234260209321,-0.17968955729671954,0
-0.10502884550351176,-0.05080953734327434,-0.057725106520071394,0
-0.026726044617299573,0.11326983249274213,-0.046556960780570054,0
-0.008869573626882812,0.021625762894903255,0.024054460086614937,0
0.06301095500367232,0.026974710857715956,0.02225333759459537,0
0.008750786414131956,0.05944411408883087,-0.20136975700523352,0
-0.025759190313875326,-0.14545841718603195,0.12698676472659892,0
0.014990982430941345,-0.08082037119135606,0.07040718178377257,0
-0.09763103487679639,-0.05760002887922749,-0.14769532681536257,0
-0.07987745752601205,-0.05910866203083651,-0.02423762446551682,0
-0.022798114397711833,-0.033800249279903785,-0.034560168746522235,0
-0.05439159515654999,0.05829026374372212,0.15487074997463163,0
0.057261303424593006,0.09877065682490813,0.11263757964162058,0
0.07355416025392374,0.028464588023399254,-0.051422007573195594,0
0.1327796837847406,0.051137876432799406,-0.12940852544867923,0
0.037342130451342014,-0.004005356874154538,-0.010651959780185252,0
0.025835541856945688,-0.02769049382076328,0.14313242631011766,0
-0.08618708766389577,0.0728686694040158,-0.07447058096248767,0
-0.04234193534247374,-0.002858925006756995,-0.13433157365225512,0
-0.0003437421866904649,0.07119386296860471,0.08592114693355977,0
0.1164092670408291,-0.004861411398131657,-0.0885264038325941,0
-0.16667243173150945,-0.0494119884121265,-0.0503292730787902,0
-0.07218980475343646,-0.05265050248472243,-0.1996182922225738,0
-0.06524075684935733,-0.1383836755871219,0.04152466177059663,0
0.12221624336230535,0.0199075171818697,0.058351192782823295,0
0.003462109145935952,-0.06621793105438635,-0.0433179796762779,0
0.11594948756968071,-0.08631420588523747,-0.040259697863379164,0
-0.012251820884166518,-0.10564850263552086,-0.190111077245099,0
0.04739477171894077,-0.007031804613601027,0.002715956406431859,0
-0.09275829888035747,0.12234384245068997,-0.03519405810888581,0
0.06937800236490188,-0.06801023558507822,-0.0278521198877903,0
-0.10535284486102443,0.09551120766170576,0.04083129476612251,0
0.13476644621217668,0.09391825196410694,0.09355863960326939,0
0.11461672232674434,0.038421892073328245,-0.030538052056098542,0
0.09286871297910904,-0.07928377366731115,0.11318555154600281,0
-0.17615859321591765,0.050883824157888106,0.031257458422299954,0
0.005080311068857717,0.0650051864785497,0.043019105845867385,0
0.060524651159263754,0.07269464820855794,0.059922989353101086,0
0.10360298289388875,-0.05073524952774325,0.055064316883076864,0
0.19927089732179007,0.20470362681247037,-0.16706062068214786,0
-0.05305200963555062,-0.056511752482463554,-0.07296142998437631,0
0.015315560674431218,-0.09337163061560949,-0.04528670779017848,0
0.14989929889491363,-0.03117287675740026,0.03326465492229982,0
0.032170155229550156,0.0874229502723339,-0.07258830879085947,0
0.07956873577996483,0.03528263411190529,-0.030834214868772043,0
-0.2739508272791492,-0.05121869937306994,4.0061491701038365,1
0.026812225683838304,0.11020350365357148,-0.1552092517385898,0
0.025824883255857575,0.11120587038781789,-0.04450543115644067,0
0.06753697461682791,0.0017646980257309494,0.014021576558477095,0
0.13736761164204322,0.10828217239480287,-0.05598921408762078,0
-0.14617217252148004,0.04698061550479988,-0.19297920447162112,0
0.026113109969504434,0.07080597425676288,0.11574178632112792,0
0.04554738689544499,0.0495526988354745,-0.057092118442749945,0
-0.18725384285832009,-0.04247652259217491,0.004117784904459009,0
-0.014659610617290467,0.034664991890693164,-0.1683230744335846,0
-0.20123577104935575,0.22565306741762736,0.05588999662633955,0
0.08514859150183368,-0.08821629486812105,-0.049750701869430265,0
0.011363669504432662,-0.08999905278871663,0.05011522697114305,0
-0.060636123368926376,0.009849760365801874,0.178562027457951,0
0.019882490763876895,-0.06797685493577217,-0.01702551161428622,0
0.007935532686350713,0.1571902225467918,-0.10915860419075085,0
0.16698139177808036,0.025904372648800928,0.15478718277611458,0
-0.013455202926473092,-0.19628958621338202,-0.04444040494017418,0
-0.19577277244719404,-0.1388971856564561,0.2072953411367251,0
-0.10285328304354857,0.2055120555086802,0.053931589190998136,0
0.006309219671455846,0.135718714038319,-0.10939617045533459,0
-0.08356745087344536,-0.09936861850696987,-0.10179851720486376,0
-0.04497979262898749,0.020899222100547805,0.012016785979746649,0
0.061984975958513815,0.20311766434849426,-0.062251499483266026,0
0.13389454330815376,0.035584172162421414,0.11950152106164669,0
-0.052443107940379,0.08598673124242368,0.061085186734350816,0
0.0063287876932859866,-0.06233288033275644,0.13726974785839144,0
0.0982647123249811,-0.09353890639677143,-0.018780564807393485,0
-0.08527805302545405,0.09354834730012646,-0.029766535858398686,0
-0.0473689698558597,0.11133451319422771,-0.1607895637602354,0
-0.19109069235364343,-0.07396881166901449,-0.04233608057105568,0
-0.07251571286093055,0.10140925338333506,-0.0037238401949779886,0
0.1371999848474135,0.025213716444365805,0.0045479777612523605,0
-0.09774622379729651,0.08403483619007768,-0.020367569879076453,0
0.0023291890457272967,-0.21326475663575023,0.02237752781810389,0
0.054341864335428106,0.028050413385379613,0.076700740256194,0
-0.040827199940613144,0.0019073150765881082,0.032925932561995226,0
0.15833278299099032,-0.14090546543339974,0.10618846460541731,0
0.01786129152189405,0.0484540664640616,0.004296779845949678,0
-0.11743296491357631,-0.09345418585358599,0.116166099267701,0
-0.009116024963093623,-0.0689919047434875,-0.1108133556986251,0
0.007524291540172548,-0.015810252901009455,-0.11305028568605502,0
0.052853245046292054,0.1044952390052323,0.23326012876570248,0
0.09717831507433691,-0.031691760267587486,-0.021592699905243037,0
0.015794840178964,-0.15226399466601226,-0.09435519170929862,0
0.12997740394136642,0.01416132998382371,-0.15972084712753887,0
0.13443398116451336,0.11893166491044838,0.0692294407301826,0
0.12137999964043156,0.1933515822297662,-0.0320457628288217,0
-0.08159562853644203,-0.08198461185957791,-0.07697308049742364,0
0.1424765841222245,0.028005404925045413,0.063410180913463,0
0.06581755845969305,-0.016747600858428493,-0.1244694418581595,0
-0.17181675605066718,-0.08437441765273379,0.06297636591681942,0
-0.0016325697986805665,0.012740239459684147,-0.08192009749313955,0
-0.15219345243057017,0.12953828089010433,0.05415841187432905,0
0.06946475462776762,0.07016713023283093,-0.09913844608270272,0
-0.10036872432220273,-0.15144851245472188,0.09737526757829036,0
-0.05088388031895094,0.14426155518417813,-0.029591944236028858,0
-0.05157583602532193,-0.08683820484692098,-0.16974075646124973,0
0.10040959981718628,0.012983911327399983,-0.05008186874369858,0
4.1368618789192935,0.0765714419730496,0.07603272539382389,1
-0.07474453013988619,0.0932680517334346,-0.13376833468340826,0
0.05373340398441844,-0.13795641925802637,0.030826870103823508,0
0.06253138542754612,-0.0399710422082921,-0.04151059120199341,0
-0.1566678506934336,0.16449750798243845,-0.08849497031139966,0
-0.005258090723991069,0.002521709321497187,0.30846009011019093,0
0.14593974707260515,0.2119198561043506,-0.011555341153987807,0
-0.00462184964732421,0.03116301571355026,-0.005980983551742325,0
0.044542013598964966,-0.058586665260875505,-0.026165846875699235,0
0.13375032982216312,-0.08102086803131488,0.003731475585831534,0
-0.08660558792767792,-0.014813133050070782,-0.13393156878463552,0
0.1854949023065663,0.01911644885017401,-0.1006192165986024,0
0.08017631907047139,-0.09230241291103715,0.014814031978588205,0
0.12378511481073345,0.009115629443453397,0.02119237329895148,0
-0.07602136954051808,-0.3169104526598703,-0.09866765413666428,0
0.10841669195885624,0.04814866827804905,-0.1966279214324185,0
0.1333307863788913,0.10790152713760136,-0.0074287921846898745,0
-0.04956923041376225,-0.1588027689743079,0.13466558633802156,0
-0.003040324176073407,0.0039453395517768585,-0.1022289516927462,0
-0.02992876216854312,-0.04804517258175108,-0.016364414059413475,0
0.11568123960985706,-0.0965796720312993,0.008932215019619988,0
-0.00699239619403185,-0.04284204812778452,0.010805667444171703,0
0.04295660604427827,-0.27596914517176213,-0.132531658034291,0
-0.0006223013170576175,-0.1460253849430902,0.1033651312899945,0
-0.11454290298749009,-0.11211402410688259,0.1968775866593695,0
0.16794555460485294,-0.0303523013209709,-0.11665461486790876,0
0.0407399262059329,0.060252155762354764,-0.23593119776756014,0
0.047971212876148035,-0.004791050891010646,-0.08842948066111872,0
-0.07338914482746633,-0.06970242032896135,0.0022093237952448457,0
0.039094470255555853,-0.020454269366025846,-0.013129729574439742,0
0.07863857832494488,-0.012023976320656727,0.010459248396912752,0
-0.12419429350831478,-0.03313729364878508,-0.07697652523332185,0
-0.12036959494959626,0.01577359714507756,0.2603173585561511,0
-0.06547262846248135,0.060907336352375996,-0.12687351378886333,0
-0.0029602845570368234,0.1299660853202485,-0.10300738423890138,0
0.04465799469391995,0.014080803849979694,-0.13511764187082748,0
0.11021406835400244,-0.1755203643686876,-0.2736542734262634,0
-0.17897027830230336,-0.13194517952288473,-0.026975066186838367,0
0.0498718526447642,0.10987539002510799,0.03974378018438823,0
-0.10837605296012631,0.09258395156825477,-0.11692919423613668,0
-0.037309317731995764,-0.00018109351705235352,-0.07742903834918138,0
-0.09450411770744131,-0.07706962858279992,-0.03111268269662943,0
0.04924672981623022,-0.13195646990428228,0.051926392598779014,0
-0.09584296959086104,0.05911735762570047,-0.16544558296253392,0
0.17661247175162512,-0.14496415097543447,-0.026347428686213082,0
-0.0720427971544272,0.008220625371920648,0.05440553335965024,0
0.05343301524813641,0.09492199222864771,0.10690861353928832,0
0.11689550218643044,0.07942596098691568,0.12352830795436774,0
0.2372799468248637,0.0010744198269582578,0.010309508346216975,0
0.08182568307671467,0.07494646907573269,0.018369425534014692,0
-0.07783686945891212,-0.09534331786199596,0.07703230043873528,0
0.1742674314528954,-0.03288992684720945,0.06251105551927708,0
-0.05454430474049136,-0.08647418774605656,-0.14093614030294882,0
-0.0013926034195479297,-0.20308038504831188,-0.00762293346675968,0
0.08942015024529987,0.0403433060386795,-0.08654120709160501,0
-0.11170924251760184,0.08614214304272128,0.12957300012296627,0
0.004074044876275026,0.1262734666923433,0.04409890676112696,0
0.03637983291743472,0.07537207367419586,0.10241866174903724,0
-0.056893055270164306,0.0991730256852989,-0.03436531381264274,0
0.024629401868963473,0.04342486990472281,0.12353795774085088,0
-0.042517197304977265,-0.06827772783959213,0.09222935061932658,0
0.013278432874962241,0.02022796281830511,0.12556227065900644,0
-0.05090795053579074,-0.08353380704460575,0.0118414535562332,0
0.04790355263368618,-0.033843163572386,0.09686131457908809,0
0.0475064676392265,-0.15148277901220233,0.24365852533345989,0
0.04218810628769913,-0.01812383840018857,0.06038840037575219,0
0.07031309592590533,-0.09757406351106926,-0.07612423439293474,0
0.09945334024677271,-0.09114445506211874,0.0002954535208762779,0
-0.07138893488420629,0.018431481448479566,0.08593001558081385,0
0.16439020513246205,0.04933332258134663,0.10576247789983753,0
0.009944657041754618,-0.049961968160081895,0.06353869088991053,0
-0.07768953173662224,0.04284715552327181,0.016112477989818668,0
-0.08556361102355585,-0.1418197592203275,-0.023256376090486516,0
0.09364764106650313,-0.08546829074379406,0.12747713311668338,0
0.07712165034540813,-0.07920068697141097,-3.968791410811066,1
-0.04069667925960162,0.04332743094915251,0.29141245898617485,0
0.0537512958873045,0.19615286531950496,-0.2530831802784061,0
-0.02468112705617136,-0.06431130254789838,0.13718765049295592,0
-0.20636867230941075,0.0620271630678087,-0.004492717071848037,0
-0.10656156708964433,0.0005689032781279724,-0.04878778572358103,0
-0.06099809877019183,0.05100995235111473,-0.005579973417252856,0
-0.06978239312176676,-0.011437413644303597,0.05339439680855501,0
-0.049615574727895184,-0.11783686663573328,0.06966872945363119,0
-3.9887924224528,-0.033724729395939144,-0.06927339247345024,1
-0.20010150919310765,0.007363584014625519,-0.09157917891165818,0
-0.055972545910072294,-0.03268091011012435,0.07566930706042638,0
-0.015744073302156002,-0.043580590006592465,-0.022203668831367627,0
-0.08802251493290587,0.11363969252253699,0.0775203765228948,0
0.1819278609854127,-0.02535388798306347,-0.03474564234315066,0
-0.16672446718474207,-0.11375724793620177,-0.26480966055008964,0
-0.13785852434599583,0.05497770206210833,-0.02846224958164788,0
0.030111332862781337,0.028178575530353425,0.10215629176685465,0
-0.08552084958985462,0.1366434455410406,-0.01010870590108192,0
0.1631181796112799,0.14558094068313898,-0.04088553304009687,0
-0.2051096148143846,-0.11339837303876354,0.0045910835077761095,0
0.09253830460331383,0.1077139171813562,0.1327003624161307,0
0.08941400809603624,0.010021269992364319,0.09396541577207988,0
0.014333927552020027,0.023180750031619166,-0.18397501287049478,0
-0.03409931961553891,0.0034744792511015965,0.0956621227788873,0
0.06626640411354649,0.0411283068440538,-0.18123934073064515,0
0.0020352479064301874,-0.003956745398971144,-0.010050396888294476,0
0.03549176367309445,0.09565972278394377,0.04676557770055581,0
-0.07982999077074893,0.09395210683495514,0.1958303704084518,0
0.1903912272208779,-0.13235694503430137,-0.0018920641868321157,0
0.023287901237768353,0.03750971664076147,0.014371363252416634,0
-0.018529485627466213,-0.05969983525809818,-0.14081130377109544,0
0.010240741737745042,0.012520871100362752,0.04881917079896639,0
0.08561845620075842,-4.177308301770939,0.003909021926398147,1
0.12138551889620958,-0.07606724279324108,-0.17254755940854438,0
-0.013540878276542016,0.001326921178400264,-0.060577349817180486,0
0.09525296642220545,0.060391103683830195,-0.10930579893125428,0
-0.06711944901870064,-0.1926786861931673,0.17567326447820164,0
0.10230666751039577,0.15499311859567905,0.021607100000038248,0
0.06778796292451615,-0.024301519677339716,-0.08537406144297115,0
-0.011248827397537492,-0.00832791392956926,0.12015602783775321,0
0.010182003357140751,-0.037405868567686205,0.03005421654411168,0
0.004948509233294872,-0.09398580878951593,0.02925674119531296,0
0.06857503734807048,-0.1571513698260591,0.05234702286046186,0
0.048642212539293884,-0.06441211213067831,0.20809047960901192,0
0.16587510523258486,-0.14070116783084533,0.045545039492961126,0
0.14178917133653532,0.028690509830941013,0.08044655455568668,0
-0.17411249394855732,0.14071909024564752,0.19938979765514042,0
-0.06188640162816372,-0.007444882454618353,0.1157044647280941,0
0.07334051534565555,0.12561820460591214,-0.06882952341065919,0
-0.07409265177432578,0.14628071849857074,-0.1651753140134619,0
-0.051013189449137776,-0.02176338203237991,0.19409308571969328,0
-0.045050156588862585,0.11794500920437319,0.16073900316598294,0
-0.012357710988673661,-0.008799875113368194,0.014017977873502695,0
0.018451573833774968,0.0426029478134497,-0.047688409900265086,0
-0.050273508682884493,0.03721139380138431,-0.013372528976802335,0
-0.05009849241517961,-0.01185569653576153,0.10784502005727295,0
0.033830123394584265,0.08753596216474667,0.14766123992743704,0
-0.16786460991751884,-0.08483291517406617,0.01571634568267542,0
-0.03651706488274646,-0.24895171130636623,0.1404310985956824,0
-0.010640754966147345,-0.021905156420683317,-0.001682604465031666,0
0.015783149667205874,-0.012540793799209882,-0.032870072423775945,0
-0.057555568827058826,0.01310372620094244,0.0004334846391775854,0
-0.000338456201570597,0.13470967361135297,-0.010833968398019868,0
-0.054965469688532435,-0.022351219859387737,-0.03941740227907348,0
-0.13390933814283054,0.1748624205425462,-0.1308812694929706,0
-0.05920986306940266,0.0528755319983549,-0.013464886552587036,0
0.08341156862994703,-0.07729607310578167,0.06958975758005435,0
0.036414361685520126,0.18444843563783758,-0.1295808351395756,0
-0.01071757306988382,-0.08407670670781969,-0.047414990364292815,0
0.009312779061811025,-0.060377678789634306,0.03576155798999488,0
-0.1951243208313747,-0.047776819807795974,0.06440001323460989,0
-0.026493598793797774,-0.07669581691871846,-0.039337966458405815,0
0.03148973208275992,-0.06868881888698024,-0.04066499624582459,0
0.12435237555255224,0.03256444001680677,-0.16580222277938395,0
-0.05682210066656904,-0.00610019984035202,-0.012635607930284554,0
-0.0011181478049716118,-0.15521167132101762,-0.0755106973601124,0
0.1396115552248826,0.03946023240674393,0.07341553993962528,0
-0.020417216279326023,0.24556486640160982,0.024313873635953873,0
0.04865986496449117,-0.0037007430211863225,0.016935917900901886,0
-0.0358364917978657,-0.03690263609132776,0.08656437303840253,0
-0.021058897926360086,0.1262374685724098,0.055372308615084354,0
-0.10716171783649778,0.06960656000490456,0.013641340068125774,0
-0.14475841512698637,0.002157998387235171,-0.01162960011906246,0
0.13965771357683163,0.0022080501951290666,0.07447091135351745,0
-0.05964566376036726,-0.010355461638208704,-0.0958142839852407,0
0.019720637980025667,0.08113154676262974,0.11814593857532472,0
0.00979240255844202,0.025885541622667093,0.0888003363444759,0
0.18276613284455323,-0.0031382542574409458,-0.036439225843310295,0
0.17505646116660056,-0.09807644049324017,0.013744947851146966,0
-0.019053094590038528,-0.0145671993233606,0.1239101065955107,0
-0.06860710061575094,-0.002573596948458212,-0.022798442899658922,0
-0.17917773006691146,-0.0821249927189635,0.011531414440786507,0
-0.07550853105845655,-0.15925403589992856,0.13249171952602412,0
0.061927498126392866,0.029452261204021,-0.010813032150979491,0
-0.0853974620963926,0.03473450513951763,0.004990367308299118,0
0.05874128192418735,0.016072507707077868,0.20114275017008676,0
0.021387183548690573,-0.05442604046008967,0.29602637660816494,0
0.01334542462945821,0.11318732349827271,-0.12704813125754558,0
0.005987845563401735,0.189181684540712,0.04228617221818068,0
-0.1426195500029402,0.051010194176927065,0.004140268000484156,0
-0.019691301240200406,-0.12246567485783849,0.0996768351335103,0
-0.23081975816196998,-0.08021473259586537,-0.046152909265165985,0
0.10079702756661486,-0.06793814624111032,-0.07907602044697831,0
0.019376963847973466,0.0646937702497839,0.0025914029747395894,0
-0.1415544609776553,-0.21080514239131154,-0.05886708929901366,0
0.0720463535531677,-0.07995255883077701,0.002514795647674102,0
0.03073399853865329,0.14358433322770933,-0.08282392718531222,0
-0.19615577858112102,0.09995134221353036,-0.023697086991161322,0
-0.16136069032609746,0.039943303225381796,0.12839805675823113,0
-0.08132862144426688,0.0630946081225433,0.10880765144838041,0
0.020307533063132373,0.0021335225573310902,0.0867241132881854,0
-0.03392433325922383,-0.06647904566327031,0.09620188451298034,0
-0.037059608365547454,0.09739133694313279,0.023845893551354025,0
0.08749912076560717,-0.12081728005830146,-0.04449150311568121,0
-0.018662953777265585,0.08080188613132416,0.034343780817390195,0
0.07757199968719676,-0.01682858118369655,-0.11071010146745414,0
0.091776164466136,0.07855793872755434,0.03836768294708286,0
0.13795461673438333,-0.057671382001883466,0.058206541785817294,0
0.06544457447908773,-0.03693640856876068,-0.10707874543171991,0
-0.03916875185767462,-0.1486913871429124,0.019247957880362876,0
-0.0989139668511435,0.1254783585816793,0.1478435616292666,0
-0.14259724303691967,0.08930513015648787,0.12879344424696523,0
0.06363980280842059,-0.07248167907386387,-0.1304532140212562,0
-0.10491146965333578,0.16991759546937085,0.11592492051390227,0
-0.07715727417380382,-0.04172522341887927,0.24253083456247768,0
0.06843651843431568,0.0353821423407007,-0.05390995350949801,0
0.05512826573141638,-0.1912280132004957,0.0009114263541720992,0
-0.02357602544332589,-0.16035955491557496,-0.10365838873095785,0
-0.010901901987298046,-0.07193105222356524,0.03798237378719126,0
0.15359614160259727,0.11380614594799553,-0.11966148496862622,0
-0.06575724064036709,-0.0008555057417765137,0.10617185058311854,0
0.055250103958727564,-0.1134539842766357,0.1479133119079792,0
-0.02877944251297146,0.1332219050797517,-0.08941872773361387,0
-0.03738939176195492,-0.04523651294521141,0.1122251123293323,0
-0.15166079114353706,-0.18997064402837877,-0.015321270677275275,0
0.006833198773643641,-0.012133111725059174,0.05293755293133508,0
0.08787636137703236,-0.03687290441024704,-0.18852936995950484,0
0.09499228043394953,-0.10766093596677886,0.08190556733726045,0
0.12849450438749163,0.11486562520461219,-0.05007369107972001,0
0.08486606082595935,0.12298051138005378,-0.024997676952870668,0
-0.11510740236110417,-0.06121299384113027,-0.13874009437764628,0
0.08223777081748801,0.06175719270754302,-0.005368804818812393,0
-0.08321266923223167,-0.13204686455388912,-0.14569893248842,0
0.09032165327021735,0.1446031370472279,0.00110166303013389,0
-0.05547528281686214,-0.17270755901608395,0.12742922786888186,0
-0.17553412009589306,0.08613305525002775,-0.025870230454111704,0
-0.19270765660178846,0.017619378199888444,-0.18274500696066395,0
-0.01524731821088047,0.12917439430368324,0.0683934738065308,0
-0.01159323189665057,-0.006121409308000375,0.0020663502629088035,0
0.020884865689484652,0.19961074422958158,-0.12730676361463497,0
-0.16296588008354274,0.09609530517776206,0.0006261690874787741,0
-0.06989790109623902,0.14049217907331724,0.05656775875273845,0
-0.15389071790584577,-0.2159603012473338,-0.1820583214365548,0
-0.17704666860125218,0.02552316572501543,-0.053727863345265185,0
0.11647067674449614,0.05671977864929872,0.05054669691444025,0
0.08388646970976611,-0.14336400541944216,-0.04091356722876248,0
0.03401385023711533,-0.03087094260631243,0.013207817000099528,0
0.12284804497964603,-0.1214157221359272,0.20314419481031676,0
0.0599613464655174,-0.09367874964092633,-0.052972713962493104,0
0.11552866726651514,-0.13356695222651746,-0.0042943781852031945,0
0.13052511054179894,0.07361959055883757,0.05281642299193199,0
0.11300192957863123,-0.07463170270872181,-0.02060272815522385,0
0.13779731751151042,-0.08467427649548896,0.16182695252974014,0
0.013120369874889555,0.004716083270594315,0.03818088584299728,0
0.0339573435402424,-0.14407507707630582,-0.0916950273870438,0
-0.026718294298302338,-0.10179127237841773,-0.19861856628360575,0
0.09687197155156663,-0.09827990084958266,-0.057225579935218256,0
0.05730121665335661,-0.005892298421151906,0.1000792589360179,0
-0.15699475606802316,-0.11285743774774443,-0.012872790090305323,0
0.05965775741561087,-0.1071803320426086,0.09278499586689977,0
0.027340660390617597,-0.013055515175563588,0.1309611352510065,0
0.0007566661157834952,-0.029112711300127075,-0.16548370417714114,0
0.05072290115344196,0.00573742266538952,0.04981781853323307,0
-0.13725135871558677,0.0917913474861246,0.010114033447017437,0
-0.04387598277224381,0.030131632534029812,-0.11281356858370771,0
0.018442135514658887,0.12777467850065258,-0.05325876821575634,0
-0.06920974102502714,-0.060681221194210926,-0.011986318453561299,0
0.045509536644101886,-0.03879388545129536,0.0984157015442904,0
0.11443669744664256,0.06299025931281416,0.07326150728969155,0
-0.06408218528692523,0.15818837108844816,0.07800974490762672,0
-0.11043911964600393,0.02355978933336387,0.009390659239461759,0
0.09880235621729157,0.0057586803841368425,-0.028534450250017523,0
3.9455570356003076,-0.06070902086186208,0.12104834323181478,1
0.11527868638657446,0.13648781227705253,-0.04117257971834747,0
-0.06712983283089383,-0.016584187274193307,0.16021996762907603,0
0.11904462559477894,0.10885357903949562,0.02471802148681537,0
0.030398194477154236,-0.11732748101915476,-4.01143069440701,1
0.014762571652490784,0.18647574803232703,0.04554926174418983,0
-0.11525505839002032,-0.04620888927339298,0.05216246921149455,0
-0.03174967053214867,-0.01730879044164694,0.031687982793664,0
-0.15395385024055708,-0.018680150267869046,-0.043417875432276924,0
-0.013106484630939011,-0.02215755233355976,0.19704905504582731,0
0.01701720632500427,-0.06812934259829757,0.08993399562269472,0
0.09273498581636411,-0.028669645689387457,-0.01689964091486001,0
-0.13058329457003484,-0.11429164220449661,-0.047679530137107996,0
-0.10320293464756745,0.041533679324973725,0.014748223950509924,0
-0.05651627652201372,0.04399743091551756,0.0542301571064585,0
-0.0740628379647123,0.20903854684569492,-0.09932440720251304,0
0.12635581436142074,-0.055101416623025236,0.0514029529430459,0
-0.11822352461335182,0.005730415906886637,-0.026757206132727324,0
0.025097142864459517,0.04371442290058541,-0.12424754017500184,0
0.01890064975969405,-0.016767451953608452,-0.19682453017814688,0
0.029559444625098154,0.06318307278222639,0.11259080306083641,0
-0.11385225364293933,0.07926890360944383,-0.014097113723072938,0
-0.16367150486324877,-0.07758233041988385,0.009356482787248502,0
0.05946579008380655,0.08647460508363738,0.0947565052897334,0
0.01257346626113127,0.034797260253624965,0.09733890218047,0
-0.00875988446490993,-0.019527073884489647,0.22200494789010494,0
0.08501599359998424,-0.07391258422587875,0.13349529695712783,0
-0.005691063833654073,0.148393759889249,-0.15987313906353717,0
4.00972000089295,0.07202210006073674,-0.08578759621935347,1
-0.10753502742664106,-0.2420530799532805,-0.05704569746367493,0
-0.023964132898383558,-0.008655235556941365,-0.1666984850437627,0
-0.1180188412290144,0.02373798703266558,-0.01898838869961489,0
-0.025489147713642576,0.013329328549976328,0.09591945093330069,0
-0.016676412869672027,-0.015680223484775796,0.18540007875525974,0
0.045581840741152846,0.06159439988679704,0.12688350801127812,0
0.023286358654924233,-0.01258837601017411,0.08245573195991146,0
0.08487614164852463,-0.04639608703183733,-0.04806039203099091,0
0.22191729669300636,0.03798475788781984,0.017093124939510367,0
-0.11346808151257125,0.03447658810041579,-0.037146447950581425,0
0.03441751816027251,-0.11844257637228771,-0.0526576584261588,0
0.10836347022108495,-0.20643715843612093,0.17633338721261915,0
0.04147305099215053,-0.10958181158311081,0.022049469410308508,0
0.042374466887511154,-0.11255933040418042,-0.03225414393865251,0
0.03313600042198528,-0.030950747134590374,-0.024404017879383677,0
0.10673579084633299,-0.10905836426128424,0.01827059189009739,0
0.2030030791667927,-0.014240580138236682,0.047285635086384566,0
-0.04169848958011057,0.16210346980215673,0.21245056375879234,0
0.13236988023970836,-0.05554686937155078,0.08383135715772866,0
0.08033941830563361,0.11560244355317556,0.045959441443191626,0
0.12316474936905507,-0.09197735786759503,-0.0006574189175347113,0
-0.0028957559309781707,0.11887774686679771,-0.0796885273461455,0
-0.00810508905097179,0.14703898191104733,-0.009104937849397218,0
0.031753042355900304,0.12525062394691236,-0.11399350548722834,0
-0.11062629173009618,-0.02691258743717109,-0.19729642890356722,0
0.12340014993017118,-0.008693456444677321,0.003962259611035734,0
0.2423317790604761,-0.11914726448288665,-0.0839963717827325,0
0.1346636409028865,-0.106980734321,-0.05137000822998155,0
-0.06087828350120984,-0.10388100015946616,-0.06173481792205755,0
0.04184473218301765,-0.10735357814529614,0.13740608338808252,0
-0.09811960033563463,0.014285838194473125,0.003831022933036822,0
-0.17579693682453693,0.04416146788267545,0.046712984600703326,0
0.09987969704483328,0.06741974175158717,-0.07777238994142778,0
0.08984878854255571,0.0762583770352531,0.10126339770212629,0
0.018467011660205434,0.06075444988450277,-0.027166253791992168,0
-0.13806114608948175,0.009454026415296612,0.019046930662419186,0
-0.06844364640633258,-0.015928370593230358,-0.13109945049593644,0
0.015894962798859824,0.03535393337406315,-0.07234657464557132,0
-0.11578835537793747,0.002169483617158197,0.04209891220254023,0
0.011821727770741199,-0.11725351442258364,-0.09269950942165238,0
-0.12073563003808654,-0.19225233669662636,0.04350967728696427,0
-0.050935235506551935,0.16394495926626498,-0.19034271055865926,0
-0.008221282164690981,-0.06780317628842178,0.08100884458335365,0
-0.06028409789995855,0.12659078582685138,0.016097779752982485,0
-0.0933723400236012,-0.09821906556538666,0.14740211060332092,0
-0.057917582971027906,0.10957694585377283,-0.15438342854804255,0
0.03863707512128008,-0.03972513091619964,0.08179189648763069,0
-0.11050955007419763,-0.10797034823585877,-0.05621812209832355,0
0.08339756353955284,0.2994031283709838,-0.01892853532530409,0
-0.014679115545285651,0.04265938176412973,0.0690338679200102,0
0.10182550893802565,0.12607598106185577,0.03015382093094421,0
0.08854479897061773,0.008873634002346857,-0.07309137684606004,0
0.09555458038902254,-0.07026983073816269,-0.0255253673865399,0
0.07613316509029422,0.23565274222221252,-0.04355527724682736,0
0.05135476959182764,-0.0952753025470575,-0.03697962155018676,0
0.05090648021473714,0.07655069667234599,0.05929601451454613,0
-0.030710277117335618,0.017192006841594883,0.1458206929201803,0
-0.21310255383224158,-0.07558125478832328,0.05937128186371134,0
0.022777839208650896,-0.07553747569704615,-0.024454376439271966,0
0.024764532461321643,0.057443714285512294,-0.08341943212812003,0
0.10549779078341491,-0.06239948240263737,0.05699780097978179,0
0.11436716025069288,-0.20274606182730467,0.022542468984692147,0
-0.07438307410509788,0.11246350882386996,-0.22644103990577902,0
-0.16297921398240425,-0.07579626612438319,-0.03680304516012541,0
-0.017015303865422462,-0.08679454405282834,-0.005551017286595912,0
-0.04758402480176917,-0.20121856174615105,0.004931508053197333,0
0.04758341512330899,-0.11120592306256966,-0.006154588323492462,0
0.11589428759054687,-0.019148590104478683,-0.028309027194644145,0
0.029015153361816533,-0.15879062540543198,0.0992876352947495,0
0.005949402221015491,0.04509768451565967,-0.009723132519993193,0
0.051611009808735855,-0.11787778397922427,0.06460772430847177,0
0.017883050239124038,-0.1603851447453373,-0.2095713588727548,0
0.24427437617541337,0.011933994110470976,0.03978173040243441,0
0.07908514564864923,-0.09634483191015177,-0.28450532210183277,0
0.15034191270345154,-0.05216647992756926,-0.13332789249196192,0
0.154509418340266,0.05156510555523178,0.02947242263861818,0
-0.1240288383148248,0.09716874292676675,0.1208887414057867,0
0.029571388629099683,-0.017554953583482857,0.19412418314728,0
0.030148728226557626,-0.018475735784794927,-0.0382510069328759,0
0.1008526974552134,0.05927683955774508,-0.009080013142275417,0
-0.05795007198331969,0.19269557678789997,-0.25615234578500123,0
-0.032883579803160416,-0.19701110496627844,0.13950521216875963,0
0.08663387608448045,0.1585622009087604,0.07075216438118337,0
-0.03717433872321139,0.12165614412909831,0.020768458766957,0
-0.13643423166072374,0.1069079367317684,-0.1770531478066461,0
0.21729476861049213,0.11007297954138029,0.04592582328340336,0
-0.06821355567996619,0.07341939433634913,-0.08265499778823679,0
-0.018561283467634828,0.013915512716700433,0.1279269042632983,0
0.009410418975782504,-0.11491324663884724,0.025210778205308877,0
-0.03375248280807471,0.07737117961228468,-0.07995589772484929,0
0.06728390005140077,-0.1511935971936621,0.03430409432923689,0
-0.08694572011406226,-0.03339753471681716,0.07882831980771823,0
0.05512627765743942,-0.05132761581033879,-0.01377188786016668,0
-0.009655048349188549,0.09081562013563932,-0.1410433321205459,0
-0.0380598139841028,-0.06449638884946288,-0.06888274288739377,0
-0.16615515540829703,-0.12740623186476874,-0.06550516334323674,0
0.07793163160900196,0.0560488086610111,-0.04473259224818301,0
0.15275876366580454,0.215827406778892,-0.09435238252367106,0
-0.007050486238642798,0.0005903663284511482,0.13468994141925125,0
-0.1947598095419758,0.15838515086482732,-0.1326738992671652,0
0.026172787569911163,-0.15130382080245994,-0.16278641851302408,0
-0.052068451553720474,0.07267838257251273,0.07500153020278806,0
0.1353351478411499,-0.17158165818042326,0.07485418087558617,0
0.1037682136913448,-0.19418810520694615,-0.040787519208427096,0
-0.051710177910440636,0.03434785583874273,-0.13169116023293356,0
-0.07671753732945114,0.12445892200864922,0.16692641368508845,0
0.0639305302302781,-0.03266132162583551,0.10068132650369135,0
0.005673709257790742,0.022417050976066687,-0.051789987176152665,0
-0.015425536695728204,0.04880729287404393,0.06779788867279689,0
-0.17382071331432014,0.04028681935378335,0.050094888035840626,0
0.015274826028513239,-0.08975382406974339,0.023542695746628164,0
0.03977981713270026,0.034982239150149766,-0.06413311501567313,0
-0.17393453720745067,-0.012919909795533159,-0.02956325055504876,0
0.058914091850224684,0.024217592644219632,0.0270540804405046,0
-0.12273689129687244,0.10117822072772442,0.033817158377723956,0
-0.08797835092804118,0.016041146582808547,0.032306567868554084,0
0.0637949183106829,0.11595278224617951,0.06658270067921566,0
0.10938343399695771,-0.07009467907533608,-0.018435223386143947,0
-0.07090632730065952,0.03541751745456052,-0.06157661794538514,0
-0.11604562484771781,0.048239649075246534,-0.1275189581317164,0
0.017978567157101187,0.08716726184040498,-0.17964663088258717,0
0.21441890048532614,0.02669675602041743,-0.06526707486794238,0
-0.04473585351800115,-0.04954934396726395,-0.09969590109468404,0
0.02388026088750128,0.05245695223017702,-0.16820937105378186,0
0.09138964156151026,0.050629323902197834,0.05509283278519561,0
-0.016035806410503086,0.10023657744964287,-0.07024489099563558,0
0.10142104825984669,-0.019556983727315614,0.06157924633143356,0
-0.033831905576954015,-0.12771702933239282,-0.018252771145546902,0
-0.009325201370801865,-0.2071431484161701,-0.0034790157584632686,0
-0.038724077129487666,0.05455830981735247,-0.1218606549552404,0
-0.16269895172284624,0.0463229286929254,-0.06883066484368754,0
0.18512436585814002,0.11876179032750485,0.11904234573536382,0
0.12548648017937858,-0.048736084611848335,0.0601836293285294,0
0.21771333192409942,0.07441503428579047,-0.05686282539344965,0
0.06773048170705086,-0.03842568441130639,0.03606294436273027,0
-0.07894093814179266,-0.05905792678245321,-0.056043532101828886,0
-0.0314429975172126,0.02429646748482249,0.038780007105229844,0
0.09587586283998989,0.03247410116829528,0.00014370491917182143,0
-0.05255509453297295,-0.04925961747873929,0.054758560125727655,0
0.0441973276296084,0.16209217894056188,0.03804394848481769,0
0.11536920621064878,0.0126229019990286,-0.09311629360725326,0
0.1396263498034921,0.12431009389462032,0.035921283882292675,0
0.1951927606690655,0.2254463332379762,-0.05335079630956344,0
0.016775008727044276,-0.09482935654578421,-0.0475274649887783,0
-0.18420214434818175,-0.1608216911933717,0.014704512235177047,0
0.054338205882445235,0.11983301168269041,0.2449536372704016,0
-0.0876963765113676,-0.025955824355028835,0.016520555392495417,0
-0.2122372237478849,0.03254305399990011,0.14164246831656058,0
0.03102562146818455,0.07548785483726506,0.02723865980392558,0
-0.0572047724703937,-3.853743266955572,0.02571217339109674,1
-0.02040083262009467,-0.06304007848345279,0.0719657185541369,0
0.1652797063783059,0.07186267982969162,-0.04436306583139421,0
-0.101548774701207,0.08404272806392069,0.07339945878844673,0
0.16200097822232265,0.019238419190021422,0.07574045140376293,0
-0.0022850573033973078,-0.14327493681912837,0.17870041060100583,0
-0.000648832680234889,-0.1272041735601199,-0.04397885867649658,0
-0.19651959110737827,0.04464668570522931,0.05267116028012175,0
0.031101646326044143,-0.004622561969748607,-0.018758759839970305,0
0.13453717603600832,-0.014893443004379413,0.05704294516769325,0
-0.1847324918571862,0.15318156810840888,0.036357995727808866,0
-0.14211264699603962,-0.05348170485453768,0.08906267712187721,0
-0.05324067551205358,0.09112796924496554,-0.07885352613563053,0
-0.19465665863270432,0.007034033483598727,-0.01952572221411695,0
-0.0022897744433736772,0.09297019114959743,0.02287214376045657,0
0.020478828125189294,-0.11709470757519741,0.01455738340640338,0
-0.1716871032189061,-0.09707052999338288,0.014007143826190005,0
0.05894486758742619,0.11105020623286421,0.2304397786807881,0
0.10528212055074243,-0.03519886337083707,0.012463690802316506,0
0.043916012751078065,-0.006061581683830069,-0.04105443131684297,0
-0.13927198366911464,0.09102649043406486,0.0297091298556556,0
0.05529955623489721,0.05701019862836712,0.20462096080614967,0
-0.03230478598464461,-0.15097894159909325,-0.12720319827040374,0
-0.04206364060957731,-0.11263119553412591,0.05982905068327339,0
-0.017285225867979443,0.09105446507040299,0.006151065718958477,0
-0.06232420563280442,-0.07089659213145307,0.07635277854968607,0
0.05878488880695636,-0.16084298255462323,-0.1576443904994207,0
-0.0134365382914062,0.031963714618226446,0.10914626602399809,0
0.017620954247588607,0.08518225495024442,0.013430267377519609,0
0.017112420811269624,0.010108501120700783,0.10906666318279268,0
-0.03385467576641832,0.08199545829709154,-0.07678694388648771,0
-0.003120808629211279,0.10669304208999984,0.04672403828405566,0
0.004153721969767986,0.1227896397681238,-0.07158452824109605,0
0.0032072869636143456,0.12966515989546087,-0.00829306857435927,0
-0.042940247355975056,0.055319081624235766,0.016081834696863598,0
0.059226086899153624,0.017220278102638556,-0.1273475156037916,0
0.0714912829883736,-0.047859398669346104,-0.02430343632226241,0
-0.05517847473904337,0.07322318913215557,-0.07479664070739923,0
-0.09437647095296602,0.12922533436708575,0.04032544445903046,0
0.11924336252495256,-0.21068194507077617,0.06602561121944704,0
0.0025015326082867186,0.0017610662860871981,-0.036722563453748046,0
0.10740439974850087,-0.10938704674683067,0.004020336336993501,0
-0.08927895741200374,0.032277836438536954,-0.029760931697664486,0
0.012913377881817826,0.009288644066064772,0.2680632432559149,0
-0.07946435851817196,-0.07075995593046573,0.058608187493841814,0
-0.05328222875358747,-0.089497198219406,-0.22551967094266956,0
-0.004127474577264768,-0.06893409886339812,0.0600283180983739,0
-0.0010222032307559406,0.15940299487177767,-0.0874849725265946,0
-0.01468235838532258,0.15118575014793365,-0.07146185386021703,0
0.08900092621368638,0.023097285446163643,0.0497196722652557,0
-0.1526136741253,-0.002083641981361678,0.11412108736989793,0
0.1526469322885117,0.20662619792655393,-0.05437869855200287,0
-0.0575645826407755,-0.03797878997254333,0.23434394359732616,0
-0.023695892810197624,-0.18180435131791806,-0.0387896246981497,0
0.12722752192520137,0.07858202959153529,-0.03549378232856371,0
-0.25336597677545414,0.0378183408978878,-0.011648044461937903,0
0.05750528115151224,-0.07401135681176445,0.07523355362765477,0
0.01760315549026693,0.028430432441560374,0.003162582393300792,0
0.0579888486374333,-0.12937062999762325,0.1294301901206446,0
-3.978422823167428,0.1011281475204269,0.01859486530581077,1
-0.1212952265575005,-0.20103605557606685,0.12325169816012677,0
-0.016169312947256924,-0.143691375272799,-0.03642520558506281,0
0.0342776225432233,0.07188647702628251,0.001133463219554683,0
0.06139702134272667,-0.03523356030979159,0.024923140352963783,0
-0.10975910552897568,0.11873263210990251,0.25280391353675086,0
-0.09441322094318684,0.02180312302639122,-0.08248052891016738,0
0.14188223483249882,-0.0017875510422780965,-0.12362018353446841,0
0.07669565391371738,0.03743261468527219,0.03157997131083322,0
0.11323322024662477,0.08823532511855002,-0.06500623847178001,0
0.0806858476633944,-0.05910377337629852,-0.1885067319875601,0
0.15134169628342636,0.17833491120012007,0.024254386215929534,0
-0.007611672281489793,0.04481836783679895,-0.07190436339061006,0
0.15262638703733042,-0.007290113569810614,0.03398659037960296,0
-0.08334319377214955,-0.14920300209829165,-0.07864107458074483,0
-0.043815744923902326,-0.1917642823254102,0.11020897296684817,0
0.06517974226046659,0.055351754748948656,-0.011885614752356749,0
-0.05060410341749422,0.07403477246783607,-0.12771245196115785,0
-0.048021701911705704,-0.08655716827415422,-0.012546265905925662,0
-0.04031495855184132,-0.04106962621623097,-0.04244942468428779,0
0.07364493593033912,-0.010959382640448274,0.0806460452122564,0
-0.07497767937246452,-0.07766436290255947,-0.04878823480893984,0
0.18923899414938003,-0.025049677831152452,-0.0029216239960756477,0
-0.10802164747524537,0.03548292031404297,0.003246529480358402,0
-0.03569088675420503,0.049829151185467005,0.11254204617642745,0
0.006065347790735295,0.21576440561174026,0.15436408202071517,0
0.17463164638315312,0.10392826604360923,0.02647501360107615,0
0.062499229082737855,-0.10444410444478698,-0.11116345215350654,0
-0.11712547511184997,-0.0017235764483050572,-0.05826150026770036,0
-0.009250515000033556,-0.0935849228165721,-0.0004625602730368308,0
0.16953296233605394,0.10971974007480607,-0.005096864954156816,0
0.05807856290226415,-0.09038598777415852,0.09018716017400799,0
-0.038648994620055416,-0.013930384226218612,0.014106772395198423,0
0.1622541425961609,-0.08684895071253296,0.3315261437773646,0
0.28831917385282696,-0.17921258385436278,0.1278088600688584,0
0.07329509062878045,0.07467947768189515,0.1279495518736662,0
0.05396709891477115,-0.08847638161936147,-0.0654755558360579,0
-0.016188189424866974,0.02541278514651868,0.13735388772719112,0
0.0833686166119295,-0.12428341571583255,-0.05698140760573666,0
-0.14535738796800174,-0.11644514421277055,-0.1034256134134942,0
-0.09676153676362588,-0.03543576458380437,0.20877777202460487,0
0.026748046028420087,0.08128938892312482,-0.1187648018132125,0
-0.07085859027444648,0.0380398706185886,-0.07741675836839905,0
0.15727218039905405,-0.25843963251534824,0.16773209811922155,0
0.1699204357375764,0.024935132575588277,0.12962615222982152,0
0.028081033927861737,0.054472120079216785,0.13193658230515568,0
-0.036669815418364886,0.008512609352732852,0.01772177070206498,0
0.15697439513622893,-0.06763742502000426,0.10057164120691697,0
0.04431866575747794,-0.011521835844862719,-0.148407274470264,0
-0.00173322304642373,0.007489418360572289,0.059970651737179054,0
-0.03329948959462175,0.040805423027732296,0.031597970549672026,0
-0.033842829825627294,-0.09177966340052501,0.06617788649200726,0
-0.06769739296966103,0.006527905630737846,0.10322943590304781,0
-0.09371275742460052,0.12275008705930801,0.08222549589513528,0
-0.15936295773825623,0.0038988354125455782,-0.21888717465416777,0
0.022490374878955194,-0.05646262740646782,0.020807156104119047,0
0.023902129473193798,0.12138177603118608,-0.054292065242410474,0
-0.10427158966169477,-0.045848635043131525,-0.034774509175531335,0
0.043438733155365825,-0.03434898514327108,0.10715301973449205,0
0.02198971914717525,0.08459479778207629,0.03242100952110844,0
-0.044533512092507804,-0.1050247317881653,-0.0930854377311666,0
-0.04765629627943793,0.1596105845964132,-0.06342290671706412,0
0.1317629467317409,-0.11027395009672812,0.05872736956505064,0
-0.07026925145536868,0.10775909747774036,0.044189763035262564,0
0.1849418046996535,-0.020876359085450217,-0.22259503915546489,0
0.1113159996755518,0.1309678654292103,-0.12372999823200677,0
0.13753536582057985,-0.01175164619587343,-0.024543081527311446,0
-0.049753897388815416,-0.10048304475647243,0.11340806533063726,0
-0.016205054096243003,0.06035324957352848,0.12139274032906056,0
-0.03001108897876877,0.0700755066634347,0.03212338744062081,0
0.11049572457491291,0.058569613996348614,0.0035763322402473257,0
0.03162760481886619,-0.23967071098226791,-0.0007290003268853836,0
0.002688366317861157,-0.009615486379081946,0.09451792152411742,0
-0.1494600892070882,0.18245399587565958,0.1689651238194001,0
-0.022204393473692467,0.02745211327791316,-0.04505881595749165,0
0.08558134706812087,0.013172144464141632,0.007728107006003729,0
4.088180034153011,0.10316384583109223,-0.10042555141410925,1
-0.02151079349338619,0.07949604822984763,0.029006059119951206,0
-0.12855705287421154,-0.09072694487318417,0.009038634043776078,0
-0.12077403969645249,-0.025149476761506886,-0.2018067443810256,0
0.03611358901351816,0.1131728537632891,-0.0014531271693370082,0
0.042905331059937886,0.07643847406045501,0.011579067306563186,0
0.14393766944605255,-0.08015075792399069,-0.021211178817194698,0
0.0509428022989494,0.10542592450912958,0.0486276988996398,0
0.049322618480383065,-0.024271642708982383,0.19526807908672555,0
-0.0680093396583478,0.12453259668112726,0.08904646775106306,0
-0.01107599924829791,0.11802868808209621,0.00569352055569702,0
0.009748907541727761,-0.03285988623628649,0.008771127724655712,0
-0.13764368163496263,0.13235321951830245,-0.1254104759432767,0
-0.05556016759753421,0.00498042984208447,-0.07517159777133015,0
0.15374742586999313,0.033451184594694934,-0.030489224375311715,0
-0.2138879818980678,0.04277140767375976,-0.030282683932672128,0
-0.06675354551145622,0.06340949991602142,-0.03081562847495678,0
0.007089403751401619,0.2807508149096209,0.0010068115089202797,0
0.031938194004627087,0.026415445172513985,-0.22648449132174764,0
0.028447226556638325,0.01773490880066072,-0.09780323200174168,0
-0.07684569746963896,-0.04423649950650157,0.04960987955813139,0
-0.05408197627797671,0.10434666838441319,-0.0029980956383006785,0
-0.02318302164625689,0.2122957396348542,0.17132250178876698,0
0.013440592091343021,-0.03362467731452319,-0.02343477029218701,0
0.14655317167254617,0.0038605315873859406,0.0061974681645589735,0
0.09218250414047782,-0.0061265254957642715,0.0504954877267241,0
0.0005445594851682536,-0.07090578779756977,0.09785724178204477,0
0.16583064947591,0.11972642823372392,-0.016873692463271087,0
0.053133553160302605,-0.04311785893364707,-0.019336796383922522,0
0.16316211977596096,-0.06936420637981532,-0.0527240050911402,0
0.03953111362379,-0.08141815639585662,0.04177358886864303,0
-0.0714915396501208,0.09569592124527403,0.028516804963588313,0
-0.10234127270008975,-0.07947499915258877,0.17114509103835335,0
-0.1792944691805506,-0.04812774284950208,-0.06937870833093464,0
0.10230806607097401,-0.11104817755035451,0.005888201258804293,0
-0.0018494065021029311,-0.04117877692789798,0.016400506475497376,0
0.02820064546199145,0.009987711003984892,-0.07260135455985164,0
-0.015169930447045545,0.0729881354200298,-0.1138766670036932,0
0.03676724831327143,-0.015390673163597919,-0.23117780092581183,0
0.11226660963122806,0.13871884101691184,-0.023128368062349722,0
0.022980820075464193,0.21315224328469645,-0.015914660330207452,0
0.026436333029857206,0.014009511331553759,-0.017493264115959136,0
-0.07547692450949361,-0.1225578791182641,0.014953542365974846,0
0.04092630566352001,0.19793683331906392,0.058286427026332466,0
0.06070941721416197,0.06997673675029811,0.03161240126866881,0
-0.0474234678629541,0.06733053515845473,-0.07855922500255716,0
0.02550307581205706,0.11265309837213684,-0.0827233769588536,0
-0.015755491296192956,0.08934869285536756,-0.10580212235593267,0
-0.0699413259460513,0.07185424190227427,0.02815716255423148,0
-0.004104676952116418,0.00982243096400423,0.03566390736264718,0
-0.03612346746178175,-0.0004831477682940954,-0.02333062120484805,0
-0.0772000753604542,0.2835431518777936,-0.032178373382384294,0
-0.2197570540211745,-0.04929127110385472,-0.062364373963462054,0
-0.032407478788483095,-0.21034243871837355,0.01681556146121351,0
-0.07843425942726626,-0.07198166502656196,-0.17053749337764748,0
0.09286059454298201,0.0498289307479834,0.15711275539868172,0
-0.008433538610519214,-0.10483509373723487,4.04874737872539,1
0.04891667495662361,0.09894936175941173,-0.00048577746236841337,0
-0.04796628974965538,-0.008870575673731404,-0.01587502390527433,0
0.000640558404684465,-0.14533798630611325,-0.12117179619521944,0
0.03208801169839173,-0.024498506621195095,-0.10286694846688715,0
-0.07648718684378414,0.17598136421310306,-0.09036913998327338,0
-0.142483185500044,-0.06820442710710016,0.05303706553350745,0
-0.061862219385815924,0.03930047152619533,-0.10678183311206575,0
0.011113838333188455,-0.2746185277304276,-0.06455342800116805,0
-0.11757524961928228,0.006722612238546959,-0.001597435162191242,0
-0.020333644848574865,-0.11497941433308206,0.023535212789120494,0
-0.011491043789202984,-0.019668900349124024,-0.11379696144770755,0
-0.1459286456609,-0.06980115869619856,-0.12983941529881546,0
0.1462631259937932,0.018798392056031506,0.09959283513898784,0
-0.01304010369902853,0.06993682573744196,0.18261625271393334,0
-0.040074676184081934,-0.22806200686227812,-0.18783999699343912,0
-0.12629771770976297,-0.007925759497249649,-0.13614263582667438,0
0.10984439031194088,0.0764320348758425,0.053733613160443644,0
-0.019474184651669703,0.11908291901273707,-0.18647749124126373,0
-0.04327466637550677,-0.03160309825511428,0.13582983338485274,0
0.10192859806720374,0.02387611415357664,0.15804888079875992,0
0.020400647295764077,0.03804692517822842,0.18125743462691474,0
0.08109432084512981,0.1491449173914483,-0.019167317179893242,0
0.006486691125765523,0.08509460105503086,-0.04216102193748926,0
0.08160940284821273,-0.057981928196646174,0.007754113927811617,0
-0.21792721092142622,0.020607943889116014,0.05245809294758241,0
-0.045969842971077444,0.17303229792511787,0.07691587447746716,0
0.36786425781466664,0.020039444866710023,0.004668047517184742,0
-0.024229135386040743,0.17233527882876917,0.019732724979014064,0
0.07112545429644777,0.03899883773928481,0.04108286645923209,0
-0.08643456581982087,-0.1276992380601427,0.02838636867453331,0
-0.028172210809807682,0.06366605211174534,-0.042831591429754644,0
0.11137559310371453,0.16601772264061368,0.032477683125277185,0
-0.0808155001356798,-0.06335657625139438,0.06978922043848428,0
0.030576789657647846,-0.08885534642346107,-0.008190975618341794,0
0.08262943094911886,0.11500009045398472,0.05452671406128912,0
0.033165251736303886,0.13131904099107977,-0.0055345900856170185,0
0.030107769241975852,0.08592205073889615,0.02937385440060697,0
-0.050753708731289995,0.04485884338920288,0.14537079127866984,0
-0.03612410286173411,0.09094822011138025,0.17089449097112464,0
-0.007752920664521589,-0.07954202858582157,0.027145332967494946,0
-0.010174448138396528,-0.013015780744706357,-0.009897120628441062,0
0.006148140701117249,0.06971931072064096,-0.18170017719802156,0
-0.09198665108346558,-0.07889676090157177,-0.12858195464985686,0
-0.047017441265089964,0.16164211374793275,0.03930299713377968,0
0.08956665907918739,0.186862913741387,0.027076366511064928,0
0.2693095389625582,0.19660573809427373,-0.014891302774479058,0
-0.01512846110576119,0.10126087055023754,0.043516752644615686,0
0.06903387887685593,0.03139750860780741,-0.024363723874172204,0
-0.12287878613818262,0.16301448249540015,0.24937922731174167,0
0.14481710402187556,0.10601546874642963,-0.07572407427278681,0
0.1487914189546446,-0.17455220334634897,-0.042788641819567395,0
-0.07719408578705114,0.00532130719975215,-0.09377643254884023,0
-0.008768288602791744,0.10440530775762127,-0.10776300290922514,0
0.08921296558213293,0.09872755677610782,0.08265198590218142,0
-0.17802117710185902,-0.031212303304675018,0.01174753640931742,0
0.010434001155017488,-0.07878075096490865,-0.05004193007619328,0
0.09858871947777985,0.08584420343422629,0.041860808971050524,0
0.023554181077441828,0.008617812952156793,0.03776855451880681,0
0.14810726501790292,0.13759395471295646,-0.013649693406794453,0
-0.01912977391629419,0.067421591526227,0.16043518123949407,0
0.04936332033821758,0.018010718694998214,0.06266415031701444,0
-0.08305889654059502,0.052632378575113895,0.054351524329370716,0
0.07490394689249046,-0.06601807363325056,0.006058031463498926,0
-0.026699475741210323,-0.1310768543819207,-0.017362222408983618,0
-0.0008218850083855978,0.11468005208426515,0.0730979737384311,0
-0.04483977975360443,0.04678972586160366,-0.09304945394683527,0
0.06823170564234714,-0.1064230086261071,-0.0071025771176640344,0
0.02616092955532522,0.15533348004228284,-0.04302025353909663,0
0.05914081023867789,0.03607364808784185,-0.07364988548228685,0
0.11661739461500278,0.1334291101980009,0.05347684516449369,0
0.02096739401319162,-0.06675048814906961,-0.08742753260671149,0
-0.020538548027017087,0.039849780738316576,-0.04341217465491191,0
0.14002522716267993,-0.15884112910562767,-0.14081356917724813,0
-0.02178313709059523,-0.07338271364823183,0.14485050565708807,0
-0.015220130728875512,0.03509237484522594,-0.029643990890716294,0
-0.1403598958985455,-0.07216428956274089,0.07462168884721847,0
0.28435292362885134,-0.10754319750731706,0.14133728675148569,0
0.01695264280923566,-0.07180006485844814,-0.03572610241024971,0
0.061127031208892235,-0.05829680473063306,-0.007353820653962845,0
0.11536726948932366,0.016342431031015462,-0.08822759196722116,0
0.008620769122701653,0.04332284948585999,-0.1305078475904601,0
0.20620885819604468,0.06652608479523539,0.0377568790126705,0
0.02407818634157847,-0.06165890461128093,0.08341947726405488,0
-0.08296428198824465,-0.03490337410984658,0.04371393989663999,0
-0.042422155829497266,0.041166086202949516,0.062117596746933505,0
0.17827393952893592,-0.023899419007652307,0.08385100468706426,0
0.054581647309822824,0.06373509921743434,0.09277029553955828,0
-0.09897866153639394,0.01974375247628427,-0.11959626460415672,0
0.07855210562570808,-0.03700996950427273,0.09091719269050855,0
0.0008847759387943062,0.012864210393167276,0.08498404695169944,0
-0.17902015543610433,0.026466835443553494,-0.03335806601327197,0
-0.015391067451320455,-0.07964702393118603,-0.0468666875224153,0
-0.050598160467873125,0.046952036088323414,0.064141331383398,0
-0.14460734305747497,-0.06214041670716174,-0.06123546301794595,0
-0.01949146464843163,-0.06138473174604811,0.0005359953940026526,0
-0.15532220963141377,-0.1375124725561682,0.01909878311434384,0
0.1139363738370513,0.036104721823439066,0.10257837194415842,0
-0.052641260409736094,-0.2601926892966792,-0.2119635680198874,0
0.17922860610813743,0.07115004672249034,0.012339932187325429,0
-0.1908567126873349,0.0497413030818456,0.03800507050101415,0
-0.04618163493519275,0.057109598577023836,0.06944242274984681,0
-0.2330060803071517,0.011589809181813834,0.05348417814056549,0
-0.053313424634665596,-0.052604519859541156,-0.06964414048207866,0
-0.08852010538603869,-0.005482929718489897,-0.017162673159243975,0
0.12418204012486514,-0.0655632259365512,0.11484039622681837,0
0.04850792489495937,0.12387324424936288,-0.04082341486280273,0
-0.11169569785977498,0.05326066725828325,-0.09456841699783625,0
0.07104261395693061,0.0015583752527199462,0.061170609695073236,0
-0.001667586872848052,-0.057395648933401294,0.17752517423429637,0
-0.08174720373377325,-0.05980545138368089,-0.08779244221644707,0
0.11856401779278168,-0.19667213686483168,-0.032956809372981066,0
-0.07199470562133413,-0.136097575777091,-0.04290441362456168,0
-0.08198003187537116,0.03839668203811006,-0.05125730927218548,0
-0.11529996946169381,-0.019367304337167938,0.1784279332526908,0
-0.07479563381476896,-0.28179906925363074,-0.13782203670365423,0
0.029261554144974035,0.16388191570551747,-0.13087305358810455,0
-0.11055168212316224,-0.04982974031727557,0.16247288980313476,0
-0.2016529056737118,0.08373795989680127,0.1254519477955935,0
-0.02700973764115937,0.09699054419956765,0.006837465612543954,0
-0.07133733105724771,-0.06312932561039655,-0.018434169746621185,0
0.1200099886076323,-0.014833638538878173,0.11460174853357122,0
0.05120892222736159,-0.09587430123332223,0.032683626109617996,0
0.0017424781253375524,0.09284341671262053,-0.012647047362111051,0
-0.0757534309206663,-0.013688864758556336,0.0972584384217366,0
0.07626315554660094,0.07473458233842172,-0.014155484125793514,0
-0.03443801985836467,-0.03683540330384013,0.034005751350623885,0
0.008389496698847764,0.10542927322871468,-0.007963458180312636,0
0.04125681114444725,0.09703121035879471,0.07481905594547326,0
0.04409473207682633,0.1330570506475094,-0.08347872108704929,0
-0.09672380483456361,-0.13986541008325004,0.1170674192003226,0
0.019479370209616875,-0.015474925691164994,0.11439909325191422,0
0.09547692327021666,0.2301091794095839,-0.01153641996536152,0
-0.09614139098116063,0.0712344411537089,0.24119637795165222,0
-0.16108879383527364,-0.04299552956505845,-0.028888821373125834,0
-0.06120297848024149,0.08642394539539375,0.019659063795963407,0
-0.021848402973420857,-0.23936158676756125,0.027894234217115423,0
-0.006436701521636851,0.17479953339183538,-0.14718262309847913,0
-0.20601801147193802,-0.04604172931915324,0.05770306917370123,0
0.20996551546129122,-0.010320490746549525,-0.0747914363953951,0
-0.10974663639154031,-0.1161193911065766,0.03069093659095129,0
0.1895568975895071,0.10905059596822997,0.04703979815203352,0
-0.006422663905711392,-0.11596284198002904,0.06642350899744963,0
-0.2959018740828595,-0.01857726024328629,0.16230969146734753,0
-0.2154909985680462,0.0010525879335804183,0.046329864180551454,0
-0.07115157907933127,0.03346462009304047,0.07102217706056439,0
-0.033998161964161944,-0.14719768777324088,0.012006176958997196,0
0.053623097345644494,0.0034207254963722748,0.10138118848008976,0
-0.08420958983774479,0.15846026404065985,-0.14869715315491439,0
0.06329310476386786,0.03173258585101316,-0.01584192657541226,0
0.12174636260524595,-0.09213874353559738,-0.07608208235981949,0
-0.025467862502981095,0.017915449321927374,0.19004997082087774,0
0.1400425457735153,0.05817725557419237,0.15090516502008047,0
-0.11938410793118454,-0.04041321250801296,0.04347842143319477,0
-0.05410379451342295,0.018287355513927375,-0.17669005349703348,0
-0.03491007749979782,0.10143815261421898,0.010697667877047061,0
0.10490190099226977,0.14935300325107068,-0.11573534330656117,0
0.039852987361579585,-0.14718925923656756,-0.2420595326224548,0
0.12687967823002116,-0.09467258970217701,-0.021639051063704062,0
0.17367774860622676,0.07638377797241006,0.005863580610816169,0
-0.07813480107990893,-0.05795731963918943,-0.27504957579237976,0
0.015285902481475192,0.19571685625825186,-0.001745624868222458,0
0.039885982885084735,0.06690816553964224,0.15816431367573566,0
-0.1558001291611652,0.0038049430875377282,0.0780881418383436,0
-0.0026441685940493667,0.031093290011844094,0.010321639401529595,0
0.03846028533224834,0.07708642449850857,0.02267927206991481,0
-0.08640216922473345,-0.001807743850800821,0.0022527137547229807,0
-0.0209499818482725,-0.05260420886153464,0.09796564166747383,0
-0.13842028505211487,-0.08799853116544909,0.012436795134615278,0
0.03815181050834592,-0.02705644654894467,0.004318812153067353,0
-0.06198054749092729,-0.07811597718569975,0.03849484420680073,0
0.03155918078177919,-0.0009682314190701052,-0.16526684130615188,0
-0.0643112249110514,-0.0010922547523874828,-0.18516523866733944,0
0.02212611534862215,0.06702588688314136,-0.08470320358968357,0
-0.14886673521865243,-0.09766475847403802,-0.027098673821642823,0
-0.04403262499209421,-0.021952233442000344,-0.09239650742109354,0
0.1703564615177894,0.12244597898712146,0.034987478324125514,0
-0.03379015941512787,-0.12724445347678698,0.03135913094043035,0
-0.1250030055275344,-0.12484045978745989,0.07029677002583518,0
-0.08832186296206057,0.11086668841387558,-0.004335038734753192,0
0.020181266176007212,-0.08303335937835292,-0.22664494469830823,0
-0.045253516061883714,-0.021860868164808058,0.07127918266323803,0
-0.07572364444466119,-0.07878147008586928,-0.09076304621812589,0
0.026299788816497513,-0.014837096154639053,-0.034126486608212235,0
0.15264165982470274,0.032847480821716776,0.07888332042012737,0
-0.078129618217323,0.03859742467430803,-0.04321012595979315,0
0.05670635510644019,0.13590822398287555,-0.09038337526288427,0
0.0005083232079788564,0.065152938691282,-0.2245537578382841,0
-0.0550874515775333,-0.033147098923690284,-0.03597293719583713,0
0.04621493856125178,-0.04897424510147956,-4.041698148000061,1
-0.020825154031933146,0.017691923692966096,0.11599959956966187,0
-0.11994553883852649,-0.13211327414915316,-0.014879129455517918,0
0.050585184245323246,0.045558227685950116,-0.07159556052175278,0
0.029153923839925495,-0.00899681870076945,-0.0048778305106833295,0
0.06651092527354047,0.0626752097235887,-0.1313636580263494,0
0.1026984263685069,0.06445105203263761,0.1938062528944302,0
0.09406939522095703,-4.085274942793271,0.17712895219153624,1
0.1345359902876165,-0.014695786438911949,-0.11383772399640711,0
-0.013848387432841794,0.03308666499877084,0.1015589387646245,0
-0.0796666968401997,0.07733256796126377,-0.1398482277645828,0
-0.027154386706043733,0.06051565538400619,0.03120749779330084,0
0.013962409008732633,0.05265128235722129,-0.11541597531342516,0
-0.09668113063349534,-0.145291201593122,-0.03770300401103923,0
0.17371811127452008,-0.25757603943509944,0.04349608621631365,0
-0.034908972615025124,0.07186623207247353,-0.018711030570839976,0
0.11768646839345487,-0.05003691330633603,0.32030722326393657,0
0.09790331630914532,-0.04168180058309503,0.10602606026627237,0
0.1818845722806559,0.05160201188921562,0.2117969055868062,0
-0.011708204767965706,-0.04195220482762183,0.3168707069261786,0
-0.040331699143455406,-0.08485265142174842,0.04153003793234743,0
-0.0354926981076308,0.09710908636187705,0.04606719546306829,0
-0.08818993335102944,-0.08473578449866681,-0.016161148138581348,0
-0.09942310871095958,-0.12557571828697678,-0.1362564212776248,0
-0.015225542666699905,-0.059998176585711244,0.09264999016563283,0
-0.017371016547784595,-0.057248940991599176,0.005789195504598861,0
0.163149112674801,-0.2241989138404213,0.06217768327993885,0
0.03220806811850669,-0.029363935222273874,-0.07873479783347959,0
0.17317432728079138,0.08009097070474792,0.12093532506841415,0
-0.19833858055802478,-0.02618335432589173,-0.059399950186406515,0
0.05732549194559383,-0.10653571384451775,0.3160803038968013,0
0.02173805638930993,0.05538859827587581,0.06530173780507259,0
-0.19673190339132024,-0.08418398459500069,-0.05946711955737863,0
-0.03241539471077049,0.1900699829025561,0.06112575171065317,0
0.14631509821463604,-0.08445351348898993,0.10220223474738187,0
0.10373241486162635,0.03816654798893047,-0.0495400433809913,0
-0.05339490361614633,0.0295399007424026,-0.05510437540732745,0
0.05077188297070259,-0.03175290695800042,-0.0655288193457856,0
-0.033806214353479455,0.003367455864409444,-0.14855293943794887,0
0.12253876488156878,-0.016821015293677452,-0.04649593817362668,0
0.05318263483169588,0.056132266818202194,0.13945167155372826,0
-0.13728327579297442,-0.10250833703398309,0.07563125504613621,0
-0.11063942680893568,0.13565265401740884,-0.009305534629546438,0
0.03469359469112432,0.09998070402414816,-0.0018754730275977124,0
0.02665517306594924,0.11868807583757941,0.0874863135338668,0
-0.02153376965255642,-0.058075570199822006,-0.1984592812090014,0
-0.13863185843671585,-0.03303644697229934,0.017391668573119006,0
-0.24232093376258934,0.10371123595629322,-0.14256135458417138,0
0.028374040343906105,0.014657067569573495,0.07966645115152342,0
-0.1912420812720605,0.1966672862909125,0.047724142912245596,0
0.25357618662525966,-0.1228871847281569,0.0946877257072113,0
0.04302772893568828,-0.00020320691512599323,-0.05437233315562478,0
-0.006459566108988041,-0.12729303985748816,-0.04534160425027746,0
0.12751977827678948,0.07980357571810061,-0.022354225082032553,0
0.016989924966150993,-0.028846390628123404,0.03712504300715178,0
0.03291564360703554,0.0695542752862822,-0.12180012473627295,0
-0.06820394452893094,-0.09672175188373643,-0.055129179516891884,0
-0.03961963514149289,0.21305278163281283,-0.11337660084406127,0
-0.016212345184145105,-0.07396255601220628,-0.12437698643441837,0
0.06930017786447636,-0.024334619789500786,-0.027912048935637986,0
0.02650206173775932,0.09963540912766888,-4.037237003653731,1
-0.03721408321889805,0.006281379434672076,-0.11916430551344864,0
0.03019300203269128,0.1890501172228343,-0.033520363955464844,0
-0.09996738593319249,-0.04273756889145336,0.16068103111819387,0
-0.20057195112987874,0.08565568812026254,0.032777700194533715,0
0.14864762598406664,-0.0839391401266153,0.08318355088323304,0
-0.020564825298927628,0.08513320361798775,0.06857316311344162,0
0.15615155123254312,0.03503519304096439,0.11798642070613118,0
0.06102533033324209,-0.0748511153187885,0.06586541195814999,0
0.06719899147701008,-0.18518141705873936,-0.03762204430175564,0
-0.13102398063380818,-0.019955372505055483,0.10085109884764117,0
-0.11529304923883571,-0.04456051102578164,-0.018139120753381626,0
0.08789282879215185,0.09831353964053244,-0.001521714142520465,0
0.08717627324740444,0.07873911274863132,0.03860204957583348,0
0.054922015095983115,0.02094223984837713,-0.04655758700227186,0
-0.07568254390098346,-0.11451515863762732,-0.05131112203400039,0
0.044957064640059746,-0.1643431765177928,0.10003822525812514,0
0.11399196236421333,-0.12356136650220409,-0.10874389333564705,0
-0.011999695091695125,-0.11954627352558325,-0.1178369559293832,0
-0.10112100467778394,0.02064609388294185,-0.16476375857088543,0
0.07118212449384025,0.030364941195530872,0.03356310556090003,0
0.005381924241210902,0.10644411078716776,-0.042564500904126334,0
-0.07447349060339152,-0.013310927339412075,-0.12624356158658598,0
-0.18086909282654637,-0.03682792234136744,0.06729203947489713,0
-0.09994020498250873,0.16387417281887615,0.01056160293831286,0
0.016630690649810088,0.0246450671302379,-0.015557425326353073,0
-0.06129575890645045,-0.07379646440658907,0.03576221823801378,0
0.07448873451309836,0.048694910355391585,0.02135016138020268,0
0.011018257217799714,0.027847966166044787,0.17620804916369948,0
-0.07070410617142953,0.13921634420007137,-0.0875456900153603,0
0.14375714826618033,-0.04014382658664203,0.07815561782707738,0
0.02108966327114996,-0.13718663435215459,-0.03505710488809229,0
-0.034805590716740185,-0.1640556841244012,0.08198758210230873,0
-0.06650915831349076,0.05891452551351072,0.02794215324362941,0
-0.047608282664605844,-0.054393198739527665,-0.1028941603619693,0
0.03869644517704755,0.06568131550722403,0.08880381658779488,0
0.06510211688036775,0.0778764490878272,-0.04109905593535412,0
0.08262752503744726,-0.048481722424649265,0.07998453147985848,0
0.07633888885401613,-0.013109279610825723,0.08564339177436907,0
-0.08998623080325255,-0.04960147822456518,-0.08291041791578682,0
0.026561473064154007,0.1620827254011611,0.1438814953668628,0
0.04102438263462698,-0.028418067399141368,-0.05760303315697797,0
-0.14533498060837563,0.12195182196690318,-0.1642435922769666,0
-0.0527965597920949,0.05353890800009357,0.020708008846412787,0
-0.08505792852035408,-0.11716482004306468,-0.03483726975715782,0
-0.12296732519693983,0.15238764475810673,0.09260752723804132,0
0.03666378631404032,0.015679585485225474,0.11423156728278194,0
0.16781261496698632,0.18826081233863368,0.09146856111345059,0
0.03417662133968284,0.0919700604237039,0.019952394070822416,0
-0.04173137261881698,0.040911303909048444,0.022561312678879036,0
-0.02452920110589767,0.048516586477978046,-0.12237839096569816,0
-0.08960334956803903,-0.0854468774533006,-0.01960738506582785,0
-0.0029151277098587603,-0.045638267374173154,0.05266631728934375,0
-0.009268412262050944,-0.005939184854948414,-0.10772725787741882,0
-0.007508995490553081,-0.15684012534337297,0.001039392657330247,0
-0.01632100160585607,-0.015517558871073976,0.0076543810067941035,0
0.0399016417428988,-0.01604168053344708,0.043696753573029656,0
0.0975926310558316,-0.04960429641916288,0.04285791875988301,0
0.0711450627599046,0.09795265454611163,0.10040795720103984,0
0.14112759879173695,0.059367829641619234,0.3598297678473851,0
-0.09646985236062906,-0.16227726927331793,0.031535528035229556,0
0.16304931010473683,-0.07219587554697014,-0.09273621272686233,0
-0.06193029676395567,-0.07428250756037368,4.153156293649129,1
0.08060431760954297,-0.05863532263245683,0.1258960950800391,0
-0.0808644511804168,0.07907710635846071,0.09916902314922629,0
-0.05970968773212716,-0.13021860154624662,-0.03877230288404413,0
-0.03620469178334209,-0.18109135518074618,0.08823943885611378,0
0.2309460805003557,0.09797306663381661,-0.040737275260366024,0
-0.035506275291226026,0.05572876257183106,0.17556149876807114,0
-0.07470995123493263,-0.01298163727404832,-0.10030523877825692,0
-0.047512189275521366,-0.11070031202282374,-0.054283844420130734,0
0.06707360529963556,-0.021035839633684633,-0.20792520772537648,0
-0.04669915470819792,0.25612972606885676,-0.15374973893746366,0
-0.09425782800043137,0.058403831667235034,0.026224307279420062,0
-0.002244684840692033,-0.11037435155080394,-0.10031673651199323,0
-0.0600075862739766,-0.054873597047230306,0.09215649842126516,0
-0.060415687827140054,-0.029982394983116785,-0.26551982811258606,0
0.027129374527894157,-0.0766732004244938,0.03476602722089849,0
0.055292473655858425,0.08435210599662452,0.08485451514818981,0
0.02726345086546751,-0.15119388582897397,-0.0004320439861344391,0
-0.15279216957825648,-0.007610131583684704,-0.07458601579731956,0
0.1178711527921642,0.025664995540676968,0.05196214072494085,0
0.1064014482543576,0.1443065410360727,-0.10528424519723795,0
0.16539777681626855,0.02326420222679708,0.2815423962255882,0
-0.04544838580822122,0.023761519630722115,-0.015636349182079394,0
-0.03680479363679047,-0.1676374112294145,-0.03724828907756194,0
0.22113212968414497,-0.12036091277900268,-0.06561068184262016,0
-0.030914122563657387,-0.2137014156124143,-0.07330804159490094,0
0.09005690873719852,-0.002296747633711659,-0.09741638416647502,0
0.09856580793905284,-0.013431852955185845,0.13366616068413756,0
0.06311939375201668,-0.20446316703175801,0.0899118463411294,0
0.18884399836446386,-0.09780534578226822,-0.17355121749100977,0
0.06409759318265275,0.04917866081122177,0.05577397875446765,0
-0.01896205457198584,-0.02046339328678299,0.07344088437537166,0
0.1337752488395293,0.01253478901106766,0.12171693555867423,0
0.11205584324417345,0.07852982431877314,0.10120760420064734,0
0.07129948799582157,-0.13575050872767544,-0.17299597704918554,0
-0.18724668439131753,-0.1680536746209742,-0.10644705440239109,0
0.12607710645816092,-0.07966936207987796,-0.004844436746470553,0
-0.08604192544215236,0.08167680917556863,-0.07415558284179902,0
0.09613502400983914,-0.008160867018108644,0.042888186818202806,0
0.032078329669589754,0.13884782851357425,-0.10729921635411147,0
-0.11807566019769705,0.043437740855054474,0.11272693137733783,0
0.0016688590608061522,-0.10288038235312356,0.016330715727778663,0
0.1351793505007922,0.029099702464554223,0.10673974147603256,0
-0.05861861500858744,-0.019909272708462135,-0.04844560427129551,0
-0.007187366806714177,0.07430223910376495,-0.10645331964974253,0
0.007096785033070808,-0.07357086363825745,0.08503672424250214,0
0.041540582459558925,-0.06313871660491026,-0.1424130846556419,0
0.0529386929641427,-0.011448322310531583,-0.060012766847457,0
0.02626073636869254,-0.10524658116536222,-0.041018370840400824,0
0.051295773779308544,-0.19526136354782897,-0.12764258814869153,0
-0.13554975708628597,0.06749584179618963,-0.0725129681775334,0
0.08225985062484387,-0.14102776964705221,-0.12137947742300226,0
-0.11257544290443831,0.005686374844686891,0.0012698263983154095,0
-0.27633043747048674,-0.11114968259454189,0.11060144816395778,0
-0.03307872695139487,0.24031406810065087,-0.0650262290235297,0
-0.012385080985147406,0.2211461335442389,-0.12133505647269148,0
0.1039503849839615,-0.17656469995594234,0.0442426798666609,0
0.07189897149274344,0.05290936427636747,-0.0049629393023658324,0
0.255529540393605,-0.11979654359569177,-9.006357047009043e-05,0
0.049265743843745394,0.05848263313047809,0.12862134176483248,0
0.03633346076350168,-0.00035165958687509853,-0.00514817524904207,0
-0.05295044756460757,-0.1713476033547603,0.1721738773345552,0
0.06602572174689995,0.2832073698894322,0.08764571269945441,0
-0.04528690995150554,0.14841416188354986,0.09607823141076904,0
0.053817309485089365,0.12571831001455613,0.21014336109121903,0
0.026398622025524343,-0.07365845315234655,0.024336429271738704,0
0.12785218594834913,-0.23542625307786735,0.017434812218027253,0
0.12722380343282752,-0.053828739362059445,0.03447015270693305,0
-0.009190788111291768,0.07031102825876138,-0.14867901867271138,0
-0.01811504664003877,0.15930417192658577,-0.06251440318222638,0
-0.09219456561456918,0.00854266626845526,0.010060748586717079,0
-0.06356075376172728,-0.13965166885307662,-0.10664312580717489,0
0.13814131509587,-0.08769861423034218,0.08057198080671614,0
-0.17245295029130644,0.09744032664922646,-0.1982125327907312,0
0.140073895359288,-0.059068103253542364,0.04386838451069865,0
-0.027054038396618452,0.07352978035632905,-0.13330721530428502,0
-0.008348122986323333,-0.14804220421940306,-0.09558458013468352,0
-0.0045308626557307285,0.07620703884701406,-0.04207169736093097,0
0.034186847885593556,-0.03984564432296893,0.007173856764065488,0
-0.0017571906050938566,0.09046268608105135,0.018158560223522715,0
0.09494547542286454,0.08892748096726151,-0.08420110642966255,0
0.03431742632933561,-0.07039539686277219,-0.14054869863429642,0
0.006908372731887079,0.17301157271693085,0.008263956614695893,0
-0.18681881718929008,0.1315536354280749,-0.10032391685067668,0
-0.04387414666649054,0.031419357622421595,0.15321982302295636,0
-0.07435003201835733,-0.08572634535661501,-0.10452097097821716,0
-0.03241005928108132,0.06340842053974588,0.08670589415453885,0
-0.041156397439597155,-0.1288288161455223,0.15534283035614166,0
-0.040052835459713325,-0.07388441064659901,-0.14441759559845938,0
-0.012719409635659424,-0.015673330332904724,0.014260372680474271,0
-0.03830102786040084,0.12273628820799437,-0.008222843034583064,0
-0.11313766772357853,-0.17606676616270228,0.016490274572048064,0
-0.06408518572522438,-0.03666163604873844,-0.14424298614038011,0
-0.03966224390540325,-0.026326237668211884,0.06397364424822627,0
0.1714273390971672,-0.11889813014048922,-0.09148202295075578,0
-0.08667524586546967,-0.015815455097005646,0.0338848479471711,0
-0.03640681796978345,0.07434451449979695,0.033373539993718365,0
0.05997005618268723,-0.07155839229223318,0.14710758428312432,0
0.12213354729473623,-0.15058880954355192,0.02672615223866523,0
0.08334309846547983,-0.0039907679684258015,-0.08937504810765486,0
0.016590969000011262,-3.92536506544586,-0.08797519309409907,1
-0.26667312352342504,0.07868340132230331,0.11284182409036542,0
-0.012795984016032047,0.003626036680837665,0.06812844508327927,0
0.05917579942286449,0.12250499012020531,0.1347839009958328,0
-0.06293797042975967,0.022410974479018228,-0.10184083840058884,0
0.05943783695638656,0.17871317462827738,-0.095164275990694,0
0.12676757259119778,-0.01762193028226688,0.028113691624784512,0
0.03921816102866522,0.0034199979624736677,-0.0038810928729024795,0
-0.19333068659247277,0.010274858576355326,-0.06274803870759552,0
-0.05411050656995155,-0.09303600018757285,0.02131496181875813,0
-0.0018100692816485808,0.10923248412456195,-0.0390742435405465,0
-0.10689752079273857,-0.18639527319876276,0.10266250321009414,0
-0.07716726392641109,-0.07811071408608931,-0.10560615590500087,0
-0.15444055808244292,0.11776948418910332,-0.07857552376621697,0
-0.05673858367395199,0.04403769164517382,0.08965675519508604,0
0.056146042016394615,-0.10399778589575609,-0.20189018925665653,0
-0.06225562552041454,-0.009897066224397583,-0.08086225455893885,0
0.10396431906550377,-0.018687766748030885,-0.10485345387831146,0
0.04449461475747088,0.19300308673173516,0.11866868750457138,0
-0.046950033876322024,0.06387046763829755,-0.0010510696472038703,0
0.008765786460211719,0.011581749787084627,-0.02502839915390065,0
0.09315357846182797,0.06803633375415949,-0.0022444986544335904,0
0.14444396558037859,-0.05039234725020895,-0.036825415697582346,0
0.1650975246473202,0.1127399938923832,0.011141792194529439,0
0.251395017186773,-0.029317259465560543,-0.00813215933803343,0
-0.027084474086102185,-0.13045050456060345,-0.04971583869579842,0
-0.05783014954079627,-0.05018566684305495,-0.17993244440226172,0
0.02430194432560949,0.016344097432544707,0.056586216766543934,0
0.10704163460683372,0.07914140156198625,0.20822542710905992,0
0.19375285275761367,-0.12734529274376966,-0.09272168089926883,0
0.09075803396612142,0.06203536782834051,0.0707127737258847,0
-0.014027109321673321,-0.05735613776062612,0.10602249128079394,0
-0.06025321027377976,0.034697971274261497,-0.05955052348435396,0
0.10514099587454727,0.07778015591668018,0.025446110866548882,0
-0.02655476183281762,-0.09326175995367958,-0.028973932502621615,0
-0.11283048691267039,0.014112491568823902,0.11454750811550568,0
0.045689032245551875,-0.06641559498999565,-0.018348283331146353,0
-0.08402722974656454,-0.024928058646762084,0.08611565087544465,0
-0.0836398337047066,0.028336423492701664,-0.023383390124079362,0
-0.07890329724753739,0.06128310885125267,-0.20716632579665106,0
0.07414267832895481,-0.023678089749630673,0.2664497974850856,0
-0.17359743113795112,-0.09032932802475135,-0.028108315819526178,0
-0.21918052525923382,-0.042020497543574065,-0.06814552758877354,0
0.09379470662651569,0.051991239598991074,0.0370021763631445,0
0.13291109585978136,0.04846050273599003,-0.08330477767294245,0
-0.07018077184446385,0.27159474853344884,-0.03946382732720886,0
-0.014336986345528727,-0.14707896878020407,0.061122485870694576,0
-0.07705540795315435,-0.07039238706780479,0.07830401789523059,0
0.1571094648324014,0.077217935329916,0.185000041148355,0
-0.10951554320054063,0.11470804329342099,0.02672767731305193,0
0.05389619158256283,-0.014087141154602974,0.25416704842606447,0
0.0891747364351941,0.14278612546226227,0.03944324343805111,0
0.1464072905942198,0.12529252153087408,0.03167615157636638,0
-0.2208951211419135,-0.14119049975087336,0.08570386845234086,0
0.0472380712121077,0.1395528596213843,-0.15921664852358322,0
-0.039688472454297144,-0.14286872909679912,-0.03924700436494854,0
0.02626069585759514,0.09664585592367368,0.09724140333115065,0
0.20506235851586677,-0.17842516439746614,0.10887762284250742,0
0.03912454718504352,0.09051980716619941,-0.1802532883985543,0
-0.06277366765931389,-0.10809296267954949,0.031918737385884764,0
0.06552923929971005,0.05771560520538074,-0.06466064753295725,0
-0.13096849663365118,0.06460990975612411,-0.019229076161573114,0
0.12410391846899582,-0.08967874763130021,0.03667630731316265,0
-0.09428680094386613,-0.0301216452368321,0.12782828597114604,0
-0.010043546809447544,-0.16428512851623775,0.13051332273886768,0
0.03232096130674182,-0.07848068471887518,-0.0245294286290584,0
-0.040780546318870514,-0.010781771379606092,0.18776606621017558,0
-0.04397334305483846,0.04553856399463991,-0.046815602163694986,0
0.00482270047737305,-0.11743219768898801,-0.11555857334272873,0
0.044369754054553616,0.07038254558165687,-0.018108958291603815,0
-0.06614751798085532,0.026681180220405828,0.026905634284873966,0
-0.058632343097440025,-0.13346108002238594,-0.018314851809818292,0
0.20583919591238709,-0.04746336912892686,-0.02020766312336436,0
0.03918053749895039,0.09549191257636591,-0.11419387678578159,0
0.20339685644889371,-0.011675721828076933,0.11521555425579844,0
-0.03924348856831623,0.05961669370000949,-0.02432195019128795,0
0.11442828888900199,0.040877283035010065,-0.058427403741146335,0
0.020121119594383754,-0.014094723262855262,0.008344074500019501,0
-0.04183558879384135,0.04433420524231203,-0.1369370338052815,0
0.2868486845194332,0.11738198456872478,-0.023214673767729444,0
0.007622203335147077,-0.21893553537106866,0.010438402394626544,0
0.01296722444525844,-0.04612574050499558,0.17603335106310442,0
0.03148891179936767,0.05724563029771843,0.01460780670307357,0
-0.0399507018425357,0.042076397172757456,0.07210918881081112,0
0.08409693637240205,0.025853407987558016,0.034419090135043955,0
0.006749618869499062,-0.11638570615497297,-0.033912764306985935,0
0.019666240422065093,-0.04578147929377535,0.04390027436081528,0
-0.13029075906823837,0.017368687993786238,-0.06524537458496014,0
0.13293350706843984,0.025798645978151364,0.08830017569111634,0
-0.11658101451477021,-0.014980493683970733,0.13018656626619973,0
0.003237502673459785,0.012562244004345725,0.05178459491973519,0
-0.008745922574784033,0.06269404692092083,-0.09741164384135405,0
-0.04200403304923234,0.11124846651860654,-0.10656160827690651,0
-0.012990747831103128,-0.0860483016703597,0.11809505256167759,0
-0.06353584973733004,0.027832180247300164,0.00579032201294693,0
-0.11642584116378735,0.14299819113883436,-0.0652522666068902,0
0.11997499337948561,0.15296483724003834,-0.0171699896607077,0
-0.12951605327573767,-0.07755059766195933,0.14802512784400096,0
-0.016811068984291633,-0.06519278995992821,0.07119286924226885,0
-0.10914064907632798,0.014367903642174716,-0.09070328793954338,0
0.024167346768115633,0.04131224983712847,-0.0543193831997452,0
0.05446175694087674,0.031110138709762043,-0.09863370015465477,0
-0.03100926543314781,0.29267523422295366,0.08138624117899573,0
0.1057462279125901,-0.020137527492521352,0.04419039793832633,0
-0.13411953050044426,0.08430329066348312,0.09368042671164889,0
0.13574762962249196,0.11722347533447475,-0.040556920501906624,0
0.01253904933591245,-0.003291254807836853,-0.14211145190892324,0
0.07202716789078766,0.012817170313415636,0.07125810192851353,0
-0.016843157994332326,-0.09564332697887096,-0.03888418051041008,0
-0.07234154416204923,-0.26120903644096033,-0.2642419495581731,0
-0.015855353149412593,0.009356703212198841,-0.005181100707543985,0
0.05683270504268967,0.035002941945786896,0.0047702587348574885,0
0.016290714586157867,0.05226766879922116,-0.09561945604278188,0
-0.1884715258698445,0.010939430185069534,-0.21494024415506185,0
-0.05209385689433188,-0.017034373934088715,0.060903575093897516,0
0.1880219002610474,0.03045042684698783,0.07961581145989288,0
-0.026129261208029265,0.23888341263380897,-0.1002739559038852,0
-0.10164125637166808,0.06339614064161823,0.013529158691593346,0
0.10036526153645285,0.045377985571142296,0.11948288835285326,0
-0.18485005752469985,-0.2320302323934476,-0.11582933052661495,0
-0.06145535282800262,0.0039024918163464636,-0.02358114443101629,0
0.18095205426366673,-5.181816320764518e-05,4.042125274751237,1
0.1301434181636119,-0.14834469368680525,-0.11558038560506267,0
0.04351740323965557,0.1309036464693428,-0.09218820127483011,0
7.766842975019568e-05,-0.07769647544905289,0.1267543334276409,0
0.014187584645786754,0.14687263216388863,-0.03600992705861844,0
-0.058333301905778734,0.042890907487775694,-0.10188861729308746,0
-0.035080999409781745,-0.05126821860308809,-0.16990413713194097,0
0.014678596482057436,0.002399607704118954,0.0033336817459423125,0
0.0020832112829615385,0.13959566392481068,-0.10879518579469477,0
-0.05420786606229421,0.012794221825360524,-0.012930569844614076,0
-0.042564116795454104,0.052847099986564144,0.07568340204783444,0
0.1426618860014787,0.06177306570202661,0.13305432370620013,0
0.1383561623108746,-0.16272621835051454,0.15231898631724428,0
-0.07988717702707912,-0.05426810177510227,0.21454648968378287,0
0.0997767826354764,0.07551989513571954,-0.11156056245010669,0
0.09517414271556277,-0.004406624921980361,-0.016620983903753488,0
-0.013011024663028191,0.06993103357388337,0.12238590936576317,0
-0.046912670918515365,-0.0970002565793773,-0.1576366334977792,0
0.0841220330792295,0.08400465678568769,0.0644309197879166,0
-0.09040615523467949,0.18143362066613355,0.09112917758822318,0
0.0884638876706921,0.03371188926932236,0.12315307660844765,0
-0.12007723038917369,-0.024276004412778645,-0.054304447200206545,0
-0.18580085972536442,0.1292607999032389,-0.12197870849796953,0
0.023860268945230117,0.08513813950899453,0.14562389766180853,0
0.1369880776011696,-0.005496135082258231,-0.02628500835959644,0
0.10941890648199176,0.06750961181337033,-0.06871999008158222,0
-0.03196657655905808,-0.061916335834916125,-0.019560284790400985,0
-0.06354649301458658,-0.13062229908313217,-0.0397479832575234,0
0.050280350924799926,-0.0751429362794238,-0.11626787511720721,0
-0.04028424591906556,-0.031402038740187176,-0.1421728563253268,0
-0.10097244905419121,-0.07169229236441058,0.21236557553986626,0
0.05686823324739705,-0.10757666326747728,0.024337717380366497,0
-0.1308865838445997,-0.012711458867526455,-0.06704782549577136,0
0.03736038814966657,-0.00198085623771163,-0.06638928776461472,0
-0.019039832325523726,-0.08475634887618472,-0.1330187990344318,0
-0.053036564489214746,0.10802159442916215,0.036234885371552915,0
0.11281473758268797,-0.07208899543204167,0.07409942290655737,0
0.1328688201987814,-0.04759305421997324,-0.09729869367494355,0
0.039068711865624425,0.042824578045454115,0.2331999914986972,0
-0.00941397123816518,0.06690489735577003,0.15557688871534156,0
-0.017259123031455124,0.062312536139341484,0.008298716965919507,0
-0.10355267229002113,0.06507040879525311,-0.1475266594820834,0
-0.02951901283909407,0.05004306331733613,0.12031362971702485,0
-0.026985057805917718,0.04840888906783643,0.0021408319147013977,0
0.11963592730431259,-0.041272413858170924,0.07631908247820224,0
0.15225065710175,-0.05323817799491624,0.005818670080479798,0
-0.04689461291281751,0.006487925838648163,0.0203474295260113,0
-0.07457075380991383,-0.1397841465651446,-0.06300482762907914,0
-0.06019276889466192,0.13869724754592522,-0.02997331181593247,0
0.013519520574520869,-0.1136162337770174,0.12738399440981005,0
-0.15275181725222864,0.07102560664673094,0.07162780139629654,0
-0.10447804632925468,0.011100390819898137,0.012332649504979008,0
0.1507875274901935,0.10130470726030105,-0.07925233960906435,0
-0.00907148542384825,-0.10603411772345833,-0.011174663662092911,0
-0.10856704647565121,0.12077486670278113,-0.03803580449449608,0
-0.01674946320092243,0.13278660797769168,0.0488279389709866,0
0.16517674517762293,0.18495819069289662,-0.09152724927524257,0
-0.07708396583664563,0.1787022982594534,-0.10472879694019988,0
0.03465160018057392,0.11064275514037492,0.07542525328326466,0
-0.030846828833388424,-0.23839757046653248,0.24357606412089725,0
0.11752317083178412,0.22149428814613256,0.140713191802174,0
0.19501916689211196,-0.21501469730306783,-0.07494836423992886,0
0.09489593723680737,0.03431149314513112,0.015543028273497418,0
0.1409677784808714,-0.08854386944620272,0.13645368505414057,0
0.06827647029637801,0.14733259272662608,-0.16849105941737919,0
0.15848922850827218,0.10429672092179657,-0.020649027528481353,0
0.08762426251866948,-0.016489790026236333,-0.05963700084264703,0
0.031039802308694204,0.014169062750877821,-0.13164658721363062,0
0.13221223673231056,0.2779435375864123,-0.011736582976387792,0
-0.2299373917924534,-0.03606986636088776,0.07122926954457778,0
-0.09930238227775814,-0.152437470879923,0.05566408072904277,0
-0.07921603542458269,0.12629732144876923,0.04991955755260915,0
-0.04094846832710325,-0.050910336641141946,-0.003911481083716909,0
-0.045709908099299326,-0.0638763761399024,0.19103098967652535,0
-0.1004418698612972,-0.018644998470483974,0.0672074758068767,0
-0.03400260598475648,0.033492825677020235,0.11235142192464186,0
-0.06566528991152663,-0.34205154515916414,0.06474634809384558,0
0.07131213960296537,-0.22714184860481146,0.14621112766890054,0
0.00202285259149212,-0.11629255595373278,-0.087830453651406,0
0.20061945585962918,0.023220495330127752,-0.07073744575081724,0
-0.17070761842249604,0.018905215499447972,-0.05082548104900715,0
0.04417532635690364,0.048006985965862434,-0.11220078073079778,0
-0.0478367859313733,0.09823675808864589,-0.13571508926706896,0
0.011221063155670119,-0.052211113464777074,-0.09870688851078774,0
0.03495842304253514,-0.047913963981378066,-0.20894887721489708,0
0.1495883087940891,-0.06396754132000293,0.10258977220288723,0
0.02925111257072276,0.003258237140032352,-0.12149099714389061,0
-0.1207502358660429,0.026470290839188188,-0.1335514913138744,0
-0.015258052674920704,-0.023543477728363658,0.05241630854070937,0
-0.026560380257056822,0.11923042086511133,-0.07217975821516519,0
0.029871884566727944,-0.07625207074403952,-0.0028334682377120003,0
0.062054838387659406,-0.15307239556949598,0.23312676144053146,0
-0.16621771541202815,0.020715338801804616,-0.00453476325427739,0
0.146166493202043,0.03905114245619478,-0.11497689870543347,0
0.06635774525866953,0.37009627202479484,0.15477857678993912,0
-0.05980349487754138,0.04235813443444554,0.03280070435827813,0
0.17740498132995786,0.11254103376611285,0.0776543391168492,0
-0.012628640043634532,0.09830625470521516,0.03706675808920427,0
-0.018446727996483087,-0.22896788623202508,0.023556488624686334,0
0.193398938628571,-0.03310046788724474,0.005099011132407941,0
-0.12020984806313911,0.0637769597944534,0.018842986014345843,0
-0.0003911640513365948,0.16981188323998148,0.13292177138836983,0
-0.009472150411999813,-0.026857280468260594,0.052604985071972844,0
0.13630362944155122,0.09475186343123664,-0.028420874458559894,0
0.11072506898204004,0.07512675729366355,-0.02214606293644539,0
0.16156459609628215,0.09603175407335336,0.015037612839620913,0
0.041089627385872934,0.0620410931880279,0.03992849972345179,0
-0.050802796340691896,-0.15759205269698912,-0.041847785609423406,0
0.0053611959968108205,0.08505557300709443,-0.07549293733342673,0
-0.03997404894915008,-0.09830791964827656,0.12188056059448511,0
-0.029436448563898474,-0.0055210367729609045,0.0022320066137100246,0
0.011697377536207821,-0.15208045054428776,0.0946412555833129,0
0.07702481933842266,-0.01181970195717683,0.048288872913307634,0
-0.10553183477959377,-0.06994813602039361,-0.11765385450498377,0
0.15108020428298943,-0.10710596839350993,0.15026519521155499,0
-0.06062302711544354,-0.022995379721540685,0.029795447500441687,0
-0.03622445931530988,-0.07622136905635007,-0.19548633685717587,0
-0.056238056348876166,0.10083464746760584,0.09098151039907021,0
0.06447959244882046,-0.047903087233724606,-0.06166783200532827,0
0.11429464585577152,0.030462883909168244,-0.04989760937267011,0
0.1418766514736915,0.07684775627525263,0.047435994462027425,0
0.08729918697632096,-0.034081586010697315,-0.03248191924145505,0
-0.0882128726610723,0.06580988197072145,-0.04493010113665187,0
0.08508231317967299,-0.03556850052009892,0.10994051468450478,0
-0.05572410567750376,-0.17618994025796597,-0.13650147959508593,0
-0.10647761154011699,0.30891998274088994,-0.11830700934405072,0
-0.03178072475234479,0.07866236741577498,0.04308613915988659,0
-0.059411035460906564,-0.03223521815919191,0.12552913791085327,0
-0.00988202484458816,0.1511631703969034,0.0016743362715830542,0
0.030659569485169444,-0.14383324665681926,-0.028547903168054445,0
0.13814842486145934,-0.07225241412975676,-0.04144738989153938,0
0.0853206197143538,0.030857692735083393,-0.28330753978348605,0
-0.006932133929508921,-0.06127720654878258,0.04559724178948542,0
-0.013885599795921369,-0.20049697027299032,0.029376888992211393,0
-0.044264065200447095,0.01641736821289073,-0.12267978963021307,0
0.01415931816373302,-0.20131190973946925,-0.108805907208325,0
0.13881126339689456,-0.0316782988453101,-0.05883422935759641,0
-0.11828817065504532,-0.13635388756973812,0.0987146480515661,0
0.13517626372545274,-0.022610097625207437,0.108032129723436,0
-0.13706844383712702,0.0966766434933368,0.0953062207287529,0
-0.2435678708061663,-0.04207683420537318,-0.17102158472394297,0
0.06386854564539089,0.07721797610110726,0.006684757861950228,0
0.028881500657119016,-0.19534880795311596,0.04883458496343086,0
-0.17825302510968025,-0.08626652607748396,0.09730597036423666,0
-0.22368250680216306,-0.0011895325481411036,-0.07780314585550271,0
0.0030101774285454658,-0.001059704135880169,0.06765817600380937,0
-0.14808522170210534,-0.18270136636680057,-0.13995335118188887,0
0.030885004924844306,-0.07024091352949394,-0.06751982206494023,0
-0.2631994000264746,-0.02630741699428818,-0.039051987568839985,0
0.02378960672885714,-0.1494240955984529,-0.09939569584429486,0
0.009377502624688993,-0.1126455039914892,-0.04612381331957954,0
0.05310744222338795,0.025808082157309283,0.03184385604228188,0
-0.17597257397664587,-0.06158403129501401,0.04760162738612513,0
0.1480767511640501,0.06045643379727799,0.013812575029139396,0
-0.3515653428254613,0.11530977709639811,0.10077400493725147,0
-0.08053796829466668,0.14346779858311562,-0.08847133396114013,0
-0.07970068512150934,0.16875246630138352,-0.04191831085891021,0
-0.1319784232356482,-0.030686085389408375,0.15695113681714692,0
-0.05768961810315353,-0.07746169867802347,0.12411378842800432,0
-0.09635505036274948,0.1238771226519611,0.057134348793186365,0
0.012245251736560835,-0.02762941724306351,0.06609968944235169,0
-0.0025723851818780243,0.08174506994182576,-0.05742875223661373,0
0.03945298416401496,0.02717114592520535,-0.09351506167890317,0
0.044063926324079614,-0.08084834551666831,0.03210351133690427,0
-0.1602716732484374,-0.1276245860705642,0.15103710262408848,0
0.03785126340286522,-0.03788215780033114,-0.05422300511333283,0
0.013522347371454935,0.12066075389609228,-0.12914453843706852,0
-0.053475383586065274,0.1995257001059192,0.00629170750640737,0
0.12695790012363684,-0.15218778791768958,-0.2755921721757541,0
0.0826836178823554,-0.018311536293143617,-0.08941715754233107,0
0.10462060453516127,-0.12619718073128686,0.03214242702381715,0
0.012909380098733643,0.11929390718374695,0.11072183595192978,0
-0.035315719006954405,0.09263874982455621,-0.009702013075260096,0
-0.11869793818471704,-0.12503317004511652,-0.2204626810987708,0
-0.09385220088669508,0.1519054596971751,0.07318005737568255,0
-0.12616323286769235,-0.1338008701189336,-0.05715008473564185,0
0.06266234919688851,0.0172395989978016,-0.07789196428008997,0
-0.14846738328807074,0.08148888757388262,0.08925208961029031,0
-0.03725017265223151,0.23089554405346846,0.12139976616676602,0
-0.03201643412600812,-0.10233272825641693,-0.06006152255743367,0
0.08169639557548608,0.0812698744429306,0.09945802439641843,0
0.15082855079358493,0.1166435157145147,0.046864749081830956,0
0.02458236295693651,-0.03497220680576917,0.12117337786723446,0
-0.20728162331140243,0.111690911819404,-0.032998559712588804,0
0.03896005417787238,0.08807279407501412,0.07653833646347133,0
-0.020374989548642575,0.06833016315224809,-0.08127563147003392,0
0.04104643801700438,-0.050498421719218936,0.09306525096284174,0
-0.06885954290159989,0.04511956690011494,0.044838987756943054,0
0.049370348488891005,0.09529630527896688,0.09237657545902782,0
-0.15094860438724242,-0.07586999871464259,0.007666184877866711,0
0.0925714659002494,0.2539336423312698,0.07295955021558606,0
-0.11134041397957456,0.20162525902719822,0.035353858785411536,0
0.018155754473645883,0.07763335233414492,0.03868139935280376,0
-0.11063917524813359,0.059373181116824075,-0.043891530353299874,0
0.01732450921245394,0.06663449960452376,-0.06783748842848202,0
0.02562462562949739,-0.03547452181038508,0.11089708259468818,0
-0.05568643716752704,-0.02208044681658461,0.08019137256463583,0
-0.06915444555786447,-0.022323144025772873,-0.07315491114610044,0
0.07668843673792662,-0.11292959380115977,0.13460976140310335,0
-0.04088204744690589,-0.09783066364188055,-0.2044807686227245,0
-0.02970427320895185,0.2225806677010838,-0.1148963549838308,0
0.11845123952443537,0.19516970286418578,0.17882527719920926,0
-0.028779997216989123,-0.05365768601769688,-0.020887829541762274,0
0.08762862392980547,0.023551058367389365,-0.0166882513106323,0
0.027964047330647047,0.03941659936946529,0.04739204191269384,0
0.09092434879329862,0.09140938860263825,0.03176430851478034,0
0.032805010980369,-0.07882565162243958,-0.027308443261732093,0
0.029372262473780275,-0.1175539986438427,0.016107850375464413,0
-0.14487281682847294,0.146405850442475,0.011952453695213095,0
-0.03252534535929578,0.11020888729742516,-0.10567851170037657,0
-0.012230083136573262,0.05726652512086297,-0.11496606141572377,0
-0.1463426676034062,0.19152786493465307,0.047698129895430603,0
0.11191631598759189,0.10973970559735376,0.03434060579106062,0
-0.04104190142932028,0.0961268288822788,0.021512364657519947,0
0.025663926830344793,-0.1370656429423269,0.07021403212385222,0
0.15705988633380397,-0.06615472154238661,0.10179817311968545,0
-0.015446001334867204,0.014083585331842617,-0.12023171431174012,0
-0.05284942421041686,0.19138621181338816,-0.08423058879087797,0
0.010465561109529887,0.018986117609137865,-0.05353450951710749,0
0.04995855571115972,0.008280254937642163,-0.07774985143274149,0
-0.043730059687093405,-0.08101285640479884,-0.1149327435597326,0
-0.022264896585580927,-0.06071303749169234,0.09104453213014974,0
0.00845929088138237,-0.09758584200035952,0.1073473136172686,0
0.05120315265003689,0.1803790570600971,0.005034819681515148,0
0.077576128072722,0.06611464618418687,-0.17855046820143217,0
1.3014623436105537e-06,-0.11951236907714964,-0.008475968118442588,0
-0.03260865619178681,0.09080184885261458,0.03759464447516212,0
0.0027853044303940977,0.04704537818930607,-0.12169906187749391,0
0.12936233076742673,0.07101158046177437,-0.1364915879821383,0
-0.050717441911956075,-0.026564999972510703,0.08412051263177794,0
0.23024314654793013,-0.11010356728047309,0.0863797159335857,0
0.11961059883307078,-0.02496956140769912,-0.011825732819155669,0
4.159499274434797,-4.1558022470493725,-0.16867879321761312,1
0.12897670245221698,-0.07682720375287712,0.11541026219014894,0
0.06791674424907597,-0.02356829179907056,-0.025748947231105587,0
0.02275756415083857,0.08360339742723222,0.05548030833858847,0
-0.08511545705417474,-0.10368790728911162,-0.031020710256209096,0
-0.16440095839450547,0.11695782415920819,0.10757978604258074,0
0.1593432520761624,-0.1492996780968063,-0.06483863023032181,0
-0.008489448134419196,0.006580087491456012,0.017668068657175396,0
0.04070476730618408,0.16408886518243893,-0.08519381795877856,0
-0.006400048774640202,-0.1003413237319094,-0.10046885676424121,0
-0.105078121040456,-0.022354343398091163,-0.08294870262791637,0
0.11917548408100427,-0.06173800858585157,-0.09932222552806094,0
0.08877621898780669,-0.08883687417344083,0.10564491321709076,0
0.1667782401254595,-0.06967346509674892,0.11337508098288365,0
-0.08706433731191787,-0.13666147282567495,-0.09922633519092047,0
0.055866858624535026,0.11948365826565165,0.09619684385669279,0
-0.09953596613030202,0.04793031829156907,0.038152142468278756,0
-0.03448568278098392,0.08943461332407666,-0.04434407881143924,0
-0.019963027881013447,-0.12498528481341548,-0.07491121616243777,0
0.011659846345390827,-0.02080108704886771,0.00626990470209627,0
-0.06962491634607641,0.12183294277661055,-0.12211106938424157,0
0.04920708559590786,-0.02523277654170389,0.038434090447472674,0
0.03427354851020222,-0.10803269135228187,-0.010363381499450106,0
-0.10013643109346711,-0.0674487316739399,0.15106235951997593,0
0.0914133988217362,-0.10237058971163199,0.028799828827652675,0
0.03846493907538125,-0.11997699084155176,0.07095604709950452,0
0.014457727967150015,-0.017725264562198344,-0.0049474022802110836,0
-0.007882384510436102,-0.06761631731924593,0.036059315739468786,0
0.08953497427445047,0.05382004814979174,-0.18048768457223716,0
0.07259777548939447,0.013708231870783488,0.03728855697694752,0
0.01865415620502357,-0.0925441142043736,0.1843470288417327,0
-0.14604031509613022,-0.009196525009473043,-0.04944600302744308,0
0.07361160958250472,0.08080749429299844,0.09622810245018643,0
0.15810829006681454,0.07947019673628739,-0.09541622600168582,0
-0.09006627872760681,0.07443336960208471,-0.1136132549415929,0
0.02266379377780811,-0.21269065968428832,0.03119319292203561,0
0.05780261859963451,-0.1501163254389073,0.01720423327148962,0
0.2835712824744367,-0.015832436439776935,0.19415391476665878,0
-0.06816275511520775,0.06564171954897155,0.02675501623665276,0
-0.12138939643034606,-0.05908852659129846,-0.1924436959581146,0
0.049416090309451675,-0.15497975928658972,0.16606779493243737,0
-0.059860177548574305,-0.08078414107364919,-0.03832400545243138,0
-0.13768799252125938,0.03920729126148449,0.027178656562419884,0
-0.10902663489083958,-0.009006493921343497,-0.0947092555874742,0
-0.07893356544603902,0.140302591360126,0.12075907482918849,0
-0.05166659570285154,0.051077808898504606,-0.10161432601455012,0
-0.05426848160929403,-0.06999905669676833,0.07792242727980081,0
0.05898038892821733,0.10698176213954513,0.16450474521760605,0
0.06758066854766841,0.05046267043915022,0.013009954106199257,0
0.03210062208382314,0.0048090286525159336,-0.12645367201325275,0
0.09008863618801614,-0.07567931107921932,0.11166305797034942,0
0.005337548042052141,0.0031743631392236456,-0.0512678001441107,0
0.031700581465283574,0.19769769861731976,-0.04018228654119513,0
0.018378546015047247,-0.0032769600977218673,0.07741937382896373,0
-0.06441238125562825,0.03129019986320664,0.17028639084112823,0
-0.08371132595054076,-0.026717046680237368,0.11847551263733908,0
0.0630640103865738,0.0816031526966546,-0.030515201549286403,0
-0.09642909793820137,-0.017646695024621236,-0.0723835837430976,0
-0.19998174847080266,0.16708175169664133,0.1458890105346222,0
0.18492032960932067,-0.04914566068361715,0.19703612344656293,0
-0.03929893451596303,0.030788451373367887,0.04119168062326824,0
-0.017862791018454303,0.2711220199988367,0.09108938049923467,0
-0.019268663591532925,-0.10282790196771335,-0.06786413300402153,0
-0.12586262282142313,-0.07394657058399112,-0.06552376975920486,0
0.15696186467371037,0.06667929830445453,0.06613787403300568,0
0.05290930647786756,0.11232669232235448,-0.011501775663247747,0
-0.09320578834409955,0.05451362687074882,-0.14684003623988548,0
-0.0756118809761544,-0.018473202420376738,-0.03459425019898995,0
-0.1446016278931951,0.007923830879237544,0.06624614185594138,0
-0.16932478800628986,-0.08224042634522086,0.0019478327933462672,0
-0.08704866447498005,-0.062023359093046175,0.07816099452468496,0
2.3937527508979373,0.04885633765950587,-0.018573590635889408,0
2.6065647068499436,-0.07264142490242546,0.11185704369690491,0
2.4069450188748536,0.028840954835640295,0.016222368797610808,0
2.364710550894797,-0.22634921242013328,0.08204563300837164,0
2.4448693322420327,0.034793263734465465,0.26011867960465773,0
2.4099172980452326,-0.026227291819336015,-0.010877001402011966,0
2.4808108831427935,0.06934196961704917,-0.07384936530539297,0
2.394916237124732,0.05944574896545423,0.09718669784500325,0
2.337752108168343,-0.005727620031428089,0.023520298047666123,0
2.644380729101363,0.09528850116947181,-0.11973732609519405,0
2.7929812046753866,-0.02492256795936073,0.09216007050309438,0
2.4885875952763885,-0.15075939689396467,-0.1437762766898985,0
2.3037802280602264,0.08140140128992651,-0.052202920393712576,0
2.6704470432329486,0.012726844860510953,-0.026764951429053847,0
2.479056570609681,0.11105937221450807,0.03707451123185368,0
2.4188678099007186,0.21035645549302917,0.02164525356009828,0
2.499362291024285,-0.025782506498748844,-0.025057406784043713,0
2.493907041671009,-0.10102954716258324,0.07880084563078354,0
2.4318060693517602,-0.07082985012034954,0.17302828033162018,0
2.3915809559054084,0.07031719283790079,0.07420476136638725,0
2.49538100649731,-0.04040138149304623,0.0753553334945214,0
2.564157399968489,0.18545275636124745,0.06379095905902968,0
2.4531377467398086,0.03869270229671151,0.0333343464372895,0
2.6884045321038776,0.004658662020599172,-0.011861637381677271,0
2.614520832575803,-0.015522183309496732,-0.12868084798526777,0
2.5108070327803014,-0.07335215158178605,0.059074773535913075,0
2.49718298016244,0.01998557661114481,-0.012521237049233672,0
2.3993068730710956,-0.06371314025838881,-0.1398856871340592,0
2.5172630042071487,-0.017370947274965434,0.18626963483343018,0
2.4397502867539,0.03806542853703463,-0.0020398673885573255,0
2.5039901523314483,0.07315876917505393,-0.002890880230326473,0
2.592974461515152,-0.014623188051714836,0.10182219108657597,0
2.378015376868845,0.18658541515094254,0.007659136384326905,0
2.480996916888799,0.01667494236532946,0.006617554409951406,0
2.619466187475132,0.10683582473791567,0.03423339359062443,0
2.4845834660295436,-0.07564485943990139,0.04394027134840359,0
2.516015320332906,0.04046263745079058,-0.03937884029573546,0
2.4358986398910636,0.13903448091356393,0.09061858318420686,0
2.5525334424150894,-0.1395881555854562,-0.07571382609915883,0
2.2247770612902804,-0.017169296709068083,0.0030575193206582993,0
-1.4433853964933174,-0.10242816583298638,-0.15069473135731615,1
2.452176530353979,-0.0671161545978855,0.06858317195147917,0
2.6205152371602214,0.09681722704750387,-0.03152377542181583,0
2.4963107592872404,-0.10207028347710463,-0.06988612004002852,0
2.6473289727863962,-0.09569473251694743,-0.21025851583458352,0
2.5245165382503485,-0.05567239532224388,-0.023505503601319106,0
2.556070843500295,-0.061216797223172574,0.031615511724934646,0
2.6275834715886472,-0.10149763480341661,-0.08996185564758545,0
2.329698890585235,-0.074684324658685,-0.09166592555493674,0
2.4501880788375896,-0.026451132939023167,-0.08051481800546313,0
2.535625823752982,-0.11530844806352525,0.05238277319612547,0
2.4925401605254094,-0.06004594121777314,0.034889545078312025,0
2.3958742970050864,-0.09720045598062779,-0.06595348871102812,0
2.6027921995293486,0.07373617541198356,-0.07231256508738593,0
2.5193094693733435,0.0846972890622325,-0.06874263257040544,0
2.365897545046751,-0.12895903380049314,0.17448264031781968,0
2.3030040826329357,-0.12029539880666998,0.04437995716843493,0
2.5854590083618896,0.09261693329339465,-0.09564428639932959,0
2.4327933807117095,0.13062797280293578,0.07828823714036937,0
2.2517992576334214,-0.08187219959713161,0.22053403004551783,0
2.55023004595307,-0.02967660053526233,0.008044709846485537,0
2.342176329361567,0.06174703940978267,-0.17143599949121946,0
2.5696775798490834,0.07186134766334167,0.14725947281841403,0
2.380593557709901,-0.06617077345577903,0.12173173040591444,0
2.655300100272822,0.03285500140949459,-0.006672253204095773,0
2.538053623387453,-0.08616617165839413,-0.05900800631249864,0
2.5157654981225104,0.27627479667454014,-0.22483003377455968,0
2.3937200402417274,-0.11354692380279748,-0.12211633405808071,0
2.6380480744311563,0.2542103966676637,0.06260934308958373,0
2.4090462915424666,0.05897856908174437,0.009447962579603984,0
2.46655447104952,0.17236307454339062,0.1391336163887654,0
2.613837457269592,0.011983878526479032,-0.00748506445902342,0
2.3237320058235293,0.10632737237101562,-0.056430195178826796,0
2.461480791469339,0.00145564508969258,0.13256340272490805,0
2.660316636606482,0.0823669457365924,0.031491498222624204,0
2.5194665004066414,0.11599885953421277,-0.09321385301648304,0
2.68171729045323,0.08814558333049204,-0.29417780530411314,0
2.5264938277734057,-0.074974888334682,-0.03951105963073972,0
2.547519158269824,0.04235247909383365,0.01972052833687635,0
2.4130211750402752,-0.020635658846939957,-0.11097456648588427,0
2.50722007193108,3.9911018153305227,0.010499151709018044,1
2.382447791539666,-0.12003749708706618,-0.05281557874768242,0
2.462697968587005,-0.014058264048698666,0.043578675300959505,0
2.5672463126468688,0.19225196265326427,-0.059182554241713294,0
2.573952088265488,0.026261031476388398,-0.09959805972307145,0
2.60061742117794,-0.09377604823841573,-0.04336552223309741,0
2.343747708861806,0.09684812503814307,0.15651524626408211,0
2.4343478317270875,-0.009547086253570808,-0.0056650594636341,0
2.486251158486551,0.058929530541506604,0.01038090543631102,0
2.5559853555199643,0.1086795223806867,0.014112079813417708,0
2.7083234132958243,0.03230546892715135,0.07809067223123868,0
2.4227270343715666,-0.06809538093521593,0.13036654629599173,0
2.4336269262897328,-0.011517781155178895,-0.08000977331072655,0
2.6167636293211345,-0.020001581506972437,0.16397348369765394,0
2.3590403684682184,-0.06759888267214374,-0.070851998934389,0
2.453685834721579,0.05401064219900817,-0.07731739759997394,0
2.677149251693909,-0.11163366860275029,-0.10576047399128957,0
2.5676984726064984,-0.10606455471219485,0.09801419025045939,0
2.518395611989733,0.0009392004132075407,-0.16677878315321842,0
2.552270482534471,0.07588136810048193,0.10457775150783216,0
2.4970681409825377,-0.048838827108221156,0.049684729915078864,0
6.47913941543764,0.12572191036819447,0.0098700428757098,1
2.5290192793522768,-0.06398098970428717,-0.15800335341801916,0
2.5040548151124784,-0.13626148152535614,-0.07783634501071474,0
2.5224334843058687,-0.08156085634530061,0.22986092162908023,0
2.5111600642517784,0.03521195129148851,0.1857438900484191,0
2.444229708747381,-0.1095325757451001,0.049261104011176546,0
2.458390393596336,-0.13289806657988124,0.09119585998344397,0
2.602341445121159,-0.04647535160013256,0.13841678929975018,0
2.5327391891216258,0.0022110919440428444,-0.031115606410193616,0
2.4023359762101366,0.017275105898315928,-0.06531071180837465,0
2.451480718994121,-0.06880681102538591,-0.04400779279059414,0
2.6718965355529725,-0.023203576937090784,0.008883704115537612,0
2.688141976369681,0.12554990514751627,-0.0009053625160862582,0
2.6312499276230983,0.06907471135307955,0.035435912004998044,0
2.5649920839063567,-0.047683121222008795,0.1359299186549998,0
2.6252818716417328,-0.015374587281437502,-0.029953655124593293,0
2.644029079227383,0.036433993492528426,0.08852990045750411,0
2.4150815354473543,-0.08215555835309134,0.012862780505657843,0
2.4055872203284814,-0.07427777548154811,-0.0664185349276953,0
2.647982197654803,-0.14027088033195387,-0.12351109218183697,0
2.4372056845705745,0.03266903318866036,0.09980797281305298,0
2.5378298996145983,-0.0001272280424470065,0.14431812289448306,0
2.5312712619769515,-0.1580978843623002,-0.05026021198472391,0
2.4372534137823347,0.11609526062158455,-0.0274457284106957,0
2.506643211044921,-0.015680545247579888,0.15021821338436592,0
6.7012286221863935,-0.13632170129270563,-0.09365336946705101,1
2.29277988564693,-0.022076657238856462,0.04751655806920005,0
2.4506526957370656,-0.0012956536772538397,0.017739696027580215,0
2.4557158012806872,0.14530472400763103,-0.04975339894146805,0
2.521118501075173,0.16535066026109058,0.10644372578969169,0
2.4770051540768203,-0.0408973752746547,-0.05622255444306499,0
2.3077983512992364,-0.07657325445418289,-0.22100592165875166,0
2.5818513798541747,-0.22255994616155417,0.13514418872404543,0
2.502940833058973,-0.08690298962247547,-0.007339522384189125,0
2.4213939133341413,0.027044068805147755,0.09404880390355208,0
2.5395644498739065,0.07633707372048994,0.1055839860275049,0
2.5102804384574995,-0.04330132984386734,-0.13427725669176035,0
2.367690300007023,0.09618857207896198,-0.010659322701633375,0
2.599195838969529,0.09727904575089878,-0.05927138204572205,0
2.593826745333578,-0.03045875477806292,-0.20442326403070055,0
2.402615334746549,0.23400105760966736,0.08894506709277634,0
2.399626213435013,-0.016331635008185606,-0.18893791738028642,0
2.5365603520725566,0.12581645411336845,0.06545909728530555,0
2.4205458566022426,-0.10368837574983197,-0.08598308554752775,0
2.444407551398964,0.08990376548314859,0.10020899446794336,0
2.48405908675179,-0.07797951548126462,-0.0090065840245266,0
2.4539434233696698,-0.027526780132611558,0.1830526578777879,0
2.506672073799093,-0.071823253812389,0.14158369740734303,0
2.5538048887335902,-0.03881695695641679,-0.06386280471631393,0
2.5008122114501004,0.08239347028198413,-0.08087574867219638,0
2.4937457627543393,0.030980245878733426,0.03169280921866699,0
2.5974293583407757,0.06746737160037615,0.010570270028078449,0
2.469795724823291,0.04445084546782533,-0.10559598395390467,0
2.27280753289424,0.10581829470929505,-0.05539913695632183,0
2.6392765401910405,-0.008262315677606076,0.14536070721392622,0
2.497259707706031,0.01570531812481436,0.058244537187097815,0
2.5261510012339348,-0.04715524652562281,0.07361928316710485,0
2.663191736905236,0.05902859629779679,-0.21069935196152856,0
2.6635902985898245,-0.05397257887319726,-0.10433132407693985,0
2.4984601868109477,-0.11580732056227494,-0.09833371931675154,0
2.501617809619216,0.10898020745474485,-0.08177384618914242,0
2.4464572509776223,0.019655487984431688,0.08489564544321394,0
2.505191614975301,0.019674887393510018,0.052257297959599984,0
2.542119561609661,-0.08342820758247099,-0.025848531310687192,0
2.417657994182286,0.05820289433761601,-0.103027806711678,0
2.5342042057773906,-0.04607295084651006,-0.07340260389475849,0
2.4468624193654227,0.059160238779274,-0.065901950508564,0
2.5061051723451273,0.055155676050407665,-0.0011260909328490562,0
2.4302104760007195,-0.09144774667919675,0.045861305007868475,0
2.4411498540792493,-0.09486448231456869,-0.009993826667859203,0
2.4469434806031356,-0.08042034641988688,0.1650917475563346,0
2.3666137937474345,-0.03777543667207883,0.033146970271434976,0
2.503049721089837,0.057806878690771536,-0.15863132272458388,0
2.403273449096338,-0.015286652892933511,-0.14003167410782033,0
2.4362584842908013,0.14549936705908026,0.10630853299219525,0
2.5706198053458267,0.1098266206844655,0.0009032640395850531,0
2.583591252741604,0.016862886966831133,-0.11034919857607668,0
2.4294431022077863,0.039379921222379065,-0.035670128499345644,0
2.6052708611743323,-0.020413584854260303,-0.06962771950661815,0
2.5889080652857217,-0.10687642264929034,0.03360109421591942,0
2.628286225600051,0.0062281055942475586,-0.04009708487232755,0
2.491912303003483,-0.09344285559256586,-0.18665956379940118,0
2.5029342591834913,0.06712271787239647,0.10643616310680615,0
2.6603519365607817,0.03303975588080752,-0.07955256734482269,0
-1.535945695064882,0.06032839519766371,0.08742656462259492,1
2.4921306629507187,0.08310231329397781,0.13004285521266848,0
2.384563791519283,-0.09428024188766858,-0.17905090161076792,0
2.5131087379830834,-0.052543226109000155,-0.036815312182239594,0
2.610808296916147,-0.0585425616517183,0.14779140040058322,0
2.4730161324627775,0.1113845292586476,0.013746521494080795,0
2.59400595771823,0.0761897833529766,0.04289099120889192,0
2.4794766047723877,0.057840854112263966,0.16236731858433387,0
2.595296186337605,-0.05655902297392579,0.0271511203847484,0
2.6782866709922306,0.1047340538011689,-0.09048796655792961,0
2.514591817234596,-0.032393121685199144,-0.10905732947989566,0
2.5669045494703564,-0.13907817857042265,-0.10316597114046025,0
2.616722337618717,-0.09390549620840022,-0.15319016614756292,0
2.500447522204059,-0.21432196599226497,-0.03545386053694187,0
2.5003897212049666,-0.0724447936370627,0.1081936396671332,0
2.5318828544684986,0.015247722440255221,-0.08016916094284066,0
2.4954278923134066,-0.015549277761436879,0.03506192930633643,0
2.4491588889315907,-0.05558766083727984,0.06529012323877702,0
2.4027775860348197,0.0557527421908997,0.04180783490429085,0
2.6276542490536374,0.06572159906657431,0.040916297205852034,0
2.6213199740726285,-0.10632803059785166,0.03900681571447487,0
2.420900261297268,0.03282784285131646,-0.01791614499017038,0
2.5434015518735826,0.07838147596228928,0.07890327005791863,0
2.578796580912245,-0.06591861507986423,0.08108898727830241,0
2.444347414513398,0.05008219372945031,-0.14014404358035754,0
2.263924174906524,0.07931160157969826,0.06498222366825863,0
2.567575794599937,-0.06003685562016477,-0.12583216877886413,0
2.687541426847438,0.0643304209022183,-0.1707991189079728,0
2.6442395849508316,-0.06150384070430908,0.016118495801080258,0
2.3957781027419327,-0.06405628556591196,-0.19026342483675482,0
2.3951433693214574,-0.1459225350507347,-0.1370289047081167,0
2.6690304983860056,0.09210947187361501,0.11887212274238397,0
2.504778516565823,0.1564744626271938,-0.11583775010432007,0
2.5466632492181436,0.14521897527289046,-0.06817611443155583,0
2.5087457552435937,0.2585780197595955,-0.16671850089954815,0
2.4834288674140286,-0.17519379832749904,0.11215090247496516,0
2.5091878834016783,-0.05947222700069989,0.11922246996257027,0
2.353363092453412,-0.039367083178620914,-0.029459335488511585,0
2.4717427487876074,-0.09225482724255916,0.02432021958688116,0
2.570119496878972,-0.06576418219169301,-0.022582245736920005,0
2.50749273970362,-0.00868908672022604,0.07604682163501011,0
2.362417472350571,-0.15480713084337702,-0.11324095463224988,0
2.602144019987875,0.04533983985433338,0.03886495710013278,0
2.6072249014654827,3.9666058037060004,-0.16445633060329923,1
2.6222045989441582,-0.009915572602189865,0.015464878955428495,0
2.4828428528095614,-0.00802543704150168,-0.08154871231088409,0
2.4294514944000305,0.016789115772687064,-0.134632673972313,0
2.51491666188358,0.022264822072703243,0.09471731235481204,0
2.4239793460755323,-0.14051675540598174,-0.06900768271645955,0
2.6304205247964556,-0.2259413266627064,-0.08963348146487791,0
2.46886497632322,-0.17190841659416106,0.10999925114150236,0
2.54240326044959,-0.029069551675720662,-0.04186710120482954,0
2.4625179200928877,-0.042773370294868496,-0.10955795670365012,0
2.5385082460145596,0.10496901722083887,-0.055098515864822575,0
2.7095361016939323,0.03788160469139906,-0.05619012524945234,0
2.4414998989967054,0.005305542228064522,0.09707921655823616,0
2.2912860202187644,0.15346099763705132,-0.09943655568723565,0
2.5377571249207027,-0.013538955638979545,-0.006824357871099741,0
2.662173831639781,-0.09192703708182748,0.150485418456899,0
2.4176778172759312,0.07162844827090292,0.020804722279332694,0
2.555847602028711,0.10765489841031467,0.04920794429447728,0
2.4577671176937956,-0.16688434671938612,0.11426414861268278,0
2.5082915452059455,-3.893878560783222,0.11139155211482353,1
2.526880887905843,-0.11347390833809123,0.09550396401413391,0
2.6761978970113667,0.020664258172842405,0.12590105500055293,0
2.5605878303617264,-0.15495153375151194,-0.18947675065360925,0
2.5088640719146307,0.029691609273195658,0.08463100930059973,0
2.4147413666575246,-0.04077167673732388,0.03201945038200093,0
2.508141796516747,0.04742582728431997,-0.06279012332536775,0
2.6411974526843465,-0.0008871564746665043,-0.04870999349001392,0
2.3334565607672326,0.06831499099052919,0.020346140269568967,0
2.631329749337439,-0.1736101871916126,0.07705918044900639,0
2.459671047169142,-0.05133129588488712,-0.03507876410197518,0
2.3281639348503416,3.889812201807208,-0.188702343759094,1
2.592702862748865,-0.02901960366359742,-0.05010615464427581,0
2.495654363340566,0.06133771454611453,-0.09019235294619801,0
2.593948356964764,-0.05902083536602209,0.0457530082297297,0
2.4594590663651363,-0.11572719273812906,0.16895683595676927,0
2.497729336286863,-0.12095140392567644,-0.19224751498424372,0
2.6532297703492147,0.0252415036664505,-0.1608374771946901,0
2.6594709967727423,0.08372378652125445,-0.0707635161232573,0
2.5280950605907235,-0.0742758309721418,0.022934787354876737,0
2.447751049863202,-0.027810391653999685,-0.04499836424355029,0
2.649036697664515,0.06637504217422689,0.03819961487098839,0
2.627170434666862,0.1359438338289564,-0.04462081048436028,0
2.4463063839232095,-0.06930080400492793,-0.19994635781891718,0
2.508383962703835,0.025154808450494687,-0.09410148842818215,0
2.335504654437472,-0.07477800701614079,-0.010174613431236944,0
2.6047231236845896,0.07914283254282829,-0.11992907889933535,0
2.321427157560128,-0.11351122097087635,-0.18271185042636373,0
2.238107464597844,-0.024393217215743057,-0.12608353689088922,0
2.531347746519799,0.06136972323357135,0.04059434823319988,0
2.4824444343454313,-0.0599985617519963,0.09085452733160647,0
2.5569518365063435,0.13687369323846735,-0.07928485982570489,0
2.4916910814406945,-0.2706793697287914,-0.03226034914073759,0
2.5451878567926394,-0.128250161435814,-0.04621230021217248,0
2.5171374466874585,0.06873063240521328,-0.027023914360221297,0
2.459103773805956,-0.1768020628294217,-0.08897084612868364,0
2.5268320260979467,-0.05460201353422137,-0.06700388192983639,0
2.459010093548642,0.1596506674312479,-0.0295550207372643,0
2.4502636440860326,-0.018228353324049505,0.003663508258352887,0
2.4700956670919423,-0.18701824221632868,-0.11131084849486027,0
2.3472392846382304,0.07903752789050393,-0.07956251074910589,0
2.3459349284288735,-0.05694162591475604,0.06043494167538843,0
2.3077418453199368,-0.09405155207313595,-0.06360429802381201,0
2.566610933344431,0.012297596335815794,-0.03030384896663374,0
2.480483602555615,0.07485174396458677,0.15537156216849612,0
2.353471978524201,-0.06368382084621868,-0.05302481247824532,0
2.5792813343828054,-0.029756973192885006,0.10490815768692852,0
2.4791438989670738,-0.20555877002190603,-0.1463769455339101,0
2.6280173073880624,0.020726482678635427,0.05997638219242947,0
2.6565668121285118,0.1905269019430995,0.028659988795807986,0
2.6260745791165103,0.024884008794221896,0.15809025094012857,0
2.410887667721391,0.1806239774950031,0.1105830305419316,0
2.4670838452208796,-0.04032740681540575,-0.1416964951466983,0
2.437600531265585,-0.16032951134424278,0.1320163120354186,0
2.526254884651016,-0.23610912641699822,-0.03837829243116944,0
2.6239466587058637,0.11665804883545224,-0.0838269446060315,0
2.4052666909401865,-0.027391539237483144,0.13373902129595885,0
2.457362914249776,0.033727344223653054,0.07153770639607604,0
2.4780446560589833,-0.037291004613240024,-0.17361067351636353,0
2.437751533059825,-0.14748213970949492,0.1134741539545105,0
2.6130697970406063,-0.05003589646188215,0.08946157235897927,0
2.6510740824711934,0.035206028464219885,-0.005581986625158894,0
2.490209350852294,-0.03184681316222222,0.011744769722723702,0
2.4034613925353705,0.12435768756227333,0.04174969997151226,0
2.6572722036683967,0.037041414768649195,-0.07727776540247346,0
2.4124145009357107,-0.009699743284282658,-0.06082899790120544,0
2.492267943891908,0.04473058143683765,0.041535990488668795,0
2.567029246977492,0.05676673020581074,-0.13500845095645883,0
2.6467101857361883,0.09798054433817951,0.1952625564813516,0
2.5322722479147846,0.038914391619633615,-0.23723238427112184,0
2.6223981099289406,-0.0294978653285249,-0.07492868311728362,0
2.4222263603165612,0.07498756746415823,-0.0070494806965745345,0
2.4798129913691542,-0.013458452916720274,0.3001455718885021,0
2.7048430827651857,-0.06903710012296178,-0.029418436288499175,0
2.5680639863534576,-0.12778116339864087,0.14835055127260763,0
2.5737413965593614,0.00835636418893997,0.028985936275515073,0
2.5388259690797046,-0.03775966991401377,0.007264169926066464,0
2.476126486805248,0.12349602862624941,0.0731942884450341,0
2.3427145101638605,0.297639207481195,-0.07789032439677585,0
2.604695616092547,-0.0561987465368659,-0.1713176921637376,0
2.6331475794617543,0.04786514159080488,0.006865614197694228,0
2.457562718268891,-0.003440728343938119,0.006449326282591077,0
2.6661131646553433,-0.050307106899406095,-0.06642089352842921,0
2.524609446115961,-0.007315882800378763,-0.09061389605452347,0
2.5273749208372713,-0.1699512268700338,-0.017944401183539356,0
2.421466313630537,-0.009489628875211133,-0.00945481291082067,0
2.527090427062311,0.09746670551212878,-0.021874145503359952,0
2.3957644933291458,0.025947475633999635,-0.023118367530033077,0
2.6571021705748095,0.03408694336789492,0.09318791724859028,0
2.571821837634306,-0.07216012711199414,-0.11096599594579176,0
2.405676597114523,0.13717672138539433,-0.03778160490237289,0
2.4755390474930086,0.10976928025088445,0.32149844695384977,0
2.298458414341546,-0.2752735231772469,-0.013550814828879869,0
2.462814980875224,0.03802836178823129,0.017230087073969974,0
2.47615608813365,-0.07255383584089498,-0.0727511184135501,0
2.4801472032438205,-0.02132183904713443,-0.0153736910761232,0
2.377738379462837,0.06734608847059283,-0.024325120320985598,0
2.4920054648069105,-0.005478096799600442,0.09073028492695873,0
2.6270806034407226,0.15626018729227745,-0.1140446315827895,0
2.460573856570765,0.10352992949543105,-0.049173484196384475,0
2.6541997256917327,0.14377447264826432,-0.06350203754392818,0
2.6195203001512644,-0.12467745174654195,-0.003787411736214769,0
2.553644516910801,0.1462231951981954,-0.017382177220984698,0
2.392248123709155,0.19884944271918595,-0.027292897077872254,0
2.5934216205514784,-0.04201239914260592,-0.0710280411168052,0
2.5800656881605817,0.09384064538988107,0.0632528926725762,0
2.5962140401943437,0.05161837671276004,-0.07882709839458563,0
2.550035520342491,-0.044565047675078406,-0.17191631453563452,0
2.5299181045590884,0.10359962237073504,0.014071329766964909,0
2.704689668157924,-0.10177883064739922,0.039840579111517484,0
2.62876667173441,-0.24338833241985125,0.13975415702293587,0
2.580309167613026,-0.01960142313267133,-0.20585772633961186,0
2.488716670428228,-0.02303371562899109,0.07631118216091028,0
2.488595931544216,0.04861417069407866,-0.1043902660866817,0
2.39699850683326,0.10513115675870088,-0.05354227604061379,0
2.431039567258734,-0.008580730939089705,0.0544043173187199,0
2.4937071416391237,0.06479359802063367,0.03191588490569998,0
2.6094318547938657,-0.045132868460948626,0.008750930648547556,0
2.5198797261336408,-3.8420378517155647,-0.007391666369701056,1
2.3967256067532396,-0.012400736909412265,0.13620431300404504,0
2.544446571370539,0.056124648359105606,-0.033548788345444,0
2.4305857583266173,0.14309046736545866,0.035849555012904495,0
2.574176932430279,-0.10805124978270363,0.04874618029935888,0
2.5697517205567633,0.02501286707613279,-0.09196958997181419,0
2.3963999521260835,-0.0884901508258587,-0.17947748960156767,0
2.5215824798275173,-0.16722717360455652,-0.10992315406238318,0
2.543948860229492,-0.017947847408293513,0.03871890545609502,0
2.527307906194256,0.0070432384567974534,-0.10037221875549347,0
2.6403800405419275,0.042265874079604554,-0.025052981541829968,0
2.4167886793715203,0.09467713140523222,-0.18627960539093716,0
2.418428156907832,0.019243916534315977,-0.06377592348492744,0
2.6431938551399847,0.0744495867562345,-0.0010664645672695382,0
2.5709816502977207,-0.06242947008544767,0.08679058857142581,0
2.4059470050530836,0.03638501120133818,0.13823423392949769,0
2.554086339229208,-0.03597378904908188,0.23258557827165977,0
2.4571548877888993,-0.07487543916272933,0.004024999480458645,0
2.3976607482061754,-0.15373877688320237,-0.15804130919806275,0
2.4942263092537247,-0.016864235271716148,0.07026722648804559,0
2.4992970744443657,0.14531418624262946,0.06172096213467459,0
2.3718136610440217,-0.05806136544752856,0.03768090558923881,0
2.523988207295493,-0.15458055837330087,0.12098210622239586,0
2.5980364783725993,0.13766798449135884,0.022907039234573493,0
2.710065341636926,-0.12112095115114617,-0.0560209280148806,0
2.421806253551453,-0.22239384464297066,-0.07583713509661008,0
2.4400936946501433,0.005356776014207386,-0.16048978750294887,0
2.6040924953074773,0.14212036865930242,0.12696518229666612,0
2.344877730969362,-0.03931579564359069,-0.1882578061913938,0
2.348953228159374,-0.18197411490810023,0.053814577309363704,0
2.4606057001114214,-0.15944613194208526,0.11319267993988305,0
2.6545143252616956,0.13528986276800678,-0.07103061593457967,0
2.4011652102406265,-0.050815817894662524,0.14161562813955386,0
2.3588281285470987,-0.03405079479784852,0.07580810863208726,0
2.768263922848609,4.168321436361032,-0.06883555303425208,1
2.4191058728192267,-0.06222696892737034,-0.06273132386172099,0
2.4106377597159585,0.02617811659327057,0.14146278017352373,0
2.419252232640488,0.021133975452387675,-0.13967376202076087,0
2.7098604751815105,-0.02875807844509476,-0.10731840007613845,0
2.487351185377688,0.1426655101790319,0.12088467892810398,0
2.6395510897039465,-0.024494236254604267,0.021270331405227095,0
2.392674703122173,-0.03954600153919425,0.08267260435800933,0
2.490154098657876,0.021317579850348586,0.02073763402301347,0
2.5968466184778585,0.08364146665905371,0.0019417233852096307,0
2.5780512001456426,-0.14637052168981826,-0.06954328530933865,0
2.4367450523388223,0.03655375888772936,0.05170005046502242,0
2.569917732364828,-0.1325479727684016,0.011325824123988644,0
2.4901180127292513,-0.027523952106975613,0.13051637404954794,0
2.5122776039202748,-0.04969115604573188,0.00660557853142552,0
2.4403951503483574,-0.03820264927406189,-0.16032375346410468,0
2.5029820726107124,0.15254777644296863,-0.02373475539530841,0
2.333733591312,-0.03572864441584899,0.0012895736202407232,0
2.4694650728885397,-0.020143113170221598,-0.052517331762526466,0
2.3883850832912703,0.1613317761940484,-0.03462341159991608,0
2.5834150878700477,0.07890581821981756,0.11630647440685876,0
2.3755736663559874,0.09769949389566303,-0.09003575964247817,0
2.5410720469778325,0.0166798638505414,-0.10062984905891857,0
2.580017344524687,0.15236698958508213,0.054588045770414456,0
2.4678509549390504,-0.024810546850114468,-0.037887635605726444,0
2.4650703294601866,-0.18035891870387646,-0.012025644826389221,0
2.72276623142087,-0.09177021939437642,0.0449741244173531,0
2.3968716020025878,-0.11522692604360303,-0.059171227100507144,0
2.4147892087156007,0.03671536212374977,0.12135082532438153,0
2.3892766163074937,0.1977906751467392,-0.029612488514088892,0
2.31349608063658,0.01893862207853331,0.06040260954625322,0
2.557919487276797,-0.17432359377670192,0.04726435711448662,0
2.584010355647291,0.06838893837499681,-0.011878357308280947,0
2.7076984506333996,-0.07152331305652199,0.004098097742645431,0
2.462973017405673,-0.12717590540019597,0.15019454316616243,0
2.670839604097167,-0.16353421088726328,0.06194880347205875,0
2.517174455388875,-0.0632733537884872,0.1541265881859196,0
2.7198974293524505,0.03138184363706528,0.020966313977613935,0
2.3686208442699863,-0.07074410763844007,-0.08813613261848634,0
2.5953091740242438,-0.1190340574677866,-0.06552804896698429,0
2.3932733685594654,0.02244652526666795,-0.04395785130594912,0
2.5997319518045554,0.13752028952794762,0.10295150179962714,0
2.5480277268932374,0.04610842046910114,0.18630352504500225,0
2.6267247947731818,0.09098137695636364,0.013370969376595024,0
2.575610195015943,-0.05991316782284204,0.012161771267256549,0
2.4872246052809626,-0.2004198654171011,-0.16595688705072467,0
2.3203086065517917,-0.05811793923651259,-0.12179591713059451,0
2.363187406055811,-0.022600603787069018,0.07519598160587493,0
2.61575576285733,-0.14322908216598043,0.11975441028518735,0
2.628248752201421,0.030121110592419773,0.17651652670108492,0
2.371462954692749,-0.1611412028104738,0.025864978257298388,0
2.417265825952587,-0.015786042142895768,-0.0026004245552507066,0
2.5840290501395504,0.12583011428017,-0.03594552303497015,0
2.5038357384927545,-0.07693467369459644,-0.054364564200962445,0
2.5008459759929624,0.09234089633746723,0.08699593922864837,0
2.584208599280025,0.0751479344292778,0.13976882269617566,0
2.3716238970882393,0.09657951122796131,-0.022221823423690026,0
2.5234351491106217,0.1301142088385636,-0.016597756118235062,0
2.3969839607394086,-0.14084964597935326,0.16242061618320092,0
2.4139698402366667,-0.06962171009354039,3.956898485415074,1
2.597388647453354,-0.002254426602452548,0.04952767432472989,0
2.471001864645327,0.06171663323963597,-0.09224382791350805,0
2.5909178604771212,-0.025426926980155876,0.018034640179413912,0
2.6568519863336886,0.07710028772214607,-0.0702297313284249,0
2.4763292308136062,-0.00970658284902675,0.09036194443244974,0
2.488527906323139,0.012768551873607304,0.2329885485754204,0
2.3678114972635607,-0.2293673024497639,-0.09017777075050894,0
2.4526683425715823,0.06407971224309036,-0.1465134151904794,0
2.438379642389911,0.06927232595663295,0.016179419012659183,0
2.5383150223220454,-0.04345248660253245,0.05104696645231045,0
2.3284970554764532,0.18657230125194957,-0.028218895200114627,0
2.4428002728579408,-0.12810415538659684,0.10847208948716339,0
2.3390701585109976,0.09807013025669181,-0.07482843417192175,0
2.422938915579455,-0.04381046361666933,-0.13221772891514405,0
2.5017928666839566,0.20558990673187194,-0.07604783721950692,0
2.486432164210408,-0.1827560417414746,0.16173462563577945,0
2.42730565790727,-0.22895007165548031,-0.07537970638134911,0
2.414711961116721,0.0543583927051337,-0.006387541995541273,0
2.329769195974154,0.056167087042436836,0.14570823575822642,0
2.403293788464444,-0.07811451356471844,0.026330275069274395,0
2.4170567501802434,-0.19328299116162806,-0.0077464396347913834,0
2.4628915499607587,-0.03670975942213738,-0.10011241180538599,0
2.636748961219031,-0.07316501823952953,-0.037676955912360144,0
2.5226286774134925,-0.07292374631007144,0.07594051776036542,0
2.5863646677587235,-0.10988708761674021,-0.04445183693137267,0
2.4341527153525115,0.15242762856434985,0.12667714204696823,0
2.548439510932665,-0.004230305306287224,0.15417721892954062,0
2.4814780880732665,-0.0368398839203304,0.02623872447094025,0
2.5287407846902927,0.11685246819237378,-0.06267216846586156,0
2.638192059656921,-0.13465405348172674,0.011494390635722903,0
2.5781331875673663,-0.017042141939628257,0.09507586916465785,0
2.5151108610454673,0.06386259094056695,0.06731259445646198,0
2.549469292173714,0.10761613631031437,0.03148522835000838,0
2.6404272448268458,-0.043207233856282445,0.008132248634896781,0
2.5073845616914614,0.21773944235070639,0.09742349036069646,0
2.4008243675710768,-0.11964110410808507,-0.0011763138412688053,0
2.445681218542078,0.041971527068534215,0.014377492501402007,0
2.4447693467684313,-0.19941391109685838,-0.05259266220011241,0
2.6051280670621604,0.06377890728112762,-0.2054965172234749,0
2.4202060900934255,0.04529846053447744,-0.0036549411049917047,0
2.5980414198726307,0.040122867332303795,-0.09237108589869923,0
2.624345422133773,-0.005229225087781862,-0.17499866247426354,0
2.4270531983084216,-0.02194002078430867,0.07757141449091894,0
2.480650128702755,0.02550543354914174,0.03805923670236058,0
2.3773807569131287,-0.055707613629904854,-0.115711944179808,0
2.402214625566769,-0.25957546431646594,-0.1704475074367479,0
2.4306273128288693,-0.22641441453329764,0.1351116919348638,0
2.5171461440396126,-0.15225604299215778,-0.04320053805927739,0
2.6367242370855575,0.08639744543393918,-0.05850001572238492,0
2.574304811124518,-0.06895037781570436,-0.0018413710694738603,0
2.5514756649165746,-0.07924468227905004,0.0036819556211919874,0
2.332968275441285,0.03557769229024131,0.17265118239132166,0
2.6620841109336326,0.1902959932380708,0.04787330486261633,0
2.3542244440932256,-0.027100755556023516,-0.01840425500203122,0
2.5126150170888364,0.08213293951294336,-0.07273943321734871,0
2.489842920454994,0.057907250299688455,0.16223883347070037,0
2.436319924839669,0.003945286439951025,0.17383450237998874,0
2.6279636209641004,0.0363209946803317,0.05548168819487789,0
2.3534329028982577,-0.004541159638425662,-0.0011325717392541344,0
2.5448080283309666,0.15376235376484493,-0.018748047442216028,0
2.368220345527794,0.03866682736314917,-0.05324196252660062,0
2.510434345232513,0.04042440378999265,-0.006149318799804772,0
2.436796932896294,0.07810313538850759,-0.09172356216778522,0
2.519753719587748,-0.021114962480758153,0.07945994978764583,0
2.5451668736984017,-0.22155441418857014,0.20014461543098072,0
2.5683642127149917,0.003196953548157141,-0.06874663678917525,0
2.71813016545227,0.2561565186376477,-0.014148157440316778,0
2.56847973004254,0.06496616912599926,0.00043183729818290845,0
2.52411872832533,0.053041417470396826,0.05370983833269688,0
2.459631268081201,0.1783995805797666,0.004240065562648481,0
2.4483338076001746,-0.043991865319403925,-0.02317608766740866,0
2.5558181474965025,-0.053854067917075046,-0.08211531005555146,0
2.512487133275965,-0.18132425697616328,0.07240127770793159,0
2.404808321709234,0.19288091091137766,-0.02104891893201506,0
2.5752548393021613,0.017570517711045123,0.02532535303059969,0
2.465070164857405,0.18590423749838547,-0.0019044888520025165,0
2.3637991672588763,-0.11899263389490267,0.040374103053010243,0
2.5332965137090833,0.1579680108197816,0.08406022915502795,0
2.5089594539702182,-0.15792775743210452,-0.003609266385181555,0
2.4360971860146563,-0.02299915637922192,0.02639285069626285,0
2.4681202669170443,0.023377949779953007,0.0830251610575341,0
2.5113831387340797,0.04314756883872505,-0.14581059312243536,0
2.5276831203406913,0.020484541256225914,-0.014309327636233445,0
2.4818669456467055,-0.23132012854985812,-0.003853621467142437,0
2.59185554213262,0.07161634083928224,-0.10400720754912436,0
2.5727560598464114,0.14960753376193964,0.18954746515109733,0
2.572064703843629,-0.06519481110719115,0.047327329586672934,0
2.614374647175284,-0.05034039395874003,0.07133651305260783,0
2.334478094108945,-0.028202518900419023,-0.1512336920384264,0
2.5075908415480903,0.20968769553488711,0.040853929014155244,0
2.3870523490316584,-0.023179554553451748,0.1135931699132581,0
2.418242132109495,-0.006510559850795118,-0.094017614849584,0
2.2600726528678026,-0.025481680996077567,-0.02105398051837853,0
2.4743534797322027,0.18679502852438304,-0.01328907559000302,0
2.566618221701375,-0.06686178206846098,-0.01929662901989426,0
2.539805766098162,-0.06716090005160505,-0.12144837404840325,0
2.7061462194664494,0.040043902628732087,0.10186267423497436,0
2.6868137262364855,-0.05330977944168455,0.19363588038586918,0
2.2151804224895972,0.08384013811173797,3.9755523507495694,1
2.532032587683862,-0.03144311605883211,-0.05184325674965423,0
2.570309371340691,-0.08950370513447102,-0.007434118815381863,0
2.4422731437352403,0.09148863376026357,-0.027773670727909733,0
2.590433085249164,0.02545997308341749,0.09392568625906524,0
2.472653429450225,0.036818405935635366,-0.05780522083046984,0
2.4326402325159657,-0.07584004030556368,0.08013398740295653,0
2.4151703193835816,-0.06170818517435866,0.06445187472213015,0
2.5995334838909505,-0.008655104404899108,-0.07572476134903555,0
2.3709408437031603,-0.07847762311378265,-0.023062489631601547,0
2.5751510459339153,-0.05067975008036625,0.001975741270473025,0
2.4143553097344346,-0.0891292269853248,-0.023861041253255416,0
2.4582681455409445,0.03368952422266197,-0.025960804605826917,0
2.4410314754181504,-0.0973175588018098,0.05575151016882345,0
2.3295865774540125,-0.06709640446540646,0.10238008263499954,0
2.702428353086232,-0.2629250554850669,-0.03569417141460248,0
2.353761407577536,-0.018441366668670255,-0.19059755604199052,0
2.6800052065033917,0.06118619882909904,-0.0946029948754782,0
2.5072783538113566,0.1392571451976267,-0.2285517062369166,0
2.4184249019788604,0.045949656479356525,0.007230422577177828,0
2.3932978038740758,0.024461664160434965,-0.03901108857359059,0
2.5207342640667334,0.045838584769742424,-0.14011138547549393,0
2.447593591895794,-0.02554837685980227,-0.10048372218211853,0
2.641197137029913,-0.04250952447102613,-0.057321928094704704,0
2.5814378005218357,-0.09323470997243331,-0.0013230800020443828,0
2.48028015810833,-0.04690650466631509,0.036425236188059255,0
2.5034968876346153,-0.05764376751319979,0.15439373717085791,0
2.4750164879111676,-0.026782069463712088,-0.07205329733344293,0
2.4588926330619194,-0.040610788808061994,-0.032550502331668354,0
2.4622143812970405,0.06500999308955145,0.09745636268237157,0
2.538933488011279,-0.18077975267431778,0.06380630253499191,0
2.4653999118817973,-0.007721538206992705,0.06016382217386036,0
2.3973085126169194,-0.04472432599922318,-0.17127303037057218,0
2.5233586871162927,-0.18759435216881581,0.04333813123841368,0
2.509164698642573,0.04813125406027142,0.15161122008877126,0
2.561809665846145,0.09257856135026706,-0.06047899685010957,0
2.3449259407399983,-0.031984297127164905,-0.03393799832404911,0
2.5960610944458042,-0.01858637381916918,0.052495334966283946,0
2.597518332789562,0.03677150737464815,-0.12282561412922036,0
2.6699998745885067,-0.015938439596170362,-0.16549870042766163,0
2.526264066011593,-0.1827356547574831,0.024529308433676827,0
2.530963064284351,-0.030475172521761098,-0.12873860775352328,0
2.4746271302935123,-0.020669298126533245,-3.9809661333800785,1
2.4173159371830373,-0.0022229054167613145,-0.013818146282432884,0
2.398706609381326,-0.014993173052494133,0.042871562837963936,0
2.427747244799356,0.11416151698218635,0.03301875613944772,0
2.4322453143436356,0.03660221068511377,0.07611791303066921,0
2.6172092285463338,0.007225975283175062,-0.09834594493531486,0
2.5470245020930498,-0.16287868853246576,-0.06704536335772869,0
2.444070548316642,0.04117080296928982,-0.02816731909047609,0
2.4349957905427546,-0.02184309668648315,0.06597574740768496,0
2.4756711014547266,0.025360212205494788,-0.10539434355372145,0
2.477309307700948,0.10786817083243348,0.025483913559228268,0
2.4328153475616245,0.02927988688218295,0.04688821701763831,0
2.2720713513628157,0.001704057130428096,0.08567245228824115,0
2.594329750803486,0.1950994303148668,-0.0709452622471512,0
2.564984635890039,-0.09949676322019257,0.032198085387818744,0
2.7557946649635547,0.10469989841970034,-0.009388272529602781,0
2.4978159484966613,-0.12229555686328016,0.18457159791765365,0
2.388190617502414,0.01623229212705289,0.11350810154802832,0
2.621756024938035,-0.15822682306084498,0.023571241560622194,0
2.4829288521050175,0.12874114450256505,0.14307113648500647,0
2.4561521270969906,0.17727117908674464,0.03343160489456841,0
2.228050258609414,-0.0905986166203242,-0.06521891051194181,0
2.4307343105485795,0.17198940686151365,0.0266306884935161,0
2.5787531503896606,-0.11622657399228611,-0.056471874773274214,0
2.468322929442165,-0.0035999558245685412,0.12053974789175842,0
2.4288746026077437,0.026939765462750162,-0.1282867891655288,0
2.4754210497917932,-0.049617413496760764,0.08664048537951614,0
2.4222223788815636,-0.09427008167342782,-0.08972740969410081,0
2.704807672937744,-0.03724192825445752,-0.04718265972188107,0
2.425389116340029,0.008570940579357046,0.08574321942171878,0
2.7978438286263665,-0.13506381607968843,0.06559475238121037,0
2.413604970991219,-0.03714627808191228,-0.07304133583435139,0
2.3911954160445936,0.06185877611642363,0.025107300903499004,0
2.5158654328883756,-0.3405276034500444,0.1194450487314796,0
2.5596200019979958,0.07438128594131263,0.02374677721617882,0
2.4001359841367282,-0.06421712143664382,-0.06245476235505353,0
2.4500088248205363,0.058201597206952616,0.11216972953216951,0
2.426899303448389,-0.02276192633784774,0.007610429320929205,0
2.3142264079789787,0.02643861227973662,-0.09304583753119876,0
2.3813844454567112,0.0018048883723560097,0.1995958405486673,0
2.3182857064760922,0.05269927851415888,-0.04187030396577311,0
2.543209849863758,0.03291156571833328,-0.11475903033466142,0
2.567266571012355,-0.041583232229538594,-0.20230942037286598,0
2.4543102410492232,0.01612861861258785,0.053791101572113025,0
2.42606703879295,-0.07436683710666052,-0.21056492996551623,0
2.650379535567187,-0.06997099923916744,-0.01793424397634359,0
2.4930664065753825,-0.028989869792654867,0.0407442648395589,0
2.6076380614330743,-0.20115587898674592,-0.018703265254345524,0
2.5018656045052565,-0.11859943466450842,0.010251657477974388,0
2.5157673791117046,-0.06494451987335974,0.110403216315966,0
2.4561190691520705,0.09969651383166045,0.007903844687999628,0
2.5594115998628584,0.05756222582630717,0.1561050563140408,0
2.315903315123382,-0.022664611089429243,-0.14544974351963,0
2.472701908516786,-0.017552164653984695,-0.11019089750199576,0
2.582674150071759,0.1516659243980345,-0.15320839119559104,0
2.293963451526717,0.039879395725871125,0.11236955729313543,0
2.6088390181379406,0.13015313798331135,-0.05899211851191191,0
2.28856502991747,-0.012834695687962826,0.012251182703256962,0
2.4586744155254805,-0.10613785146890065,0.005614524049977289,0
2.5949201050676467,-0.004267249228531891,0.1259281646311319,0
2.6660567132549104,0.03843233131630797,0.07091505289319826,0
2.379552201947475,0.10990537729515043,-0.0505304685599184,0
2.41548603867373,-0.145051644174055,-0.09434826834766488,0
2.3115017626480654,-0.025703318115552338,0.17097782227965883,0
2.6973465142279087,-0.09866298404355295,-0.030967741446282105,0
2.5439143058174896,-0.10606682446124945,0.09477419082639615,0
2.4172246435603064,-0.009007225092520957,-0.015474121321327597,0
2.550487862887552,-0.0320190352529043,0.13731320491449478,0
2.5066079278977993,0.0007682054990575136,-0.19691562662033402,0
2.518414387873304,-0.08096652221818096,0.0997884850295086,0
2.513119329247025,-0.06855784218417897,0.08233041282569764,0
2.5079900070678187,-0.15369981498708132,0.09182304755137756,0
2.6183728005742064,-0.1402363453405218,-0.037281713846318565,0
2.6382088175752356,-0.09277662794126856,-0.006213495886216251,0
2.4808649750863734,-0.07466272736275656,-0.0727740815324922,0
2.460242852389528,-0.13410767894762296,-0.023482061810519563,0
2.5690313591104523,-0.026544770453809458,-0.0728836490531493,0
2.5447294386415975,0.01164499777063785,0.030799918406159435,0
2.589369625499025,0.10271269875324694,-0.18335818506304272,0
2.5854357095109863,-0.11119809946729152,0.13345187378893808,0
2.4078136031304207,-0.18404576049914753,0.2160901960514997,0
2.566872107018907,0.03253300793241092,0.06717923068208244,0
2.4265637583105333,-0.0212783806796,-0.2059659932101952,0
2.6079255631317224,-0.008206086411394278,-0.044464354846710887,0
2.712455524015632,0.01190880059891322,-0.035999026759082356,0
2.5607485592124313,-0.04913959210960087,-0.12722499972234766,0
2.6274253234175755,-0.22901939604274163,0.1075812093938942,0
2.45142066278793,-0.10820078350893247,0.0024950543433396883,0
2.6401377850025365,-0.084955816797041,0.033118252687740844,0
2.3785198436465467,-0.1622800358212143,0.13115847054840551,0
2.5137435069435097,0.05839617724086097,-0.1381558091333339,0
2.5448396123514954,-0.06453665525559156,0.20002987530229582,0
2.5479257899734447,0.09371206765908774,0.008808652721495851,0
2.506884942356199,-0.05045904016841506,-0.05409628807243652,0
2.370449774355941,0.026983178394039655,0.06586498627186181,0
2.408130721995033,-0.15046874852245004,-0.06330225076367998,0
2.4911815905807364,-0.053510350563511846,0.040983200205409354,0
2.6821697176563664,0.005300177595014215,0.09990407054559197,0
2.5008827755996146,0.10834830596807105,-0.08038520547303692,0
2.3488106507271302,-0.0620221925261562,-0.0657253524426632,0
2.5159591676363426,0.06836158980483373,-0.11471929454445498,0
2.543112806750183,-0.0032171206383778982,0.13329843305249503,0
2.6092194739523342,0.03623785491094499,-0.0025742415650674205,0
2.5163727147713666,-0.0681738257113772,-0.024128070633238914,0
2.544341970500961,0.12889701847122323,-0.18741268817045653,0
2.4466811140119633,-0.04585558077585208,-0.055305754196527473,0
2.385818561082915,-0.1558061276474452,-0.17397111496286446,0
2.441398208088094,-0.18132107445406956,0.017921306901861975,0
2.51580322313446,0.06558434525349538,-0.015727819269783814,0
2.5775843831807714,-0.039278116785689245,0.12781614263659022,0
2.4124274509978543,-0.009346827482961988,0.007834756141203436,0
2.4033819213459098,0.04289238286666683,0.13227511341495887,0
2.630753022708188,0.30755709668916376,0.011887533063145515,0
2.42517616036319,-0.04977608507562362,0.0975159036309894,0
2.4554270284263113,-0.10020176002310816,0.043242343335825495,0
2.570571567998604,0.08066221861910805,0.010991643266286818,0
2.601786603397379,-0.14293494288940164,-0.03028788021494528,0
2.5018924835887746,0.019431858722683753,-0.14590597359480947,0
2.4850212895087327,-0.03906863600746526,0.08325746103709802,0
2.5223111675393586,-0.009509044301120565,0.04553191623860144,0
2.566297017867083,0.137820285377455,-0.09567845273676767,0
2.5864901657401465,-0.120829642894504,-0.04216801534342377,0
2.6389065054670207,0.10551659796085154,0.058553048907980354,0
2.3741562261832514,-0.005835476917509663,0.022640491444261696,0
2.472418164348914,0.1268121198236281,0.14584338374513453,0
2.6582106076746133,0.022903009723184757,-0.013830815245163755,0
2.4383449973303826,-0.18596640752132593,0.15484090987439303,0
2.3199524502060016,0.07399150849104384,0.07944026949991728,0
2.501002118185459,-0.03635154316059324,0.016314752145071096,0
2.5927914049157463,0.04578375276816884,-0.16111384016169403,0
2.50299256016383,0.13553725874433287,-0.01130626468546905,0
2.3848342627750037,0.09691212414972071,0.06168308745523757,0
2.52425381448371,-0.11624167652837746,0.035000547743790376,0
2.6204122392638762,-0.15622775753496473,0.13518093424860925,0
2.5167900217344936,-0.025879230586347998,-0.13767764107606853,0
2.416389500674479,-0.0005953377315229653,0.026568491160056135,0
2.6721336337950246,0.28709899794573807,0.05888630261561215,0
2.400130300905482,0.009272107202046636,0.03728990544035424,0
2.6074820143986916,0.021215463929361883,-0.07083223002451931,0
2.3199922401964983,0.12812394568444038,0.09308277762921852,0
2.440854583946224,0.018630083148941316,0.118986385986331,0
2.525515769348592,0.09337969935900596,0.08822875546694975,0
2.4638265972524476,-0.1036862880460604,-0.07913435959400271,0
2.288386257453828,-0.044286993511124785,-0.03321429848441936,0
2.5009276299487557,0.05969250191760999,-0.005466842890584678,0
2.3250240130887065,0.02117266189696811,-0.02228282460358852,0
2.540423630616795,0.10123948337995953,-0.027678621721688917,0
2.5749986210176634,-0.008030295393215498,0.2043048846830592,0
2.43879565139802,0.07131943580566472,0.004385516682948831,0
2.4311331136089804,0.1117906988898318,0.1603024691131474,0
2.5914722138243302,0.007719816195442947,-0.018707493608009756,0
2.3433375174888242,-0.21630876170204427,0.09210445995510198,0
2.345571485809764,0.057686267423471195,-0.13358586517204304,0
2.3608437367020088,-0.08502507674415763,-0.1437536594919454,0
2.567055873832025,-0.07126536478306958,0.013161430951980422,0
2.307439632851075,0.04504680911542969,-0.03344850360711883,0
2.253972089794413,0.07956282198052711,0.2448206991125741,0
2.6341269050409903,0.06259235218206927,-0.08874071831845443,0
2.5134259465003903,0.005372051064282154,-0.09367928042640038,0
2.444077619863912,0.1276680737633637,-0.008254876016033667,0
2.5723899806731554,0.10184692745762035,0.20453789410369638,0
2.409657830358054,-0.14055081938815148,-0.036011320738231836,0
2.7260993229378565,-0.07677837284159067,-0.1573607545385481,0
2.4221982588315965,0.0947895192806597,0.055205662266789905,0
2.5058495190506815,0.025906034141099984,0.058489124881970195,0
2.4722282773626216,-0.08344706940234037,-0.12915470991750685,0
2.3937598981664263,-0.11488354088776231,-0.03400474611641132,0
2.5164830162340075,0.04874602895783078,-0.06379049527794994,0
2.701593814002279,-0.07950866205764756,-0.1821516068778721,0
2.553560455554729,-0.11511702011992811,0.15660834724967979,0
2.4755242763484713,-0.036861118498297006,-0.0745886138551123,0
2.640223776906159,-0.08712085335089764,0.01834813156615605,0
2.5607543090110503,0.06559039091029831,0.20491649143732077,0
2.562302176852684,-0.053038665519524,0.04593276987146286,0
2.5357803690003826,-0.020582772359234162,0.10650699699409455,0
2.4691756377904617,0.0833266804327594,-0.12318216120199743,0
2.4328954630312762,0.0621778654677475,0.03974196301433192,0
2.364769813103993,0.02654733393574782,-4.009948320254915,1
2.6011486457650017,-0.0012867950877341841,-0.10784151979384314,0
2.5493912372784684,0.025464203090435317,0.1487903861546563,0
2.638411373984624,-0.04579213626586462,0.07983875119774424,0
2.632656059236147,0.08314882131891088,-0.04731920816289132,0
2.4101647920567904,0.06798284833265432,0.08222331010926039,0
2.450331796185988,-0.06808976384079268,-0.04440873264697412,0
2.366374079611592,0.04842811433626404,-0.054012837977598274,0
2.6851607104592756,0.017286506808413944,0.016671448014566433,0
2.644707254596307,-0.18885918697659088,0.2016260326680424,0
2.577456930259509,0.07111100627560772,0.004955050847572555,0
2.6735703850929093,-0.20718149779809789,-0.06948292143155417,0
2.6505939714652955,0.055000816798369295,0.09388115308112742,0
2.5204017434335366,0.03899800194254807,0.25036003065850754,0
2.547190097342306,-0.05923918258030462,-0.043132304580771025,0
2.500277390986104,0.0008034435653153986,0.25275511462926153,0
2.403485965309663,-0.1306451665547801,0.16696298018555988,0
2.5335656827900657,0.006724324025201414,0.011312607732565068,0
2.537267429866114,0.1349590790237222,0.14444258953492498,0
2.4547127945688856,0.029963156774865926,0.05282073982496963,0
2.5746056232612013,0.04088513054694593,-0.05666596268727142,0
2.421697093347926,-0.060314161945245796,0.0036802853947608843,0
2.503581748065785,0.014851263900908716,-0.03192804418627596,0
2.4682595144748216,0.08216196709726242,0.03378453007475767,0
2.3968457850094618,-0.09632616037732178,-0.14261957920129809,0
2.5678808772105004,-0.16211045244731281,0.1541154113924691,0
2.536594655070876,0.07034709470024397,-0.019591954232604406,0
2.5180012055372427,-0.09114516017270093,-0.07160419082137588,0
2.4202947267279136,0.10329782520032407,0.06747980932177565,0
2.697443271600489,-0.23028761597469685,0.06428001942555873,0
2.680178447945459,-0.12536641009133243,-0.17573559560949273,0
2.4769230011096135,0.005215306500802719,0.19696787592102255,0
2.745158537161069,-0.020442527402794626,-0.15437053434243553,0
2.4988577234741243,0.0792302122649029,0.030254634712753067,0
2.386903144598578,-0.11107403485275749,-0.0695994211432346,0
2.5754539120606292,-0.01267340812075738,-0.07729768222714442,0
2.5294709289542494,0.16273563281712544,-0.13162150770235068,0
2.4527090596285697,-0.04490151592707375,-0.062084350064380636,0
2.473758824534415,-0.02442527497771417,-0.08201147518461858,0
2.4783575231931527,-0.07004202853465188,0.09888522066180183,0
2.3008143643217953,0.01355071339453326,0.028590448000891597,0
-1.688230818766312,0.0028221768782973867,0.05136132506085474,1
2.498093618601912,-0.13144328501167232,0.027995360867856894,0
2.546376387991785,0.05183468050140516,-0.15971098493957658,0
2.5733667056241685,0.26500813546779106,-0.10106137390393088,0
2.520764348419679,-0.07786111445099836,0.03214324896549193,0
2.5402066041881675,0.05637214346689306,-0.0365992981707035,0
2.694746961208514,0.024195245868805587,-0.03835774029470985,0
2.428062222561792,-0.02027845699600189,0.049626411322606964,0
2.502582884107103,-0.04896331374270909,-0.06399051768543712,0
2.5130960960883804,-0.07840376462616062,-0.05056514331261264,0
2.7260996397152835,-0.07735955920471183,-0.011794209945120336,0
2.600600082666415,0.0444058590077435,-0.05153562109702836,0
2.4647639976555022,-0.06312627646606504,-0.0015153819991795543,0
2.5008112103070514,0.06120491180338903,-0.202188797947907,0
2.446630969422594,-0.046045866430350677,0.043563423464537745,0
2.4846541536465376,-0.10685495128509899,-0.0774082353107331,0
2.4326210137867355,-0.08043163772792823,-0.11541108209939577,0
2.5465136619669106,0.1035388556490739,-0.09405539359946169,0
2.287046212556503,0.11519747883834733,-0.002354720053594996,0
2.5038881695748865,-0.11913250759971779,0.12287460620658815,0
2.4935625634102534,-0.0669327096762728,-0.22044415895701236,0
2.5388914865889354,0.147795023537427,0.06568126819546435,0
2.5227937443050577,0.04156599136374572,-0.03692122091676333,0
2.4412750758695614,-0.04282195284664947,0.12910388402246178,0
2.74390476925756,-0.04533643781423402,-0.1290392158987215,0
2.6750913415322097,-0.06238491933789082,-0.08984396032622129,0
2.43739540746367,0.025425922531479607,0.07927210018183795,0
2.625343178744037,0.15917302388372134,0.1049815530165088,0
2.4536136265948,0.019011418623618936,-0.034847786108956356,0
2.555152151065131,0.13535856411649527,-0.04450052558951993,0
2.479521826906954,-0.018911744910931824,-0.03525657678455145,0
2.4999537861307664,-0.098686420821038,0.03218341414145714,0
2.4807408440736456,0.0055844474049522525,-0.11404491119354974,0
2.3674574946601425,0.1419529230515143,0.045224426807680435,0
2.4811595639916653,-0.13812875022069188,0.10957023583799826,0
2.5132912246387678,0.09179751881843934,0.039573316774511584,0
2.5909493491861406,0.03347978245395802,0.07558061857132936,0
2.841982656470557,-0.0777101191302547,0.02646563838251047,0
2.5297116333209866,0.01664066820440385,0.09669963872085749,0
2.3041065233638625,0.08943331916405378,0.147816638613007,0
2.475711176147757,-0.14283048837363588,0.14139153606147534,0
2.60595540083291,-0.09940615578525057,-0.16152732773271863,0
2.427996779575948,-0.07300732689574861,0.054070830935735316,0
2.6521704708733385,0.13437856033143475,0.12734775742748286,0
2.5686845629304234,-0.1698473353425839,0.18001233759744475,0
2.5306729209216847,0.06311937541053847,-0.14375323273062787,0
2.5454313435675537,0.07656674099207715,-0.01363330329640678,0
2.2676695725748766,-0.04956554621275008,0.006629466419805588,0
2.637350298011957,0.05443107398860983,0.17558354485216535,0
2.4441020181477278,0.0438570946466215,0.06887476172683632,0
2.3779845585470434,-0.10533448331184576,-0.07374854074184048,0
2.555258084390338,0.006254441553912683,-0.0027963736709513136,0
2.4798105916500095,0.1547245816649977,0.1756863476586893,0
2.3935604599959523,-0.15687441429216464,-0.06481241216349924,0
2.457874908040515,-0.012359086160345919,0.09672824716581019,0
2.5390186889252195,0.12702884511957438,-0.23357082045480887,0
2.388262855377104,0.06648339701528769,0.1192527337905831,0
2.61736059797958,0.020429256920424393,-0.0812525204224497,0
2.623891823213329,-0.05575530205592012,0.07531709069845195,0
2.4583890979638556,-0.0035854617670576074,-0.15938802301403174,0
2.7349906203021233,-0.090736159198404,-0.02386840139324575,0
2.5320030134612748,-0.09368846650984843,-0.038125599457300575,0
2.508087558402668,-0.12816066011828428,0.12559373044847555,0
2.354492079654527,0.120321845727825,0.03035333604877621,0
2.3679022509906336,-0.1388330269922163,0.0260658130189248,0
2.596651887347634,0.0050749581666934725,0.021024788406658612,0
2.5273091802918195,-0.04463701142526175,0.08279622310936569,0
2.3879027876261496,-0.011768128976937395,0.015276588439219592,0
2.6192778134947745,0.004337051071107781,-0.047864280409297306,0
2.397225400722304,-0.1524056286168689,-0.026373778826955813,0
2.550429439410736,-0.0552951740366349,0.0063279952228343294,0
2.566260023167511,-0.0028665174003397863,-0.03623849076697621,0
2.466057217938105,-0.043806259640854384,-0.033627067454206155,0
2.54854733361496,0.002310229928085017,-0.0745442707814635,0
2.3525400550669753,0.03821104501125864,0.13081533298025827,0
2.34505161702438,0.034136471957540236,0.12488170885777422,0
2.352056105677918,-0.03868851365670713,0.07064857291276191,0
2.5121022012405314,0.15295240636543536,-0.009017768200239425,0
2.4512393879248227,-0.06323677356623413,-0.026844355964474678,0
2.394449136222148,-0.054007888694907094,-0.12939020176761937,0
2.4682323754107314,0.20599089951999142,0.019997369323601424,0
2.4866953044927977,-0.15829180517550143,-0.03661969117800773,0
2.32316058729657,0.005880694136222899,-0.006373846241069892,0
2.524724634858419,-0.13263421932108063,0.058133287372575254,0
2.5181971462538963,-0.05401431035365487,-0.12979766492205813,0
2.283414911274611,0.053816258843931944,-0.08507643493576972,0
2.666641058212097,-0.11088917984892546,0.039222669537780336,0
2.5712457903393444,0.014862952517543663,-0.06490316256520458,0
2.157843024337895,0.02199483515124176,-0.1650043861764281,0
2.409045363684873,-0.03655120413845153,0.11268610279433562,0
2.38439994668617,0.16947623576446266,0.036277322018674535,0
2.484358521524154,-0.03921065068921716,-0.016830029717742053,0
2.442689293029593,0.0006883415978807853,0.003952438270287183,0
2.566609970760433,0.07593982785191572,-0.015561918200702277,0
2.352549833501862,-0.32507758759269273,0.03677179079632005,0
2.307086982146396,-0.07504333942928126,0.1451476819440107,0
2.5988704754061827,-0.050205198857378765,-0.06192018483870805,0
2.5097451278981033,-0.18695193352759076,0.02327919012782111,0
2.5187518641217483,0.04533236177524756,-0.003027328169524974,0
2.5984293132507217,-0.03173796918662721,0.005358898122082918,0
2.3211077079215694,-0.1017905079777713,-0.028234286725123105,0
2.5112943430367847,-0.05359737669172095,0.07637951513271336,0
2.4991067165897345,-0.15234145700088067,0.15474592671781368,0
2.559101569166079,0.07111319729096922,-0.12494756070681388,0
2.477289532890024,0.0996667964175939,-0.17587469281933396,0
2.4780952563548513,-0.2284477465117982,0.1347508195741417,0
2.54692916707387,-0.05584523721313798,0.14254751045676525,0
2.627459013154385,0.12016183006414952,-0.003547028767839614,0
2.510002573231258,0.07125064876279777,0.03447173176676241,0
2.6205144488062606,-0.039550285636468716,0.05459373270766769,0
2.505814207295077,-0.012203844110199164,0.06495890143562681,0
2.7053581198554184,0.1561563021151137,-0.11596785566580273,0
2.502506675739158,-0.010706262133422684,0.02153101062485483,0
2.442149969345316,-0.027656617746307156,-0.002270257668504465,0
2.399384943937204,-0.05875646577779229,-0.035593428614153086,0
2.460334400345985,0.03931933044543567,-0.10053413373690688,0
2.615747938650795,-0.10185104142026312,0.0029383590889890026,0
2.4620894305365812,0.007936009909707553,-0.07284228986543725,0
2.5267801470857574,0.30033361632392824,0.09302471747966495,0
2.6216372267185055,0.13611434362399247,0.0044314150706593535,0
2.4139273939375268,-0.10976025223534021,-0.0772984369262682,0
2.5245537664977498,-0.010579128677286232,0.08960748967233384,0
2.64593614965847,-0.04766611972404806,0.03276169956667031,0
2.2977927560991085,-0.08097098629820453,-0.05854661502580614,0
2.5340826068769164,0.08237183635235475,-0.0652587841695318,0
2.411181779122167,0.016225711633655833,0.0935594762285167,0
2.731615107958711,-0.03620862767190217,-0.04454768237779412,0
2.3516409018958044,-0.028717981429624718,-0.001792758492340947,0
2.5995876382316645,0.29659801206875164,-0.01790808284262359,0
2.4915790385661567,0.016521010232665133,0.021995795991637715,0
2.577724539743865,0.04666829649215889,-0.05562099476494168,0
2.4508020250059355,0.004724217073115863,0.12737995312616662,0
2.5536115011330276,0.004329532244429498,0.03324674910013497,0
2.4465418058934882,0.05831989218483008,-0.07132071290501356,0
2.592089362942283,0.03169215467625568,-0.07170213305729391,0
2.5456603261428263,0.2069046190555772,-0.04595178294145591,0
2.4585029513476573,-0.03110526894606729,0.0060722023801005375,0
2.2885313722378964,-0.0056133404258630944,-0.015687528371556757,0
2.5191127701007576,-0.0316457902790236,0.17669648159493845,0
2.629899328603199,-0.2541523946702784,0.18814604027720083,0
2.542719145313226,-0.16344590554265828,-0.046901606761396396,0
2.5043121705683697,-0.10492942731101484,0.05050551212521103,0
2.5029128304063124,-0.3251344236358624,-0.07836672977132125,0
2.416367814373168,0.0830983720248363,0.1079202851435148,0
2.5120979703067188,-0.09341824363427013,0.09060023919864894,0
2.554990723348295,-0.05813888729129771,-0.08852146499944076,0
2.3902217839751843,0.04291659662050762,0.13998520169759956,0
2.451313279458399,-0.016977587076736224,0.030084156187409672,0
6.668504478773855,0.07693589002974985,0.1421628801401793,1
2.417572761184841,0.02227178843529502,0.16344425655125389,0
2.3911723832708494,0.04159638856146018,-0.20170628043210448,0
2.423837236610177,-0.09455411330388694,-0.10060599553136668,0
2.4581140087964912,-0.013889622270016402,-0.1515241051597181,0
2.375734955631353,0.09727096940617568,0.005063874954999729,0
2.3996285231769146,0.07929916174166904,-0.07039713199204178,0
2.361580340628389,0.017346594445308852,-0.07941584035265337,0
2.412280425034176,-0.03624981600557153,-0.07116491990660072,0
2.4791092278030558,0.07653025640184435,0.07492251416060229,0
2.567901390454296,-0.002941587701833462,-0.06444864944570848,0
2.3623772968113355,-0.14063602966721564,0.1360183231496439,0
2.4550577424165354,0.05725236592427677,0.02438595055508148,0
2.4478127295828176,0.18151841931563126,-0.1313625568065822,0
2.4271734589204037,-0.12849005979345318,0.007138520465937413,0
2.441818476671784,-0.09016151843597195,0.12226889499563168,0
2.4439801422007843,0.042466150427005335,0.07328708934120125,0
2.464598156752857,0.1944773624031255,0.05464083856858603,0
2.5459829011422648,0.09344996565478597,-0.18745767965698557,0
2.488617918457114,0.13451828083620726,0.05377802535235348,0
2.512803340497598,-0.029917138573415426,0.17385979948743102,0
2.435292335380927,-0.19254266026590175,0.06390692883247391,0
2.56564390262215,-0.16813728475236567,-0.007523702625865843,0
2.4344198915024915,0.04780308653226645,-0.015547127783520654,0
2.4934620799993485,0.18061360859141115,0.03179350723583787,0
2.476942079651692,0.047116088972791,-0.1159101601493491,0
2.4428057246812145,-0.022948915953387203,0.13050344783571768,0
2.5943844097214006,-0.10595917862349774,0.08664913138776748,0
2.7010747360140654,-0.0031051566986640875,-0.03274984745072875,0
2.614995945947621,0.06469318942423395,0.02410954450255212,0
2.384386749891785,-0.03384083653238172,-0.04462192480062869,0
2.4774807351578723,0.13044858464724585,-0.11108051506537973,0
2.5989689487046492,-0.012406682455020957,0.14684422615111242,0
2.528974188630354,-0.11982867698398432,0.16922005861539224,0
2.4699134008991583,-0.07880899023360177,-0.05000686579697298,0
2.367634560774449,0.028793688598934882,-0.011264929991635083,0
2.5876083009958553,-0.09393652034820812,-0.07529705932525221,0
2.5243471130723596,-0.025172217837600253,-0.02484657845397684,0
2.510215052337853,0.14009008747433402,-0.12403329327265865,0
2.3828359313725214,-0.15183711640693293,-0.005665517126217809,0
2.3393718862316564,0.1837961076814798,0.08552201204462086,0
2.4309522855233987,0.06874547135207958,0.00020012428836335512,0
2.4279578643568187,-0.06886862195647973,-0.005693646862939666,0
2.6424044383889034,0.16240643731184085,0.027240692014793545,0
2.5431279784255247,-0.15560800350599463,0.07678796543665553,0
2.386424566178602,0.004372091860060455,-0.08193106130260473,0
2.435447159909099,-0.017476430171719123,0.05763832825554293,0
2.5629310948805832,-0.09492508072939282,-0.01608901113119972,0
2.4651648063525475,0.0981817226467908,0.20669483494722038,0
2.4925799948473175,-0.06759140109884602,-0.04518261967606696,0
2.5886567978686745,0.03870139862821141,0.09666617049681103,0
2.5170896113562216,0.025562333952809914,0.14576657300445978,0
2.6159766343796993,0.0749794458289759,-0.002724741713588977,0
2.3313318084086747,-0.1617055481372208,-0.004969548355981741,0
2.347932443684983,0.19548731167806044,-0.10536235696190668,0
2.3618689958934382,0.009050581159826527,-0.022706636660541832,0
2.4179282304675853,-0.21971071837191208,0.1352658133733059,0
2.5988824158759822,0.07187230803086608,-0.047050477949854355,0
2.5174418232865925,-0.058693127225132785,0.05349374534356493,0
2.557941396953528,0.055508639035014,-0.0008818386727866746,0
2.5644091756866993,-0.0357040109544189,-0.03795844202364207,0
2.4642455877874756,-0.10240599921428002,-0.018384341526031175,0
2.385928194816948,-0.1629184289361833,0.04892768765456573,0
2.462817073863382,-0.00508520638130209,-0.10580810802538652,0
2.6773150362085194,-0.050104679511586314,0.00030077447589159085,0
2.5400817119207457,0.061205043390050076,-0.09031681728215042,0
2.5316305958119263,-0.020097804075880715,0.046591070723545944,0
2.4346821947702377,0.1295131796853402,-0.12337380126138067,0
2.469580522777452,-0.12917639293564143,-0.2927589978909752,0
2.4384464294076573,-0.11407564838970952,0.13731309804560415,0
2.3942091389058318,-0.00316827101616899,0.11763651391568415,0
2.607791528611871,0.1688763889278595,0.09930201516966376,0
2.3074890830785537,0.15594510241056078,0.047792629974711724,0
2.4245835169099847,-0.024541532226927912,-0.03880867024481585,0
2.5517189377341767,0.010363016385686354,0.003482903663503555,0
2.4091286914214267,0.22655417731406327,-0.18676429449012114,0
2.561648577673897,-0.1488386662676144,-0.04328033763594761,0
2.476776571424891,-0.027839894658995168,-0.0418636308563991,0
2.6145683854582398,-0.02612772692028488,0.2195524314823688,0
2.568789517166152,0.1264323950458662,0.011470717242546419,0
2.5462286535975016,-0.013712468232687854,0.05425790247517125,0
2.4944278051361155,-0.0199466058507465,0.205782760353679,0
2.554719557483663,-0.034074886787016506,0.08385587502038307,0
2.580118799454284,0.018485062622014003,-0.03803628160353008,0
2.5436416363133163,0.014560286142506007,-0.1507766001144929,0
2.361958404847837,0.04274055160495799,-0.16869972290945381,0
2.461255326036594,0.11770712793299437,-0.11142165182603098,0
2.4608295029254954,0.03875711859830996,-0.1484962600632421,0
2.40731436507208,0.13362846922046603,0.005610832694296345,0
2.6007813098030654,0.1595777249817738,0.06305907405379245,0
2.50514255463934,0.12982145200957296,-0.014007304889263562,0
2.4098204676742596,0.08201430151659421,-0.09576280936304915,0
2.4631767492431607,-0.011588384577310458,0.06974791301234357,0
2.4250310836455284,0.03216750684675571,0.0025152830070330054,0
2.557340139296267,-0.09014830440939321,-0.08740031391244922,0
2.591742059111777,-0.011163997864994814,0.09642436538265056,0
2.2946761136675855,0.09729897870255041,-0.12902472568731269,0
2.3977892178673414,0.17867557511356214,-0.046542954457805624,0
2.515702609923479,0.10667591913885295,-0.022014459195134044,0
2.4516650173744576,-0.18004286799186978,0.020306460261821646,0
2.452063457205946,0.04569884708120039,0.009364089219040798,0
2.4507417386789476,0.04148483560996613,-0.0024696153714114043,0
2.4746564312492167,0.04234462506690295,0.04835314095849253,0
2.517254382864584,-0.0050857004213994165,0.023290073475356752,0
2.454872070618416,0.10756610173513081,-0.002967382368783139,0
2.4237201912279858,-0.021506958667553994,-0.013221139717392017,0
2.5142986054097882,0.0881439414013272,-0.04280857835276431,0
2.590526130449944,0.0055564052735793176,-0.10336494432930464,0
2.5517106441010466,-0.11519352340290501,0.12174785041102741,0
2.5350928295431787,-0.011406135116149858,-0.18884727029847453,0
2.591706661507941,0.09302147823799523,-0.0820716093318779,0
2.29284648361729,-0.039045438824529044,0.05372660872457938,0
2.352275811124889,-0.08974260042998437,0.008073428166191594,0
2.32955734664598,-0.07413961478209642,0.0521989233983241,0
2.605661460452355,-0.05546919904041923,-0.005217183795045186,0
2.469917278620062,0.10611746999427632,-0.2134497474364534,0
2.574354949797337,-0.2121326777503273,0.17462218682505526,0
2.4803085025323526,0.13891154043634552,-0.05381941708540083,0
2.418793132661658,-0.020564792055089407,0.15291981212198302,0
2.388433723364446,-0.14709152868616704,0.07090531730488962,0
2.528646322137067,0.036893594966027364,0.15675359555160315,0
2.5798702791811734,0.11233108326107928,-0.11816823200317712,0
2.3826116711930916,-0.040413247215342535,-0.04825525836671435,0
2.5648823040329334,0.103812547076631,-0.051404107258837,0
2.635199747681792,-0.039298622977059966,-0.028412447035693896,0
2.4228238474049166,-0.08558468560164434,0.09853897589773129,0
2.4077130571886842,0.05455664673966092,-0.07311233223905404,0
2.5610604890808477,-0.06598787396175797,0.017693741126533918,0
2.4923654953739676,-0.00612288385596943,-0.16677867257830373,0
2.6090145862409595,-0.055985173085117745,0.08852599603259492,0
2.5751086814241186,-0.042138188068695695,0.04075128663573406,0
2.512033858118232,-0.10654442204366509,0.10771133649390563,0
2.3912272475029797,-0.025659262340881835,-0.0209792080685391,0
2.3230458938385734,0.05025806840134252,-0.03487688201218953,0
2.4723262153944887,-0.08755993176304032,0.14741416346937639,0
2.678766277991274,0.11475997663291058,0.10764222103197862,0
2.4012757968178624,0.06670006478458444,-0.12738273565469777,0
2.3442385548849662,-0.0892776287683903,-0.10679295693738494,0
2.407901740949849,-0.03346130519767218,-0.012159640660844934,0
2.5038524120847705,0.006173409154898385,0.07598568713434195,0
2.5212887839545206,0.18097109467966616,0.07344446900316788,0
2.444767725210622,0.11412472195680473,0.14632844840193387,0
2.623686761889324,0.019280639579618442,0.018465121692172345,0
2.5719657609720046,-0.17986050361380945,-0.14915148706394665,0
2.3420414453551537,4.036106810187943,0.0644872014665837,1
2.381446586527691,0.04067676489193375,0.08962627918132801,0
2.6954171356831016,0.16300320519579198,-0.16041921903531683,0
2.469056624538632,0.04164122247800199,-0.039606898851314756,0
2.643242237999523,-0.0634219683016103,-0.05569101187486252,0
2.502938496442411,0.07825366172045402,0.26414834996734204,0
2.2857904823520236,0.0588073857376903,0.053484437569649615,0
2.5913714550075606,0.14408114143550552,-0.02616884867251086,0
2.672327060023133,-0.08915036524207122,0.06664579707073741,0
2.5897660338927575,-0.07431998601106714,-0.047893705292654444,0
2.557086488422269,-0.18956652542494679,0.015564045601281933,0
2.4343157400516553,0.0520131968367325,-0.08930089060276193,0
2.6026502934215445,-0.08630223797965733,0.07031881197092847,0
2.714977762533304,0.18320105424446018,-0.0016962974353521246,0
2.512200805232093,-0.07134639253399204,-0.09316675519269517,0
2.533046867906767,0.004327593228200021,-0.014961063902196437,0
2.478925323294954,-0.08828457393318168,0.03648984283222419,0
2.4806539801077174,0.005751220236575823,0.09003101826052412,0
2.592077102899691,0.008377715113665229,0.1469282208304264,0
2.3976158899568567,-0.007520617886290961,0.1006617484804458,0
2.445854593718661,0.015477835385406404,0.05739763198991363,0
2.580714524807302,-0.1220555954550841,-0.10285278528075639,0
2.453614803226716,0.16570800240199177,0.00528890194135703,0
2.4445820437345476,-0.0700612293163961,-0.03650066702833233,0
2.312052923177058,0.049367012693936105,0.04253469799280488,0
2.4710739650077462,3.962025388655103,-0.1793951352203036,1
2.426399210010387,-0.0932023779269455,0.03332998689108016,0
2.52674533037676,-0.093947469038539,0.09548674563173323,0
2.5730450002511613,0.009410424971086455,-0.03444628257519568,0
2.534002548673917,0.04177530565525729,-0.13985615164230214,0
2.528516590718111,0.0757447589046642,-0.06764209195414622,0
2.5146176080946487,-0.04094453615448646,-0.16561288738313135,0
2.385255581730335,0.10989400418874828,0.10429258795932905,0
2.469340324052361,0.05074796878541765,-0.010752284721294419,0
2.2890712041884616,-0.006113200617080381,-0.0025210774278357304,0
2.5754971751244993,0.12073766487278388,-0.1198048226182026,0
2.3670714569490845,0.07858087137865576,-0.11566895649828374,0
2.544143940422526,-0.13018230575716225,-0.008095570382619753,0
2.3542291691561568,-0.041817041614357724,0.16544756945452077,0
2.402466273037078,-0.17417282195024864,0.04814921536588002,0
2.575877960510113,-0.03560247834573374,0.08934212970727679,0
2.431731295063496,-0.0706282163616503,0.10217560310351557,0
2.3516181035212638,0.012398131389541744,0.04529523145342928,0
2.342391729083982,0.07959074655679112,-0.04320909421588211,0
2.643267957881263,-0.01875643805586327,-0.01128038554360615,0
2.768219459596411,-0.18357773288441484,0.06446920770474894,0
2.5473392388306793,-0.1834298334629817,-0.09422752085620789,0
2.5199517097827937,-0.08768668845200892,-0.1435437203159348,0
2.505321271165822,0.025004501105134594,-0.007128226848974803,0
2.412399932994027,0.011288252071845011,0.024819130864610225,0
2.4578318177112197,-0.12694693337355475,0.06390561236114031,0
2.471005955070073,-0.01124523871370884,-0.06991558212616933,0
2.604703915206482,0.1756323200039456,0.046707909040005685,0
2.5045454026507175,0.1675890705145055,-0.16526499509631137,0
2.5354647240190142,-0.05553277400809639,-0.05511492977563224,0
2.5082112458182038,-0.027833035049621133,0.0026215696787932922,0
2.665681285678236,0.0047217468067206345,0.10738677993879774,0
2.462996590098965,-0.14333311555559922,-0.004436863553763116,0
2.5645092974371138,0.061984830809158425,-0.11793846019833217,0
2.573901548306635,0.048302091172865755,-0.0818581628150642,0
2.6314356281673166,0.1322034215920289,-0.004704632448632927,0
2.539070382710938,-0.09107025651657369,-0.01095893576355085,0
2.38600753059418,0.032523949142875916,0.11321214268289731,0
2.516189870704435,0.02131999610462082,-0.06500051220338117,0
2.4204741226982995,-0.20589929962529263,-0.09050363964138972,0
2.295173642546266,-0.07549029204976943,-0.03447362390882615,0
2.449683666709828,0.17641399954038928,-0.08350012112541316,0
2.4530789375318642,-0.13929091951987269,0.09025000888098447,0
2.5005679102471947,0.13719101432391598,0.09391019601763557,0
2.32478619158298,0.042326027991353106,-0.006048109668305839,0
2.6118181160225338,0.15863422196524796,-0.0723686231729783,0
2.388983537478563,0.3558496871380329,0.015252704345580926,0
2.492232342378521,0.22282160864258455,0.06837532507552473,0
2.414141946048906,0.06724363310992199,-0.0836486713491238,0
2.547928711972826,0.1072217662045255,-0.17143891729414198,0
2.5547928720905446,-0.013657452514159325,0.015813579968286414,0
2.569486006344758,0.020202252187187006,0.023262657830562153,0
2.5779861775177766,-0.061691533308062686,-0.07403566956430756,0
2.645428749497045,0.037221623924156434,0.12502078751402004,0
2.5379852694927534,0.009095142705026517,0.0877890346333984,0
2.27380342305453,-0.11144060434446067,0.06964102233900457,0
2.673141864824112,-0.0678787802856342,0.02041845292870305,0
2.536469231159491,0.03050254638692055,0.09391807007609088,0
2.594820861244615,-0.17170139643944798,0.0158211462794334,0
2.5522834737780626,-0.06342186862784913,0.08956245349947453,0
2.5189786441274324,0.10534747653222416,0.08022071659149432,0
2.3605515588275736,-0.012324251700928643,-0.011781295735901942,0
2.732012180095464,-0.002533135750713111,0.05296734836236708,0
2.5845039841153827,0.1382594168130882,0.08947032992148357,0
2.378686332061331,-0.0910353436249303,-0.07164116358328303,0
2.6751789532709376,0.21463876069409565,-0.025609958740704642,0
2.5167140039190574,0.06523806909141452,-0.03791397018303411,0
2.4631208408130973,-0.06153402373814479,-0.13293775775936773,0
2.394189082011106,0.0750254829245898,0.13306430983714854,0
2.512897880213533,0.11144051257063543,0.24429517835846096,0
2.3507360424688946,0.16961429097618683,-0.08991483216273069,0
2.4673388381821812,0.0017288400367780625,0.010711581087603157,0
2.5179486321743667,0.1309466448672657,0.07162692757395568,0
2.2184331356279494,0.15761421996338926,0.20757816830273082,0
2.58492923134516,-0.019672919204410513,-0.15566936775324075,0
2.6205532450027444,-0.04531311257356001,-0.10177486924594377,0
2.552049146372205,0.06929409865881572,0.03555951094555094,0
2.555750976647447,0.09780621044022073,-0.08926988877024729,0
2.445364872326876,-0.07162292151120721,0.14443947179941827,0
2.5509133361840175,-0.04470202330844422,-0.223312761372197,0
2.5891881340378458,-0.04108978160604605,-0.17932325884782419,0
2.535007450044895,0.012437589194718117,0.05803011074072298,0
2.23687555247191,0.049745626202588974,-0.049502511446747076,0
2.4366455276026464,0.13266289393388975,0.07220596327787834,0
2.4154197136198023,-0.15785600829573654,0.06256717976254056,0
2.4853065877017855,-0.027495088397927345,-0.027658090493520072,0
2.4551534659818373,-0.013773917841586074,-0.048701681439256274,0
2.556727261572687,0.08021304047263589,0.08015813657502671,0
2.4118037506707775,0.2185470521909635,0.11006283249261961,0
2.4658409515733113,3.868027088554498,-0.0456525584312696,1
2.4965304200992904,0.0032608872132748115,0.05337126327985184,0
2.420290167612485,-0.04090849243577848,0.07553151839358291,0
2.4055623562726396,0.023412898259952714,-0.006708558367734019,0
2.6761395794865477,0.023886385715826797,0.0022370019609039104,0
2.5474468182106422,-0.14907612453306274,0.032309387422270706,0
2.6713012831220335,0.0442633778314613,0.046402595159912526,0
2.4877794158607416,-0.06241154551624976,-0.19265612450594988,0
2.6879979515515564,0.1276584218972383,0.06772709967848645,0
2.526710701621359,0.1025136851103956,0.05706666167567767,0
2.4548330972643666,0.04614750584941571,0.16802792979359113,0
2.502966032477141,-0.08942558993420174,-0.036176273013045386,0
2.4574534534928056,-0.17689138767994758,-0.09710263095802846,0
2.435431417358758,-0.05369651435909874,0.11561574691669374,0
2.496501091124286,0.1127213082426351,-0.05384081837402627,0
2.490454638845654,-0.036182297364887914,-0.14521844933321557,0
2.511934318067945,-0.08453104985494429,-0.0920966588363119,0
2.4888139065661177,0.024196572793256474,0.11221328045791311,0
2.4666202030869084,-0.06906569386571419,0.021030104386755885,0
2.4362718018841103,-0.02174116281217367,0.06663692426796489,0
2.440094689085632,0.09787921329514676,0.024484367676030745,0
2.3212717734634793,-0.03937960870830812,-0.038931885406874686,0
2.543065868983679,0.0938664199051782,-0.0957457050920227,0
2.4958705709436013,-0.19158201808964717,-0.020962679755902363,0
2.481830413432028,0.18333774194977892,0.07697641297284549,0
2.485845622141939,-0.06156252710365148,0.08603451144515817,0
2.463654807096145,-0.0003832584469603652,0.015001005929743886,0
2.3921713608067416,0.11329744474122252,0.040605910257577774,0
2.450368133638605,-0.07118483402884142,0.05065593115260491,0
2.4890388379828408,0.06183638367666832,-0.025550009618390292,0
2.5908209369659434,-0.20858103917976845,-0.09991390252079695,0
2.4843788564108316,0.0495636319674061,-0.09520044777870289,0
2.595295902681744,0.025040235597314577,0.0035610668172731588,0
2.5797806603963456,0.06105515469230303,0.044354907758334394,0
2.4684198811676623,-0.006349721850320827,-0.009482267745485771,0
2.4921472289250297,0.07543950596298482,-0.0882639968332986,0
2.5020103983802526,0.06863595240411867,-0.06074294629366544,0
2.5840926803676583,-0.0038776241081855296,0.10110270569539957,0
2.5963504161404076,0.00839058271034676,0.018046142370861176,0
2.507529342017905,0.04160999297299664,0.1462084099657462,0
2.50123176297926,-0.019370241288498426,-0.025779521058716198,0
2.405056315617549,-0.007895257823810264,0.06446077812788947,0
2.4268238406025318,-0.17672871729403633,-0.05768454255369607,0
2.49543755495728,0.05400826240514689,0.021161352733210344,0
2.4187371206483648,-0.07349335274890972,-0.20907565402937928,0
2.5680563467455633,0.18331150280245054,0.11591451643497636,0
2.3913000588535342,0.06061513276547027,-0.07998983781882256,0
2.4104030591844983,0.06373741672257076,0.23610441821722922,0
2.422701150452857,-0.1094111737055892,0.008749200412710916,0
2.5415937228560495,0.06258463031186799,0.017722252137098844,0
2.493416399971317,0.00011827187284954855,0.04678450346090948,0
2.487442401686487,-0.11769274178559397,0.05787694606221409,0
2.5916703725737693,-0.02668341507724957,-0.11585314076621687,0
2.595952053828307,0.24696266341538953,0.006312154485894292,0
2.5794484534957838,-0.0900808820448138,0.10219796004322482,0
2.607434465164902,0.10568305450426047,0.12478353948009549,0
2.532509832066735,0.002901772666821716,-0.09882733700930367,0
2.4895068601740205,0.009006429964233995,-0.10104364813577019,0
2.566106983694431,0.1251135976076877,0.17792600205860165,0
2.5294138750999235,-0.17653836312095678,-0.05744086746862148,0
2.5013922405927875,-0.0247525476670386,-0.12206359054793066,0
2.4747317329599805,0.07938345585478869,0.01056302706462608,0
2.4060105671469847,0.0024681822585262175,0.07434495835598183,0
2.4250818130186245,-0.34826320053814624,-0.023239049687988973,0
2.732198846054086,0.035585107889170624,0.16168764684792475,0
2.240531188571204,0.24329305852693475,-0.030455208238713883,0
2.456422494068672,-0.019882425062301312,-0.06993732120128383,0
2.644023486230177,0.030702541558229976,0.09216532768800541,0
2.4179327485452644,0.02584148084888778,-0.07538521491611001,0
2.5056522552551765,-0.12902079154287163,0.009618153274316038,0
2.5939911080230247,0.04758459808149613,0.045492973391793035,0
2.5211695417998907,-0.019219239769553496,-0.029320919900887827,0
2.668937255221166,0.21413959390368076,-0.06343037054997824,0
2.3972658507215834,0.06405198662581527,0.2681427184715264,0
2.5715285104373247,-0.09874516614165121,3.9873539688220996,1
2.518201879252265,-0.10034797020869601,0.03112791245721186,0
2.4348720400572748,-0.12433607247655075,0.17057113579699187,0
2.417877964297327,-0.2561784216829072,0.14634067247580806,0
2.3294760881193204,0.06512381271796187,-0.07114570267074798,0
2.5112351113691114,0.03116555956009113,-0.04121956074629113,0
2.455609847398524,-0.14184854119640555,0.23654028401787308,0
2.5137625986426313,0.06756679636217906,-0.15234520631361614,0
2.444301705639498,0.07591768692840885,-0.057144588479655756,0
2.40270107488396,-0.15136342991056217,0.01460648675350116,0
2.3467018964571404,-0.03665161334569651,-0.07947024864758699,0
2.349598252715758,-0.11432215087726619,0.12300189043525277,0
2.5091616074400958,-0.061708065435731374,-0.13554215538750727,0
2.4374479831986724,0.06527784925087644,-0.04571038140119409,0
2.618815582357585,0.019002532854258732,0.06018555476896516,0
2.7469028944831653,-0.12690932072143823,0.07865680851491069,0
2.6567766178731858,0.05017691545370295,-0.016508822607956324,0
2.512769640559399,0.05743108828924592,-0.04453602361734235,0
2.4802655062777785,0.058229832315180356,0.17353155186128644,0
2.500651855530509,0.011396289887371692,-0.030125718647110875,0
2.6741151121385407,0.027055949368324995,0.09429710349899618,0
2.481888804534789,-0.03140280451403879,-0.18854942703334887,0
2.415218320641933,-0.0033191381273574767,-0.03271974028075686,0
2.571588429343143,-0.18589050912242783,-0.1341659531353405,0
2.5354850476172173,0.038183618479753004,-0.19813907950782286,0
2.5076392063841344,-0.13010048333090693,0.06882306321798219,0
2.7681836526966146,0.022236568781545934,0.04509368504561444,0
2.6167710633062016,-0.03356372698673906,0.07470904525984172,0
2.5205436697357984,-0.030394731453348485,-0.08601571462799744,0
2.506866700854338,0.11057098183720454,-0.08462288615230146,0
2.4464242614205025,-0.1202906018181541,0.15469752124800984,0
2.329658097378622,-0.16634748281131306,0.08379926068006906,0
2.5690026526237224,0.07968514168986042,0.06532843687970673,0
2.584128354874143,0.017905437246375912,0.049907039243321544,0
2.461644633646648,0.018374300783590643,0.057983873754712624,0
2.6230144715929065,0.11956033143713092,0.12615509872076244,0
2.503917362703764,-0.1257844561589789,0.01320914970593744,0
2.419664586663154,-0.11894453234130142,-0.0371618560979616,0
2.520282384941121,-0.060256515747112875,-0.16261908813123416,0
2.52982050113914,0.04266280841346891,0.22891724064776323,0
2.5348730263268564,0.1390317388152788,-0.14739164324931633,0
2.5018108093545726,-0.06484568610266973,-0.03521769438245686,0
2.510369160297346,0.030277271891798033,0.0009542710054202714,0
2.468369860193538,-0.031007725864756544,0.1191486997661287,0
2.490774055996481,-0.0978679613894335,-0.04887495457642206,0
2.3903831518707723,0.06169873839107627,-0.1043031404119885,0
2.465739181713419,0.013481913434875554,0.03729920745295256,0
6.397363982415239,-0.1178831596323736,-0.02411626173653043,1
2.4884533582905153,-0.0362214207984082,-0.028227310279464915,0
2.61126289059232,-0.03674403504251904,0.03946870075243341,0
2.5249203944484973,-0.03679103723990355,0.08780349522864457,0
2.4009687613330866,-0.016252919187995544,0.039556396674810236,0
2.593231434233192,0.0007160638609903635,-0.06410340878610216,0
2.50280066949975,-0.06979903738974068,-0.03937960652592375,0
2.495336400695684,-0.015173949395476227,-0.12566784742885792,0
2.5861627443703514,-0.01196348799026728,-0.1309642941346407,0
2.485964828920116,-0.10609366392153695,0.009741736221814993,0
2.6305320796993397,0.028027384571836147,0.013772541921250157,0
2.707099733374484,-0.07662946675861386,-0.014616621147003343,0
2.562514015934728,0.22103143144405346,0.06145613294664673,0
2.350200109549484,-0.07009666699849805,-0.10126689356376713,0
2.4540201999569615,-0.03273278672250891,0.12103001635696505,0
2.595399915338588,-0.18581760087615962,0.07294320483495857,0
2.3987937055686808,-0.08545344964927958,0.053430869215325874,0
2.37647388158245,-0.13540580241035757,0.15620496121442295,0
2.468342443058187,-0.04383269728137193,-0.11722060105683488,0
2.492995036181246,0.11938214436211372,-0.10062880384740147,0
2.5245128606100375,-0.12856542622272274,-0.04980810782927272,0
2.560339230357778,0.048710079774034055,-0.10746807009595771,0
2.5352074559064257,-0.026244194826165596,0.07247911204843598,0
2.5663085862052286,-0.058528430398173195,0.049012380183887816,0
2.4945677602512615,-0.14404823855123644,-0.07455954879421854,0
2.5380339657980397,0.06831657829160799,-0.07866259231599176,0
2.5724807041537,0.12419125586189098,0.048233854742513155,0
2.6015743322360194,0.07639551281213249,-0.11569981187828587,0
2.5105160805527946,-0.0035140282389357494,-0.17226373247255855,0
2.6075186237676156,0.018679688369684984,0.02384226377242085,0
2.4717802293957574,-0.03633905843041771,-0.0661169448784956,0
2.564785586293101,-0.07342778689829764,-0.15930310101151557,0
2.4519300462703146,-0.06188032126045171,0.05132529711052745,0
2.3500486241885117,-0.07283381279904802,0.04290144943700519,0
2.542386650046222,-0.01667068127666947,-0.002116506838459774,0
2.427269543216517,-0.051439820246922556,-0.06214318516164122,0
2.6252627346629644,-0.029772836395095384,0.05632322863025996,0
2.526026383339923,0.053083871910220154,-0.13077036379863158,0
2.5143865441646653,0.00302928373018743,-0.009581253999484712,0
2.6467134670881736,0.06324777724108446,0.022506753742651094,0
2.5818543220638235,-0.10997243301389392,-0.03290197054458124,0
2.5502273973687895,0.03259745165738797,0.18197468577490072,0
2.4765032618323572,0.13540873695311553,0.11984681723590707,0
2.4244414829443937,-0.0542373938135357,0.0730393570004316,0
2.3502642487855323,-0.09082440150065031,-0.15734069023101982,0
2.591867421338719,0.05457887101804526,0.02841455957443802,0
2.5691822221974356,-0.08620214395091692,0.04430292332178182,0
2.46236922947708,0.003081733710189564,-0.02900439132903747,0
2.6511769729011037,0.02241028219458087,0.04323082989248265,0
2.553898965264751,0.07056620802084027,0.15429349203362863,0
2.590961337892165,0.0404303771646385,0.11230415875771199,0
2.534257595690061,0.022465069612775432,0.14379389868909873,0
2.2724894210528297,-0.02901426435627652,0.08561154495093101,0
2.672450648320272,0.005508489634833434,0.11734153422857829,0
2.3562962255957762,0.08363352702381903,0.1387794989867093,0
2.2700009028418036,-0.13766812458640684,-0.04346899746409815,0
2.4961768145960828,-0.06676188975884965,-0.04389533659752848,0
2.5866256122557045,-0.09556507085006409,0.047817817680269076,0
2.3573994801608733,-0.00938564784199992,0.05433879409418396,0
2.407986585839474,0.0051985763612776665,0.18212024382418046,0
2.38359849844337,-0.15357266129491642,-0.11441421582052023,0
2.2732145663800853,0.06676780162627637,-0.13144923539326422,0
2.551007448692363,-0.07157772531056728,0.02623287300418714,0
2.389660340253758,0.21510921589580115,0.0367973614391056,0
2.400791155430158,-0.12179770370980669,0.07410533828217661,0
2.4884768293506125,-0.13060616777340045,-0.13211794331891677,0
2.5381450415950377,-0.11305272734838952,-0.15936780499753425,0
2.4333167233391544,0.005717111594947668,-0.05275700371587261,0
2.5032851159227336,-0.12587527534648432,0.01030444996330845,0
2.660555037690053,0.05442649623263294,0.08499731823715019,0
2.4955104372173054,0.07139951208412897,0.0749311021785886,0
2.3343556212958774,0.14557282595905496,0.045429699637601885,0
2.6694786610445345,-0.12873514536331637,0.030094445661512672,0
2.617587328777541,0.278428896154951,-0.09353996239027211,0
2.4128483976294035,0.06046358502723163,-0.08588228262998117,0
2.399823192967744,-0.08543988549027022,0.21553490155542168,0
2.4766441613778993,-0.08781622913747927,0.0071998398786240125,0
2.5542402025782147,0.095600394942435,0.16627821709606938,0
2.5135016948436943,0.061657855842094045,0.10841361715825167,0
2.3984433235791895,0.07813430946910549,0.06522345974959236,0
2.5039804837675605,-0.015055958207521446,-0.06818708602634696,0
2.511515876025883,0.003129738949912534,-0.011848344192404346,0
2.243845378842823,-0.17145236438626937,-0.07155786852953282,0
2.332394661266066,0.08105430549648551,0.03869403094151411,0
2.571982785378506,0.22786614578889042,0.12249571579752679,0
2.5084500267539043,0.15985904194504014,-0.12699800310703044,0
2.4629615488417524,0.024472780641984257,0.10156388625810416,0
2.4030004458523453,0.11786933834644303,0.143368647454483,0
2.500693952534407,0.059428261764245385,0.023456981837743737,0
2.603428736674523,-0.02574431525174682,-0.027497354252546614,0
2.4615086173050473,0.15579003154842208,0.002029178425770296,0
2.493339257300184,0.042547128567248516,0.11464424646405931,0
2.6289383208114794,-0.04952817813729631,-0.1200831697227879,0
2.2538018401748983,0.12895168807752883,-0.16200341744861416,0
2.2974080165510147,0.16781309026944355,-0.10571301971564327,0
2.468741111668499,0.07948172009667018,0.1347480275273226,0
2.4812324635805503,0.13649466948400688,0.17941300760999138,0
2.566984545697094,-0.08091854918373532,0.033903745152152234,0
2.472561638863548,0.03582931120961751,-0.26956479925172283,0
2.526427904759833,0.10441407998289448,0.1425278965728126,0
2.4803460533362465,0.056264363606448965,0.04541560677108095,0
2.5435900883043385,-0.18332189858504078,0.0475984457618462,0
2.4545637683584496,0.16130829980584538,-0.09679410603683185,0
2.461019579649089,-0.080029650945956,-0.03382492938259905,0
2.4790393092842544,-0.051360889070535314,0.13168934178549926,0
2.4913727968433843,-0.00643773727851395,-0.09583480508216197,0
2.5555047666312003,-0.10173612479113653,-0.008052541862699948,0
2.4695622166465023,-0.030223101754314433,0.029385087979349106,0
2.5696485587730984,0.03807733642483995,0.10448050610160714,0
2.312068538034728,-0.07576197115472429,-0.030044843166572507,0
2.424321266773729,-0.01604878818114384,0.025316599572114813,0
2.542204034491232,-0.037452501597031965,0.013395796730380674,0
2.3241318736813197,0.18189115796400485,-0.18325651680067084,0
2.5391279659732255,-0.08035852603683219,0.11201730657081921,0
2.458958769266265,0.1339601953647203,0.02602829698703107,0
2.5585402980460135,-0.04781916548169182,0.13558255606759184,0
2.4331064903562294,-0.015136305138746609,-0.06780329693856772,0
2.46690732328702,0.2631173538308496,-0.010568624692024374,0
2.56778087817483,-0.05880140270768241,0.14871895959471815,0
2.637922939226819,-0.009591279345825713,0.004220488819846982,0
2.745978625755495,0.07617445334367186,0.06770108880974675,0
2.549624349188093,-0.12258712698470248,0.027790614013321932,0
2.5789699171972384,-0.1362275599365091,0.035909316326593485,0
2.601562816710724,-0.17157509112115465,-0.07509205918358541,0
2.5329448561697347,-0.048820576061942796,0.055372622485413615,0
2.3365413187472432,-0.17896656114639967,-0.14688172018342963,0
2.566842794315675,0.1957571753195233,0.02928781891120672,0
2.58519161782374,-0.15344061385668928,0.11775809068146917,0
2.5266180732068846,0.05154009176196265,0.04499972676095786,0
2.5352864465156686,-0.16515232363949572,0.00044751186582549793,0
2.5366323757791864,-0.0008885498747761345,0.03826896697007074,0
2.597110101895967,0.022567648592957068,-0.06479026179430357,0
2.4778293022775992,0.047089074697443514,0.07576256233041018,0
2.514996446027374,-0.02168616462551932,0.03825427927878554,0
2.4689101448461575,0.21821480228847945,0.06967100916933103,0
2.5101649699322,-0.21434095194977776,0.043283369559595976,0
2.613951637546849,-0.046755872805191674,-0.13656247291596257,0
2.4115541466701527,0.051773646825591504,0.05769721631384848,0
2.5823550153954375,-0.036482122207513394,-0.030727939112906274,0
2.3334471888831274,0.128503952610439,-0.009222697973461052,0
2.6749887206004477,-0.07662329121419559,0.005115195980603704,0
2.3894283108082903,0.03670847223926188,-0.024574962854460255,0
2.3862765038449383,0.0046771544084843455,0.04742501079680254,0
2.5593817140287807,0.18186459175078074,0.02071932187670894,0
2.512208288564133,-0.09709090683256971,0.045545051466511895,0
2.5498621835791666,-0.10838247263963077,-0.004012652129501928,0
2.3895614061892365,0.1105262605543361,0.08300448818859067,0
2.429497995245017,0.03286032070178728,0.08435278682216205,0
2.6251845837756314,0.06638592471552644,0.05341489043359578,0
2.482972320489327,-0.13155952729094417,0.011054673298215066,0
2.5614546864902397,-0.08561316229011269,-0.13064281940322844,0
2.610122111130147,0.15806118572231342,0.029636491802183775,0
2.353833443283907,0.20105695077888697,-0.04192307544800493,0
2.4860888918606454,-0.010496256003568172,0.03678767342101538,0
2.533116077133655,-0.17567292506573107,0.11420018026916044,0
2.396064523432411,0.007381598981546337,-0.018594019846805903,0
2.3943512359019095,0.021438781118105713,0.13743793811833338,0
2.6320850858755582,-0.009947180379944081,0.055070822474247744,0
2.5467016972913488,0.047346584662797654,-0.06382636536510881,0
2.491367614466299,-0.04689476919188135,0.022964304240584446,0
2.464542742419464,0.11982638756039221,-0.022063772009871807,0
2.6744886074376275,0.08121097569246478,0.09027717072986334,0
2.4933065692075496,0.0012669826761136193,0.0872769900630811,0
2.395798001282837,-0.15403472248137898,0.07542017534863904,0
2.476785761130772,0.09850379450344443,0.0013682217356521696,0
2.5314621957852523,-0.07410012310826557,-0.13956916771122516,0
2.4868865261922375,-0.00093243764902981,0.16114319004403224,0
2.623277392387709,-0.24259034720664358,0.024931609154148666,0
2.3843529544533504,0.11915365320644543,-0.18806275177976967,0
2.4912419621272717,-0.0017256644188537768,0.021341840824581567,0
2.411663814767765,-0.051026892162885584,-0.06217819965485752,0
2.5316503811162043,-0.048350173867150674,-0.07699372135086469,0
2.604831423660694,-0.18469208083043334,-0.048921238207833416,0
2.6973097027824613,0.008612143004016954,0.10843504967315604,0
2.5118360508546544,-0.07906097558913161,-0.14199994768179178,0
2.619532932665165,0.07572136983432523,-0.1892373760391533,0
2.7209377430979624,-0.09124666531281757,0.039574340555538524,0
2.816215877914392,-0.08466237846908951,0.11070478271791365,0
2.564939865514556,-0.0014699759379157111,-0.09780050459439879,0
2.458733566619701,-0.021099553829141117,-0.2354032313882422,0
2.3844243000876966,-0.07971033870782228,-0.16556371370171213,0
2.4985599394873206,-0.04747846562562255,-0.07636666479503856,0
2.4365002693499376,0.048165841737250366,0.014957144245885519,0
2.435560617366475,0.08899832073750408,0.007841154428967285,0
2.3813576799608986,0.021444931683940294,0.060078824699785704,0
2.373100469633162,0.12358000893926702,-0.16840712148094808,0
2.552082555112023,0.23748066397256676,0.07119070477912458,0
2.6369687582391728,0.1787414331184844,0.023569991921770138,0
2.4809503185651196,-0.042571703900824945,0.0866770711340552,0
2.4575388157707616,-0.13438094061565772,-0.02959418359217495,0
2.6008703661943695,-0.009468461764248143,0.08745254518438705,0
2.6217087916819866,0.012301440026660107,-0.14844578831905916,0
2.5454714565855303,-0.06590031327658415,0.09373061242133235,0
2.4689094403541043,0.2517990507785807,-0.08892599404602572,0
2.408519761150568,0.022906758882088592,-0.07822414331651453,0
2.557941827463175,0.016835592063085256,0.12386423083505455,0
2.511272237966696,-0.1876975798431777,-0.06773609819291027,0
2.4643075480539824,-0.031160447017041754,0.03141829835212157,0
2.5164063811659356,0.01988765356517779,0.05502159152223421,0
2.4394870814077505,0.09114636050327575,-0.13721793090747203,0
2.5870052307425544,-0.104536663109452,0.09599227305373648,0
2.6386337356465064,-0.0800935448772643,-0.026175552146211364,0
2.553186193157254,0.030942998972309038,-0.02609807280087182,0
2.7575358060819837,0.0725944995835707,0.08742678501691825,0
2.45124865400409,0.06493301688502359,-0.022250255283737846,0
2.617436149145111,0.05907845719303161,-0.03671562705164489,0
2.597694731139573,0.042653798862506,0.057707905703710906,0
2.5604685639668827,0.10021663968202583,0.021421488870864647,0
2.4418567314139614,0.010794074593749071,0.023549247167016632,0
2.5789386909285748,-0.08712001019365156,-0.025080420320381935,0
2.6605150321839988,-0.029717927505871256,-0.05016480529113829,0
2.345479368488665,-0.05853905068707508,-0.00935075729771318,0
2.5023607047882477,0.17949252440259825,0.14010971281633677,0
2.3079413380260423,0.05807062361407109,0.12329317594880465,0
2.689896935120378,-0.031458603091023406,0.033835166083871986,0
2.502597794089431,-0.11369970767996032,-0.04105552887343247,0
2.501422316971069,-0.01716483522755468,0.016952875284107008,0
2.6208763342803585,-0.06470949505582055,-0.09391319249979546,0
2.388472426244003,-0.11877555694940745,-0.09610750632839865,0
2.512721931113953,0.08615620142441291,-0.006983316765656045,0
2.365158963687689,0.03840643125804266,0.10919463818139218,0
2.467297336909713,-0.15774244204923796,-0.050985148890462344,0
2.429824976876202,-0.1905204734801384,-0.02202403649150676,0
2.485566536063322,-0.08406956216831166,0.09217491976695466,0
2.5690243576210476,0.058356983658103524,-0.2121785763118171,0
2.568621141107111,-0.17123414714265894,0.014527977137035087,0
2.416805672422204,0.17878879771248335,0.08802965287394293,0
2.3897071855561896,0.006155092808867593,-0.046631340175767505,0
-1.5157866321354132,0.16765889276814627,0.013839740056071262,1
2.482879229238577,0.00487623393475812,0.02520408149032806,0
2.5566733820789467,-0.15451317515185214,-0.12966925030139476,0
2.7286269774370635,-0.0016568002270048454,-0.1063147675994536,0
2.5403218033109463,-0.16182344154296588,0.051797553944619615,0
2.6436433718016086,-0.09023327742381879,0.10661990458856747,0
2.6903711360751155,-0.028547689145682204,0.042880620811746706,0
2.5066114557633616,-0.025731592244961767,0.025541012133622268,0
2.3951518752348413,0.05543105251635738,-0.06878679892966204,0
2.530518649054092,0.11758733060406763,-0.18732074206508173,0
2.4721056070944356,0.05204654808295252,0.06395308327848463,0
2.463177438006782,-0.030315347314388997,0.01640951342176456,0
2.4830463227724624,0.050761848093409105,0.10210008282932377,0
2.420330261111788,0.10145349336608328,0.028227717445146197,0
2.702358404524804,-0.18258847034221357,-0.11222052154439302,0
2.416394520600965,0.08508400132264272,-0.08003221686035483,0
2.515910289122999,0.02941130925990216,0.03713418648397706,0
2.56133088017088,-0.18555904007921603,0.04271799232513276,0
2.389524567779943,0.05187355581311659,0.04545352780229639,0
2.4386394019104123,-0.05706553776304074,-0.17252552880771233,0
2.6368958642903975,0.21274790394708518,0.06967555709635824,0
2.6921065185443163,0.0957287645611952,-0.10741727032670867,0
2.398717150949772,0.0075419134650224545,-0.10732549975277746,0
2.5245384783993225,4.099636821338572,-0.012614852161229664,1
2.258499322958018,0.037598432987809474,-0.04695039478395223,0
2.3351237195152965,0.12417313131784202,-0.06958564823473945,0
2.559483935339233,-0.01031616885578468,0.09380303183622472,0
2.5662288046758106,-0.09295105290314781,0.09855801098149569,0
2.6448415568346992,-0.01483007240190584,-0.038900257196830296,0
2.7029590859171457,0.09452499604505651,0.10047798015175369,0
2.710263758497939,-0.12174475528610187,0.021216660770450573,0
2.5288774810309866,0.026053893780655854,-0.009055173054929427,0
2.4162559912819757,0.16886254068362166,-0.010463191880028403,0
2.525440518778884,0.16207804981697704,-0.051896372892518396,0
2.5440426593804677,0.10582086344964865,0.17366635015142984,0
2.477367558330242,0.14568214573590524,0.08768289403100182,0
2.498276067963578,-0.010592569854810118,-0.06871409789906913,0
2.5552736197361834,0.1134438884608938,0.08613067348203189,0
2.4900486606921675,-0.14118440464651252,0.0028424013385831746,0
2.7735317835634237,0.2265166602280893,-0.008102221157532037,0
2.5734009862509484,0.25213667989761546,0.0321641248250698,0
2.5633930375795035,0.12335656253016468,-0.04043718209901243,0
2.4722054139021497,-0.022712262005933733,0.09455954183078308,0
2.4026828927875648,0.03648063709239256,-0.00695336983623587,0
2.48886197659168,-0.077412449628423,0.008006968598542158,0
2.580687649545436,-0.0207728591704021,-0.09325758263891938,0
2.6303332720484867,-0.0643095597271852,0.09543304655260054,0
2.56138718969995,0.05578723502602531,-0.138447366924055,0
2.757952210574529,0.0023981301364536262,-0.19412033414586696,0
2.4020248644297424,0.20255224483277276,-0.06103001297292057,0
2.545369330495065,-0.09420748665737266,0.25467021783831406,0
2.436495002272894,0.12866845922297043,0.05660598822935793,0
2.4570189342590742,0.00990185459506552,0.0025893943551897713,0
2.529105340337093,0.08818305735425447,-0.08694483547542473,0
2.418709695273473,-0.030601293241798545,0.04041366596546942,0
2.390778686955211,-0.08619749847404776,-0.07946437760345011,0
2.5446309324536807,0.16243934692052026,-0.06411074415006,0
2.571899230693061,-0.02711475741566119,-0.0913238615208289,0
2.569652959142531,-0.03509964773735821,0.05107578818496268,0
2.454936306869855,0.25705228132085167,-0.0961277486910682,0
2.6008995292849018,0.011697035891170597,0.17377378694607704,0
2.3799737781711516,0.18556375147981452,0.06613379796457818,0
2.525531062419554,0.04756576680022519,-0.11954325906718842,0
2.467599187782901,-0.07099245640097776,-0.058726953683801854,0
2.486061915471829,-0.01972236451609452,-0.17254487364867024,0
2.411034480807758,0.04569722692810747,-0.08247253150433508,0
2.6832926006332087,0.019285727625529447,0.03093009717086815,0
2.4930869267033793,-0.07954624904310598,-0.127073668224832,0
2.482883440144605,-0.02082354985056779,-0.002242574271911175,0
2.487047442047606,-0.04443354208746742,0.0464982593166766,0
2.5629353628145397,-0.09033256160437103,0.03290776625474256,0
2.6507411675801347,-0.12373843576578224,-0.04673420851923872,0
2.591283527302112,-0.1447067674069177,0.06669442801361186,0
6.31388377330983,0.013078023474440183,-0.05965604820803458,1
2.3599739327205222,0.25340210037250044,-0.03326693055222755,0
2.4696345546126857,-0.04251605202667616,-0.2040399124361872,0
2.5636088054178114,0.10511467913177386,-0.18548904111203696,0
2.4194879502224635,-0.10866944725506407,-0.17381013437369686,0
2.5482359232213487,0.027305221560940465,0.0398784796374359,0
2.5377959471059457,-0.0705242527964655,-0.11707481974245455,0
2.735239675373223,0.1776356874167246,-0.0068254004003489525,0
2.5471791600486062,0.1120942875133103,-0.11179179047164023,0
2.5553376869004314,0.04003450978431571,-0.03627304634776759,0
2.377242368423879,0.02419743444684374,0.03687946689655671,0
2.3523322699113165,0.01913857277535654,-0.02169860867203688,0
2.3648323222472363,-0.1968071317694735,0.2162537747872163,0
2.663828670015401,-0.16882700266123263,-0.03506201850852805,0
2.503968685446541,0.031155131161006957,0.029040175643170702,0
2.3393585982025558,-0.13320952982416576,0.06595585434447644,0
2.5639052327367127,-0.01880343427323637,0.10798436600451274,0
2.525922016211112,-0.09126071652807355,0.06392570582760691,0
2.3094521481543016,-0.10466053685661841,0.14369683433481234,0
2.6220522800463657,-0.0407913123125017,-0.20911982245240815,0
2.473583714654916,0.1783377507894415,-0.01683736816333855,0
2.351807935416831,0.11877987898131973,0.13374493035106755,0
2.435572297285971,-0.08154208021090655,-0.06241703897372654,0
2.4080042773000554,0.04719681144403709,0.059958838728546085,0
2.7128970280851004,0.0711193816876282,-0.005323672503879966,0
2.4121752305477426,0.0967304732495134,-0.06842964903069443,0
2.3804034157481375,0.15266629007132726,-0.14854541426568607,0
2.7470345405516348,0.09153666205376516,0.14039549613422939,0
2.6404361519259916,-0.06004443564039428,0.11339201841125023,0
2.4746969109428076,-0.17570676085331016,-0.03124140949226338,0
2.368862391289748,-0.0853171888785335,0.1294147303884789,0
2.6791900372533526,-0.030906344895952082,-0.13612365471867258,0
2.378512945063504,0.04279101789692355,-0.05182940405343328,0
2.5396794728124905,0.11708943142842612,0.09194627290396336,0
2.4522386283281365,0.049899903080805365,-0.024867060536172284,0
2.357913177286644,0.02959138882828883,-0.13297219180091085,0
2.4556312699039853,0.028897442568671675,0.06200978002621071,0
2.4548251613236745,0.03073853810100597,0.10886567627341547,0
2.6612306448877705,-0.15403519063249624,-0.1483696605611479,0
2.5248095819426775,-0.036581791319253515,0.07259994750538099,0
2.4286798558161653,0.05618216416254976,0.04277031136541725,0
2.4196742518900334,-0.14040670604539468,0.13622630606436453,0
2.2931059902521524,0.033889515015134444,-0.05703503924019128,0
2.357119329582981,0.18011859629814694,0.18036172017918,0
2.438631091219099,-0.0784527420291228,-0.027353894202533254,0
2.367850812205992,0.06096975668388993,0.17050599191704796,0
2.6329174080540456,0.00136193289526821,0.044468102162672704,0
2.584461457629945,-0.05325642770270517,-0.06771711432540055,0
2.512978880227047,0.14567335029321457,0.06715645439096805,0
2.474965178294322,0.0447294956403636,0.03406503664858159,0
2.622547280257982,0.0664365945736897,0.13120012134854564,0
2.440594366797204,0.0022694326306291666,0.10648395060709304,0
2.5363043323569756,-0.024972622265961295,0.022152340271549803,0
2.3912896476228345,-0.04210824967568775,-0.005847857399693944,0
2.5373790990727736,-0.023816871061839894,0.0009068825503532618,0
2.6191040051354246,-0.11019770685241354,0.20575660432623064,0
2.490806466054164,0.07240835295130048,-0.02574624700714756,0
2.478356235584528,0.01505236098811502,0.046022186975570804,0
2.6796215959100183,-0.09717620201302551,0.05589063488365531,0
2.3821869545260226,0.029232975197696343,0.08895073274647751,0
2.4577219014527287,0.1588458498450656,-0.018911262484381942,0
2.5162268770198803,-0.08579638511470375,0.03231850747865549,0
2.5147492901397066,-0.011957804973393243,0.005945649657804009,0
2.4597415252380443,0.011379896410935703,0.010697765113620628,0
2.4832820940961575,-0.01960772053706604,0.03731160295954397,0
2.613375824323718,-0.2042268349044219,0.11488873347608333,0
2.4033028922607356,0.0038905196329162336,-0.18433700130501718,0
2.55425121535133,0.029069536479417353,-0.009523781001978605,0
2.4091893038309693,0.034815816572476406,0.12183949123556624,0
2.6968541051193227,0.12854131746914205,0.04166975597458136,0
2.4559175562352022,-0.14754021778922097,-0.0015604852269316355,0
2.642522357599793,0.03335252617885747,-0.26166965352228394,0
2.533844784270648,0.11074982401783576,0.18014446896365685,0
2.413335615407342,0.0044464500684886585,-0.03336107412047156,0
2.5251337892718255,0.03813472376354519,0.013257520119773575,0
2.601066059213487,-0.0893432628270986,0.03562605912113648,0
2.4510123679364395,-0.00837660488054038,0.005619893843619306,0
2.594274697685275,-0.006760651055438268,-0.03773595915829253,0
2.506890070892512,-0.1015725506962329,0.03304756739199117,0
2.3591327661536727,0.18081262156479758,-0.05050404973975743,0
2.599838748987667,-0.11062658985133798,0.03761543967823567,0
2.37224880668273,0.11208779138283145,0.07395736637171273,0
2.349640240523911,-4.039630346667309,0.17283209200926436,1
2.4680908233052063,-0.015362290826016409,0.19869136725084546,0
2.3833670491735526,-0.09392025620983872,0.18262634838030145,0
2.602681174675527,0.025456753004630763,-0.048681697902982574,0
2.57302584890248,-0.2288331333843416,0.03810144304971319,0
2.613552638824614,0.045449797520297854,0.052432618927645884,0
2.6037425649370594,-0.05856347865847658,-0.08196516314989423,0
2.6712803959276386,-0.12692741128357896,0.11927003454561538,0
2.4797071669781707,0.06203805070828499,-0.11526034477046082,0
2.3995970346168747,-0.13772922740760835,-0.12891187481243513,0
2.4862344299021646,0.05400205747954259,-0.06406097317012625,0
2.4163630887042915,-0.03167784829540943,-0.025905814895849325,0
2.52730544690405,-0.06383729594067454,0.10272235195210028,0
2.482969073335391,-0.07848076239484474,0.20674367147009112,0
2.4146082158487916,0.11745234021432903,-0.038287432909996755,0
2.667383624294821,-0.1307518044242606,0.1920506787697326,0
2.5323668655727043,0.1929834218370328,-0.04992582735697803,0
2.6415926818900384,-0.10437859298633137,0.06535875485470448,0
2.5475906091343337,0.01772548840367775,0.012953721073103917,0
2.6039834574058784,-0.11553898025235798,0.0637321905303987,0
2.523447880655224,0.03358717866407558,0.14743428993484062,0
2.612388189512891,-0.09857460356140507,-0.00966069731423793,0
2.561880369290689,-0.027573730994675916,0.06425185883138347,0
2.427631375098982,-0.3553324532544893,0.11242424722351033,0
2.4549629764988583,0.009902039461485372,-0.1407071117864017,0
2.4482881124385107,0.028223448537066667,-0.09198105179978239,0
2.466630039042463,-0.130944485425702,-0.016071436523815107,0
2.444876271367017,-0.12526545102806616,-0.24672959682658788,0
2.5355688398046112,0.15769865316682585,0.028228849757760906,0
2.4967810465401317,0.061563816541793305,0.06975064622678982,0
2.5067700147837133,-0.16604031772483996,-0.08536780830990422,0
2.5209274119816096,0.06042088933414358,0.027879247558501276,0
2.620678514508482,0.09607468298550594,0.03083645037119591,0
2.421185302891518,-0.012663065671796342,0.023950147012888254,0
2.6040148154080645,0.06550340947030685,-0.10987400306318731,0
2.540798096552004,0.06853128712619433,0.044716577395300175,0
2.5911581741208134,0.0005247420039325296,-0.19664258884760386,0
2.5897193886882564,0.056356931868526666,-0.07642173882977424,0
2.6266512302893115,-0.04256199013571835,0.237527419176237,0
2.4679114614570037,0.0849898126509338,-0.06806935515270218,0
-1.6119063899485813,-0.019833780083096608,-0.037137483946973145,1
2.567613762452548,0.020111943801332396,-0.06252190200528288,0
2.5314291199429233,0.11562387888267818,-0.05773523876500436,0
2.486666459991932,0.13398269551994307,-0.020748323181706052,0
2.647094192859509,-0.16511145484306766,0.01540489052457968,0
2.4349549204962204,0.10088213960571353,-0.042702323147590905,0
2.487642600301695,-0.06931248011266133,-0.14144475309292878,0
2.54408214536486,-0.06693719679962909,0.15916545662388704,0
2.4198156447132937,0.005388787529566754,0.15335845885412686,0
2.501421267884435,0.07956527443675548,0.03543972433693586,0
2.598855467775113,0.05571993199883929,-0.007871873590024689,0
2.4328265167580545,0.21760763462462124,0.07285641699514907,0
2.469146704546191,0.14147498757326252,0.028986539897300906,0
2.5677585800752785,0.017659644245369376,0.08352930349632859,0
2.4477422680411354,0.008663749359172374,0.0047834812474230005,0
2.412775426594279,-0.08183954225647022,0.05383363383143323,0
2.4226828391108404,0.08160171580795214,-0.019915984446249178,0
2.469405428080479,-0.05202959137358785,-0.10511923542981083,0
2.5987857841655013,0.05297871374226955,0.08506545821617184,0
2.4191503465036415,-0.10794250769084046,-0.008864618510043058,0
2.5237129694881952,-0.011821707430403817,0.09675499400701137,0
2.4392592595242286,0.15834317575213963,-0.2781383056282522,0
2.4480010588116854,-0.07861805313144389,0.03980117157376432,0
2.292857179946034,0.05410980931549179,0.004055109767561088,0
2.3167636221335095,0.01682533237929999,0.10051140300496993,0
2.6588961272525866,-0.05417013202664409,0.12685160150515526,0
2.6274959703133107,-0.08306167458125799,-0.019714600621600027,0
2.66889233655706,-0.09429685071089847,-0.019085016725618034,0
2.4849571034779756,0.11677276247095568,0.03793993426437115,0
2.52481895461996,0.14727832434221375,0.004160326822097227,0
2.6225200061452436,0.34309682988179663,0.05404010406456902,0
2.5847618257321168,-0.031239810857670754,0.24802212407951438,0
2.6507162990551123,-0.09888496472770007,-0.0415972931635085,0
2.4994460141321437,-0.05057890531993412,0.026071329408646017,0
2.688877062889113,-0.09136721094603689,-0.07351342323212712,0
2.3295505107097263,0.17549616698607146,0.15263213793878042,0
2.716380008536928,0.09890279035825862,-0.018704646385599998,0
2.3623553287482233,-0.06666371111867898,-0.0686766870736275,0
2.4539387331419906,0.19650441818424935,-0.02637879570929734,0
2.5201595649961086,-0.1872036768294468,-0.04607088127331324,0
2.593697562964492,0.08807017968549491,0.14771659016368144,0
2.5893834422700075,0.09914556827229992,-0.0703832519412589,0
2.469484435936306,0.12206008242783062,0.044556851389696533,0
2.8127740060357738,-0.11411529872471814,0.01077815628734359,0
2.384347926813189,0.06176592400556431,0.06438678167865057,0
2.567554512669137,-0.07727601717523147,-0.11113854512954496,0
2.5518950934547804,-0.03054024623057446,-0.20895729469436497,0
2.6281076154282466,0.03469004404952634,0.15205405991020732,0
2.717696782416586,-0.11808098222613983,0.04754405142805858,0
2.5572802570991113,-0.1133224611510541,-0.01537758028769317,0
2.558333915133546,-0.0841799531027255,-0.031608856136413746,0
2.609937327613001,-0.026887363328929693,0.169555740609003,0
2.675206511541538,0.18014718245994343,0.20435082484083922,0
2.43111239889879,0.14117133093389997,-0.13547801585105565,0
2.4850664078783478,0.02517357498141594,-0.09561513369789831,0
2.6770728174060743,-0.006170377182158176,-0.043629133508357086,0
2.550831107226981,-0.08136606018180208,0.09224519049282752,0
2.487844374998411,0.18544656722334457,0.01619419523183095,0
2.4744644140952627,-0.04070274121107511,0.04950368854674572,0
2.4377799080429248,-0.11007917807830934,0.013311410350291587,0
2.7052466445030108,0.14245986178757006,-0.19429188937186295,0
2.418897457956162,-0.004824961381841842,-0.07631769397154277,0
2.4121341326692387,0.10569068232052757,0.03182131009953092,0
2.560264284061817,-0.0717805333416885,-0.11123672938025748,0
2.519164505619673,0.09229871773958642,-0.0014626828584183259,0
2.3826938526015375,-0.05727873085474416,0.02118875774813255,0
2.425822863953191,0.023407855950250443,-0.013673046185480708,0
2.433726197596296,-0.028980432034716893,0.07668353416442836,0
2.5117596739281334,0.015801987338143586,0.23801195620357057,0
2.3324280257136154,-0.006352767633393819,0.029195850427646875,0
2.3700979362954695,0.08782099325396986,-0.037021784053661265,0
2.490929461114623,0.024541210133580404,0.005305207081730417,0
2.6473030736442675,-0.08916600005330136,0.05220042449633573,0
2.6276691649565174,-0.0167652539622641,-0.0637770035346228,0
2.438376056607258,-0.13430948740319354,-0.09989888363417035,0
2.6504005863532756,-0.12866879259518543,-0.030308768954124956,0
2.761207392851523,-0.027174576897051883,0.07998677177699903,0
2.5202868879478832,0.20537692242450017,-0.012099622723253232,0
2.523671396795406,0.22487138558295508,-0.1260714599531431,0
2.4224931331659043,-0.10808624949870416,0.0026160063674828277,0
2.471551319005399,-0.10776506694623056,0.27914932362427824,0
2.4310408570089628,0.25761634489200474,-0.026545812895583856,0
2.440780851204141,4.042078132945604,-0.12311248289569776,1
2.6314158059998656,0.015864315276202464,0.02545242637481296,0
2.5025135266321614,0.03506102756991787,-0.0012016648857014489,0
2.265786672986616,-0.009917718310125776,0.10664575390146974,0
2.6820399323031334,0.0011412985018944167,0.024266355305184,0
2.4987371144042103,-0.04061963387633578,0.022467974310629267,0
2.6539651621696425,-0.08752140434008059,0.0451162994594157,0
2.6035630513540804,0.02216691655555067,-0.004180259137244609,0
2.362549875332285,-0.05127994630032534,0.024153133978978024,0
2.5713529642460893,0.04890912772248454,-0.01422643753418983,0
2.5406869418859226,-0.19251754796630183,0.06535319046707026,0
2.723065174878985,0.003277422699357007,0.01077925784839753,0
2.5327527604277584,0.0645436846251192,-0.12164550410345971,0
2.5337853974092446,-0.04806231904562311,-0.15219070265244214,0
2.6341165040775185,0.1758817127497922,-0.060582400453265565,0
2.620760163375276,-0.024431531143777482,-0.03874424347484094,0
2.4715677916043948,-0.11113315305902914,-0.03601459907218446,0
2.508003948353327,0.15933413703039578,0.11404647972809495,0
2.4812002570350242,0.13810912210806434,0.06731439197549371,0
2.379356388657023,0.05278185802694697,0.07163327345479868,0
2.5220888180546357,0.04636435291800009,-0.05165493897444623,0
2.487127886441414,0.027770012469257067,0.08767032439957609,0
2.427583595357434,-0.031209350155034506,0.033633335374491515,0
2.3926428368757957,-0.009902868102834372,0.07355251434896164,0
2.496882967671191,0.05996186655477864,0.0026128469162001377,0
2.2642273134096746,0.14471174681290377,-0.06156170122795668,0
2.3348702263414163,0.16953370347851263,-0.04493919368580955,0
2.427249756415001,-0.1119015634849985,-0.0022445264357729643,0
2.3503365165985737,-0.0871445455312183,-0.1543470123662684,0
2.391438111972977,0.020392992541991103,0.042953688042159016,0
2.538830970050649,-0.009222429044806173,-0.16716163849125984,0
2.4031494289870983,-0.14782986056171296,-0.03824379698231309,0
2.5165084450970685,0.04494280065016654,-0.10857961719977305,0
2.4034298960938156,0.01387047877864959,0.021101790658299893,0
2.5198572760493465,-0.09810584655927154,-0.14559439722008163,0
2.409348082283176,-0.1398316903349204,-0.03475103999288727,0
2.4163114498283313,-0.014411183178604563,0.08453068654595826,0
2.484092561985206,-0.1151715614749044,0.03786934958721121,0
2.5350254344231815,-0.08372817117977088,-0.02413818950861997,0
2.498359540727525,-0.16817614664344568,0.17261037802995827,0
2.6622900969841883,-0.1959091359127116,0.03152352874075405,0
2.401121492460138,0.0003725961775574966,-0.07809336057951922,0
2.510726957622791,0.00211472774745114,4.071240538393798,1
2.5466632614744356,0.020644249998048245,0.00035431926875926616,0
2.491637048157605,-0.10263723911262741,-0.11830815337846404,0
2.4249657685994284,0.18300278089659766,-0.056398912615581734,0
2.399982205826815,0.21764557134752663,-0.05423666438965924,0
2.4584724075266413,-0.07697645014332231,0.006842939619467191,0
2.584276079956064,0.12510315748741854,-0.049815994490896305,0
2.6678317855042564,0.047803383977110536,-0.04454316514898962,0
2.5977950599387576,0.042495152055333496,-0.23144198291910564,0
2.419642733387815,0.03247940163092659,0.047723619082133115,0
2.6763197883091903,-0.01946026375798763,0.02009028662716697,0
2.496827784431836,-0.04574520949560287,-0.23918930853536013,0
2.477216275135425,0.029955170357368728,0.1187709849920732,0
2.4388271906966983,0.16457873631804826,-0.234292851603739,0
2.344885383501597,-0.01061089512282285,-0.10408125688785197,0
2.4393155363555206,-0.12962786182650407,0.07868129557225635,0
2.3143194010963883,0.06338798771171526,0.13066054520360854,0
2.4510294279893974,-0.08346875024832155,0.09596320849967001,0
2.4046610866357487,-0.14067936419505964,-0.0985002154018959,0
2.5591484045652413,-0.036091916120440035,0.051545163934950525,0
2.3518064308633404,-0.009709987447152133,0.10101799362386424,0
2.5185066822809836,-0.06200710513330218,-0.05395936932354572,0
2.5040117497500187,0.07518742439271772,-0.00976776427529979,0
2.474551824608304,-0.1264849087490473,0.20689670476256153,0
2.4890914441205694,0.231817187683987,0.14793183600560053,0
2.3465876732010127,-0.19887690887537027,0.11740811250002599,0
2.3579747952512715,0.05081777692008417,-0.03482129734349839,0
2.5729205760892593,-0.060281017484682044,0.02248714400129228,0
2.6656264710223168,0.05716766072735585,0.1194093306013772,0
2.4876211350118886,-0.10729480613843637,-0.05659663356231032,0
2.3777229800278232,-0.09414927495230033,-0.14079456241052346,0
2.4884064872737284,-0.064412722634621,0.09270972527493965,0
2.499280395270313,-0.12147024056977423,0.024160281482847806,0
2.570977422704242,0.053023213053991436,0.017744128280977,0
2.27272894332157,-0.051093670113984906,0.22831433082024166,0
2.465248004716257,-0.061306012877966436,-0.07603168782003111,0
2.530453074683674,0.13479722370320227,-0.12117134568278752,0
2.4013188682050264,-0.03585993624621147,-0.014618767861197821,0
2.5725922507244814,-0.03587218089762754,0.05751065607606587,0
2.4572124670914692,-0.11222155390179783,-0.04492099196814993,0
2.5611655691057904,0.0888861694021714,-0.009847691391383652,0
2.4806695196402595,0.07070202612154991,-0.0367958694488057,0
2.4727939504322833,-0.022433307964752954,0.016910877916953726,0
2.6186671394179966,0.11934799737115194,0.03338026453986033,0
2.6856002109897745,-0.057041979341772825,0.13659859783999925,0
2.441601912358955,-0.11877013999320103,0.047382348616962014,0
2.5070878445356444,0.15286205564294472,-0.03924294897080435,0
2.4604811954648262,0.16866401031634323,-0.12482056044712281,0
2.790801209094781,-0.024436948235339723,-0.08247989640525066,0
2.4939764222154777,-0.07432633800434583,0.19473826852902926,0
2.5581512195720575,-0.014872232445179233,-0.03224150173699461,0
2.3107572744759812,-0.12853177690389866,0.02355202339425684,0
2.486160259967905,0.11407347488349542,-0.03403355165684972,0
2.4942016617983507,0.04624385893891443,-0.11335270035848447,0
2.6766850057306106,-0.15047157746915604,0.021695426640509823,0
2.5499765793088724,0.058192138236990966,0.3444992502865582,0
2.417702789617492,-0.007241137058892857,0.0025136199426460497,0
2.488129607732926,-0.038071485244432574,-0.11516334232289963,0
2.519934894627099,0.12112684598244974,3.9777371019387178,1
2.6635675964953722,-0.047910338252426264,0.12551347945865948,0
2.443383153249706,0.04220174687760159,0.15085022000292173,0
2.625139964653215,-0.04042511044956813,0.14039649707015092,0
2.6528385466679083,-0.0754077096539022,0.06140103536015316,0
2.365197442587912,0.16395884905019484,-0.16083977242059835,0
2.4414793001630892,0.00888535070509499,0.006437625599541974,0
2.640846011016627,0.15912722083264702,0.047537598984714845,0
2.503827142680459,0.12644876589803503,-0.23128107989726893,0
2.4285466865484797,-0.04288893345510389,0.1329148038838414,0
2.3943228599792787,0.10149169516244248,-0.06844142754877,0
2.4721097367026066,0.06629899890392574,-0.023332241409072675,0
2.504652207859498,0.06235307705840165,-0.27414613888973666,0
2.7163644198318195,-0.02747595951811806,0.14020729696920498,0
2.519900517434246,0.006496850682687946,0.09302969997688842,0
2.6273831389212723,0.007061773346339709,0.016628733578223042,0
2.3199782435393748,0.12705955450346326,0.12404877316503005,0
2.6638228594999926,-0.1657787974376328,-0.18365290031324988,0
2.565359116947173,0.020631279376933112,-0.003031507253922796,0
2.383970915530048,-0.03963236149389783,0.10224621608939521,0
2.2572041174307405,-0.07966844523488138,-0.06927655558708891,0
2.3644953339032084,0.06516224290542516,-0.002826735453550524,0
2.546266277910331,-0.07803938820961208,-0.0967142827652299,0
2.491115558811779,0.0348503979049477,-0.08776535009086615,0
2.420994750284424,0.16317181067514427,0.048626772185756256,0
2.6934808679053828,-0.0021703553342548227,-0.09174490356449139,0
2.3758773289506228,-0.06533622588394201,0.013040547577911968,0
2.492365313576934,0.1488025076226782,-0.019106287594072,0
2.3894265439610534,0.050254269806936175,0.09788248294296104,0
2.5176354476357714,-0.08601914523051933,0.12222111996816415,0
2.5643121277064673,0.018681386973886677,0.08455742847890124,0
2.508030194288747,0.1147289396095737,0.10723305844973674,0
2.546178327182973,0.084213940831257,-0.055423422557255124,0
2.5941720496702176,0.07502408914938652,-0.26288487990555387,0
2.558059059818946,-0.1268213170584723,-0.05927207018239571,0
2.5207921983048993,-0.12183681992726147,-0.10509408874893639,0
2.4486302596477305,0.12894140229924245,0.0060682469347863085,0
2.5864964501455043,0.1511787485662829,-0.07859878743813828,0
2.6036691453851253,0.004761866904509988,0.18982567799127315,0
2.471166945872213,0.13805526429565793,-0.004337105413199138,0
2.6508477530410555,-0.020841938664839136,0.039143311342054246,0
2.52398724835372,-0.1616737610623832,-0.0022716435114457883,0
2.595219513160082,0.15543245002907835,0.00021218960959478545,0
2.543538935631595,-0.13892039125641079,-0.054170464125807095,0
2.35627544669704,0.05248554099220518,-0.12899953029291436,0
2.2669666712223604,-0.06523498807119617,0.0156962767467336,0
2.515444446805991,0.11138104067693616,0.03974313594300497,0
2.4512975211677848,-0.2773155578419642,0.11341380570974101,0
2.4487177206492237,-0.01185263220123999,-0.05943134787872939,0
2.57905397324116,0.025509666794463544,0.026362280601793932,0
2.449648211454628,-0.034722722095558746,-0.08095585732586867,0
2.466553681989396,0.06294105449480768,-0.02387186115177495,0
2.5471357009532856,-0.1439928701069713,0.042721871048406385,0
2.415160507636586,-0.04224651012655534,-0.21733188420803937,0
2.5073140882571447,0.04323165638412851,0.034837240193481486,0
2.3661736149908026,0.04591561091128288,-0.1713748919989433,0
2.5096229930050464,0.009575481272674666,-0.10658498387134115,0
2.5349466640748863,-0.04999845247428985,-0.03837157020593111,0
2.364938046740817,0.10279767809723667,-0.03237877243004993,0
2.5193251976828837,-0.18796724559677283,0.08436226771618816,0
6.420527022854767,-0.08463003640675415,-0.07765520121109964,1
2.4516131078068666,-0.17149142437253237,0.00019095042818049795,0
2.7114423633480387,-0.023386435549755363,0.012419717924457008,0
2.591012238032248,-0.04270174602557977,0.03968590808655375,0
2.4799495994997733,0.3115270010123425,0.15260184699554924,0
2.5932477030768584,0.08095401113232634,-0.05972383031042486,0
2.473775053758446,0.16930748317953778,0.07038731887757607,0
2.467989665242037,0.04784752173485777,-0.15519900447724502,0
2.5643657984373434,-0.044020888558959526,-0.07801110057631633,0
2.4192072343221565,0.08745727332108258,0.09621467498864789,0
2.4464577734618924,0.2571554867797438,0.09482072347715531,0
2.6247891570852784,-0.021618312757452924,-0.029526272841041024,0
2.4163389559342727,-0.14959667232702387,0.09000511280858424,0
2.678634247508842,-0.05407915588533292,0.12536901433324363,0
2.457536045598245,-0.026310538157254523,0.02676272260427098,0
2.6032383619120827,-0.0937649953324591,0.09867751730185886,0
2.768909432884228,0.039550954810832595,-0.11125911904956427,0
2.414634756536101,0.0710785849932261,-0.14690170360192245,0
2.3930121910836206,0.015015544740189927,0.07532265730846205,0
2.403502355360357,-0.1395170580240307,0.09030942795858686,0
2.4917779641928988,-0.05448554444937609,0.0024212070038985515,0
2.5992495545498984,0.08189289166023829,0.16668119074474172,0
2.5584024955804736,-0.11341349648524912,0.05717240300876606,0
2.5073166890006515,0.05615586430568448,-0.12561741506682572,0
2.5182835955546667,0.1960274658753265,-0.013475821215352377,0
2.414834301813844,0.18366513868640247,0.1432561021504562,0
2.6066641222294424,0.09746620854981547,-0.16615371433366366,0
2.4824232805850976,0.028244571549037884,0.06349233558971361,0
2.524866713078605,0.0907662445797263,0.13484099388809728,0
2.4153847730958065,0.0014838421596066551,0.0512530598717624,0
2.5148468968032356,0.26262528457153367,0.023965727416586435,0
2.3179608127008047,-0.004855907923073298,0.010079042749102558,0
2.3282577455980813,-0.011818419358648767,0.14557017796887564,0
2.5588345155970256,0.08270023142745357,-0.08992155696064708,0
2.5836107829588406,-0.14426616556106445,-0.028172423235952745,0
2.5894641433804377,-0.14487674751296867,0.24222399893760846,0
2.3228828201986502,0.16564356840662386,-0.20299626085774577,0
2.615063628218109,0.14544893138865198,-0.12534144492676,0
2.379948340475391,-0.0837026847257986,-0.02188120262651115,0
2.441268127302228,-0.10570088737205502,0.0721654032287664,0
2.5706622138792854,0.09146666428161794,0.13288380154099005,0
2.3745298036581564,-0.18143318401860573,-0.04260296193123403,0
2.5562814221966934,-0.0159456422538923,-0.049393692530213494,0
2.336941395277256,-0.02855474882570391,-0.1408039237300692,0
2.4664287396508575,0.2044781138507895,-0.062234083886650464,0
2.544403025047977,-0.015062006995050031,0.05526454620607649,0
2.6817366122758144,-0.27662238429284763,-0.0407336945996725,0
2.5421628546242148,-0.015655695224118398,0.25751369831236814,0
2.4024136970142624,-0.04173265525532368,0.08332600679521807,0
2.65985198613531,0.11478901976527385,0.039308751329131836,0
2.7181975689339066,-0.04813972775350981,0.21676613045719992,0
2.633958448787316,-0.06990186127344626,0.02574932548515693,0
2.6240979170321137,-0.15371803593642025,0.013909236789331345,0
2.393217093286663,-0.10329293631025788,0.16249848841573888,0
2.5557928810324264,-0.16372766081773663,-0.00420364509514532,0
2.423539171079342,-0.09105891809034494,-0.08898581043448554,0
2.595801561438868,-0.1175382127916867,-0.11659162620622339,0
2.6436165995254854,0.025191690027069603,-0.06541534156165167,0
2.558458790302555,-0.05870789463264207,-3.9331173956445546,1
2.4923646345200274,-0.023155954037257294,-0.00591461029608839,0
2.5800375266071782,3.989938554964913,0.052468383014775855,1
2.2653294270839126,0.10725501146996795,0.049399244575531014,0
2.510058874875395,0.10039917329682915,0.11440642863995439,0
2.359380461791422,0.22533467407496285,0.08757826013997498,0
2.474820238945268,-0.145978836760856,0.07520578072080025,0
2.619952421494059,-0.011320046491692003,-0.009598885724642507,0
2.4217355233622317,-0.06630121261893049,0.00862904228260975,0
2.573558245981643,-0.005098004128752448,-0.0205450645671998,0
2.523147690903106,0.17675822086460077,0.03384304183332766,0
2.4585530254243397,-0.018841308834083585,-0.047654248014196265,0
2.5192035203548904,0.055508943503715415,-0.17575315892899518,0
6.605857169618324,0.051974985386866526,0.08300054319229519,1
2.4385215295621845,-0.0835938000091598,-0.04513229632979697,0
2.502372647679921,0.06819798069169997,-0.07786234112791617,0
2.5961071296849036,0.05877636329838132,0.1429205077105835,0
2.6072032211321834,-0.06170366980170592,-0.027299548280254285,0
2.651877007149266,-0.06206740623281141,0.014664628459917459,0
2.600532858092044,0.06571757464220386,0.02299825404611264,0
2.507158266304307,-0.024015776606856137,-0.08900015171175407,0
2.738286175513471,-0.011623517509606655,0.03204589450775384,0
2.3841205713554907,0.030936265118696085,-0.08511409704471183,0
2.67052926584417,0.07548167886795577,0.030155155537406983,0
2.3785899393701593,0.05818401345526413,-0.22923470906473079,0
2.5422300029699465,-0.05532100055278427,-0.27458109511742096,0
2.5338653505280857,-0.05105691422311921,0.05592813201693356,0
2.4900544698187845,-0.004232782437224198,-0.022021656135771686,0
2.544709604436076,-0.010651808208693535,-0.08468918811129303,0
2.355146504971991,0.0670485903962143,-0.02999370416509528,0
2.4469790208138007,-0.13809715612789858,-0.023472291925844362,0
2.5332340762901406,-0.024747291585512574,-0.14073086948294003,0
2.453992986671652,0.04611997934889232,-0.002954342391858464,0
2.352403958586707,-0.0177259670694558,0.05543582955201182,0
2.563109638685759,0.0633057392417332,0.005164888047863168,0
2.573049025525997,0.11669480969365842,0.07156190414859989,0
2.4714211916564257,-0.04223695594449366,0.04630051127539622,0
2.5472091613644006,0.1568219560636015,0.02551371756353984,0
2.472719830336581,0.19617975142479366,-0.05845139052288424,0
2.4734226653512974,-0.01651028375025949,0.10332799844884727,0
2.4776529208055114,-0.026817254553703398,3.974616621547045,1
2.5185835034939226,-0.07171874320207215,-0.0867961023733852,0
2.524687803891386,0.07610783228278707,0.22312006735754092,0
2.457152332121171,0.010436164527602059,-0.03430543623895431,0
2.34461290996603,0.10743776706171011,0.015614976011620277,0
2.563959240347059,0.04597947203403335,-0.016814080420154497,0
2.634864073119724,-0.1985803029364881,0.2049015504660257,0
2.472353064956405,-0.12901361368985662,0.1307077648665674,0
2.5844781921762876,-0.1755079280509907,-0.2785059546433592,0
2.51600880120559,0.07961293116543776,0.06791528270688217,0
2.5868094399243002,0.07126501012176754,-0.03087168702544603,0
2.386373046676251,0.12531341926983322,-0.04984054726040469,0
2.3060430984808455,0.07132940832785585,-0.12149579709163252,0
2.4549231609305404,0.019763772935866022,4.004381317776442,1
2.5016291462881064,-0.14573831414160626,-0.2107821544887794,0
2.3556450570484375,-0.07276774899112594,-0.06457967198498159,0
2.5297205566851257,0.027805298684481995,0.008662272366650242,0
2.416490628777377,-0.06300468725311707,0.07992344782986685,0
2.421666424445346,-0.02599745625826326,-0.03457964357971499,0
2.5871478858601766,0.09343117106970146,0.04818453737941277,0
2.409273374322259,-0.10447149290016605,-0.02586799120757742,0
2.4483558123659384,0.1774490127073019,0.026268290168174696,0
2.4468982150295866,0.05766767372695816,-0.15572743039289683,0
2.5065370054170057,-0.1577238260654279,0.08317816512922901,0
2.4717258402306044,0.02149950218358129,-0.052439956175155115,0
2.55852828938473,0.016874194305179575,0.15285330995727442,0
2.4953821154047557,-0.008900967081860047,-0.0949500706953118,0
2.5905481567200646,-0.17931667336324328,-0.17305693272134667,0
2.5235581665962994,-0.10375657907281877,0.18726988170603476,0
2.4385229971203217,-0.22257834908937257,-0.1756051427012233,0
2.4465411854984263,-0.16202638524451096,-0.26742579197838756,0
2.2484945566820045,0.06134770922208858,0.04594859914719413,0
2.438481450365439,-0.0009369543227965046,0.15550460336155572,0
2.5120399153826773,-0.0024716281267320866,-0.03386373945686162,0
2.534453420424437,0.23018738890773266,-0.02809121702313491,0
2.6078334595356756,0.03266267020682151,0.05927194547726226,0
6.537516438503926,-0.14079382578297187,-0.052467125232407756,1
2.526578199549275,-0.11502464593970513,-0.03301659828975521,0
2.543782769057663,-0.1415091665938929,0.24520352527236514,0
2.6629472749417875,-0.09600952036520377,-0.12060647753172944,0
2.345869890803485,0.0352286285537336,0.007044618952760005,0
2.5441376457439406,0.0670319616159654,-0.020322597003155477,0
2.40424488611597,-0.10591951996477456,0.09660798296492876,0
2.50230925543354,0.09574172808804304,-0.0024167954698958946,0
2.5399043207206073,-0.060025002203673586,-0.05696769711868717,0
2.3546046683167963,0.04680425710394926,0.03531023902804654,0
2.607669202884528,0.12189312299763429,0.17649791140872395,0
2.569279025230464,-0.0900799781187436,-0.010797756921063217,0
2.407897623556107,0.04060140249718608,-0.11003880264079356,0
2.4570353717974784,-0.07496397168478293,-0.09689820602471703,0
2.4529999371344093,-0.005853876071809804,0.30070262371608314,0
2.415059189347594,0.008456743635405068,-0.0056300351848379004,0
2.5084350473827954,-0.0016816024764728093,0.012465436132765623,0
2.3947962249737773,-0.04951024806423024,-0.05728889789290273,0
2.5700603062781786,0.08504449355212763,0.031560858048444544,0
2.5581873601097738,-0.11436020319553225,-0.03569516016113344,0
2.557270912137929,0.004754472643753345,-0.13421560729715462,0
2.5847083699131796,0.008105850662643818,0.09901184733332472,0
2.6613745072557142,-0.025478270532977743,0.23941652415103368,0
2.328412157152637,-0.179808409311885,-0.00975309713618677,0
2.3954682597255115,0.023111787314276745,-0.1735361157622223,0
2.65904019812866,-0.005106198440400561,-0.15909354960497007,0
2.5990030579555876,-0.10732668085470094,0.05479867646559952,0
2.606757289784341,0.08221010042209344,0.16505811443308596,0
2.5489267728535525,-0.028983926726996834,-0.1891013472600448,0
2.4973651763341898,0.07531929716715928,-0.21013999919198653,0
2.483512048046322,0.11765418056729318,0.15803065232558483,0
2.4384091746983927,0.3211736912822991,0.07626334848264506,0
2.5629695985116014,0.03685846970510668,0.06541839836644266,0
2.5232077428980424,-0.11340512678703343,-0.005879126007894365,0
2.44787522511672,-0.03686723246865804,0.05810181087390606,0
2.6812866336697083,-0.15665258002123617,-0.10362544810663024,0
2.346108401614712,-0.026303548487932246,-0.05610635044401714,0
2.5560473570771403,-0.09861198822234635,0.015354994025811704,0
2.5787109653126867,0.138438821607466,-0.003747515662899182,0
2.633866765166024,0.056845136891414155,0.0929990435907854,0
2.549013510345202,-0.1776621711486627,0.04224684225603971,0
2.558878543482208,-0.009848524928746369,-0.0003987703623732228,0
2.330743509973792,0.057983119671230265,0.029642091838648122,0
2.3087013787945403,-0.07148046053414667,-0.034481750886978337,0
2.4638358694729443,-0.12792915030260052,0.07510099109936758,0
2.511051682469947,-0.08783469998978144,-0.08905329021265913,0
2.6049360415065204,0.07215378421404349,-0.014333453779203947,0
2.2542713133294168,0.3112511740382521,0.009593137166703283,0
2.3796885459315202,-0.06888656352040949,-0.07452433963189696,0
2.4277320512159037,-0.08054686900008728,-0.04831864365979549,0
2.544212825689049,-0.08434905537378204,0.009852849746872658,0
2.4096626230655773,-0.07062689990854042,-0.16019573301081372,0
2.5338099827725395,0.18488926079120838,-0.06945629081926448,0
2.622062438788107,0.15490633264469245,0.03666370027654383,0
2.656033371737999,-0.1879121848727353,-0.193655855321245,0
2.676691280304941,0.021310723171781,-0.02252236336926948,0
2.4882811939859355,0.018374919432871242,-0.06976594393525432,0
2.612519724251434,0.03200413588004608,-0.11804610892582577,0
2.512264885769256,-0.15656161024821924,-0.02527224692218117,0
2.5512352886436847,0.023457736371357354,0.009445500985709602,0
2.5145516317093266,0.057669917636182746,0.1028763459118236,0
2.4592185656223178,-0.017411178227784933,0.1160985970555179,0
2.297594334871432,-0.2926287344170517,0.08103835011993729,0
2.499062704270147,-0.03967871834432603,-0.013446369617231071,0
2.5665190067054575,0.09516757112704094,-0.07749246541652965,0
2.569617088498837,0.04302264136680666,0.07816250949798019,0
2.319051159794834,-0.21651604006276243,0.0828217326128077,0
2.522488903352767,-0.074248966660077,-0.15635668951920542,0
2.5169176389677794,0.04948883402665243,0.05535146807133506,0
2.3530883143576666,-0.057142925898911526,-0.048051001932182105,0
2.605725954021141,-0.009735180131055758,-0.05603565011249789,0
2.517841977281013,0.03914159267736315,-0.22473091000968096,0
2.450203677740559,-0.0002545600987449371,0.06561428764411371,0
2.5939297774222547,-0.011030480699787229,-0.020369360536591757,0
2.581883532973775,-0.028562346879877583,-0.06582656473220631,0
2.5154359186772326,-0.020561338342306598,0.04914086926827557,0
2.588239197505806,0.03772112493719533,-0.0944093711506798,0
2.4217640996802756,-0.16262357007113326,-0.06857004749222925,0
2.297215109435025,0.013757284788153934,-0.00994097498977921,0
2.5153231778254392,-0.08889832326194094,-0.02958091978968297,0
2.495739147134044,-0.0034266734035832015,0.005396402930406078,0
2.317041714201493,-0.013158094573790996,-0.08513391509169624,0
2.5821715638773384,0.02134741428099992,0.06989747426868274,0
2.4285314044066237,0.27460080808515647,-4.089593898444647,1
2.4551378667517336,-0.10702086330793648,-0.04676836863540099,0
2.61176661061456,-0.003900910183807076,0.07298797297641502,0
2.4153204153047163,-0.06542145203921125,0.07184260706438106,0
2.565010734307113,0.06847938954373994,-0.025507908440934726,0
2.49492579868172,0.01176622183610666,0.055395829501379557,0
2.5054000056664334,-0.05559395805198722,0.06969846871667419,0
2.464168879380466,-0.0015908460570580483,0.020633919635503043,0
2.4668966218315362,-0.17330517970125833,0.02194769281532789,0
2.3698757308765512,-0.06282952465379142,0.22806841789576812,0
2.6669686412732823,-0.10637682585218199,-0.10992214979591364,0
2.59326584773449,0.07470869605960696,0.09262818642086673,0
2.558644020335827,-0.031917977525507006,0.06653505221324311,0
2.761366528206576,-0.025090237073264566,0.006300768727488035,0
2.4545906440354894,0.02237854573430914,-0.07338823155099208,0
2.421416105679929,-0.11682573847402122,-0.09251439910677306,0
2.465140214279685,0.01665868371736067,-0.07564001985787103,0
2.4931330721288427,0.018296561876457385,0.0032278654145730407,0
2.495539023401446,-0.14709594915908025,-0.14626350776272373,0
2.3446829721555855,0.081166983321378,-0.0391631107021605,0
2.4565809836945087,-0.06724756105235194,0.030694320122370916,0
2.5176952662950343,0.0092553418573902,-0.06389868589054366,0
2.370343318742998,-0.019976919507819005,-0.1111187865716966,0
2.5105026713601752,-0.20965277272524596,0.1616226471433515,0
2.6859919419028278,-0.06968824994470817,-0.06673232660663202,0
2.460306154312243,-0.006620143617665646,-0.143837701819902,0
2.4784908907636805,-0.06039722560717497,0.0789960788963865,0
2.3000240159797003,0.19063625240908777,-0.0075575495172161035,0
2.6802163757443416,-0.05801358628951754,-0.16086680089912572,0
2.6048738461469374,0.14348014506082676,-0.06189660033155105,0
2.496299571566706,0.016485432855048946,-0.08115632399374614,0
2.6314323913949775,-0.11376975632473918,0.031217801217260435,0
2.5646940309540533,-0.2068783229181783,-0.07291228167283482,0
2.4713901246399455,0.15300506818562426,-0.1380388249543451,0
2.3178437666780867,-0.08228781865632728,-0.05657128030643541,0
2.406924482999683,-0.05639191333378162,0.03386018627264231,0
2.4607357385869237,0.04963873505883908,0.06912083301886397,0
2.473482128748397,0.16104920235018672,0.01371068873460945,0
2.5390463046246614,0.0779363594843494,-0.23206282287831353,0
2.451327202106945,0.10488952338629523,-0.04184840107940404,0
2.4716496139414765,0.05109162606173519,0.02653789725837485,0
2.5068717533846128,0.0761014678621431,0.005209001563752564,0
2.48522724452223,-0.155570736557946,-0.13071579616655823,0
2.5248503666786104,-0.030288638347056557,0.000993051693423106,0
2.395269723741341,-0.08785063900010866,0.10842885286130069,0
2.565901131386406,-0.030071883087082425,-0.09829308669684843,0
2.5154767004230165,-0.0001348079351721087,0.024391517826237295,0
2.469471550201485,-0.08619597628044452,0.14944904123393515,0
2.5067448204648817,-0.11943743352153312,-0.059732901587444355,0
2.465022963386265,0.0997595592803487,0.05551610843764565,0
2.4914850995119817,0.10060955985988229,0.07671704359152093,0
2.465414941037925,-0.037878393672999965,0.11628381662230508,0
2.4653419746699154,-0.09276511356313011,-0.03867276629055624,0
2.178349500931066,0.12108400855116655,-0.035697797922783894,0
2.454106096599581,-0.03886668571896468,0.022892078942732264,0
2.6129504962665373,-0.20349745837678002,-0.12731224867532562,0
2.4561244439990038,-0.05964261405911502,-0.05949227815300169,0
2.505719128245498,0.07300085784271006,0.01749582410301542,0
2.8534662455893667,0.17758491262886275,-0.0012336362550260456,0
2.6021850284425057,0.07994191158932344,-0.027606733635868293,0
2.3002253203445235,-0.0016011198942960426,0.1194538582007026,0
2.487332125523881,0.04109644603924902,0.002715049710733549,0
2.2428795501143455,-0.03787263952572294,-0.03318102588886595,0
2.5525127283786007,0.04635514618804121,-0.030623784972962344,0
2.4243810189811104,-0.06000176358705668,-0.23993720532728002,0
2.2745743855919542,-0.07210946390415211,-0.013796591176797247,0
2.4704243389670295,-0.017598843539032887,-0.014631680401995917,0
2.573314455391722,-0.024296767736804267,0.11527346698097306,0
2.493437851405348,0.13995340062123893,0.025708483809216837,0
2.549572692700331,-0.09532505407116887,-0.14903068254230495,0
2.392364512029719,-0.012967429806872783,-0.15307738500413112,0
2.476314641693212,-0.03982987255703235,0.09635769452467968,0
2.4596195858275505,0.05718479913584034,0.005010640034805355,0
2.46448584656992,0.10093022231745839,0.0765702597771231,0
2.5879375943387024,-0.019659542563278728,-0.11815726184755433,0
2.4915172324470247,0.11090497298359599,-0.061873382179403386,0
2.6160519557252124,0.07789301358357283,0.11965862686094518,0
2.5108074998687298,-0.03444087243681367,-0.04129189398554092,0
2.31763082476703,-0.1432037557779014,-0.02719360058305762,0
2.4050243036710848,-0.06689897726550123,-0.04059385979917699,0
2.4350257446386565,0.015001478078545195,-0.00958926732116535,0
2.7212348080384126,0.029119961369304087,0.032064990946319226,0
2.5371156095562037,-0.00045405229203418057,0.009161088442944046,0
2.4971653373941898,0.03518077655294178,-0.062379462615478554,0
2.558929400130071,0.19190966377767243,0.0032356715336730557,0
2.444862037017603,0.07289523112105807,0.041958438695532924,0
2.4971121647130117,-0.24639027481952924,-0.019102834146359448,0
2.3880470351823204,0.08196645546170028,0.04903706889568743,0
2.3631489953337184,-0.05164967179887375,0.008556706370941948,0
2.300102341951235,-0.04453101176236429,-0.05720226679795914,0
2.613123612268152,0.12210438160898772,-0.05154419709690522,0
2.56336974276006,0.07137798265782856,-0.10856357633114302,0
2.5289247334049922,-0.14824304917393724,-0.2364307511313816,0
2.4585375135076615,-0.08326724597358952,-0.08613959571134287,0
2.565795584747959,-0.05139911381643314,-0.13312754613914782,0
2.541954617660404,-0.18160281784889634,0.062303787293472745,0
2.34939131071028,0.09263422514391423,0.1730233413856974,0
2.512809662642799,-0.10691749127986297,0.058525782070797,0
2.5391850480492724,0.10215529407002243,0.04224043008100407,0
2.6936779737828846,-0.16825005200207296,-0.036992961759492904,0
2.3358456494786943,0.004489497362735718,0.05638879871399515,0
2.5792590914946145,0.04768796971260471,-0.1195971825989891,0
2.5478197795493456,0.06676846449383078,0.247919313147976,0
2.3785926597827114,0.13326759529604545,-0.05590290134396341,0
2.4394782985553745,-0.016895478243252927,-0.1531485846884204,0
2.498872222135573,0.025678646128343925,-0.15778081331014768,0
2.5565868902103093,0.08232968696832137,0.09361525082711125,0
2.5601284503051756,0.03557826051805917,-0.021282513018770946,0
2.5040343122122226,-0.040528287826590036,0.16018108815258372,0
2.3846299597347604,-0.014118564959954142,-0.007344195784602857,0
2.582125807910717,0.07788243427855741,-0.22886334718728427,0
2.603543517227059,0.09668647889133546,-0.018193061583338933,0
2.6674719415461805,0.08379997644228927,-0.10140753630636666,0
2.530632647601077,-0.010435487268265474,0.05746981890700488,0
2.421654258957337,-0.09239463914273835,0.08437898316204656,0
2.5041454055685866,0.08491614289619168,0.10052181802782825,0
2.299162049046566,0.04960399928471709,-0.04078093816450656,0
2.537299543633833,-0.07640195899898539,-0.040943614210303264,0
2.33590191321741,-0.13683670502240716,-0.17693947214587413,0
2.508009532181464,0.02239062188982155,0.011465602919658133,0
2.426294037611447,0.19766833454815835,-0.007338194075458155,0
2.6579877919976034,-0.08067407602605822,-0.08798431170717168,0
2.2653121799096745,0.06392885231570325,0.20807467826579448,0
2.5921415756446473,-0.05700135107206342,-0.01330378880822627,0
2.216604950029884,-0.06299632235610865,0.10270098872799582,0
2.551963423696095,-0.057929050910005164,0.1210187854386142,0
2.3838928559696693,0.021679492433774185,0.028137136537185654,0
2.458248648612254,0.08486322629930344,-0.08158120108711303,0
2.585192725675278,0.022734325421666948,-0.046438442727944194,0
2.4956719737237787,0.06511319716549402,0.08028967649268633,0
2.475918359268989,-0.05608161887501763,0.004381924415446142,0
2.6268571873304474,-0.08169486228010192,0.15210477035261497,0
2.4955702461488887,0.05001654774341035,-0.03969899751781358,0
2.5287434857273507,0.1276758250299683,0.041029601519664165,0
2.427557641062699,-4.1038345965336775,-0.08053117736250281,1
2.5922176869621882,-0.09407725453822917,0.13005413575891056,0
2.5950337600333366,0.020290904853226002,-0.17640471894872578,0
2.469387015800059,0.13274551721701133,-0.03530736936658185,0
2.5828616388068224,0.024583956083283325,-0.20109522028094387,0
2.5607700069281076,0.020005178451021094,-0.17306054354649603,0
2.4670380881263743,0.020418266503471436,0.061165173465093384,0
2.547253810230415,0.18944925076263275,0.09216704927033942,0
2.4700472172709285,-0.08312768715154492,-0.03595507465976057,0
2.6241999401142557,-0.09049013894174951,0.00846159812512642,0
2.515316519974663,0.07548932078861925,-0.008688578636742056,0
2.6641995481012044,0.004282535052430567,0.0023756707723701026,0
2.453950549225542,0.1365746252290174,-0.18511969639307171,0
2.6185123269302295,-0.07235414257850716,0.07116187974764902,0
2.4241919210654337,0.06599296702035604,-0.13533004940439441,0
2.4292293335107478,0.022986218786108056,-0.001398354492777419,0
2.5388785917878605,-0.04900326250178782,0.12805082162305226,0
2.5910187679677534,-0.12959546822598425,-0.12856764039241236,0
2.416928964476644,-0.11238372580487782,0.09677936967418482,0
2.3522917160945527,0.021166840891845826,0.027984817804959473,0
2.470527948002308,-0.10846960676932867,0.126397630922046,0
2.5502529549797543,0.06421889328822154,0.10784485557765491,0
2.472124551306151,0.06268579457939975,0.045212624349871194,0
2.4681892584335623,-0.15185892464882608,-0.020576067189567858,0
2.5708773676194445,-0.03491220882672246,0.11282164976996274,0
2.4285612921836117,0.07988184814609395,0.0005959726777747601,0
2.2346963011557808,0.05907314675309923,-0.044047512360877145,0
2.46086600203395,0.11642484446488895,-0.08736087546834115,0
2.4665923909520724,-0.13068592450788644,0.006643732290629176,0
2.418804758222287,-0.09287032285633207,0.040983982787076156,0
2.5624562364835413,0.027143282534831843,0.27899095505900123,0
2.5589200359630606,0.13692407077408986,-0.017710539281624076,0
2.68680450399616,-0.018738031360922204,-0.04459220122405086,0
2.6262954229243913,-0.1512725994428441,-0.015604299437834255,0
2.3981108352863045,0.03065248312898887,0.023288202578552998,0
2.4247299855436486,0.04844048797164399,-0.05643137932041997,0
2.5652468500124623,0.024784051112532214,-0.24519256468046013,0
2.393272086342795,0.01615567893781816,-0.15010687130368164,0
2.59478370628173,-0.09119238399521329,0.06699448165247221,0
2.6154829402991555,0.07689522954608666,-0.030447630210878707,0
2.450929844719888,-0.09301089852067547,0.015477859627689345,0
2.567062925981098,-0.05389262392747675,0.008734028982948313,0
2.54173382373459,-0.13355872299803373,0.038465193356233246,0
2.5227123740935395,-0.12722968331019155,0.09854073340120251,0
2.556443235428754,0.13429380614868514,-0.007992674231231954,0
2.463457810820324,0.06973116720585272,-0.015406585779439631,0
2.553740118591327,0.13484023674060353,0.03158442894903269,0
2.4150047116566387,0.0972138074529772,-0.06517571376911713,0
2.5779029088503496,-0.18797381500297614,-0.21308665968613114,0
2.6612646351320173,-0.10002243453664297,-0.09721561096855685,0
2.401124013213653,-0.19419281985666226,-0.04250210203172134,0
2.581938205748743,0.11310284463742465,-0.02994926652278404,0
2.33512480438108,-0.1067289586917215,0.11583512415063862,0
2.380925024175097,-0.05036109200524487,0.009783713618140167,0
2.3828552784622046,2.762742750536098e-05,-0.052547004436689616,0
2.6333335212203255,0.046196355367657184,-0.26636041053529963,0
2.449429969652489,-0.007368061632927022,0.20250023088292157,0
2.5137053987470006,0.031192861887962126,-0.1259024825150828,0
2.3085363204818155,-0.14054182080334807,-0.005777860988558363,0
2.542624764300908,0.1260688811636505,-0.12730458158172347,0
2.475862957327495,0.049686669535171396,-0.06961599540488213,0
2.432772960512734,0.054107143348670644,-0.24311838393665108,0
2.495046605872487,-0.05738856462621317,0.0679428837677145,0
2.460580552730396,0.011680392280284536,0.28251103059671917,0
2.5287463525871856,-0.08221528137723211,0.04132068995660443,0
2.519190984738314,-0.036146921978136695,-0.023723140867758022,0
2.6007979626388726,0.03096379827473534,-0.11635530770571367,0
2.6258818690872245,-0.2781491113318716,0.07648293070850773,0
2.531844255187414,-0.009264726240259761,-0.12380983360818519,0
2.3992122418731237,0.04148727986357292,-0.13356881975171098,0
2.5874698831120244,-0.09257368696591611,-0.0018213499897223107,0
2.362772462120898,-0.013783337618702285,0.1009246538520665,0
2.576061990016193,-0.05663276876119575,0.0012490891377342282,0
2.5684196579099776,0.047285592015267795,0.17655145773445796,0
2.5611719302596536,0.0744366888235407,0.005686477743817254,0
2.3654390814767385,-0.16602663486089997,-0.15045193928410963,0
2.5330660003703067,0.1710266723683622,0.03496651434284223,0
2.6774414777417936,0.10657970201458077,-0.07429295025151948,0
2.5291122047540107,0.10762069819579288,0.024882169303618185,0
2.4397872181865337,-0.0686166802712665,0.061887090976733554,0
2.5483011360822063,-0.047636811372414045,-0.08715659738875349,0
2.7198703973123033,0.03893270568817236,0.02863398200805717,0
2.350610279509417,0.10315442959804573,-0.08368135439787383,0
2.6671937773050955,0.04896905700537645,0.07574082267376962,0
2.3810545643958583,0.013346412229219005,-0.10977491777521449,0
2.624997138683591,0.001296717600847918,0.1824108887953177,0
2.6559136258266935,-0.11155658292215467,-0.045808545778362325,0
2.4536771196855587,0.004296437905157314,-0.03795250645368105,0
2.5462116048151837,0.0207783291137865,0.1617569630913557,0
2.556794302225517,0.037086632608805466,0.05429034025440484,0
2.5015264062450253,-0.05657799920163331,-0.099402408323094,0
2.491575769463391,0.07322661643476201,-0.028951838936021757,0
2.521770303956066,-0.16068136875345473,-0.059534770189233976,0
2.506907006481623,-0.0853945204308405,-0.024564964347974474,0
2.5640825151019793,0.060576279440569626,-0.08225151717497842,0
2.3302236118392288,-0.16261583535550575,-0.0346223409391002,0
2.5577703992596423,-0.08365355662372462,-0.06213442758157295,0
2.3232995090174002,0.12717185691374064,-0.011393108262331184,0
2.6227863400089397,-0.05872632385524246,0.057649489988526016,0
2.4248850164689117,0.11691026727716279,-0.07455420527786187,0
2.4405848706232334,-0.04998246406589041,0.19982490676289938,0
2.586317795596918,-0.0016073363767674775,0.04855290160249727,0
2.4135612455546362,-0.24733142675202258,0.05685292243049908,0
2.464678228336112,0.17334372346318314,0.009667727176009132,0
2.6090452537475106,0.11556604773414828,0.06000824132952553,0
2.535275218393235,-0.12794995501393286,-0.05091293858136978,0
2.5898412849488173,0.10556280306849708,0.07240676576322323,0
2.36226974337724,-0.10756975412147173,0.05064975888695847,0
2.544703446540248,-0.21773516986659056,0.12177254165141789,0
2.3442560709769165,-0.009580574925097403,-0.11001266894512528,0
2.4134032808465453,0.00027419777515684627,-0.20464160003923615,0
2.483700719900374,0.0932231570531931,0.09089191166592743,0
2.5503072846634876,-0.008394107525131391,-0.043289628622112816,0
2.421787311813653,-0.04856886393063092,-0.17288295259734157,0
2.570178502361517,-0.08546883231049805,-0.04511140383795549,0
2.4208456446645963,0.0410141776755591,0.00010770344565644718,0
2.5581408514477886,0.03132295449261855,0.024912218299053226,0
2.467828797702196,-0.09720635730148003,-0.12586994871122165,0
2.4268414260657036,-0.0900418111206801,0.01595015279975989,0
2.4434727446777202,-0.07057557576425379,0.12781169791188016,0
2.4466672712746327,0.035940057207129526,0.11526082770251662,0
2.429287208484163,-0.10586775865666956,0.0040647800669458235,0
2.4535257102147967,0.09540458091696746,0.015341432440336972,0
2.568927413643007,-0.035161687684565755,-0.05374101771030881,0
2.460655456401088,0.059705824731245,-0.012153447667176971,0
2.538869133384272,-0.06353763684755916,0.02809952675148651,0
2.4200403404393076,0.047920104975808786,-0.11410915726920406,0
2.4189012902016302,-0.1545298313316527,0.0022144858192914723,0
2.7210064529059714,0.12155110427741217,-0.13778457641791483,0
2.4505937830058664,0.07102315301623395,-0.0812275332287712,0
2.4124677799648007,-0.09478679050706401,0.03524072482795808,0
2.5931944132210334,0.06970923709840947,-0.10270762156058662,0
2.671411800468862,0.047147354996611185,0.1108852723362567,0
2.523353078752457,-0.19286255668139074,-0.1723034019553592,0
2.408042774129078,0.05828811373408094,0.06966435290531948,0
2.4824198633063905,-0.10269804958671702,0.1480354909648441,0
2.482979554084748,-0.013809777750364191,0.006615870734483548,0
2.44290651181306,0.036089509536183,0.029809351421906657,0
2.5282050261818134,-0.053241847054444486,-0.08886441907569084,0
2.5915826192130513,0.012797142382016461,-0.16066633708928882,0
