D1,D2,D3,Label
0.15714679451734448,-0.15648311203598758,-0.057033781565489154,0
-3.978035595945559,-0.07910959558222413,0.011141033816906525,1
0.09440526831333154,-0.07810736773688397,-0.1209359973501151,0
-0.021844144364143152,-0.04058537215872323,-0.021069486479282976,0
-0.0895526305595948,0.08120965531183935,0.12804637714317496,0
-0.09274250935310235,-0.020577769448007814,-0.08826935190105067,0
-0.04088932309894156,0.052533862252818746,0.01200379667066118,0
0.040721859391840136,-0.06436669533327952,0.06948363419446518,0
0.007783086033524489,-0.0849221345018927,-0.14333339067998638,0
-0.12377642828532376,0.16693374506804506,0.05740157890973965,0
0.11109351648283482,0.09892697845687948,-0.11180426176091984,0
-0.05300522178866138,0.1299710157672945,0.0907983719312839,0
0.10449329963105065,0.06228615371363275,0.08994234266272363,0
-0.13109055865426553,0.08014382483680735,-0.0083899582226007,0
0.06711623309098355,-0.026623611103194098,-0.2169473907139251,0
-0.05120363970788934,0.037092495648591864,-0.046830512589009235,0
-0.014854661390697336,-0.018219727271734012,-0.12227796244259731,0
0.13330243785562207,-0.1502275615089792,0.07243196955781518,0
0.015543721922321847,-0.04718398353487491,-0.10071555453290067,0
-0.021269295802782397,0.1883563548982608,-0.10294276703635286,0
-0.010827644050019639,-0.12000277264878692,-0.019248352284997237,0
-0.01595841405194384,-0.1481518188635722,0.05360393149255343,0
0.03981168275683966,-0.09423742104694731,0.04466441110882443,0
-0.09543433987919607,-0.13944864123264095,0.10413165173468114,0
0.1733046832953072,0.015824659120393,-0.14068430456274192,0
0.04345525389577992,-0.042692407481995646,-0.040366057155548016,0
0.031755260717117116,0.18651729991134217,0.007724519963566179,0
-0.15466873009042398,-0.1455545790970366,0.05132806314424512,0
0.09717942045439946,-0.06918491316602793,0.0686095035873405,0
0.04710562221557546,0.04947314868782374,0.08494887225750346,0
-0.09626445647685683,-0.06841893380890517,-0.1278338374526348,0
0.09242123731769752,-0.11626237903956614,0.08008238550565483,0
-0.038990193542152246,0.03181657040918195,0.08936487676592256,0
0.123966020877924,-0.07330753783201409,0.022798840411867406,0
-0.1231997963333995,0.05184806248735351,-0.09644763269628687,0
0.13401791403854257,0.03859524995457547,-0.15297294354867497,0
0.03676702191332391,0.02902980704797167,0.016271716234525987,0
0.06577812996921596,-0.003340606150423869,0.14233730658434257,0
0.04424235010333761,0.07333127792459511,-0.07252187252218054,0
0.16635773220993585,-0.043828320039941665,-0.010827866201908419,0
-0.18024869507494784,-0.04058242986839214,0.09392971376340062,0
-0.15206723306718767,0.042455526598619314,0.06876257726088657,0
0.055067968414104856,0.06550556604540338,0.022933451380466284,0
0.0017540195831419942,-0.02649313617293997,0.10063953439816897,0
-0.11258240673456199,-0.0772138168810352,0.044907032743230726,0
-0.04947371989085358,-0.1026881986042185,-0.06181434997429454,0
-0.05954403350305694,-0.016381083374273228,-0.1251922463186511,0
-0.2207761535159221,0.20153968132347214,-0.0402215181737066,0
0.13919174935484896,-0.12243925334281502,-0.10806268665921498,0
0.09791937354978274,0.12501986449101643,0.26850808505049184,0
-0.00453559238326787,-0.1555122095639839,0.08371028728107871,0
-0.005891079724906152,0.04378501905063257,0.12526079011877958,0
0.028421547892657346,0.004855956841300742,-0.062300088463151874,0
0.1329448485636024,0.17049824726174986,0.2035538521642431,0
-0.009444327444950724,0.1448606949522024,0.013527092861649898,0
0.1020301743747195,0.012097948324690742,0.18903801562599706,0
-0.048944227261224715,-0.03884900583622514,-0.09996669722802963,0
-0.10251476489258529,0.05022282080539009,-0.030253876985578618,0
0.023632065482423328,0.020409752764302194,-0.04829861246452218,0
-0.06538636153405127,0.05126017326173382,-0.10207855558529372,0
0.019926928008940623,-0.05114263235307329,-0.02408886071054693,0
0.0023890561548115057,-0.04469317655251048,0.03957774696697503,0
0.018894551663933504,-0.19736577870237204,-0.08586466264647256,0
-0.06475478647773066,-0.01839365687042857,0.054411617481858354,0
3.912549957256279,-0.07764523728090174,0.11756071892938927,1
-0.022894468064097073,-0.006464287613316306,-0.0021596732900464716,0
-0.014526925676986517,0.12425619314622134,0.004668444839301807,0
-0.14349832090312717,0.17862425665552256,0.06816329340550438,0
-0.0914871425006712,0.03603542387600111,0.03619848846105954,0
-0.10426792124834722,-0.11332217479005946,-0.06151093021891231,0
-0.025189549518962264,0.01821789217656379,-0.06695075395797005,0
0.08632664777883353,-0.09681849135762097,0.14265439758837178,0
0.0914373017329738,0.06070465206654957,0.14092578586845472,0
0.11440840059437347,-0.0006394925192953156,0.017746564261410427,0
0.045581406977026735,0.009270476750290026,0.03767545451534074,0
-0.16310586194286814,-0.11825113240835393,0.2617006864550842,0
0.010611963897535897,-0.06426422273760192,0.07755817847563419,0
0.0005534369328089443,0.13064827644988375,0.09268030298116356,0
0.0538568999914301,-0.1375456809041538,0.08278550651248875,0
-0.06042561137094519,-0.23570556741735788,0.08360761244541755,0
-0.020338541759231832,-0.04138322234101397,0.18175732740051742,0
0.18211477864685682,-0.037956702939357184,-0.009028735038885898,0
-0.15083792637898039,0.07716805080272612,0.10934282970079512,0
-0.058451650174665595,0.14426659473501954,0.01722190607526317,0
0.09697300095663473,0.08476155845979244,0.12215254343785308,0
0.10583908020674426,-0.003649095892590137,-0.10477654400885524,0
-0.19823081552316327,-0.040196330938281476,0.05177907080754482,0
-0.003641812518005814,-0.17524557240604724,-0.09471455321314398,0
0.05202577769028184,-0.05663627673870261,-0.11366113823086117,0
-0.15220036795538538,-0.1382067832225132,-0.09855242410832514,0
0.2377499092707528,0.09992776348663207,0.06894816738437336,0
-0.019154608472461566,-0.07043844200772377,-0.07166653178134642,0
0.0008167922862404845,-0.18079048636832082,0.03210556408813996,0
0.13808395548441926,-0.0321014998665088,0.1681399716529061,0
0.03291225219090333,-0.021867919825577772,0.009418044084587986,0
0.02065175492479551,0.152269145454322,0.13089538006971815,0
0.03903199107385956,-0.03761652094633064,-0.05200456441386342,0
0.11292308665702973,0.09874063089982332,-0.04655647990411577,0
-0.06853460295491341,-0.07565023158169576,0.09957143436691997,0
0.04460298935261923,0.05211612818978609,-0.15849139125923245,0
-0.07656202715002619,0.0389814810515592,0.023006312041685194,0
-0.17535577264364366,0.08749888189251205,-0.09320330200662426,0
0.03091814437610584,0.01299807617028239,-0.10076387398713933,0
0.09438289445225606,0.015792280530127465,-0.026349927838761462,0
0.07927528069486883,-0.04028901220090203,-0.07203185397759611,0
-0.04793078654159455,-0.1173600837206072,0.0009862348253432242,0
0.14379891601127012,0.21704309504402894,-0.09611566256920472,0
0.061392880151913465,0.09730765678864389,0.08023046136547242,0
-0.060401057321891986,0.04958452029841899,-0.1043453762329635,0
-0.15790339255542973,-0.05631588255309955,0.29485978412055636,0
-0.1305118700929573,-0.04989248094457807,-0.1093181518789047,0
-0.1097393400656611,-0.1848510570362456,-0.051014234857172325,0
-0.07921794827881361,0.08744453918515797,-0.07228730264447737,0
-0.04406111708014404,0.09376387492181826,0.04507689336633845,0
-0.1373369201764443,0.1566786928869858,0.11152692508937145,0
-0.02441874487942585,-0.005094015145362268,-0.02760344604464969,0
0.08965679669108423,0.18160212314116353,4.149128555782583,1
-0.1267438806557106,-0.012212128903489997,-0.03146603160989394,0
0.017747491414869386,0.04242863791676757,-0.020211791113264026,0
-0.005365676006015497,-0.19117830674892228,0.009855422442694793,0
-0.042392300484570315,-0.0735491148168732,-0.0356011516928971,0
-0.00605639159261305,-0.003172914339117242,0.0940542486148999,0
0.06879832552809928,-0.02941039075559468,-0.10394863774597832,0
3.975668110835882,-0.052896770558186326,-0.044230965793068414,1
-0.022135784698264743,-0.09175316798939998,-0.2723328484501181,0
-0.02173535115693786,-0.04828133036883755,-0.12355595950979632,0
0.008622825611079934,-0.0225872064068471,-0.09347325706378662,0
-0.14056154589982336,0.035680352024543165,0.017995196127784968,0
-0.1127181348273775,-0.003916608277119562,-0.00130443606602536,0
-0.07893137071888878,-0.01887871589994446,0.005337287957590128,0
-0.04042929636940745,-0.014700181753197275,-0.05601695927043239,0
-0.012368378011153853,0.03555245291704925,-0.09738790821612708,0
0.1384595741713128,0.1098305249565803,0.0023153964667069807,0
0.014000350494301098,-0.15735349047309244,0.008353428810896789,0
0.05524900190143181,0.013224718599168187,0.04304706408649917,0
0.015551364054569762,-0.12546493047440396,0.13203734397262432,0
-0.032020553666662,0.11082687178978967,-0.1999714503696784,0
-0.04015221063315692,0.056062883157900034,-0.09000825418279217,0
-0.14703437164842723,-0.21108197941520165,-0.033721128972775606,0
-0.1508103148761969,-0.014853744767163524,0.10314733390626672,0
-0.1006607257307872,0.07339280740447174,-0.022852643459897043,0
-0.007940239094898332,-0.12043343314370916,0.1597892788272406,0
-0.001075606517725183,-0.023983427680999772,0.10260140704717187,0
-0.11115703833398403,0.012102156068911593,0.06264888921340908,0
-0.022956720543425187,-0.06031388744566393,0.00232551138460095,0
0.060180360359743924,-0.08516878401869886,0.0028651822349395444,0
0.07905015926611654,-0.0676439177292705,0.21212572445929778,0
-0.17982329389928609,0.08726072643039329,-0.1417108932764455,0
-0.017391406252804158,0.14134743527648883,0.013481234320871727,0
0.006941734925664159,0.12108185118136808,0.04288941338139425,0
0.09561814243770853,-0.06704090521370544,0.030852947065250543,0
0.1312845381157539,0.09719041026465797,-0.0700330056831411,0
0.10714595641899505,0.031716542485315066,0.06114429856395126,0
0.03336593366656367,-0.08406471983817868,-0.043942069852101216,0
0.10698918882990238,0.1646927917830822,-0.14779714340306316,0
-0.1571497461429392,-0.16049331815766785,-0.04899736978980574,0
-0.002654066526596465,-0.006968221670421705,-0.03340731283183892,0
0.009947807631944089,-0.14487761591821877,0.04500681226381323,0
0.12539362279806285,0.029123647289831456,0.017137834262831067,0
-0.02709975942729025,-0.21782332006906718,0.03991564223928356,0
-0.07232742996671317,0.02573164240071244,0.09137132116506258,0
-0.07768793118375694,-0.1235391574970311,-0.24048087181188454,0
0.0761756087878712,0.057441632296982584,0.03910606950024376,0
0.03864991004401058,-0.1142592611468263,-0.03730729258061501,0
-0.0305193834333786,0.04545827667822542,-0.08643307281319647,0
0.1436326239821312,0.19833198248620848,0.0397657855322217,0
0.04312145553965263,0.13073350300630673,0.025552740431846008,0
0.20337617610881964,0.0007050308037802422,-0.0801415287741567,0
0.15242152984562185,0.0434707262015748,-0.03596411605043852,0
0.10639387963951888,0.09979970911398547,0.1266018555638741,0
-0.049812691024763336,-0.17177926898127016,0.07934057321807153,0
-0.036106912270253234,-0.08862583696878114,-0.012509309895321936,0
0.04886610276394509,0.09762160896758992,0.13693646968048198,0
0.12644472074856597,0.19114533487546953,0.0966152341747115,0
0.13196135222127003,0.03933025395813222,-0.0516678571125441,0
0.10512875970443439,0.06055415927690484,-0.12704784498788954,0
0.022642662433921476,0.16136358255216232,0.0970926397073752,0
-0.10231569693615222,0.1403976989276338,0.08119935805517131,0
0.011095364467676831,-0.053742959627360726,0.07704547294800441,0
-0.06826305803228472,0.024637302325818653,0.1222257561566676,0
-0.12247573174065003,-0.17401864520410837,0.029111434439169886,0
-0.13989493249418644,0.0739220448614622,0.04726078142944605,0
-0.03147737366246803,0.06725210226221781,-0.007431084273401763,0
0.169254728916844,0.04965659100974959,0.06930656283257965,0
-0.016416128121418027,0.04109076558975396,0.21258095523631587,0
-0.13702613562223587,-0.08862933470825295,0.07304592149351237,0
0.07231232750282228,-0.008864490522877484,0.08655082832895028,0
-0.05742956236693019,-0.045476799864814677,-0.06363096626408793,0
0.04809039734184013,0.15713639793766745,0.09603024321005511,0
-0.036937448224389643,0.09296533626694786,-0.01396946932770004,0
-0.1166109639779585,-0.10225012434372059,0.040587935442460366,0
1.0873936049230303e-06,-0.16661545369010508,0.1205911401621631,0
-0.06613641184653025,0.09808984037851973,0.019321949506206835,0
-0.06368996175919546,-0.1821061849347646,-0.07879016292507392,0
-0.06064346257206482,0.1322945840172934,0.028945657094377117,0
0.07661964621783891,0.1726924458561324,-0.20314511538382873,0
-0.06392302585570853,-0.08197844315749643,0.0756810189779116,0
0.05626804582827079,-0.22347080803599392,0.041138383042863616,0
-0.17553458542312253,0.10107500047816105,0.017825150499704633,0
-0.08561023351056603,-0.16840833327339408,-0.0425277783979858,0
-0.15716944165323476,-0.13579676685010544,0.056206599729139585,0
-0.05609405610270544,0.10053826569429572,0.03122551979328835,0
0.03192813957228575,0.16190862325772276,-0.020777041705521467,0
0.15726638037762755,-0.002900069570503671,-0.1497503844027036,0
0.008275004513231777,0.0582769086283936,0.10869787651010572,0
-0.07485921272738619,-0.1402871655476674,0.02274653815820855,0
-0.07569833011655568,0.12528056446015418,0.08927456764479436,0
-0.02965767691612006,0.13982986753913695,0.0763390430178124,0
0.01474328727077433,-0.048573663255560784,-0.33266623761007075,0
0.041158194501643895,-0.17380029555438717,0.06879570952328873,0
0.06796782462871956,-0.006839706019616686,-0.04969428059725603,0
-0.04333260329368561,0.0749438863889459,-0.04511993448513978,0
0.05170745345158476,0.13153917986908756,0.060176060574787554,0
0.07534623863662707,-0.09004518081737821,-0.02513826271762994,0
0.07966188721940708,0.12186929751754359,0.06529087569254027,0
0.12377464819286997,-0.0370844098377957,0.04603084424185155,0
0.04339004681863947,-0.06333590537561791,0.13993234794879336,0
-0.14206425920486246,0.11168554921410023,-0.07998562045438033,0
-0.11401539095914981,0.11106499765313355,0.08189413536776924,0
-0.001415510670711008,-0.06140012770010872,0.03870754599890944,0
0.03481978621613167,0.07094931226089635,0.06170132880340488,0
0.03353338216692715,0.03179776145902617,0.13811392497910832,0
-0.044241327623454924,-0.034240446470201275,0.04741361824578326,0
0.014917211367866967,-0.02561053500696179,0.09482240741167465,0
0.029372356673623395,0.011140062659731182,0.0083124950448641,0
0.02880554759503781,-0.14092808434197066,0.009288511968820903,0
-0.20492428403316298,0.16222924516276582,0.07022449308397773,0
-0.04606849204310368,0.006103908066541696,-0.11602049387521918,0
-0.0044364550692464625,0.03196294680452861,0.16658130451832887,0
0.09614157064714222,0.05234289318844315,-0.013560032221848909,0
-0.1773465799570294,0.2988836774446522,0.03754340357190915,0
-0.1867013435569597,0.019714305666825582,-0.0018721378244587633,0
0.08602147623769342,0.0016497213225380098,-0.018885304130825106,0
-0.06964688052618188,-0.1598628051986581,-0.03002755879745176,0
-0.07280713747075647,-0.05230035144657637,0.03381304613443469,0
0.08629928883411762,0.06798889362743811,-0.07297708483820899,0
-0.1009228400779234,-0.0021188709033944817,-0.001143391289372448,0
-0.051679896747963784,0.07604547678891335,-0.042412149147081996,0
0.004089669571892554,-0.18866388922105393,-0.28123062358327877,0
-0.08202406817750665,-0.13868201933276958,-0.0018894960147862454,0
0.14800515762660174,0.12525085610714504,0.092103431319763,0
0.2259620469288044,0.024674542117637754,-0.006582628879382608,0
0.08310523816478105,-0.03507636593755404,0.07504833792499709,0
0.05287089883710773,-0.14096504741209157,0.04199395160717104,0
-0.010754076699572335,0.06241000311060088,-0.02341912818104905,0
-0.018419450015057168,-0.05585130771188934,-0.00237354027661243,0
0.04037711703949358,0.06156621997377242,-0.0426964687072572,0
-0.17660730382022893,-0.01337706098511758,0.08652977482181345,0
0.027832402454212774,-0.027766404222140426,-0.02872689021295142,0
0.0011337086669737431,-0.1780285173806247,0.10101616809371941,0
-0.007908183985634702,-0.06141134571192371,0.05136401160597699,0
0.0143503156691782,-0.06816571814415379,0.12593089500657967,0
0.15123523559981455,0.08371608046807558,0.08808727775278598,0
-0.012537252523084262,-0.09856644144100922,0.02987954452906579,0
0.050489675436862995,0.08233132065076249,-0.03557824228536615,0
0.028133534968653354,-0.09386627038586776,0.0434461224731521,0
0.024692832920524942,0.20798208504813195,-0.12605814550657474,0
-0.14071133480190412,-0.03128738506761268,0.019089695825982286,0
0.07421968798664458,-0.21733386687774217,0.11320849651222034,0
-0.08898763086361398,-0.1237494969964002,0.2641159878704541,0
-0.016896948093278432,-0.034379215062772604,-0.0539540883675092,0
-0.01008569748782055,0.06857061542089321,-0.08415937189882956,0
0.1015029282038028,-0.02850784361940168,-0.0714387021384598,0
0.14921305566365714,-0.10600510671712163,-0.21546108987990378,0
0.11938109786654871,-0.1121201552998895,0.05105149962502892,0
-0.24659413918244666,0.015007934456830239,0.09494609953837921,0
0.18252741930798097,0.08428488347475499,0.07263363415458567,0
-0.2621608329175555,-0.016866771205235744,-0.019349760821575402,0
-0.10494473123023736,-0.01890475791174677,-0.06592746263247248,0
0.060385238223808604,0.1266985170362472,-0.04363827421674727,0
-0.0527340036879742,-0.08835520178696164,-0.03368621150653744,0
-0.11072622773467383,-0.044174469797460564,0.06715111501451981,0
-0.014582869148019002,0.03717116116028365,0.1001489266173834,0
-0.08389255511133309,0.10784029483003671,0.027527265452370844,0
-0.08543270173062469,-0.03777086336569293,0.0009037407680850306,0
0.07493545194558342,0.12706230464350057,0.01484973938570839,0
-0.08855146985400408,0.06733108137861397,3.9995784656965805,1
0.019524633159481598,-0.17102024197067295,0.04388425989970987,0
-0.0972872198824388,-0.08999382376870768,0.0780374206009686,0
0.019360571270384687,0.006394994317472785,-0.1105630732299115,0
0.1723889515916969,-0.09925355884064019,0.21995903330371747,0
-0.003521550160157717,-0.11540664602117844,0.13191160424505086,0
0.08591033455474198,0.029862841737879016,-0.007770930672992286,0
-0.0884011383195414,0.07861010147722752,-0.1288830493522042,0
0.011740104964383491,-0.0012766566582728114,-0.09158210647459682,0
0.04580555216427869,-0.0030535451724539933,0.12705478008122423,0
-0.040327838979649575,0.027045933112604805,0.23838473221610934,0
0.10065969114712546,0.03460723778311396,-0.08277774140960564,0
0.07721740585688457,-0.08672671475788803,0.0808929336359343,0
-0.07047568498620102,-0.07074157099018635,0.01597213836618999,0
0.09365878331908127,0.06907387480924863,0.004255421148971952,0
0.07581370730077559,0.04007179554967679,-0.06606418586690392,0
-0.004406881623200678,-0.07094360026821887,-0.08131135995927948,0
0.005158478744348394,-0.0643264187668979,0.05738645843286725,0
-0.004872991648627746,0.03794332382391987,0.10895810189763691,0
-0.08679899230272242,-0.008349898562948654,-0.17852421453659334,0
0.08540394842883857,0.011729175451291388,0.10689020298978327,0
-0.0009592094678232511,-0.07842566119050137,0.018161104247926607,0
-0.11070667718588455,0.17671567750388678,-0.1693098935699826,0
0.006612948601793821,0.04643506340237172,-0.08541061582233334,0
-0.12328709647834316,-0.17190720613348465,-0.2061420929328328,0
-0.0445709463971273,-0.19001993928552793,-0.20165365977480618,0
-0.027978511874916807,0.02820319754749642,-0.20526847056267927,0
-0.14245824548457398,0.12645535724323226,-0.17112743155803983,0
-0.047853207472825364,0.04178678274889528,0.07050395229258703,0
0.012969078983866726,0.11020054770345387,0.018310185818720407,0
0.14875762251819374,0.010036963025421727,-0.032372513258858364,0
0.1135598934207245,-0.01994218341881818,0.175848000601849,0
0.015031742280862813,0.02149734402794317,-0.03309594122711382,0
-0.11760203671063625,-0.0763359797878033,-0.0038875654398897643,0
0.1962505255520804,0.0983661172604468,-0.12250627195643056,0
-0.1510387752821252,0.1305271793988332,0.18278528058191776,0
-0.02719639366833078,-0.09325638744435176,-0.07554233234637932,0
-0.03688014739255973,0.020088782384111083,-0.02982286893140272,0
-0.13698772260354664,-0.013558375507635046,0.04308172599532081,0
-0.14560952173134442,-0.10004502690883617,-0.014545575971170198,0
-0.26666454095260905,-0.029283436554292736,0.009878124453209581,0
0.055295981386962706,-0.10467802183773721,-0.1302549391373284,0
0.16793055781804908,-0.07363127503897146,-0.17666523212922192,0
-0.007202001165811292,0.012202493181021474,-0.12065325537862237,0
0.18103474805539696,0.11529195260807078,-0.03348312066595811,0
0.10492356949976234,-0.1249678768354537,-0.04070392653045311,0
-0.175539150054565,-0.033303584427965584,-0.006438625366972509,0
0.13528126504358048,0.017765942877337106,-0.0016116829323366026,0
-0.12269267602616317,-0.08062482447143794,-0.0959196653804054,0
-0.08196888185501218,-0.21127740469472345,-0.26272614526633453,0
-0.08260907540156703,0.0052723964872427725,0.014544785609900647,0
0.013109445090069406,0.042927326995614246,-0.14929083986110495,0
0.039026436952581935,-0.09242502176564373,0.09786036826476747,0
0.0694131818842327,0.095706265200416,0.0792265848603067,0
-0.05356792590120199,0.022172355980276975,0.034368989451205104,0
0.15507141916802325,-0.0746835454111026,-0.08050756062234,0
-0.06266415105855448,-0.14134039688392352,-0.1268537396976576,0
0.05043677289856313,-0.12467189058955903,-0.04563214678966402,0
-0.06305972081914735,-0.10172386387047433,-0.1113660093433031,0
-0.10900100078203157,-0.0678189942369984,0.06756125871314282,0
0.11560978300811885,0.06555829558898163,-0.016411899182404068,0
0.060052723411831044,0.17960919627518812,0.028343695257365284,0
0.2110706241317514,-0.021594110763799412,-0.02178390421032522,0
0.07867119378298615,0.1521842145325049,0.07738347570295649,0
-0.1364756183672792,-0.2267897209852291,-0.21968064464862957,0
0.09389076399191486,-0.006838234387619853,-0.05364325252803024,0
-0.14618635071860908,0.12905471719970282,0.14436620564581498,0
-0.018034345896608326,-0.1177005915806509,-0.16929833004617356,0
-0.026996576775179484,-0.03533632161989853,-0.019801157907552644,0
-0.16707783080968416,-0.04724901258844021,-0.05470899258609457,0
-0.054524436959053235,0.05521261715613943,0.0022015162891277375,0
0.04142994801166473,-0.05474725715315268,-0.01925370677356581,0
-0.055571737324004916,0.18087853333786416,-0.04374681255854679,0
0.053819201158260534,-0.0004169757665749747,0.022632745654992917,0
0.07713810930843162,-0.06531767087111189,0.05812893146327456,0
-0.005962845295020381,0.0891422156707295,0.165916307682486,0
0.13407010761126295,-0.010662991440831666,0.07669353874467091,0
-0.04441230186883022,0.3232987781087788,0.07304110747953234,0
-0.12622340030567955,-0.0644650630641904,-0.02275125307079404,0
-0.029704500168095352,-0.039802812178323516,0.006065698965916896,0
-0.06553730018974856,-0.1638098866874885,0.12995933930132106,0
-0.21557882232677716,-0.1366582338071821,0.09406599945614864,0
0.03879842087625251,-0.12426973064559999,-0.011770843483540907,0
0.03307366575027955,-0.1422065531972213,0.11192273386946217,0
-0.27243128931006555,-0.0070613670796260495,-0.03370210855295744,0
0.13253400590631684,-0.07810537461650492,-0.09830737679058754,0
-0.0853688693554203,-0.044194301392394636,-0.022204681341722498,0
0.22189840964719287,0.20640866649438494,-0.029064584882623007,0
-0.031461589607792766,0.25107686712305,-0.00024814678707782244,0
-0.047686168504625835,-0.06927971892802386,0.042176503192939585,0
-0.17535841676997732,0.04283900645399745,0.1503134273235982,0
-0.0498469960300418,0.0966726320110475,-0.03262842716451852,0
0.0847244429259991,0.1349429862343127,-0.04814185886853148,0
-3.8278895797023176,0.13458403198801744,-0.0021583331940068316,1
0.029878012410622618,-0.24287917507546564,0.052181959334130314,0
-0.09665083156994954,0.05545739322504172,-0.029026751899701095,0
0.1102416389007339,-0.0590559731424135,0.07219506269824973,0
-0.0698205060403923,0.00322890795727553,0.16764158909121274,0
0.05665379145948102,-0.031597731980624794,3.9246098719431703,1
0.08419744039820781,-0.021070916908841598,0.06877340829045617,0
0.09881107125586787,0.023211260898317376,0.020637952071608203,0
0.12139182462981918,0.04777320685105812,0.13128649167993367,0
-0.03355665709861657,0.015681776443883785,-0.27639410541121595,0
0.15144710997948663,-0.0740266677190026,-0.0323707783457573,0
-0.03808377115030967,0.12254201679869133,-0.09042474189127045,0
0.013692122313961764,0.06298066869963313,0.10053275007911817,0
0.19713557534167636,-0.0862260381968842,-0.18257625525505503,0
0.028741125777531486,0.030840853918584307,0.08047334925070285,0
0.007313485824217006,-0.10126660231444287,-0.015507472189997797,0
0.10496505755471526,-0.18053252640871198,0.028008639342943283,0
-0.00622623675182123,-0.12583883488161304,0.08723954910505255,0
-0.12116369812347977,0.009118946321872786,0.16693615562434116,0
-4.02200031591242,0.05217475293127655,-0.11992012217013437,1
-0.15368586951493274,0.052504385088127985,-0.0739082534395929,0
-0.15173606676053297,0.08927903478996413,-0.053451634430291564,0
0.01907311548257316,0.05797640460386608,-0.037771390150247976,0
0.13167553251094039,0.10827041787379746,0.20008156914437977,0
-0.06935055768742937,-0.0017674208534996464,0.033434552824737646,0
0.20843498250904388,-0.09320635408433285,-0.04677044544882194,0
-0.012524513736542786,-0.11310023691504044,-0.11286048443671155,0
0.034427480394205005,0.07159076487986113,0.06945423502675117,0
-0.06581234781433562,-0.09888109894517538,0.06132350167981352,0
0.052292779465549846,0.07257538602500102,-0.018011889373076892,0
0.04498729611597315,0.010152252198442315,-0.2245260593629145,0
-0.090531881084112,-0.09725716289141757,-0.012773584549334525,0
-0.044980867977442524,0.08301768228549025,-0.014446130103879138,0
-0.10280473060523554,-0.18096498473423783,-0.1578838746040665,0
-0.2343111590602964,0.07209677597180864,-0.00976865493479052,0
0.060626662048754935,0.09655175338337241,-0.07408772188777066,0
-0.17265402387301942,0.03768537205428176,-0.1254513546435774,0
-0.015323357462320709,0.17371134670155058,0.13471760980033673,0
0.25359862185864374,0.058365047942781446,-0.07344437450052603,0
3.946727082847953,0.27361423129209955,0.051274017195862144,1
0.043328771479435674,0.03653282003670959,0.07104956038932016,0
-0.14976315746812088,-0.005692692444274055,0.022678710086929302,0
-0.05259693919265266,0.04923951828812055,-0.043362501206796834,0
0.006515174707670022,0.013524591078123644,0.005383409136216849,0
-0.17818980088247513,0.20911834465986795,0.01987797558038009,0
-0.086791120880562,0.07231615037971507,0.07590769485776322,0
0.09879895749883531,0.055193521385840466,-0.19232518435840193,0
0.19850176246884388,-0.08637575301647016,-0.2403681165813245,0
0.19331757998907267,-0.03195089942899323,0.02106894089138512,0
0.057581364558843974,-0.1122755590118447,-0.05990713860355933,0
-0.004051325593732512,-0.0028221760935880956,-0.0967602820070382,0
0.12519251223972255,0.04316687320307689,-0.0795499902211218,0
0.03720418145745543,-0.0013013434976867318,-0.10429690392175704,0
0.10126504690378674,-0.06266233416840376,0.17531031709242023,0
0.12433399340040313,0.11399160205025621,-0.09067392649474598,0
-0.08619341314555001,0.0038115538224167372,-0.030717576930983172,0
-0.0847577343728665,-0.04209041941772783,0.1063123288595159,0
0.025156534662494175,-0.10096321762701727,0.04682600833756978,0
-0.07134816476045845,-0.034838328312559334,-0.07035333542879751,0
-0.050883374033097895,-0.07809625073908207,-0.0609020301994061,0
-0.0906063332311473,-0.046139363100685594,-0.03779155849347431,0
0.011777798876887381,-0.11853538646859954,0.03788590831761687,0
-0.14418902780424928,0.1687295204852242,-0.1143466654524084,0
0.23838174229832765,0.01379663121565694,0.03624698374967152,0
-0.015028284614726531,0.058547357708293814,-0.04722070177642196,0
-0.055491034270841025,-0.03037033990540405,-0.024378273431896996,0
-0.11250057268700375,0.0634287304778136,-0.007440611818842939,0
-0.09709149375516624,-0.1365240475100026,-0.07885349848288895,0
0.1808590835939709,-0.13945165688560113,-0.20177788504771843,0
-0.10650796934286698,0.022439291892416138,-0.044922238667411005,0
0.03813319098731672,0.07385809669718407,-0.07656545738182291,0
0.033431222434768544,0.08341187037359415,0.06605090380239759,0
0.06495354611286101,-0.16934666924467362,0.01513287305827438,0
-0.16035750636123325,0.1751345508844456,-0.1912641480076018,0
0.21972290664151625,0.1295968298466058,-0.036354487026688115,0
0.07454146936550403,-0.15354881596314618,0.01813353709784452,0
0.014589131843893228,-0.04877204007071425,-0.0372298884106614,0
-0.10643030907138146,-0.10412587440540998,0.07007927128282362,0
-0.14055580336125315,-0.05032514270665655,0.015140681104702148,0
-0.012210931303367709,-0.08673045951392101,-0.09190406388784318,0
-0.08057766945806488,0.07334660610990075,-0.09313046323376312,0
0.01486981065554596,-0.017425754142713534,-0.002104754035203596,0
-0.03436431151902956,-0.21529801279175215,0.032233248954041546,0
0.05672505495481206,-0.019619624609515603,0.01607793647082333,0
-0.06892271855438277,0.008292447748272236,-0.1783055070888685,0
-0.07328473454515942,-0.17593071083265108,0.010080259997277515,0
0.021504893565269724,0.055771547433821046,-0.20830411103499485,0
-0.060729473018101034,0.10938653983255585,-0.03158444447084435,0
0.1891323018148375,0.01814306234379198,-0.06820416422379966,0
-0.08236869559066279,-0.1624082850386598,-0.10647084207979618,0
0.022910551015267587,-0.044474526774151445,-0.09449047343277302,0
-0.01009870632151381,-0.08866268751069498,-0.00952296115667408,0
0.020730020098901666,-0.14273962917090285,0.04555238249473789,0
-0.004053408863898322,-0.0846519726427882,-0.12503317068975747,0
0.008854281277751709,0.16132867134447995,0.11147555957392513,0
0.07340867067847237,-0.09241326666940833,0.26104699152899785,0
-0.12794446266581896,-0.1529562495487079,0.025720940097659874,0
-0.10681295495299542,0.12339473767655107,0.07411721343337117,0
0.06023647807831598,-0.09132876610939361,-0.06041347876934736,0
-0.14448223753802136,-0.09208697845556522,0.15923146251189413,0
0.061356873531560635,0.00954152276678575,-0.05694156775936823,0
-0.011691194834083424,0.08735687885417395,0.13030638246768533,0
0.040969565053961585,0.13108234971272545,0.006474272703783353,0
0.06584321055948118,-0.025164385380632093,-0.26735891773769926,0
-0.13940408531906598,0.02381406378210009,-0.20353317734462464,0
-0.13847636894817075,-0.0389127012913676,0.011208916197518628,0
0.15376194168383725,0.0788335758237571,0.02976654528517099,0
-0.022345683930585,-0.035530441378012784,0.11855245541805562,0
-0.034543961683778886,0.03459386218102064,0.181349596403747,0
0.03687418530039008,0.04755646271994371,-0.23787473327211706,0
0.09332710889974644,-0.0536731051218976,-0.07554021256167469,0
0.04275558545735078,-0.08952524870484775,0.03674288920281242,0
-0.05776050578535716,-0.11845063507849372,-0.024453784427224633,0
-0.07817734595113236,0.0402478024601738,0.0010857936593958377,0
-0.026829447006859644,-0.048789539802184825,-0.04106760464617894,0
-0.0025990790068270223,0.18389773954287042,-0.05998660538689108,0
-0.04789627372748295,-0.031083356031834992,0.004915449768321703,0
-0.07333847127602418,-0.04686765234167006,0.011286033605444888,0
-0.019450269056871604,-0.024261239623867177,0.03917877987079264,0
0.09642118916228926,-0.14333932261732393,0.12714330456090425,0
-0.02844749080503032,-0.11737221704012311,0.0140978808438803,0
0.019617147689335666,0.11091287478128949,0.02768231430883604,0
-0.09488900946202712,-0.08304813735644595,0.1748557566498832,0
0.040098595567601016,-0.11320142480002932,0.1704024220232945,0
0.051027392083614675,-0.230341248316128,-0.04150764722300721,0
0.03533142186582339,0.02055893096166538,0.01885897500881942,0
0.0320956881510723,-0.028212851256704113,0.028313247610025235,0
0.06802563202486793,-0.10865240187550343,-0.04309168272447764,0
-0.29054817117944937,-0.05758922029818608,0.03880547649586085,0
0.10833984290191433,-0.06070135838944634,0.0624394945067984,0
-0.028477905448934276,-0.15230836673634493,-0.104537494214486,0
0.07933592851866866,0.14737497500287652,0.027036130666263442,0
-0.14092368986889175,-0.013459980820806265,0.03520077824099139,0
-0.01624308079895523,0.03220586863167856,-0.07587685287618029,0
0.0026144466341466396,-0.011137689097309531,0.06632278899625536,0
0.03656580674317994,0.17090876877501884,-0.1510498605860739,0
-0.10121542370050998,-0.05328562027830344,0.18723484033050214,0
0.112151476789805,0.13964885830081802,0.05252486502717723,0
-0.03881529370316197,-0.15241443387640574,-0.017521910787984825,0
0.05136417648512537,0.11454253273827841,0.06192570536115921,0
-0.04879338023740704,0.06024000923078892,0.013207795512864698,0
-0.04887287157782173,0.14285366170902777,-0.1944269961674976,0
0.030703943859010614,0.1264668318601378,0.24139109556384147,0
-0.05443242097727844,0.26809378516629634,0.03899077256670169,0
-0.070710007735679,0.05612219247124081,0.004228975860001962,0
-0.03582718804048425,-0.032474908625143586,0.03518326494261017,0
0.054304116591454704,0.008337511819857335,0.11442777692601352,0
-0.057715501373218514,-0.10839817043885354,-0.044875451913505,0
0.06294354704719617,0.05402792176302301,0.04502748419562517,0
-0.017036893113980395,0.01426476467100759,-0.15004702322797653,0
-0.1358224091536989,-0.08161568419352566,0.01361220286897211,0
0.22570286483386381,0.02063766359750797,0.04341098309605974,0
0.12873947440205127,0.10379833820371015,-0.0013824205322118157,0
0.25864032041543966,0.002516872854049926,-0.06695200285192024,0
0.0608841434770444,0.08516687751422845,0.015765739229770936,0
-0.10558158884337354,-0.09379907630598897,-0.014152884659942511,0
0.1336990610885727,0.22076016415570346,0.1514130140098383,0
-0.035946970579265825,-0.201431286418206,0.11513522709898927,0
-0.020627921185321932,0.05025885182192246,0.04664048639886783,0
0.029372716610948785,-0.1437060187038882,-0.16857592994316162,0
-0.1970551809342084,0.16839448415152808,0.10032339228877583,0
-0.16986595418988265,0.006420736443097351,-0.0952392225609957,0
-0.14588523055221272,0.08763695660406663,0.06943576901151531,0
-0.036170669313068664,-0.11504539694088299,-0.008113282736814206,0
-0.124442004189456,0.07594106214915863,-0.08784923198916335,0
0.1888597211730466,-0.050617606160025023,-0.03490998562319679,0
0.05992444737634987,-0.0674788638753571,0.14328275953259167,0
0.11600358474056537,-0.1384590663195822,-0.22194053164942537,0
0.0418661516296705,0.20221551648572184,-0.002057239197930768,0
-0.034244075023249755,-0.059325960046878616,-0.055769262148049836,0
-0.08044116747452895,0.06076293871997173,-0.022528478104892606,0
-0.00990237376627419,0.1384389911978168,0.023487227605285176,0
0.0461582803240593,-0.03630701698856368,0.01384139505067571,0
0.09366723609185684,0.09006469720529087,-0.07075366786235443,0
0.09653331496234523,-0.029578131233697437,0.06300159411249434,0
0.12928573088006343,0.23288075400217723,0.1354445297420178,0
0.1170597997078819,-0.0022195099890055026,0.05862557441983612,0
-0.09247629910319771,0.019738435503778375,0.04842070357426779,0
0.1217514819121274,0.013606796274206544,-0.06340220504971576,0
-0.03062745698967085,0.056848527743794876,0.08559259099977294,0
-0.024337018278004982,-0.115208530723447,-0.05245726085859336,0
-0.06569690563198931,-0.03682905666215316,0.13946152233023376,0
-0.16357093451630506,0.009354386453866997,0.17098557385695154,0
0.009247589988092594,-0.011690538911229557,-0.0938883025085238,0
-0.05749729288069969,0.06154537915421465,-0.26877109143209116,0
-0.05334159822106193,-0.08524525411335358,0.09694604198595688,0
0.03868016320994562,0.053430769494980115,0.06731220820487265,0
-0.05170836575525507,-0.01770050026663351,-0.0227069934667291,0
-0.010927959852231182,-0.06235486725833949,0.01304359268933259,0
-0.010439941719637868,0.1667243430018166,-0.010660682204735887,0
0.0048063878024569625,0.1041964145510443,0.08914394376675154,0
-0.09154220986663006,-0.0039135815565550566,0.23244854630362705,0
-0.07668950820474905,0.02585647711577741,0.15416036339665132,0
-0.10332693178037947,0.05281483316179763,-0.04322035628690585,0
-0.06765973151581654,0.05872887777185083,-0.06407522210845999,0
0.02374226261453477,0.22822836256456802,-0.05736191315231792,0
-0.03176377111573498,0.04892990149518037,-0.05178923993400705,0
-0.03105504891384965,-0.07028861642233118,0.06793000820147689,0
0.026813241513458437,-0.07106045574793933,0.0852508889760105,0
0.03621654347133687,0.004327210345267356,0.1414160806352571,0
0.15008008824484523,-0.05545333867678625,0.02893412994104227,0
0.033626335944011196,-0.02033910469811982,-0.011847938274291607,0
-0.06390423395849719,0.02718707254645954,0.09822963324378914,0
-0.00927905883679181,-0.09102307606904392,-0.12768631249207948,0
-0.05084370400368976,-0.00937794620964769,0.07056319634694737,0
0.006550232547773313,-0.12167775809961126,0.15010040832777485,0
0.0005805349260096606,0.19670297312568774,-0.21960903652849548,0
0.0038377035627273344,-0.10666591988685122,-0.05081696093772862,0
0.13019272537467247,0.04373675483842427,0.031184589830506433,0
0.09414235295464796,-0.0901829475919137,0.12003225057746914,0
0.09139190921074165,0.0342433473819237,-0.07840485627389934,0
0.05428771539298935,0.038847446526479056,-0.0513704659816146,0
-0.030964756664719675,0.015040051746992428,-0.1669034974074964,0
0.11160851955187015,-0.03771571213220253,0.06890702140004488,0
0.13652979316734,-0.020730964033586326,0.02801832565480546,0
-0.05805627002180297,0.21315226224759704,0.010472166638336675,0
-0.030799977359990866,-0.04195662347876042,0.05867080803479931,0
0.1149426622869489,0.03834416959373356,0.1516552515516294,0
-0.07709527223466162,-0.09218310032281662,0.0914396855223405,0
0.02350654954632608,0.005715122295340144,-0.05811827901407747,0
0.13278022386733732,-0.05761839048216021,-0.0648874249422989,0
0.18714003901675524,0.21552924584344368,-0.03161731878694534,0
0.06440895452724578,-0.04699619153834395,0.034948193222002315,0
-0.11302495719094921,0.22856799935015368,0.05510424541133602,0
-0.010421623691688675,-0.09038512915536619,0.06092584127579079,0
0.008824916668066273,-0.10442699978994063,-0.20184429777802812,0
0.04389836306728104,0.045844026436154366,0.07764318930771592,0
-0.010366465133294285,-0.019910952166448368,0.21794921486361007,0
0.08738509859211008,-0.09826446520052197,0.23748685549268164,0
0.053563488384536534,-0.04570000888342938,-0.08844822869933361,0
0.026440969563347974,-0.004726733732462395,0.12160272167978609,0
-0.1250419735179227,-0.21487575807678067,-0.055474540146733434,0
-0.05119419864371669,0.04404467495876088,-0.0407402752230394,0
0.02974941566337652,0.15407075214405705,0.040276685830830765,0
-0.024560803287830012,0.1831173202280223,0.05659738841370946,0
0.039644099708767616,-0.1826477550752644,-0.06641135565651078,0
-0.07199108775341737,0.07978534853898318,-0.13558805347752712,0
-0.08999304028889016,0.04135244245113184,-0.03595733412464714,0
0.0035817507918259116,-0.07318732881529916,0.13142123798312486,0
0.15497774369932432,-0.17320075516482616,-0.08493663130440288,0
0.0038597902921487723,0.14296600521875014,-0.10192661610843362,0
0.1067786283695451,0.06145598885211692,-0.015539068134637913,0
0.25609951882836346,-0.13375877774139164,0.012549328943522304,0
-0.03293956804486437,-0.041736706606374595,-0.08805397718613711,0
-0.03166812435925592,-0.017618860579679277,-0.021023358515538083,0
-0.024513826762173473,-0.15014290620729834,0.06469809599424126,0
0.0020007968216972523,0.1741645717132691,0.07254562209184137,0
-0.04037333431765999,0.06892002118706206,0.014301971195270833,0
-0.054669279438021204,-0.07048477963508679,0.06863512786176777,0
-0.01780826453370216,0.028025889730844758,-0.054049335472831334,0
0.0709626431819623,-0.050880434435538725,0.054099036225933754,0
-0.004776675176617666,0.0825658794937928,0.07507497181509086,0
0.04281647650843365,0.028799182893276945,0.021542867205939592,0
0.037283417520709426,0.0618905562410516,0.13499113328195744,0
0.09605069136260985,0.14251958960430042,0.021646264058556408,0
-0.0508404602790814,-0.021042551882021705,-0.11722978365682678,0
0.019125709898410885,-0.01756361532240532,-0.032734122352881714,0
-0.040552090512650886,-0.08768080944889081,0.0978824415089167,0
-0.16221849107449374,-0.04694359334642375,0.10239952610316322,0
-0.034835137998776376,0.16088611032763334,0.10877039581820734,0
0.11738136565614488,0.04978280446721594,-0.10292534331335196,0
-0.1532980719290991,-0.07035083563351252,0.10412095310293881,0
0.012028842527819517,0.13593787032761065,0.11304749861951242,0
-0.1303213710711465,0.15076591761540858,-0.05928487741617582,0
0.03884473909935198,0.10941185004737604,-0.0065595251232434875,0
0.08010877684241811,-0.06485783418847593,-0.09386131871281732,0
-0.09042197573139749,0.016969393583820318,0.056014266622781285,0
0.04478069286829225,-0.0275763446919376,-0.10263762975948593,0
0.07133263964893528,0.21100322557487317,0.1524772631988529,0
-0.048089663673174465,0.0937709317815216,-0.03237340262358381,0
-0.04035876813211617,0.04326002415538455,-0.023251993256472203,0
0.009861701042928241,0.04394106200212051,-0.05154668302100886,0
-0.050604625690342575,-0.08030021882211606,0.05895069312110612,0
0.010469922853334139,-0.07383680516302199,-0.06827466482334957,0
-0.12842021637941692,-0.08099598633976796,-0.1303807762534532,0
-0.11947495564498814,-0.06607287730748189,-0.02727310627166543,0
-0.08121819451252854,0.009065075955425803,-0.24612162992010223,0
0.10316405778495681,-0.12227848956931037,-0.02710899713523481,0
0.012409663386642672,0.12994416760856925,0.0049471495789191735,0
0.09182161836405794,0.10691330906238941,-0.03809084915269302,0
0.12621771015299696,0.05733320949695642,-0.03081167957076471,0
0.15075332149133347,-0.1359536656199524,0.01026532826368211,0
-0.08408695014191894,0.07824125024447655,-0.09980774388785467,0
0.028436098840760413,-0.22035399133384526,0.05216982513496171,0
0.02129539704648963,-0.0274903884619859,0.008408893949383238,0
-0.017427376232091143,-0.028276800345055836,-0.0991880706106876,0
0.1442987161420672,-0.0749609163627753,-0.24516220047644768,0
0.06620590575268842,0.06270197151504597,-0.22292357981951538,0
0.07811176748372489,0.21741788304756784,0.04521432499358217,0
-0.03730929024512868,0.2789639219999089,0.1641040174123918,0
0.020846374697197887,-0.027624322917116202,-0.06639286212664812,0
-0.031771170034409046,0.08074718248213301,0.027755054001795045,0
0.04761240120244792,-0.03897898394913689,-0.11322371029101237,0
-0.05903588782546487,-0.0445339329737613,0.19739054922692956,0
0.1568047704955876,-0.09565673599075693,-0.06355881750404865,0
-0.13599381206035133,-0.13425712189591357,0.1267192851971721,0
-0.10055302293610258,-0.10452801140393464,0.1814907617525509,0
0.09239009059951936,0.09620350821714853,0.0733565427197923,0
0.10017082873692221,0.04388811719582235,0.19612730240873733,0
0.10397009837810312,-0.039735261958728514,0.21907251344319134,0
0.0898153221761539,-0.10948028871657862,-0.009773564055487023,0
-0.10415064880476488,0.1384658931882123,0.08328742655105835,0
-0.12909322208777427,0.04865974436250729,0.0716721206766928,0
0.06533317255872549,-0.0002337292985843302,0.03025553952163413,0
-0.042048780721376015,-0.00036329456840382646,-0.09053173724473379,0
-0.17596895066865098,0.044896363253953804,-0.024383351300789058,0
0.19687028122619996,0.07925521337201365,-0.005219135585302118,0
0.10177844737078434,-0.0957019280462917,0.0623141198243116,0
0.08094910474157091,0.02754494476936748,0.02011430006568338,0
0.005923926873942782,-0.10611797142140703,0.01348512223761069,0
-0.06341490072120493,-0.20987445087202597,-0.0041339303192155325,0
-0.19832682969309243,0.05814417837894256,0.06909513695240396,0
0.026405982234663835,0.12066248617017242,0.039694404659981225,0
0.04218437336714866,-0.012926446493548968,-0.08065951696618984,0
0.012356585496432105,0.0868792305372943,-0.08309263813850734,0
0.09800583852442345,3.8804063424646587,0.19295929241599563,1
0.07053448815588892,0.10839727570299917,0.003709101816653679,0
0.17852092239401662,-0.031900853028628995,-0.02137264615174897,0
-0.030604216027418543,0.0693913824903487,-0.0024126426861452916,0
-0.07273611643162711,0.01645106877818307,0.12854370384052233,0
-0.0597615724565621,0.20760360491919938,-0.0559276645927893,0
-0.04389584019043394,-0.09365927516595161,0.11258007976595948,0
-0.10011406116390785,-0.12087627350132851,0.13506110475730362,0
0.07543424322684592,0.1184034224688668,-0.04521283424525611,0
-0.010564312775755147,-0.19271874336463324,0.1327731492586751,0
-0.03184354628205512,-0.058244388031938855,0.04020850077558002,0
-0.1954795279669586,0.11397788991333153,-0.19977599476187202,0
-0.03785575823318365,-0.028072330510828997,-0.033365194938716244,0
0.06986846740721762,-0.04943298593429647,0.030665058922144453,0
0.049713194058763434,0.031603520993660865,-0.25242071976489183,0
-0.12087473355804434,-0.2282717357601984,0.001015888700481844,0
0.027385720684514343,0.054579171295240196,-0.08576848558721709,0
-0.003814209142697471,-0.08881426329149178,-0.054749943114403114,0
0.12218808203883971,0.04177666235666651,-0.10559408719339239,0
0.03991870788171971,-0.04397080391186434,0.009180729783144657,0
-0.036309512772769954,0.1611219448219925,0.12537524409812487,0
-0.06289311091406709,0.1860211959917039,0.05715861383382238,0
-0.09495503401604322,-0.10458112243211251,0.05885886870777665,0
-0.05514647947390801,0.13843030672991904,-0.09521169144851509,0
0.15894703982585628,-0.0430876082496876,0.21886500512451434,0
0.05341181841895862,-0.0002705483475750206,-0.06900982977212088,0
-0.2163098568868419,0.04565377468449078,-0.03612146740535108,0
0.022352026859146716,0.02289789726555122,-0.08850548641719347,0
-0.04058106962499902,0.2665459496892557,0.032764737366873076,0
0.020257642914333306,-0.00018452675516641306,0.014531171992641458,0
0.10658758773760629,0.02582195742623026,0.08289519382307396,0
-0.12300554042567982,-0.03342996036445157,-0.12373740469739847,0
-0.061987164915405346,-0.09287004812018501,0.1259771360865872,0
-0.016883163503176254,0.21109800181548258,-0.04256559422238937,0
0.06607435581445532,0.015335412154705528,0.1511786469013609,0
0.04868047985279337,-0.006259729252421006,0.27172832763426885,0
0.10821879119586451,0.07992565388495566,-0.1806263698152939,0
-0.044332937788702224,-0.0027718919497510233,-0.061024862075977473,0
0.08689532158754858,-0.059101131722470536,-0.04122024476556052,0
0.11659597447109267,0.08094907535342338,0.16586075475209677,0
-0.08988782211883456,-0.12211477498730428,0.04839008925928572,0
0.11669591433976974,-0.12835454827908596,-0.012367645467368148,0
0.01913770543815129,-0.013282312017274249,0.07584476299488287,0
-0.08026071896801648,-0.170997347660255,0.11056798260591304,0
0.016218874703814567,0.039034806077101865,-0.05137572818864438,0
-0.017929152917927484,0.15999567804932577,-0.08572834567993583,0
-0.07493798555221425,0.055923908225113256,0.1078648058335193,0
-0.08853577034766001,0.13146860317955184,0.06790848258665953,0
0.08376201588243443,0.0552370942564929,-0.019955762767915226,0
-0.33475658632378696,0.055598608500603344,0.024858352198716297,0
0.0449802400199656,0.012752356663383289,0.19494107488373755,0
-0.10667842749906005,-0.16702963562697298,0.03697294321368143,0
-0.07433282204909449,0.0849768253700296,-0.2372299121102837,0
-0.012934694805927967,0.04487383859217675,-0.24767658673735587,0
0.06724264800955553,-0.04373762775880158,-0.020443144308767477,0
-0.05447875871935384,-0.10849031043283115,0.19805193580439096,0
-0.07416343730397963,0.0883239037009198,-0.1546297176563219,0
-0.05324019262530508,0.052893201817038174,0.022581420462988708,0
-0.06960463194411254,-0.025968384679924572,0.023006666435297033,0
0.0004144499684045585,-0.015374086759968028,0.013645111195143162,0
0.00035414232159791166,-0.03294394981709572,0.12278561358755025,0
0.13328272560652726,-0.07939051278415783,-0.0036440203967366964,0
0.05908997482501136,-0.1333514596408902,-0.013561413938644904,0
-0.030165561461927615,-0.033858191231202844,0.049262164029346626,0
0.07134052329072572,-0.10812361736968519,0.1433457930583634,0
-0.05680555932236661,-0.16920657942624165,0.17224472439458552,0
0.0634904755270609,0.01291857292957392,0.08520028055348056,0
0.06215466885508,-0.011898249207399446,-0.08956416425250106,0
0.22039839236138642,-0.13613943929096656,-0.15651283515938513,0
0.23145839413633157,-0.021572934706469857,0.09202285018439404,0
-0.06978370954591617,0.04077359592684088,0.08829690597562734,0
0.018617750938349362,-0.04436730068913866,0.024336972438737673,0
0.023177120084668965,-0.05054156447103576,0.05577579376692873,0
-0.060561128918983936,-0.10413031305943193,-0.1424371770091701,0
0.048284090624919694,0.15733678140213228,-0.18129186919651236,0
-0.1281900975771543,0.024850609719233932,0.07730912895305248,0
0.00020382223811902882,-0.026465989175284213,-0.1871115181301215,0
0.1756249022474092,-0.06676256881649345,0.22807695171419928,0
-0.03232350254015386,0.09867151515639663,-0.0784145292425058,0
-0.13133012362247395,-0.08411940753432595,0.06781738431035345,0
0.10963246636011033,-0.08224502433464782,-0.05779240797298302,0
-0.08533423879867591,-0.1340218922783581,-0.05055812027945871,0
-0.03838705847875933,-0.10397719051021681,0.1808836734066833,0
0.07921736391547857,0.06707329976703448,0.07406249746444958,0
-0.16149259431235832,-0.01411500317634807,-0.15000021279532372,0
-0.09092790641034533,-0.0307185710121838,-0.014683121145575526,0
0.0357958458057542,0.1505820186811298,0.1410804397093543,0
-0.07332517720382441,0.06911737325757679,0.07283629734491467,0
0.012116503987500811,0.04810856979210901,-0.06841591133512884,0
-0.09657420213405776,0.08327180093219301,-0.04213632660461688,0
-0.14458047285357742,-0.09228465005122866,0.1781220941609116,0
-0.2912558043345117,-0.16810813001091085,-0.09701095179045677,0
-0.01217209490770803,0.007098757186908894,-0.10799175860851613,0
0.0148576119815819,-0.06826841827828482,-0.013795312179561493,0
0.04395234320612634,-0.016511239567955423,-0.019698591693059275,0
0.040562028020987385,0.20204685435342215,0.19907317715182693,0
-0.005558000452300281,-0.00915646355384247,0.11673549628781982,0
-0.20930111452480846,0.01319013974063017,0.020727125162644574,0
-0.014015289054110373,-0.037468087749909326,-0.09249755545477875,0
0.06128901293976155,-0.11315067240656747,-0.09657354315515121,0
-0.15971148535195007,-0.016378037595430692,-0.020248822738705808,0
0.03884950832838657,0.21507622656957742,-0.07086495068575002,0
-0.023155056521143493,0.035868481565834144,-0.03494057337286325,0
-0.07312958996256132,-0.03644116104647561,0.1528750922481521,0
-0.0824701121522951,0.004166825737351789,0.15474660940189636,0
-0.24260025902844792,0.11020768122433511,0.18052553466182306,0
0.06005876733507881,-0.12770293433087307,0.06912736202083308,0
0.050243643225931715,0.049533123137339784,-0.08633395606182986,0
0.17112135126925987,-0.07427270638616962,0.013525251446553567,0
-0.042935716221020576,-0.08561040113323835,-0.007964754987464512,0
0.020099711605973902,0.03807339403809282,0.0021269961737733862,0
0.09121692734882031,0.06427716862740783,0.053422317394880105,0
0.01419293705271439,0.09933403089142856,0.16655104622276906,0
-0.034303868637571476,-0.08678644665130515,-0.12544139755695646,0
-0.03275688272894813,0.030553731264405498,0.06423591545505505,0
-0.027959923184924913,-0.20886758529125174,0.05921096723414643,0
-0.15918230939979117,-0.13652305738536571,-0.04762639972523955,0
-0.06770646158032041,-0.09681768821812844,0.10318433959296691,0
-0.055462388890131824,0.02150354519253647,0.12474787089992101,0
-0.02953371277624611,0.11911150421510715,-0.14209369166914046,0
-0.1446663013539444,0.1083222031866758,0.1992808639096354,0
0.03949794603051271,0.08408932103324138,-0.12019334780249949,0
0.02306018498310242,0.06912281203148957,0.05432427273320789,0
0.08249607691185863,-0.05733610296655071,-0.07529877978187911,0
-0.013559180070306657,0.11152172831394017,-0.07561606895607441,0
-0.1321971847970053,-0.09835818906503746,-0.11449634681970111,0
-0.06366502098247921,-0.0637652671847899,0.006963046938256604,0
0.12533642594502137,-0.04624918602253987,-0.09410979197521036,0
0.03981402464937182,-0.03640938610991265,-0.07911484912351212,0
0.073723987052854,-0.18806930735579275,-0.07509053555077874,0
0.029119384570696696,0.1058525847336974,0.14029992337336258,0
0.03234340248904178,0.1637457371146896,-0.00926536042228674,0
-0.05040701347144308,0.1542276408229486,-0.11816955498846851,0
-0.0006254885436976654,0.21299507096064507,-0.001767383389547481,0
0.015883677338956365,-0.1253597932913537,-0.10172205191951225,0
0.18924434827270734,0.11577692378387915,0.09522301586769005,0
-0.020498711112393188,-0.0026729010942181442,-0.07057761493889857,0
0.11320862762035072,-0.1065272096206164,-0.024669336112006803,0
0.04721890064484408,0.14077312676055526,0.1412736074929331,0
0.027528877451458246,0.08932305095019231,0.03066404891472199,0
0.048056069508912336,-0.029006984936450243,0.0009092713387796772,0
-0.012580953787021138,0.20925163850500536,-0.1508445928950538,0
0.06805431649481285,0.10203370213237746,-0.013065243913922504,0
-0.14195179915185901,-0.07589684161910198,0.12618404408380135,0
0.09731047674282955,-0.08153786286937428,-0.2115345012173736,0
0.11211686751594879,-0.014268825025571209,0.03144687850693014,0
-0.12628149838092445,-0.14940460146428872,-0.022323720181114247,0
0.10831612320671669,0.15575620862286144,-0.04958687898887202,0
-0.017950344321169785,-0.00773145953815416,-0.16872775137358836,0
-0.0031071855290843017,0.1223547381911435,0.07327343271242888,0
0.04432490023104105,0.10601378142824042,-0.030030429845674722,0
0.005801889615312747,-0.15245572073558977,-0.0864522819508012,0
0.10133967562198781,0.02181477367788365,0.09685389994234939,0
0.06944181328508174,0.04830180521242397,-0.03006934293623566,0
0.03392185909694343,0.07473011785153273,-0.10710883943431093,0
-0.1688509656554771,-0.061048773663175016,-0.04717904524985593,0
-0.1564191288013269,0.06229629442286262,0.010648813742871709,0
0.13011838470445164,0.08505139928436851,0.026981113899943218,0
-0.14197398820266288,0.10422834599726989,0.01973391800371524,0
-0.053457350069870416,-0.07659250875248158,0.13695469586085626,0
0.1571927275926159,-0.029435470666313798,-0.05351816738967058,0
0.02080261919830244,0.01797054995631254,0.011695263789865535,0
-0.023144219383979304,0.03702161211374377,-0.15548413428153646,0
0.07585441059291052,0.008992482478578305,0.021462510182306653,0
-3.9887414060875894,-0.01948877450413453,0.09066188299599726,1
-0.07941768405019235,0.1369965101253541,4.0340700015610516,1
-0.10380533716492402,0.03157213941311983,-0.016552747227174106,0
-0.1604377593309948,0.024058103291870542,-0.21004103226009205,0
-0.13547785835740841,4.016786832768926,-0.01749261103380931,1
0.05222355859206243,-0.022795568231223848,0.01752220527402886,0
-0.29146202828481815,-0.16235254973760346,-0.15769699434340753,0
-0.1415281938131961,-0.011530804456469394,-0.02738439914040358,0
0.1459079416060742,0.12436880956183093,0.050796509953228985,0
-0.009750347957722184,-0.02992783161646666,-0.19121722962148952,0
0.01951303811750991,-0.09176948726878907,-0.11525169917282502,0
-0.0034471713584559027,0.20307670917756485,-0.05948119826235513,0
-0.16921170692671056,0.0203083430668035,0.023231167103079285,0
0.04699339012272082,-0.12625691924655785,0.053630871021729636,0
0.0626927801181016,0.011152690735300301,-0.12180912680170647,0
0.11095737196946652,0.007969775671412625,0.07969812233231406,0
0.2001941012698757,0.09183435810257307,0.011145288895119615,0
0.21701100770895154,-0.1352885517619596,0.02567938677318378,0
-0.008062471378393903,-0.0003284728871459707,-0.08277612879359401,0
0.023884606723611382,0.022572700188213498,0.02241054286610241,0
0.14918379426514922,0.054091515548144925,0.06256348000973797,0
0.02340000497044285,-0.022253705201237067,-0.044742861703166804,0
0.028727134028004503,-0.020052121893415768,0.02501689214952231,0
0.0013031962967042154,0.058801586868573674,-0.018846669726151576,0
0.018950436204862274,-0.013643996598206582,0.16585669027023997,0
0.018659191406906094,0.1653374219284223,-0.08600971676130142,0
0.0346094376434885,-0.02545227435423888,0.048921784985930146,0
0.16365818974723123,0.03846388105026634,0.026627071512261926,0
-0.18397215807474382,0.0029170557682056336,0.07712396396282549,0
-0.09915982254186217,0.10537568992451085,0.10435516692350139,0
0.0727152692101761,-0.11310743956806438,-0.05614741382713843,0
0.07333211596584074,-0.0015599214971906933,-0.008693481549043734,0
0.13840407478638378,-0.09330665038126687,-0.010540730178063895,0
-0.06451733496717982,-0.2055725132811134,-0.102352385833889,0
0.09684950451050411,0.0495163341228,0.12099755188671682,0
-0.010943868825324813,0.02075691637019057,-0.1134327660161989,0
0.11743014069931579,0.014118131208028878,0.0474921806233932,0
0.09967296715473332,0.004399640535861593,0.09132715479909308,0
-0.07478386340155083,0.009822510477660413,-0.06431745055999466,0
0.055612766749146364,0.11976628905717324,0.1210345259344646,0
0.0006270727606285305,-0.01046810452810601,-0.014253601149067527,0
-0.04099434359150077,0.019951506524362603,-0.025371426385764607,0
0.22784520769930305,0.11479981857205533,-0.03439938415156429,0
0.2230410376894897,-0.026219148799130454,0.0394289236395413,0
-0.19225275908223438,0.1143479884974942,0.010638269714373406,0
4.160126172576531,-0.1754854076220065,0.026505564933932274,1
0.06035424508380799,0.11157083115775601,0.06270928450730683,0
0.040699941130433806,-0.08557222941219561,0.03661839772480928,0
0.018020099608018987,-0.05030959040942078,-0.05273459761813032,0
-0.01910876971657638,-0.15045112145823247,-0.20342665171968008,0
0.10092330517670978,0.07179702095506628,-0.07860113270014107,0
-0.060426585124467316,0.10680860893329434,0.15657171944326664,0
-0.009329887577179756,0.05006463400641473,-0.18836530960466025,0
-0.14021314075005864,0.06294835921428293,0.13172114817827443,0
-0.019224485106129563,-0.237729026314092,-0.15005920669163247,0
-0.024184127461834227,0.0340553581392676,-0.05229844309230747,0
-0.06440460732350022,-0.14707748429394787,-0.058644181450361293,0
-0.024565800847294258,-0.06363371585156773,0.15430762760967684,0
0.06003517533785227,-0.12615838298718587,-0.10181047139047839,0
0.027727087132777984,0.08233066350367975,-0.023865363517760793,0
0.16545182710868955,0.00579639331750276,-0.007975435546383924,0
0.0574283382596125,0.039187258819310206,0.0005222929831050271,0
-0.0036888428274202234,-0.0037874697759204402,0.09367081185331519,0
0.030487826121829455,-0.013073245415628203,-0.13810079558240823,0
0.057820758828847164,0.10041079095089056,-0.1261965866091679,0
-0.09549711764269603,0.11886559829072676,-0.013801875670264405,0
0.09250498647677649,-0.01703350964184275,-0.08002576828468926,0
0.09717400499317151,0.20014994780636713,-0.13654214113148277,0
-0.13499734816310802,0.20802217155321776,0.18907093753008314,0
0.0546666622041925,-0.046597359338663685,0.06415633348150211,0
0.16347734942669512,0.09497864200387242,-0.042968571615721755,0
-0.07105679626743659,-0.16125278834820406,0.027175805403071376,0
0.09172051807749954,0.05436137537060304,0.006242103258098911,0
0.024784379771326165,-0.023852312672470535,0.21316700005643338,0
0.15176958970723867,0.09887382636306248,-0.044946346928288354,0
0.016156973884658532,-0.12721600686937057,-0.16868793444896538,0
-0.07202086043870541,-0.11874085506189079,-0.023270726974567155,0
-0.006334059378029538,-0.024045743428883673,0.08690136187832914,0
0.008977671155947574,-0.07290280512358278,-0.122047390338384,0
0.03590602834351589,-0.05356166276196368,0.030501873313179252,0
0.0408529807501874,0.10523227793436629,0.1012869166670845,0
-0.18319371305934323,-0.0935668953467858,-0.0941748680852423,0
0.1240321401916551,0.06529387527488908,0.0012955423105223195,0
-0.060197404252765985,-0.0450394156859714,-0.06758540386792976,0
-0.1964085185562924,-0.058609763404713466,-0.029085085108804382,0
-0.17690144129600283,0.1781091147574945,0.05001356095990737,0
0.1256162503262057,-0.04332209030424034,-0.04146182067045577,0
-0.08321883424775477,-0.1283287334360103,-0.037747884450732454,0
-0.039711918935601505,0.0017728325458523837,0.03705889125461282,0
0.008743051508806754,0.0953125201558503,-0.010481715374762788,0
-0.11782578778126683,-0.05450814652000216,0.12457579517862577,0
0.21620042865158184,-0.06150008415333335,-0.03876300133750483,0
0.024476979512507484,0.07075450469443938,0.01754950960686108,0
0.0035149267414803934,0.17106775801260987,0.027691600557962034,0
0.004113330359703174,-0.05623770907607764,-0.1477480431213704,0
-0.029145555237162953,-0.009661764431154652,0.17576494169917592,0
-0.17790484326348022,-0.07604435085851262,-0.22528778011116551,0
0.02546045093113769,-0.05228907645307627,0.11934856337826708,0
-0.12104233605266207,0.11442469751145733,0.09153436686957336,0
0.13099325983129512,-0.01640503601708152,0.0861396837119578,0
-0.039944161536655996,-0.0007091493486532123,-0.07852141590856958,0
0.05506754995523858,0.01895804279507426,-0.07958821264911457,0
0.10807806470259501,0.022719488044568126,-0.04613517992498532,0
-0.0079114733822935,0.0413117486799004,-0.017585316790324722,0
-0.1367310464690172,0.009876998656123175,-0.010202157355624596,0
-0.0801340158419246,0.15276282073579273,-0.054801559342881424,0
-0.050138836535823954,-0.10885050988593324,0.022775298125820704,0
0.06252814901003699,0.11667167136849538,-0.12623781008167748,0
0.04394924783642814,-3.8904654839254844,0.00040114796160080476,1
0.1388124855672498,-0.04066610153208316,0.009113744953690403,0
-0.06615237288856818,0.002985927809498487,-0.08981918077843387,0
-0.044806679618265996,-0.2457034981502731,0.0623797392430169,0
0.11317264980851896,0.15879095833856227,0.0765633753567146,0
0.06769051435710985,-0.08045967380708724,-0.0015282669605434594,0
-0.07360245452338064,-0.13061614874291708,0.05516766132593518,0
0.024256749429703333,-0.2284439882488718,-0.07785543468266977,0
-0.03528918490673407,-0.05627736457050306,0.11836708812986228,0
0.0500518579344518,-0.01986796919426163,-0.021016159786070823,0
-0.051230227719401195,-0.17638893168497682,0.06363688968904661,0
0.01828948613295587,0.08517484412858121,0.09788960025152155,0
0.12743117815858315,0.11410001369602195,-0.020998659198582733,0
0.02156746044820127,0.1256218763804453,0.09760164355829072,0
-0.11777428490710416,0.04772594432659431,0.04306898031658937,0
-0.2019378838757999,0.030040142273470377,0.016172367609614196,0
0.060708313559077326,-0.08553262746932133,-0.02046017631453785,0
0.17322017639404436,0.056635514600610205,0.06580853162337995,0
-0.07998787961032339,-0.1823630489776933,0.008410284954925941,0
0.12503736070798152,0.14185596337964393,0.023468239658181077,0
0.05509928475148253,0.008124713357312331,-0.00011215670524929542,0
-0.11107096207656607,0.06838794316612119,0.02246231234831254,0
0.10002066419838816,0.09051706780537112,-0.03419988998487851,0
0.04774400247935936,-0.10055204553135122,0.10229545460482253,0
0.0013053306728746923,-0.025660966064149516,-0.06044355465965898,0
-0.06542308732817563,0.08803508906645224,0.023714988820443123,0
0.003008275218335896,0.03260344717319581,0.14450906880793354,0
-0.10760189867289838,-0.16903211251204894,0.07724381550269477,0
-0.14212649266095842,0.10231972428525736,-0.12510002461493394,0
0.039643089895126236,-0.1967897843549261,-0.11219284265981631,0
0.04697763058470227,0.004676080187074506,0.012223667235084938,0
-0.11715028133628771,0.0503984146981604,-0.09046436096860254,0
0.023638824066958688,-0.03448771556288454,0.12272108274664091,0
0.025253924901354093,-0.12287345071496512,-0.19376855814391425,0
0.09928083753125226,0.09523618422779671,-0.05362689645346918,0
-0.006886374996010443,0.04900184023300118,-0.04892804940694076,0
0.0885129787778351,-0.14855062879298567,-0.12755633203873562,0
-0.004428694986589866,-0.08621362214560058,-0.0009430819171775631,0
-0.03615533938950932,0.09173387517155984,-0.0701529284273024,0
-0.06453439201832266,0.01977299767381477,0.06940158606313505,0
0.11118591860181622,0.022099476554095856,-0.05093814900072392,0
-0.01131555975845674,0.01271312281676735,0.05360071487717061,0
-0.1555725441005339,-0.03294809221052901,-0.047499230274342316,0
0.1573844702838234,-0.024882037017550304,0.12112909265822375,0
0.12020619408788742,-0.1296734712921548,-0.08187525902769797,0
-0.040556967703564976,-0.02777271530755799,-0.17806810396687625,0
0.15541251451251797,-0.11280444345739629,0.14658797023597075,0
-0.026309198863740155,0.05738101941639369,-0.010836734333145581,0
-0.0130212766644311,-0.06610020230698282,-0.033418382247780175,0
0.1736507119098754,0.2991630992238234,-0.054461442332231436,0
-0.10022938003821813,-0.020657424919500747,-0.02991749210969233,0
-0.0002676848601316844,0.055509705831522184,0.006665267125022741,0
0.007607630910320493,0.10189873918005495,0.15761842992818953,0
0.04857037105032299,-0.07636582829115217,-0.04955729589890796,0
0.033156252815147086,0.10381741004016198,-0.059375053408614833,0
0.11410502516672548,0.10270145541906801,-0.11665190668881512,0
0.051429313172543914,0.096952414086387,-0.07183172994001093,0
0.06368205020104506,0.09873138115673825,-0.059323435447898976,0
0.20821828685925503,0.0953050491370335,0.08302694168964103,0
0.06065355408610712,-0.11856132934862862,-0.047372229282355294,0
-0.013074362593969527,0.09293718203265547,-0.08448683344954641,0
-0.035973331508757804,0.10210197138700934,0.017599888042262143,0
0.09054076936671568,-0.22797445918727433,0.07366501485652042,0
-0.07634133850554871,-0.027470858389049082,0.08313523815440006,0
0.06328322909945573,-0.06522153250273587,-0.08923644874979438,0
-0.0883205728015263,0.0658643936432897,0.039333029631571176,0
0.152973816379695,-0.003070728902562202,-0.13008075458011825,0
-0.07990993264791592,-0.16152106872564914,-0.05202076041308926,0
0.04373620680597449,0.025093937640016446,-0.09112690113602312,0
0.0586846488131385,-0.05664278770512798,-0.0003579903257328945,0
0.0032680562743489464,0.12325466915179072,0.02268129704648599,0
0.11680679743663068,0.01937966436954022,-0.03190942780178762,0
0.05207428577064627,-0.06523737809610997,-0.11242129524508504,0
0.12081114915005822,0.009333376793634059,0.013713281865089848,0
-0.06668221721186907,-0.05151334276363483,0.14311729489801042,0
0.10540843050400968,0.06828812242717529,0.08110193819590818,0
0.04707862427709232,-0.07468810621918402,0.06366146266540502,0
0.03369780791251443,4.033325803777824,-0.033817951900890465,1
-0.05799958868854143,-0.09238156816427524,-0.1537969964387948,0
0.1070584054793244,-0.023052536404086096,-0.01845203392071858,0
-0.057407362240670584,0.010271680469850414,0.030863468418721413,0
-0.03823724724661928,-0.01738712001879565,0.06647146357017289,0
-0.0020123277558925347,0.0413570538337954,-0.03340616075456182,0
0.12338475162674117,-0.05988851356698486,-0.12195290730944414,0
-0.07234932514145564,0.006503240371866524,0.11972283631876955,0
0.12643790409181785,-0.07407285136856796,0.0502555565771558,0
-0.27044000292710446,-0.027536024191024428,-0.013019398851706191,0
-0.06951883189833348,0.04804669889728855,-0.14818006313840348,0
0.03449433085041017,0.28687170739984325,-0.02438161448717619,0
-0.09680873435301734,0.045640049635709334,-0.011022392192421782,0
-0.1471890132894633,-0.01044884728731991,-0.0626888609275013,0
0.03244782472420362,0.09506203511832753,0.06768970513401236,0
-0.0899509076369577,0.06375244782624562,0.0007377636566694626,0
0.034078181434079334,-0.006751035196659464,0.07824747182367883,0
-0.07702811539185875,0.0456755817606986,-0.06207219439814399,0
0.22485065023654346,0.05422906974105606,0.018861132318941785,0
-0.003361355678102463,-0.011576516557083603,0.036674842184948174,0
0.06189285290227947,-0.12096877056414278,-0.0029247612264250156,0
0.004224862548784179,0.054255832041090614,0.13111817148654187,0
0.003401901374784171,-0.12133600157615182,0.02176831315609065,0
-0.008332752943681037,-0.05858369134458318,0.1817843745399329,0
0.0885435462106139,0.0940389111853579,-0.001488551466069398,0
0.17919601319244574,-6.907732304021626e-05,-0.09040054403211617,0
0.028211143166311698,-0.174928095147839,0.07080615143976099,0
-0.29653354302852863,0.05398613828843856,0.01602162557982988,0
-0.17446844107646053,-0.08113422490167103,-0.03233184386725587,0
-0.11885693466643542,-0.08691739148149313,-0.06630673131302514,0
0.13855369256436545,0.2099711421497406,-0.06131864297190018,0
-0.10633362632407978,0.0024446125638208148,0.03566859477446616,0
-0.05083657292108539,0.09576432652963945,-0.10035606618479131,0
0.012242170832687638,-0.059830017564842214,0.05054370211189262,0
0.13666027250627671,-0.11168187171523869,-0.12384217695326119,0
-0.24756085120286164,0.12649760937937762,-0.06380894837878283,0
0.02282289436938635,-0.03513555094675563,0.019114019109409772,0
0.12323676086929186,-0.0797789346239007,-0.018299193279099898,0
-0.022944799385622286,-0.14288301707823498,0.035142845276700564,0
-0.04760744263179032,-0.00021375795117572552,-0.1626805804568554,0
-0.001186905886024855,0.11483134161541023,0.03739844671373882,0
-0.049685554925160295,-0.01620163363498085,-0.0961764388009218,0
-0.1778630022215103,-0.09820108101371484,0.15713918769380952,0
0.21749558610404784,-0.12522848147284382,-0.07383763869946511,0
-0.051687417396184814,0.04254812278006275,0.010867793353045885,0
-0.11934370544714512,0.016053573894095664,-0.0016780291247652367,0
0.0739453907028646,-0.059458794238257374,0.024844344652667744,0
-0.05550996695958034,0.16694058357409958,0.025744525849482232,0
0.00435687764884815,-0.16744100484368438,-0.0847769270134883,0
-0.09044791984147163,0.06798057927159683,-0.01520746265007219,0
-0.09839921301744282,0.10416075434487167,0.00557418167129738,0
0.02343754223905479,-0.08195811430236913,0.05573189183129157,0
0.1138222171528997,0.16935097275828462,-0.25094554178124967,0
0.014662890089009749,0.13966839448830357,-0.18242289209938523,0
-0.005841025903492357,0.0632691440972737,0.1657249915559836,0
0.083873710405725,-0.0706275076703301,-0.0806884851898598,0
-0.02754984513321211,0.14158784478882425,-0.10714963775904268,0
-0.03227171742246665,0.045899546277294326,0.1498945791064827,0
-0.18196229873559233,0.16615071429679362,-0.11966199570429577,0
-0.20376943895719732,0.01591426638271099,0.07853704083028698,0
-0.006725090607327446,0.011786696430005468,0.07073950866718896,0
0.04414736323585211,-0.030323508913928505,0.04073840297752943,0
0.06387038662531502,-0.022174161855376375,-0.1185843780370378,0
0.02723684765559402,0.06483732308130581,-0.09605658618228044,0
0.25339809288883736,-0.2699134611748015,-0.09932660336020566,0
0.1397233673149657,-0.13975726740234456,-0.23753306635623464,0
0.1725969345019775,0.10741927418135862,-0.023558608157520575,0
-0.057486509145199455,0.0015396476629679669,-0.10164983233994347,0
0.004526433987124643,0.13795651413375296,0.09458037309544078,0
-0.04038736004667583,-0.057196975917469674,0.08624383647606788,0
0.11026780300881096,0.03577436690244455,-0.005156362979087635,0
0.014291583528898352,0.1230102871376614,-0.09010146784669032,0
-0.0875558570952385,-0.1259204222619564,-0.0674848748826146,0
-0.1464286430214938,-0.024334470451494283,-0.06600167439937388,0
0.11577177241160162,-0.06509987700756574,3.8263150893887854,1
-0.10454059477829987,0.04258709591400978,-0.22143542185056775,0
0.14970021179315593,-0.2381674960295031,0.023589294652892806,0
-0.14094478690215623,-0.0641606268986825,0.03411713556793676,0
0.05699146155461587,0.16014347256237918,0.24128845302439295,0
-0.010203944577899134,-0.028695320963320687,-0.05454709935019325,0
0.11441760120529774,0.07313313884703553,-0.027294344623315876,0
-0.12371826461679632,0.07907577877154758,0.08049452716399813,0
-0.02063277463276639,0.019868122570267252,-0.04862684340954922,0
-0.02742567238156073,0.18420234325076706,0.08159566484567132,0
-0.12778848049684602,-0.029838280917332913,0.0018231542589786844,0
0.07390517405744336,0.19837281884011226,0.0823142276571594,0
-0.027749918008683483,-0.0993811460148195,-0.07587183481737322,0
0.09010990519677047,0.011552985690718586,0.09569170307066455,0
-0.2375954861109628,0.06479459054098793,-0.08347356460865413,0
-0.11748643799818106,0.24943091506873377,0.09881706590684752,0
-0.041961498612550836,-0.14463644166953513,-0.0063755922821107985,0
0.05595535630282247,-0.12285285442127987,0.062337822556125425,0
0.2314251773802529,0.12344246253483969,-0.036066864856538886,0
0.15014752453615915,0.0407245610859943,-0.20808301066333734,0
-0.05229107507225589,0.07462575234691246,-0.030375903959910813,0
-0.09298208454670485,0.23816263974417395,-0.07631565212984581,0
0.1522481583241659,-0.06494285379147967,-0.03220711743364285,0
0.1719801901372423,0.1020205425605584,-0.006569708738854749,0
0.0032628049159423075,0.1543438226101959,0.004207744659973866,0
-0.004060186496627276,0.04424344564745717,-0.0906371591483091,0
-0.07882236620006766,-0.11068485469536937,-0.0773320575091891,0
0.08002068698946738,0.049238234387741865,0.012561630064220881,0
0.0602489304115086,-0.0550175576683857,-0.09082091433429189,0
-0.07777625442219953,0.00046759931661223856,0.11659360163530888,0
-0.15024842487779347,-0.06795811075987146,-0.23773077689671568,0
-0.16758102428563665,-0.025515217528961832,0.029475427500126834,0
-0.08895691669127713,0.07031990068428019,-0.0718862464517698,0
-0.080284783970133,0.010270056991362976,0.054113378000479856,0
-0.21142371456463505,0.1021568033472734,0.19744091481454498,0
-0.005876635087543987,-0.06451309077068368,0.11583965526874729,0
0.038628317393439714,-0.07241326034683496,0.0760898818423662,0
-0.02735916827365127,0.20001787774387952,0.031932749946283034,0
-0.04808328468557003,0.01640524905145965,-0.10032558199044528,0
0.016478570588342706,0.10774468757203487,-0.09419510160169564,0
0.09709204415171699,-0.10312767439433775,0.04130577000639689,0
0.1285824189212502,0.1378457224132801,-0.03730758148780474,0
0.19412781869153084,-0.046996659436844654,-0.05958843288099535,0
-0.09062389977768612,0.0660159117760417,-0.045932691501823754,0
0.07517787110589425,-0.06075830688259938,0.02791452283054586,0
0.1645893606191432,0.1357892555501654,0.06680239571428748,0
-0.06086547389655522,0.030249760632279202,0.04262571697275823,0
0.01240015853072666,0.011933589058039262,0.017237589961044485,0
-0.16902001091777893,0.06361520687426757,0.0034082835654380716,0
0.06966291533726773,0.06424888325510446,0.1259052883851397,0
-0.14300146364670624,-0.0373863197418842,-4.1123897771207325,1
-0.062262688790034965,-0.10095674962033181,-0.06447831888746884,0
-0.00019155656300226903,-0.024701463539723103,-0.2231969708375995,0
0.11563628842945668,-0.09142168227635517,0.012256854957335203,0
0.030576547747002133,-0.023135162371167903,-0.03806008038357336,0
0.044022385482951086,0.17639685751928436,-0.13291931535070178,0
-0.08818901349274273,-0.10899059913006542,-0.021429431721316946,0
0.12104193938104085,0.04799039978475018,-0.0456400942472488,0
0.002409825067744304,-0.04510987202960087,0.1547813025178574,0
0.1793254667727114,0.0407487215451948,0.07134060975490167,0
-0.020025346601552068,-0.17499163829911793,-0.11080524147225645,0
-0.14122846462790137,0.04270087159988015,-0.03996384892841836,0
-0.024224604270263878,0.08633380979365352,-0.08258267833439137,0
0.07627078314259983,-0.20090091545367225,-0.04589060797952687,0
-0.07271083048118958,-0.05095692478427965,-0.0925895259106948,0
0.009573080854161371,-0.17916837171257197,0.030985559064034718,0
-0.08201340838144112,0.11665789236630211,0.06024595983709642,0
-0.0013947595738587166,-0.04028257387127543,-0.0996201574814236,0
-0.013813570642796922,-0.028474024061572047,-0.13512677247526814,0
0.07064373496613642,-0.042644543678293644,-0.0700614259646329,0
-0.18102638173928642,0.034261059611823914,0.03932903076505828,0
0.052890328420705804,-0.014113762803853753,-0.07014184739641842,0
-0.0183056760391128,-0.3095576134032081,0.051234526524634505,0
-0.10328915203847909,0.0666995646366626,0.11207165874625431,0
-0.20629158330106462,-0.09391525587422062,0.2163604815110298,0
0.094852268383396,0.054170261613495564,-0.04659479784867975,0
0.018122030560207936,0.018095553199826822,0.022670509460611804,0
-0.06652597395260232,0.02603651064252732,-0.11387617483064938,0
-0.10812908080210373,-0.04638091599756142,-0.1366030594782984,0
0.014106385617611523,0.0195773736534217,0.17275677502033923,0
-0.13655963082139896,-0.055767236602245245,0.022550850568659398,0
0.01730090091045187,0.051137395328484915,0.02203289747004458,0
-0.054550193599027644,-0.18479247105818794,0.12179582265014699,0
-0.17264725134854395,-0.08921152865254856,0.15744453351537666,0
-0.005819507154297091,0.048722027721774516,0.08990428759159463,0
-0.10430489686130494,-0.0028870529379817194,0.005363758660337803,0
0.0903797835283046,-0.06595282509105566,0.006203739490245865,0
0.013272970789634783,-0.07498750316811342,-0.14113709717387765,0
-0.01625765578886218,0.03143054909328017,0.000550043467533691,0
0.00978275488787178,-0.10639642813197257,-0.05814492056778588,0
-0.03559340869793305,0.05653597909822944,-0.03596897475447832,0
0.04492085675398258,0.017317842564622005,0.03451918213763038,0
0.10307447560305948,0.040189409485310516,-0.1354427831967207,0
0.04562173611234341,-0.006845893135628542,-0.13575757982980693,0
-0.0304294866962815,-0.05878418148418749,0.03156694288847137,0
0.04634008258272069,-0.10510551521470264,-0.08109310201123894,0
0.07501718390027662,0.17710993929168362,0.10995362016757533,0
-0.12603829686624798,-0.09462312687509875,-0.06676358512125362,0
-0.0680774633847687,-0.04038617593264629,0.06134494678956535,0
0.14381361217988128,0.16907042725069255,-0.002426476147345753,0
0.10733419909153966,0.12418878214787635,0.006820799598403088,0
-0.09149848045552994,0.006308479179784893,-0.04339466977295291,0
-0.04108484265595352,0.1075417392527007,-0.03359945800106419,0
0.004245609083480111,0.01752881466095824,0.06809115360947675,0
-0.012667491082803451,0.033289702007163136,-0.020747675771539634,0
0.11893423945501476,0.14031103828133717,0.11666254877865304,0
0.08759175924144091,-0.04088953697889857,0.10470115740280979,0
0.021196805926130574,-0.030091530275781115,-0.16065949902705157,0
-0.013929052803702578,0.020057926518449953,0.0723601845614514,0
0.13092210344380892,-0.030333827424308082,-0.1709670841008742,0
-0.16208384658734987,-0.03958680259974766,-0.16048508535886208,0
0.005278929640937922,-0.09865567193187125,0.05375742737232382,0
-0.1015123764589865,-0.07645199772936095,0.17482717153747585,0
0.03098200721647783,0.10301993266179349,0.02988109471061165,0
0.10185918170785327,0.031812142590847275,-0.12195220749150631,0
-0.026116038140005272,0.06873474843286641,-0.03988570436750614,0
0.3197570547608852,-0.06442285246208979,-0.07783640297897099,0
-0.0015113832256993397,-0.14798630169995405,-0.08376652206899926,0
0.13645885494270227,0.045929742298564336,0.02961336028207634,0
-0.11187553881819703,0.04554102315610675,0.15796836914835838,0
0.1951673444943589,0.144860147414502,0.06198274542935907,0
0.06780857246581187,0.16929913552414824,-0.1833228729751894,0
0.011421178948102267,-0.031781912395126295,-0.044361979551560474,0
-0.14167079725732762,-0.07131765514954473,0.04166224110165587,0
-0.001648559866587316,-0.09992498195589697,0.0915139768124061,0
-0.0999291695180095,0.06010416693387125,0.14307027283119197,0
0.02318615421863644,0.1017322620051907,0.014147174225469959,0
-0.05996519622833895,0.08076731275987747,-0.007872189283111864,0
0.11145590882837247,-0.10720016185373134,-0.09073309859056912,0
-0.025194831683550446,0.04733809419546997,-0.19393801483787915,0
0.10297826947144846,-0.11797382599343154,-0.045890522794428984,0
0.21029465160111688,-0.019706303920877383,0.1546528763982017,0
0.11368640514738304,-0.11050182528812638,-0.07876372995724601,0
0.12254212438590609,-0.16116927133413916,0.07197155380266322,0
-0.0867894296931678,0.002149170575166215,0.1226459976518133,0
-0.20433295011270022,0.045651430753417904,-0.04877368194079377,0
-0.1381654652135623,-0.040102790604438325,0.05236349972062056,0
-0.016546591608330715,-0.06460967134984061,0.015662592375364433,0
-0.1369367072248275,-0.012603012640694853,-0.04078045572774976,0
0.06924902619105157,-0.07623997967775217,-0.26797235914124873,0
-0.08045061975288367,0.08629046825061482,0.03452056831933681,0
0.07190605056240335,-0.030043883224748047,-0.0904701468964017,0
-0.2050042265608311,0.10671787331566321,0.027337073549487098,0
-0.10290222168871986,0.09703351606358342,3.9625644952519603,1
-0.05730303156606129,0.01029640489748631,0.002579415979812235,0
0.036866898062168106,0.06641155615524472,-0.08696028550727779,0
-0.029854369244078777,0.13295080518457736,-0.07691662949862213,0
-0.05782742687881931,-0.2797511648408695,0.02397650997947738,0
0.031525347586229414,-0.22551308699663597,0.05108483003313116,0
0.058875455336249584,0.05269456466394097,-0.06587583472775965,0
0.037201634537109673,0.03314182041552268,0.07697675842340071,0
0.03646412714969219,0.07323726469469026,-0.07306957029354115,0
-0.055324889740769656,0.03584500326339926,0.05733539402237249,0
-0.038371372356866315,0.09651637114385477,-0.11773355880175636,0
-0.031573724316421685,-0.06021657790322071,-0.018165341013507294,0
-0.04406639006539733,0.04882311819596685,-0.12526124829143195,0
0.030014659482711467,-0.03577983910248037,-0.09061524338763231,0
-0.08646114042612485,0.03896777055566449,0.007396950727589434,0
0.08306773411136384,-0.0020541135803610333,0.12700717354789698,0
0.08057781433013596,0.04971537032488005,-0.03151494824514679,0
0.011510818882424376,-0.008956867789409613,0.0888966120787306,0
0.14751482338501445,0.05905979906301644,0.06235317385121637,0
-0.04252493750725599,0.10925777405355737,-0.03134856538326704,0
0.27548825772848434,0.05422727305515861,-0.007426524102341389,0
-0.15685858613157017,-0.03124798805229751,0.07931569921259367,0
0.07092842528836159,0.053884213360967374,-0.0659811744405101,0
-0.1428616823771644,-0.0563209213172624,0.09371063294406284,0
0.07922630936768946,0.03951549038224273,0.055155588144956816,0
-0.004473766398399824,-0.05015246623425872,0.05579891826003382,0
0.06334907461315101,-0.0557795388411793,-0.11313586702998013,0
0.07236329830174419,0.011942701220738774,-0.12807389807558706,0
0.03947977859417273,-0.0933880764897202,-0.05604549351557199,0
0.19350553490625455,-0.19312239978152235,0.15839254184865725,0
0.16468510472149314,-0.1552779571180422,0.13417156113868853,0
0.05242453983282276,0.03239527472358491,-0.025054055376610953,0
-0.16610357366681894,0.05797826367647179,-0.11725624946485394,0
-0.21910744434900165,-0.09829711599509425,-0.10077644477112375,0
-0.1471747224703985,0.056808676246661964,-0.04647078908440085,0
0.14069676136990608,0.04823600167746922,-0.030783597407101293,0
-0.036514771017604024,-0.0875711909691543,0.02134409901348061,0
-0.029027138860430575,-0.22771485613782133,-0.08739377020426035,0
-0.12941921313529828,0.19239257341587537,0.08030326117174487,0
0.11328334975217638,0.06397043680065274,0.07634600545404667,0
-0.13448390770296448,0.04021645076965825,-0.06216866892371481,0
-0.045665841529913376,-0.14651197815378478,0.04131320694783353,0
0.0770529393815655,-0.0625382090815791,0.07483271596739058,0
-0.053098692751733526,-0.04819809576638589,-0.059539339066428144,0
-0.020375153222600143,-0.12060507889075547,-0.0655850148596817,0
-0.21146645599852854,0.08281479022303267,0.10734493708165405,0
0.0953380226350788,0.32093760898712725,-0.004776571544366271,0
0.03259088564179596,-0.044616234101142356,0.18213262375380204,0
0.14800583368306544,-0.011089713305870351,-0.17589594159162403,0
0.19761837055298226,0.013826985103877719,0.04381814367580262,0
-0.11596871459944474,-0.0005948203869730107,-0.17542464529517132,0
-0.04959294762358602,0.12381082108549071,0.14048854471861402,0
-0.043245063166562264,-0.1371207927990678,0.03203585116830558,0
0.1700613838747299,-0.04748298008772981,-0.02770344222791466,0
-0.02342290355516133,-0.04243039522964252,0.0705992834348916,0
0.07810104220463099,-0.11379149996833096,0.05336145257790625,0
0.2974611180363276,0.03093203186904124,-0.04930114171367048,0
-0.11549793981948303,0.05660166951051267,0.11665555047191525,0
0.1393758623292952,0.20011876767525308,0.11958126525074751,0
-0.12040298740337721,-0.1428508205374752,0.04546627727051583,0
-0.04645019704664488,-0.050312822561444516,-0.08639133513328556,0
-0.2274439312937746,0.2573630279824166,-0.11295501930145227,0
-0.08725359429657294,0.05494758188008872,-0.011112191737251984,0
-0.07429028223233697,-0.14088676294859812,-0.15737025391591333,0
-0.1591386199898599,0.004206833679242369,0.1148027317637963,0
-0.13285163292091734,-0.059930965530857506,-0.07485688544517043,0
0.03179287061710194,-0.06807830900565257,0.132026152145411,0
-0.05785613329754574,-0.04839043964392648,0.053942353085714156,0
0.0018369671497890261,-0.024790969553524795,-0.16784820039963916,0
-0.09835253576259878,-0.12053293843699364,-0.037647977801022116,0
-0.0029974798982099872,0.11669595783825751,-0.187144916688172,0
-0.08528613101593539,-0.02405391248964229,0.001134590686302012,0
0.08590999994588822,0.015660024052667938,0.09056934600700689,0
-0.10316531737372155,0.09901126771019754,0.11145872484094084,0
0.04967568560318914,-0.09457640372119026,-0.0809084375007971,0
0.08553506716336992,-0.037199159525788034,-0.05963768392727603,0
-0.11375263895902939,0.005102090403676058,-0.057641735556649615,0
0.13884380338965624,-0.06094119350370119,0.03312594015892167,0
-0.06975794130432075,0.03558080018201682,-0.11174919637275749,0
0.018460852620846156,-0.02260413700794675,0.02648767916983043,0
-0.0469624429114009,-0.06859750332414209,0.11917551064871015,0
0.04430715548778758,-0.11798500406758126,-0.027188099042412157,0
0.08555448872818382,-0.02897079291219396,0.15231742191383182,0
-0.18020718784739695,0.053918087930445474,-0.0073866911684754444,0
0.16765332868818994,0.07314177417216745,0.10660919879409046,0
-0.0956087800690994,0.0005240133496736385,0.14863079355612377,0
0.016277702310672434,-0.1429455878967178,-0.13038658824932356,0
-0.13335251377034182,0.22967828139451535,0.16735070890185366,0
-0.0706931233601845,-0.07874098831676718,0.012984285427235356,0
-0.12111911202834635,-0.15407785761974307,-0.014998383074537542,0
0.17983559649978026,-0.14835139812725848,0.030768158002086224,0
0.0009534078689535377,-0.10555601688099053,-0.014400446983041108,0
-0.038200388702719086,0.0915533821778027,0.026953891565591828,0
-0.12519459825880916,0.05568245997992233,-0.06804236580457661,0
-0.14575045271034087,-0.044178789157978016,-0.020395391036332443,0
0.033961729157103986,-0.006784705776856319,0.1332831986687362,0
0.016239387035751066,0.04196766418493512,-3.873819873854973,1
0.19843878407921067,0.1414298341719634,0.03320030273990221,0
-0.010164079063712937,0.04846983036318253,0.036365754344245105,0
0.0980160963153732,0.0028580283975503827,-0.07824976818558282,0
-0.006549181917366944,-0.020541029127185757,-0.05228896707776207,0
0.03761097245176981,0.009152268178551864,0.03165439165839494,0
-0.015209872833504943,-0.07870595058259434,-0.012796990259452655,0
-0.10447563309626602,0.012309188094892117,-0.309757007740688,0
-0.03312159226265065,-0.11008889249097553,0.16452220209134596,0
0.13251557148440526,-0.11979038751998537,-0.024906628674014556,0
-0.01695896524298672,0.06800804263242675,0.1687988011268683,0
0.10837629070866446,-0.0814109597802711,0.009672617027545233,0
-0.021423612475328365,-0.00691072698852508,0.044485740196304295,0
-0.0224007570820509,0.020409132063634115,-0.11065915982458019,0
0.031848910973451945,0.05962430289322971,-0.1562085031591166,0
0.04232591572629598,0.04318085281427653,-0.035659308438329075,0
-0.05000172134944948,0.028884643054197596,-0.1440422638293226,0
-0.20870996985500537,0.17257522361062463,-0.12247779510084272,0
-0.04823573440068418,-0.05047654608908589,0.13654345592898676,0
0.1398367837831572,0.08323281659703864,-0.07127258793649739,0
-0.008192220467834568,0.021357110598523955,-0.09974618648241657,0
-0.12927135765188477,0.08422798462297768,0.03112291193588658,0
0.003921329691979074,0.0010839556910214093,0.06280134128084519,0
0.10924160422150253,0.0031304196395428915,-0.05733978586607496,0
-0.2679345208246947,0.009995738198742886,-0.03147080667310253,0
-0.04470168326514101,0.007153093510172551,0.049027365514553285,0
0.0052277499827403425,-0.10719290662405422,-0.044480277716121404,0
0.11606621233801882,0.02031185534366696,-0.06242827619686815,0
-0.07684288633738473,-0.0680247862577436,0.030804297886391954,0
-0.15472093668825104,0.1466234249671508,0.002322469760351653,0
0.10362673625539182,0.1114425417780982,0.05651373388549788,0
-0.028901382866823366,-0.16076129660262267,-0.021894257237013715,0
-0.1344976495067126,-0.24915605489887738,0.0622724582405052,0
0.10078444252385133,0.004580049091675219,0.06946810972357874,0
-0.11697225011092541,0.10249301631647477,0.052359247915752055,0
-0.019672607139762613,0.07307848156615891,0.05497470005410319,0
-0.09935067413206844,-0.04472168165283886,0.28172940839200483,0
-0.013374471289007936,0.15337012245367931,-0.02519613993204979,0
0.21398437067423381,0.04673599777496214,-0.05542930854421253,0
0.004209284141510588,-0.035298113320907376,-0.31410944728987494,0
-0.06179072051593903,-0.03351087485951601,0.0990168648159732,0
0.03779066513729637,-0.02886139868500009,0.004671191739195845,0
-0.0694658710469977,-0.10379651092138834,-0.033199409642607,0
-0.17907340460238985,0.07461980452638454,-0.02684886669082544,0
0.10790164788650253,0.0702450085578134,-0.0423602567059085,0
-0.1518454525040157,0.04862615511912933,0.013782714316627809,0
-0.06243913863901084,0.06367736584239238,0.12905396894939813,0
-0.014599282853134415,-0.14107818412425877,0.07376047099189983,0
0.12640859951567723,0.0785768695086888,0.07414699810493118,0
0.025372860987352336,0.11368152100913123,0.06290481338534944,0
-0.048301476598600956,0.0017611282682604736,-0.008828486244875268,0
0.1500878819045857,-0.07342884717125686,0.1771033820836697,0
-0.07729361448128502,-0.18082263829362422,-0.017741906443779557,0
0.08341500314382641,-0.06801069113782487,-0.12501122500335307,0
-0.13518541305812246,-0.2443920646373579,-0.0465332975490251,0
0.12714028175493416,0.035112396955352836,0.005555818380046682,0
-0.05951165489392618,-0.12150660500294977,0.13665956659763856,0
-0.039794677401836606,0.026948255681471075,-0.08749379280487501,0
0.036798401594815976,0.14037261908343465,-0.03971088715276047,0
-0.049277749458920606,0.06561046091254234,0.03128849327433491,0
0.08005199107350303,-0.12671827702780908,-0.12776288952006493,0
0.04592812936109765,-0.020705442807549844,0.0948258899199903,0
0.03498047127524946,0.1483721805870623,0.007001463411590599,0
0.04107837316979359,0.041276148233043285,-0.050242975659445334,0
0.017706398879732427,0.03422163722555912,-0.07149576651583724,0
0.11125002476160249,-0.07929830745731603,-0.011397762003087869,0
0.0029863539648228806,-0.06450646986837477,0.06008098668557889,0
0.005227019461552594,0.036446926961893035,0.054546366342345845,0
-0.009756669621026146,-0.01034954574307237,-0.04639304685500542,0
-0.062011552309652974,-0.019510524536806573,0.051938145687662154,0
-0.013326465315781202,-0.08065640375185418,-0.01570373615608985,0
0.03414336940234745,-0.10262674699703263,-0.05584486832831426,0
-0.12473898729502766,0.2196061964406018,0.22246452818436238,0
0.027404563567203347,-0.012070067642519368,-4.13205084005891,1
-0.05780537053370432,0.1158627833500575,0.14277499006857747,0
0.0758100361148022,0.0015542427477457192,-0.013399477824765544,0
-0.0005235588556458483,0.13468881202763583,-0.2394016468167185,0
-0.0673407729284645,-0.188579908743312,-0.0009336406191931199,0
-0.14248908264155793,-0.0005780702496547067,0.12317694521062766,0
-0.09608661221289878,-0.07017008312545969,-0.10868479673539705,0
0.1638780954054293,-0.19077568502118775,0.11786209447330452,0
0.10324500350348303,-0.06532102199842653,0.0291281805918851,0
-0.0852177914172379,0.013561098968473073,0.21836279265865266,0
0.12488959042490722,0.011477863772736735,-0.09338165995593535,0
-0.019487474067295067,0.008560427053026818,-0.07256786402075997,0
-0.019524604180742793,0.012004812083469082,0.10589893778920037,0
-0.009433491087867441,0.015971895500190823,-0.008031015459385017,0
-0.12713094814634068,0.027672251122915353,0.1526229532775137,0
0.014434785079191492,-0.043726184703308205,-0.07629253583219014,0
-0.02111502709702113,-0.004536158004242097,3.9852969928031796,1
-0.028332883189618005,-0.07808472294690998,-0.11995920045141431,0
-0.032766409928141,-0.12501084175641938,-0.07413537768231242,0
-0.10923922532451431,-0.1270927222121734,-0.014699515215831738,0
0.07763838844949021,0.13852693809517633,0.035402999882908064,0
-0.02129979891518111,-0.03905786740538637,0.07248987885334017,0
-0.17873741363973936,0.05837285132380813,-0.13766752900524204,0
-0.08584593187525245,-0.11167944277721127,0.07109139080171317,0
0.09891902792940646,0.06287336060395958,-0.042803418491203254,0
-0.09505441383111957,0.16766520658700065,-0.12806750466948122,0
-0.1934027264430904,0.08582603064785241,-0.030392658251014344,0
-0.06804910163685253,-0.08176469855029372,0.14407414202761018,0
-0.05255804786263788,0.031037293873597396,-0.10456665488067972,0
0.04903809235120476,0.06400464983296364,0.15144205003357009,0
0.05606292382934868,0.011740520828298654,-0.017987230192636164,0
0.20197383028423435,0.02414155859304881,-0.09389355931243362,0
-0.07659222579730517,0.023123934115607064,-0.061175562605742445,0
-0.16847057382407316,-0.12167878118376069,0.0034687651094354927,0
-0.06918583586542913,0.24121249565287398,0.09450281426535512,0
0.27093969665667567,0.06339473304844065,-0.1077166637069636,0
0.04415727514054265,-0.0959983023249174,0.05545576538055962,0
-0.07398052360967051,-0.07643510422763926,0.022258866937739746,0
-0.2465198382592627,-0.1768156129367263,-0.003496780496276341,0
0.0857288257290655,0.043785643598803235,0.08669908516433554,0
0.04926661156810997,0.0975606732951665,0.14236412154219322,0
-0.20553813153183842,0.0747975070915841,0.087607479174967,0
-0.025658665065284293,0.09183812608071991,-0.10140175466105111,0
-0.03351319833541817,0.1830286995780387,-0.01171804371152857,0
-0.11772172836329482,0.03862489583370173,-0.1173080319213326,0
0.018562952459682213,0.22868704502125206,0.06627011871976528,0
-0.027717191565668445,0.1746063606563475,-0.0011583227676492793,0
0.008815080482818807,0.06943674913951252,0.15886532717563562,0
-0.005651262280849311,-0.025725429985353904,-0.0026264855898547727,0
-0.05899236639117572,-0.1498798402524295,0.06234497225042949,0
-0.051862311637561255,0.008584905147623435,0.1016801005540379,0
0.06379263559969515,0.05571077045314961,0.0030410598745470594,0
0.1660010853856836,-0.11761759137737862,-0.07307053859439781,0
0.16460684070908094,0.045063406656025484,0.26236347854117403,0
-0.10070712164431779,0.06396311179525287,0.16357094937437452,0
0.0726582671264613,0.12021566735362132,-0.013483606205167932,0
0.09692399295046955,0.08091947786955483,-0.0029494499057922748,0
-0.04762332138805753,0.168953524307783,0.02097113757172728,0
-0.04759647958753871,0.05742219280923886,0.12461498676845967,0
-0.09359632006267056,0.10577586942997186,-0.057018037486252095,0
0.06441520734653226,0.06928036756693888,0.04097468990717509,0
-0.10859108499509673,0.045949830246609355,0.0503153949112618,0
-0.009032803090482877,0.20287136215673518,-0.09151679314507027,0
-0.018209569189788024,-0.10470343371580917,-0.07994269288238953,0
-0.047145183289185044,-2.038138999404214e-05,0.020575609769452694,0
-0.01403189617009988,0.04419522936387407,0.022790769739768752,0
-0.07796032386968033,0.08323903215724562,0.058416890468855044,0
-0.038521927751967576,0.014845519277255062,0.11462369691483743,0
-0.3122629252284149,-0.07871381615714937,-0.1067217918399772,0
-0.007262063097027516,0.007470238575323276,-0.018895850442947747,0
0.009331885288472624,0.0178482546307798,0.10047184649202406,0
0.07542625064071071,0.02291370500767502,-0.13382990351017374,0
0.05777261379352819,-0.0898654307527254,0.0030171369649921818,0
0.023914355053529665,-0.2876750786097963,-0.02685216422307667,0
0.07115966986642523,0.021005816739713853,-0.06742780447105422,0
-0.0733229854033278,0.030083358373031208,0.086809945011899,0
-0.004808744078186943,0.0651749873452523,-0.10151646389749538,0
0.16495332024386417,-0.009384748458615012,0.0543135481814333,0
0.052000001026290425,-0.026893236723838993,-0.03172583275731426,0
0.048951405327323116,0.11063457359561402,-0.026572798580053004,0
0.1421334803882996,-0.07536239937988343,0.07828646059780815,0
-0.15235653194531984,0.01343073521543329,-0.09364852510483798,0
0.0003335348395003708,-0.028884940069606554,-0.005773682795081472,0
-0.03630645291467887,-0.07829892013281681,0.1133562617842663,0
-0.09365915960262781,-0.08891291331064614,-0.05149357062273781,0
0.08554852187622128,0.15371569577554176,-0.15010834761416336,0
0.022814855290331535,0.041977594777218186,-0.022119387155500794,0
0.22665852389709054,0.1203798098533488,-0.1651382184601187,0
-0.07864969295244867,-0.016467843636851085,0.039344071392442274,0
-0.05499516869324061,-0.04187487023155847,-0.3142959008469268,0
0.008145410149195594,0.07584934468244807,0.1704170250788539,0
0.028022868225562648,-0.029812875963651238,0.002745736603464958,0
-0.04102904934335146,0.22367771153488458,-0.01998496442621572,0
-0.03848319062707462,0.04213031997387982,-0.07239608852017372,0
0.0037278758047516753,-0.13667666349756366,-0.04253254833380185,0
0.012946323659778436,-0.03882825170666559,0.04229746210673216,0
-0.06364370996292723,0.19718589637087677,-0.004624488870855608,0
0.010627968422626569,0.009417589488140874,-0.015725620173470775,0
0.10325768953613071,-0.06508875888520964,-0.09870971789765495,0
0.0400383485341573,0.023257719913911477,0.04767815497213627,0
-0.13598383888958956,0.06831413068905824,0.20986683153428515,0
0.08365224596914722,-0.08923669036186845,0.012425301134785204,0
0.11626932512912974,-0.13130007271734231,0.12062047230789569,0
-0.12668238855456782,0.07998314701840438,-0.031181059744942143,0
0.11915328363616279,0.06592795689856672,0.01004842814835702,0
-0.01688826841115565,0.007105893358492484,0.030978160938136823,0
-0.14512103572988558,0.07508777973242446,-0.10601760871904219,0
-0.018579805445348336,-0.026839913608847972,0.04416227589546207,0
-0.24394569294195537,-0.17643705618580482,-0.053305564355778524,0
-0.016671149793575844,-0.002574008597810793,0.06366484916470534,0
-0.21391601425363396,-0.24731135666479898,0.10885957359750442,0
0.023228577337898647,0.018581217390967752,0.10549789242072943,0
0.01584332859771043,0.11159123809353187,0.04935652755888001,0
-0.07474096365113776,-0.07710795567609925,-0.15528501964140942,0
-0.08157652219243819,-0.048373251923415794,-0.10184495641056507,0
0.08080782737686981,-0.013137245065611553,0.1273819833890706,0
-0.03124438514694594,0.026848017517012875,0.04140020420500309,0
0.09467926815179727,-0.022712723017926206,0.040036065304115465,0
-0.06703153289351832,-0.051590669337583696,-0.11423150865768641,0
0.12423936787509904,0.0016256044043177435,0.13606654486688616,0
-0.035647439063253954,0.0688914624678697,0.1873702830538288,0
-0.01727631230134911,-0.029825810939569763,-0.07527412633571176,0
0.0881846180016037,-0.019724921238791365,-0.0716329152603192,0
0.027992877021741042,-0.09087911765194699,0.13901735689403102,0
-0.0841921896557541,-0.10324693670090986,-0.1279885298695381,0
-0.11510518763136875,0.0942146643456493,-0.04869381095759493,0
0.004112656272644066,-0.0663983975896107,0.14313135411709582,0
-0.09801187781466933,0.15031555077979653,-0.08928031148952233,0
-0.009222198365426709,0.040455833683819976,-0.08404464630184894,0
0.052946891347347064,-0.1645894183636449,0.1936671691667456,0
-0.0695354105928257,-0.03919525675400362,-0.12628052459289368,0
-0.010623823485213799,0.05474339919536574,-0.03393416990972846,0
-0.19494358067822476,0.1320456716553124,0.026309895274858663,0
-0.013819684075470965,0.1966877607875389,0.0016258471957908743,0
0.046295407989222416,-0.10553840302556519,0.12085777689790261,0
-0.09048779253802862,-0.054434503290507065,0.0465289944984274,0
-0.1201923291752653,-0.08739061054490163,0.0032962305783595263,0
0.09336239741092295,0.11103486612689767,-0.1276345829653655,0
0.06835739437298782,-0.026588564555895103,-0.07821392230583551,0
-0.07466002725724105,-0.11835079473834265,-0.01937186382448058,0
0.00123582390293164,-0.06516010534676343,-0.07512631058234154,0
0.13626096066404475,-0.08503151407502606,0.12022482504146773,0
-0.13561287570077968,-0.1252165128163813,-0.07856227645860674,0
-0.11976991898716827,0.13402227981058126,-0.0765203621655165,0
0.011688555307008111,0.10623693872235357,-0.03465758265400423,0
0.06184870071118901,-0.20360176500531676,3.9855585383033376,1
-0.052244755141331305,0.1302557083848315,0.04176631282315782,0
-0.14512407480879605,-0.15024751582794735,-0.1271819912040182,0
0.11452190133902507,-0.004888806804773304,0.1695384372343374,0
0.15825183875225637,-0.1508473819299935,-0.05768110546562244,0
0.018610170901154077,0.06287032082005892,-0.022198788477614074,0
-0.016124182399054634,0.0552782197051103,-0.09147879582698881,0
-0.12462800011725471,0.027587131348033974,0.07490654322875377,0
-0.10991493415194871,-0.1272612596342072,0.0014798351852192526,0
0.17328689635113903,0.10737043252188312,-0.059038814826249744,0
0.13861816785617095,-0.09333976300525304,0.03244607657541902,0
-0.23293733513806858,-0.1590339081714172,0.04376783944866663,0
-0.0035337751890514076,-0.2573014011731789,-0.12676521752006106,0
0.037428249560461084,0.03257391840957032,0.02263909899883632,0
0.061608651614198,0.05548778902503437,-0.056958308471599384,0
-0.12116664446119517,0.08399377429918642,0.20511418987474392,0
-0.023727554554750535,-0.17339350852579274,0.11642661155578711,0
0.06601350844551201,-0.08408990749496208,-0.005792781326793485,0
-0.08211913211381298,-0.0038389132472221154,0.15474916749340206,0
0.12217672526531614,0.10035718941312102,-0.1758932854531563,0
-0.06917419829969958,0.17559697522510254,0.11074984694940132,0
-0.107730731868798,-0.006474283752532362,-0.028067425859102765,0
0.17303238537206053,0.007096423550129936,0.04085409187472632,0
-0.03942661607019235,0.05589953957579516,-0.12358448669652551,0
-0.10411039717032022,0.02559441434004167,-0.0462598236700057,0
0.0069733907445579104,-0.02554149810768513,-0.14190406533965358,0
0.061364412800204576,0.014207577216225897,-0.07873648811583182,0
0.004544975835441153,-0.11649834430031897,-0.0815576272443167,0
-0.10746780597439361,-0.005636611795042875,0.0532653235187742,0
-0.19074702056824455,0.1361043169808807,-0.017742126270087435,0
0.0565527694613191,-0.0646458301491884,-0.10965476815827946,0
-0.035380594676131374,-0.04166928868834694,-0.08988206166662617,0
-0.07770454101073865,-0.06522266405226246,0.059567347932715856,0
-0.10422040829529595,0.08738432770846102,0.08941619226988118,0
-0.018062932996176794,0.33692915422078157,0.07201724609260811,0
0.08424711392822316,-0.004786582243105975,-0.025243721968931116,0
0.06888922090459375,0.03251429021834921,-0.04667321034027526,0
0.07382993018895857,0.025065809598166695,-0.2541888679765948,0
0.02591429601248816,-0.012493274975905253,0.21150661019428166,0
-0.061098866946881006,-0.10935875856490439,-0.04766716255213938,0
0.014652835138309374,0.07563612753108606,-0.18101989689716028,0
0.16060116845126904,0.0211823891048792,-0.06178323618933617,0
0.1500629216700898,0.010548999189835366,-0.007562052096875816,0
-0.07902409464141134,0.0021589698073895052,0.0057751141543702965,0
0.04852061596046936,0.08971506445889524,-0.07593201985791687,0
0.06861388763051947,0.057913643210067034,-0.1159335595673078,0
-0.1269349866803004,0.022226154717133247,-0.14020884480317772,0
0.10370946578381404,-0.04139922187862798,-0.034661473311021554,0
0.12462646953175985,0.07117558523238296,0.01123644600754675,0
0.024777980397651285,-0.13190269181389908,0.09459513342299375,0
0.03987983842442251,0.02431505456559209,-0.21327063351312092,0
0.013581664249825473,-0.13194229964385212,0.0871985226983917,0
0.0829234615053795,-0.0036305144837384448,-0.007118325937884965,0
-0.05861822171423317,-0.07480248339924048,0.02235584324511493,0
0.09246372955049556,0.12097568931592613,-0.13580521773846024,0
0.12505949757746113,-0.004434953525433441,0.25902838044102233,0
-0.05021700702598128,0.10291835564240553,0.029909221492899842,0
0.0854729556098797,-0.07270893689497886,-0.18420977654009058,0
0.12796265411123245,-0.028308477653190767,-0.12195723435335047,0
-0.09585959341529104,0.15278206035101172,-0.2548316268448963,0
-0.046667708824015997,0.1291635879070755,0.08571799559660374,0
0.022782750467463943,-0.0313472142557613,0.012013407557810664,0
0.11543756563422113,0.02341553285839012,0.31562862149897586,0
0.014721612430063598,-0.10243398795544459,0.04724395133013852,0
0.27169512287307546,0.09400211419832472,-0.10230949624642936,0
0.08261485569628615,0.04750065613584531,0.049561009571111245,0
-0.1286167734183917,0.03623055855464952,-0.13015314215703358,0
-0.04585039399104014,-3.866399768175881,0.022284326649694604,1
-0.13041590883475843,-0.012129656040505398,-0.03170594325179389,0
-0.08057563646730524,0.26073470443992397,-0.0437885137928895,0
0.024604530497670127,0.026880474454790998,0.05802961228577358,0
0.10523840286634037,0.016740976725470848,-0.20967151057889835,0
-0.00925211363684941,-0.027536129820202565,0.1972286327981107,0
-0.10449660780018824,-0.03849671203160447,-0.09350339140381109,0
-0.08979563156957547,0.20187301842396488,0.05561378050371092,0
-0.11395700393268311,-0.1565628951042063,0.09596309018014411,0
0.10808936981823712,-0.08421335588401625,-0.06438406585835224,0
-0.13737632069802833,0.13957322702521507,-0.1562683304929739,0
0.04172730563848745,-0.11390766829924451,0.04960186169989717,0
0.04352622882537582,0.043269384303583666,0.12984014524478982,0
-0.11221577040316542,-0.07547198640862052,0.1347867251769648,0
-0.12158107432372407,-0.006166774616665788,-0.06439740838999745,0
0.11932055919900252,-0.08615279284901399,-0.0275316373756979,0
0.07733198603606756,0.21118760340596496,0.11479798475296821,0
0.17533070635248516,-0.06547274025094856,-0.05818617612883569,0
-0.046799133896369666,-0.08866428053565797,-0.0018726623163274722,0
-0.00839684321882912,-0.01315997276937598,-0.05455778803803485,0
-0.05366766673712388,-0.11016030797310816,-0.1007183636556859,0
-0.05172194190225532,0.036480638748335646,0.001017865551154337,0
0.08121311774541756,-0.026300878813410984,0.07060305334938131,0
-0.08979033789519986,-0.14707364176250595,0.0682095426472146,0
-0.0030222851164825315,0.1298568363116125,0.0184231707584778,0
-0.011774863762893509,-0.22358894963567472,0.05457155165937641,0
-0.04652010554106423,0.20421735286907403,-0.05451305617589147,0
0.056360732763753744,0.18851143102268206,-0.0802754831584241,0
0.014903477995619375,-0.05460427388474377,0.024683432633090037,0
-0.16362931017652826,-0.07442748230704217,0.0015194812649676724,0
-0.04112034694123906,-0.04229784554520439,0.04604380750262196,0
0.1137117959724327,0.021054172372454282,0.04956327168883913,0
0.10664657379343073,-0.04233982503591286,0.0624886143859158,0
0.11461932466691183,-0.03473523528913068,-0.04139663329349286,0
-0.01182276585029109,0.11947934818768197,0.0646997536485444,0
-0.0689272086067957,-0.038345470110408425,0.06789829882257939,0
0.10014907148803365,-0.0895292595808273,-0.043527421883851634,0
-0.09122764568977605,3.8927558025326876,-0.12133960224023471,1
0.07836761798402757,-0.1443673618378785,0.009854942233144065,0
-0.17506134235879092,0.018228664895644158,0.04525927557930337,0
-0.037222782955114615,0.01815508866545585,0.20542967426019323,0
0.029166945914172123,0.28157981340268096,0.09695868578597007,0
-0.11748389904991151,0.09183525271859949,0.07689756455813188,0
-0.08918212405246342,0.06772218095313272,-0.054773304293440385,0
-0.18714823052969554,-0.28617800998334814,-0.03332046358300257,0
0.0918469146911969,0.06874912234875251,0.006645217340707318,0
0.046498197004178614,-0.08863139094120714,-0.018626417089104327,0
-0.03394537045783999,-0.08988586605576175,-0.13219162360068817,0
-0.028908188861135494,0.0013240523457929616,-0.05543969046033136,0
-0.006627226617198437,-0.0047464793568952925,0.2551350443896674,0
0.02690899546412734,0.07928346051192153,0.1393159953642025,0
0.023815762204030914,-0.025640941869419925,0.0955174943340297,0
-0.0568619643983216,-0.14577560319051278,-0.0004152632247933347,0
0.037297322869240514,-0.01645113115609818,-0.053302233518530986,0
-0.009819172768454539,0.0330258834033997,-0.013940500477597801,0
0.02559678178661668,-0.017915379675382627,-0.03305472761784888,0
-0.25605311606788966,0.029385958857854395,0.009632384803131422,0
-0.15807673475349482,-0.0875079942679376,0.11205703315585476,0
-0.03828198965535538,-0.018432902692513336,-0.014233352701744915,0
0.05063538770450924,-0.056887620789672036,-0.05682294024735617,0
0.0036751299570301995,0.05086517649860875,0.019767088083593395,0
-0.09784105825581974,-0.000196076609093121,-0.2282748997958649,0
-0.00015272323013568043,-0.008195773617192585,0.016457461252151216,0
-0.038621870798080514,0.24922808567379043,-0.14893730681338432,0
-0.07160565295073708,-0.026449754019874983,0.07172113114136514,0
-0.027821816339454953,-0.06889368228007035,0.03105989589375241,0
0.0744999646465299,-0.09111566252028905,0.23410891708963413,0
0.023422513025752517,-0.04337808477948381,0.021876468039401985,0
0.020466657095788973,0.11476565347864523,-0.01132764248621583,0
0.0012333846809729865,0.04396155517092298,-0.039742379741073725,0
0.1624145740032221,0.13248665694544354,0.16227570885797382,0
0.012506870478850999,-0.057934620740894574,0.06331994760736336,0
-0.11985161960901419,-0.0011916860996282336,0.02029338096477466,0
-0.02424139656621216,-0.09098724186139573,0.0030338952854179436,0
0.08322657559086977,0.015273918308665136,-0.06688711334409435,0
-0.06723526124940739,0.035240876018330064,0.06744759538580894,0
-0.05411394194511933,-0.11891713916643923,-0.04729074626779274,0
-0.11143192012815362,0.0888654375489018,0.14072050839279807,0
0.06930261366600125,0.0817676275026363,0.028875276981318084,0
-0.03451576767066844,-0.020431029083025527,0.037347135179076424,0
-0.15195496108205278,-0.006985145843076085,0.023169422928595664,0
0.016755955671254888,-0.0159903596648989,0.036767776419895336,0
-0.05393842030112542,-0.007776478637145791,-0.08310306942667646,0
0.20795694152035962,-0.04408084667077503,-4.055509083765745,1
0.02416349900585564,-0.01892946037537742,0.01247475591868726,0
0.014107297299542798,0.04312246192183966,0.09973851741726258,0
-0.051330777435344845,0.0463919591135612,0.07840750478545849,0
0.08520514674827813,0.03498230031233414,-0.04771551658213834,0
0.17675420252631957,-0.21958430258121828,-0.061134330898953065,0
0.10339926592618254,-0.13489298960398421,-0.1116083182715531,0
-0.0019727095173989544,0.04295600773489585,-0.03529633904716431,0
0.0913620711581908,-0.011924631703968127,-0.12689604924004486,0
-0.08146223007969774,0.12298688986942007,-0.12398023415176929,0
-0.06655436053498426,-0.024576058219571886,-0.12011769427289261,0
0.015627201877844648,0.056269819550986235,-0.15510585425979725,0
0.1183033315302372,-0.1297757302837012,-0.22712940631273032,0
-0.05248082158372916,0.0673895005673733,0.04268875289089603,0
0.11741703521878584,-0.051547442596969376,-0.014945493579066611,0
0.05546803190011527,0.3693712125491724,-0.19350307893974797,0
0.022330529360182955,0.13675311244096147,-0.15552493848292218,0
-0.10008963330270895,0.0701981501985714,-0.030053579702924278,0
0.04572299670206582,-0.10282398544745029,-0.028916951810065785,0
0.042201449897796714,0.11329420489363043,0.07171642432732232,0
0.03768743492098785,-0.07507480112187401,-0.04182837310402357,0
-0.03617445156039661,-0.1771966483517582,0.13086065437234487,0
0.014598605492896552,0.19237471664340958,0.02959399190289896,0
-0.06885677745921163,0.12618698637797007,0.016946876569703385,0
0.05338801800209123,-0.06411328804500736,-0.047617214002333735,0
-0.005149171364281642,-0.1189969395741007,-0.05250563349893918,0
-0.04452989816053298,-0.03588052317565435,-0.004848292058682815,0
-0.11087037293346597,-0.039843502340570276,-0.18392169493118085,0
-0.17257194176837626,0.012837052955602566,0.07299152059156998,0
-0.014203101171502057,-0.06351418255667511,-0.01407647929947832,0
0.10241665595957064,0.023783196784593605,-0.00841996809213586,0
-0.03262301884164065,0.06328958694072456,-0.01531363778595627,0
-0.04697547010760365,0.037239789885857286,-0.018504547818464966,0
-0.0716887366689526,-0.148710840835079,0.08463983017464749,0
-0.06301413386804289,-0.1331448421115344,0.012300066215526938,0
-0.016219529308938562,0.17534917875284978,0.04100657734151546,0
-0.08504896161640535,-0.13051293733770444,-0.019053933081198998,0
0.06097992070176041,0.034612084923997734,0.049674597637109116,0
-0.04241052263530688,-0.014674564883695597,-0.18810822574266195,0
0.07069141274448235,0.11940509909247086,-0.01915905115067553,0
0.0025454152863125775,0.07478849314839076,-0.14663956058108532,0
0.09492574197083857,0.1719149315857988,0.12372003628049114,0
-0.08746346911416952,0.05669607780237428,-0.04304944705636437,0
0.008391071544646111,-0.08702090223256659,-0.11971755555279368,0
-0.1335519294466012,-0.11858119232731353,-0.015768438680187024,0
-0.12357453405834573,0.0319452746811731,0.027428503138903312,0
0.028146543814874782,-0.046852460075827086,0.0598657689872823,0
-0.05811187169846589,-0.00842381429321717,-0.09522929208479547,0
-0.0010264924081638924,0.0644120100283506,-0.03190272975470432,0
0.026005735619458095,0.11727649339764193,-0.04538434963619364,0
0.10360608944943442,0.0029211675051579776,0.18446126074384597,0
-0.030178982696163415,-0.09835685258735871,-0.040618727281528835,0
0.05481355284126227,0.2178746274139326,0.016792947312921285,0
-0.017627633939143385,-0.08757498030473942,-0.08344925399966084,0
0.1946408643196858,-0.054301171432174,-0.1309834785472431,0
0.05536545792393656,-0.03517065541861024,0.09291804859339191,0
0.056890832215265474,-0.023188709415168412,0.21987183308217628,0
0.0670441660371763,0.022593084960778775,-0.13507859894787771,0
-0.05195043246612061,-0.031115990061223366,0.18127766688868752,0
-0.024627146457328504,0.09711186765068189,0.028658133633134093,0
0.04540418725270153,-0.1374140573454514,0.07650916939653883,0
0.010716661205830437,0.12684842698254395,-0.036782419816391895,0
0.02184939526869213,0.06767324726675601,-0.24533332966128407,0
0.0227320376623284,0.15381524548321113,-0.10924076462397432,0
-0.07235101536627547,0.0022552151142455133,0.16886947529393095,0
0.1150398115325943,0.09127129819472715,0.0913923589798487,0
-0.02931260552747135,0.030802714081068352,-0.022174201449913642,0
0.015679234098748017,0.04324972017053335,-0.05489931821019467,0
-0.13826498359429312,0.028642926380799374,0.1327656322812857,0
0.06187303430285317,0.016281493983054868,0.19799447719466767,0
-0.010306408915904584,0.0680137629989665,0.016494772456700228,0
-0.14746969092994894,-0.08070849225725266,0.035050854524802326,0
-0.11134310434739514,0.038095759904642035,-0.20551994407431862,0
0.023638716435483473,0.09125308456863561,-0.058045021805022905,0
0.06068527429811676,-0.10285376240033438,-0.02243229112597005,0
-0.053409598768866556,-0.10419032976823861,-0.030040433213996343,0
-0.009565576515771676,0.05730280435565685,0.10578120987699036,0
-0.18865266797816502,-0.07251749286556668,0.15580044177556812,0
-0.053555857616973235,0.1240767244769046,-0.05842215846184348,0
0.14216410557662082,-0.05838600330198569,0.05567736453602456,0
-0.27817065912399225,0.014125194979531694,-0.2525747316546136,0
-0.004067613313442855,-0.12169628998341737,0.23893112425492125,0
-0.008596050038732971,-0.17318159856235305,0.019928721606655618,0
-0.14023964771539685,-0.021710710785727325,0.07637242416512881,0
0.21899910290738123,-0.03036906632863919,-0.028763496542143253,0
-0.041510404368156485,-0.0426117230475677,0.014408539669651839,0
0.06174589070413936,-0.08127230450302726,0.060766253163682254,0
-0.10090840764051681,0.22107302937267673,-0.045277736592269094,0
0.14182124833642545,0.04263034368827226,0.0237109622233829,0
0.04617989696440828,-0.039524869352160354,-0.053045944875337564,0
-0.08471986383362896,0.02374986598966672,0.04540314927016736,0
-0.04844155455813512,-0.029998088097140337,-0.19335570858731568,0
-0.13680268690783595,-0.06804524239516939,0.1601923605912771,0
0.026604277904656068,0.10993440245596767,-0.047546237256967105,0
0.009171703552388786,-0.18698036880213015,0.030849553399165466,0
-0.12210612208587975,-0.016592960406212397,0.05154620901983106,0
-0.016613213608112607,0.14030884574749583,-0.08412480160365804,0
-0.10762324070003065,0.06485327864832702,-0.0236502597192181,0
-0.20640518902942337,-0.01944843219229191,0.02505121372084523,0
0.06056565211575844,0.038212255859288814,-0.04765986459653877,0
0.04596887570955929,-0.08090537853996446,0.07949430103372654,0
0.05095355091550346,-0.0346476487207454,-0.0955697099669228,0
0.06204617759674494,0.138391220065502,-0.05400420087808852,0
0.0925786760838069,0.043961653841606,-0.03396379095952425,0
0.14976751752271253,0.12519664215297996,-0.09641323792894224,0
0.002477240243730554,-0.14266429078058623,0.05642986792662075,0
-0.05703044838456395,0.11647856475711854,-0.01391474585116289,0
-0.05114429433993949,0.15572167853997512,-0.0001246101849966754,0
0.03907276303499839,-0.0563104603888325,0.04457974319559444,0
-0.09944806706137327,0.08470976203585916,0.012551485725949935,0
-0.05935018316056112,0.011430238860944875,0.015436754150303808,0
0.0256598830251263,-0.01983658680376623,-0.027887821213395777,0
0.02115526828859543,-0.1659439316548551,-0.0615723775678228,0
0.04405152237227767,0.0713087636751596,-0.015491531005740881,0
-0.005703107233417113,0.03477409899286602,-0.039768337268797964,0
0.09918195504410743,0.03129100739739731,-0.04777239373300904,0
0.006391858101958487,0.018629642499868492,-0.06283336499820287,0
0.09992825052997878,-0.09304248383227286,0.005622671179404204,0
0.15423870416512606,-0.06943435096515245,0.06337683858896026,0
-0.03474910513955303,-0.018873268475890905,0.13745190369521454,0
-0.15321065073043033,-0.09427391551755877,-0.16841628014792978,0
-0.04678077230247646,-0.21337321968662884,0.10026933985456715,0
-0.015379539580866406,0.07506989995041828,-0.026318877369754207,0
-0.03763445975515394,0.05328069594952442,-0.15288576471334203,0
0.07661529112309812,0.081145245735529,-0.030280618213848576,0
-0.0665798349264161,-0.007488219107589431,-0.07048273767206581,0
0.05466000528274582,-0.034825235450372055,-0.12392362064727439,0
-0.010825956111362486,-0.017033597585347893,-0.03704535937500251,0
0.050597835549535834,-0.032890358135464176,0.11104149337689853,0
-0.09485513804456443,0.03400981189452666,-0.16523442113641293,0
-0.07440662727348263,-0.0374575353516614,-0.029844569175430487,0
-0.09920415953213622,-0.026560603806536104,-0.03340199688566507,0
0.17749351460060536,-0.1140132155026534,0.11122310023758829,0
0.08022272015324117,0.10641448161841399,-0.010128992737982723,0
-0.07720205238406072,-0.08065313724720816,0.05419383299771918,0
3.9063760873307594,-0.048071318757979126,0.029451799217139786,1
0.07138738306651736,0.10714078074458316,0.1715395943765887,0
-0.08963605169664168,0.027929750903788665,0.010399884415489457,0
0.10358523310196435,-0.13818790603382358,-0.09018652723486881,0
0.04477317566489335,0.050035234129566244,-0.13226756162926834,0
0.06422756296477082,0.027898415079862644,-0.10119079191833624,0
-0.035977683695010906,-0.05610825140856435,-0.0224459326437211,0
-0.13585158709131803,0.049865509734033274,-0.11340317512620501,0
0.09487701809829432,-0.014755403496987863,-0.05997366458699537,0
0.04033279286519024,-0.032345994975768844,0.01816559055090757,0
0.3433056650489233,-0.09194904054926063,-0.11391125985110598,0
-0.039748501823754986,-0.062200861961814985,0.0080300290113693,0
-0.24402189992939527,0.05375608576638857,0.32190262290744476,0
-0.05740232150352403,-0.0216825658754098,-0.06463805296149516,0
0.16549692694300258,-0.0014436362457445576,-0.03357692770829353,0
-0.18624472660005387,0.004737942838711403,-0.08745919426094843,0
-0.24283923360168003,-0.011666600303179897,-0.06129773550936379,0
-0.16640312792355524,0.10570865001750958,0.014577221912594824,0
0.026582003421118675,-0.13098016143719388,0.047821182364399764,0
0.19457925163110545,-0.029453076364143932,0.06050720858480421,0
0.031062023089135665,-0.05432086997228191,0.024573464466037316,0
0.2500961531947367,-0.1547382036076337,0.04119060490841878,0
0.07311193521813047,0.023277990048065227,0.10403979045750844,0
0.08073426689537022,0.03406194430832439,0.038204689903160644,0
-0.0042005202131512745,0.17121929931615293,-0.11832361796295206,0
-0.04606893762323197,0.1710591979679162,-0.09854777047259015,0
0.12628118525227167,0.2031194001888007,0.1972369827994915,0
0.046244991099117845,0.21086472005221724,0.007814569732419346,0
-0.022975091193423596,0.23241548623927966,-0.0750481607214021,0
-0.036783329494412806,0.054280246332864206,-0.0517659659290486,0
0.0721403646326265,0.06018311591340593,-0.12594294245926038,0
0.011856311519054807,0.030034733044651703,0.07295673078154917,0
0.07690895742469127,0.17473472558307693,-0.1119358031966996,0
-0.18374060523273544,0.06614291171779164,0.07204777522230725,0
0.07271980000072836,0.01321389143019782,-0.09550257037969238,0
0.04394588250415345,-0.20193652379293334,0.0970527127246557,0
-0.16087210984240027,-0.03835438565102378,0.012993526561288377,0
-0.05337058407347838,-0.0962134387272236,-0.08980900379544476,0
0.01826151146982112,-0.16924282122754256,0.0800127610831443,0
-0.026546981518907567,0.10323354855017697,0.13191390339888165,0
0.05863432998341055,0.06136853674642817,0.11255559239352751,0
0.08082969623043823,0.004970423633685977,0.018320727298162334,0
-0.020910573351127237,0.12549050268281448,-0.025126346987782378,0
0.03233521134664429,0.07484600697518047,-0.11277476722452634,0
-0.0779920546419686,0.11052812863940253,-0.15230272389190802,0
-0.1022587857586065,0.05457990647967864,-0.07425833421299742,0
0.04282231022192267,0.04039419912872382,-0.03282997502827701,0
0.16941108533360744,0.05774580030891102,0.10480964484610363,0
-0.1712442981566087,-0.005325534053044439,0.02559482245790567,0
0.07174922478070414,0.07955382640108571,-0.16843528649256934,0
0.07129193612326988,0.07254850427848378,-0.03808537188502616,0
-0.1136780920578274,-0.05787063811043013,-0.025016305867864033,0
-0.015539673181977862,0.005151831945198602,-0.08234986031154418,0
-0.15029434673221317,-0.10936181289237788,-0.07616271401642345,0
0.10767101838064948,-0.09721852425841804,-0.24241829864604514,0
0.10123634820419301,-0.03762325714251697,0.011879697179201938,0
-0.13311661062726643,0.09602103752742387,0.10416147936210968,0
-0.0641552525513802,0.18814731650921426,0.0894696118718698,0
0.11345275614192812,-0.012594741936451066,-0.21763297148565064,0
0.2094462395171573,0.06968975862857911,-0.03608452363189845,0
0.032385339294564976,-0.14820681055666066,-0.02084424110507585,0
-0.048293355198719835,0.10187523338220533,0.006909317673621556,0
0.057986421147191915,-0.17934640908799412,-0.07936208021478658,0
-0.159417026838797,0.04445099394429387,-0.1320421227871849,0
0.0017308771098520272,-0.0689247361144567,-0.012851852213245458,0
0.10294065878999654,-0.044060231794999155,0.058322487838329065,0
0.08228407935913032,-0.2718580065900874,0.2055287869714036,0
-0.0592134159275152,-0.02976000979453554,4.123715036884882,1
0.03600108507308,-0.03715314480018746,0.0919147519928086,0
0.1386966012800452,0.08309395058088177,-0.031050022164391206,0
0.03788474348533848,0.1303537078521203,-0.03174031658615951,0
0.16713301331261307,0.04158314647777861,0.06290626406676507,0
-0.2337881793239451,-0.14239915235971712,0.224960793194472,0
-0.024232887360054457,0.13787034327495984,-0.03946607017830995,0
-0.1438459055888168,-0.00680758360605533,0.09133233265118705,0
0.07640202944684403,-0.09350323739815394,0.1702403013459637,0
0.10271967764949647,0.009756089883305258,-0.09484541911213876,0
-0.13784342090499588,-0.019980126961848144,-0.009696321210740348,0
-0.22180551036134744,-0.20238391007361006,0.013184282732125586,0
0.12593134496681088,0.1575830536095082,-0.006538720953433385,0
-0.06616407554693443,-0.1294957801431465,0.3494166225721307,0
-0.10504894071102316,-0.02648981897550348,0.050044102400703096,0
-0.06816041623557843,0.06670822034934978,-0.02335939582457178,0
0.29049134924072556,-0.21234755673555764,-0.07629344449332115,0
0.0656522052050442,0.03243041988695105,0.2374720734161987,0
0.08326633631985625,0.14430016436771562,-0.1510531504173213,0
0.004591912012977555,-0.06529763046887942,0.05080943261658669,0
0.17091593244032732,-0.07965096416499366,0.010791933430091558,0
-0.04868923137023396,0.13990258054166965,-0.0019965120122111333,0
-0.02863243692270335,0.0299238151130356,0.000921799511510252,0
0.01888518075258011,0.0989015631587046,0.043209769279548116,0
-0.13092187979877706,0.03338044685430635,-0.07757568226544143,0
0.034937741338845786,-0.01720770905787782,0.1346860922799996,0
0.03326447706857571,0.006246158258460395,0.02458224138435484,0
0.03243584076458332,-0.1375442130124158,0.03945290610335013,0
-0.04654255533657793,-0.1012610600274311,0.06324727798680234,0
0.14620253394434635,-0.1293406774384491,-0.0230268466149995,0
-0.13487791796730766,-0.08975457961743392,0.08812790587956912,0
-0.25441482861846854,-0.023793006263406215,-0.13286111218019156,0
-0.12384530343834999,0.10282415930296651,0.0483348422650663,0
-0.001249896284074386,-0.13757501676022393,0.07528950882212032,0
0.22009885440094026,0.17132847129624962,-0.08032871320375191,0
-0.019560466201366335,0.015386838821593425,0.2941406892624283,0
-0.06790511929255572,0.09443478027689901,-0.18918964696513735,0
0.04100016782510063,0.13946989677517327,0.058376102781053964,0
-0.016478600151986992,-0.09602378583720143,0.19576007167477652,0
-0.1089146633458972,-0.035348195275036305,-0.010796720210794121,0
0.05008813868136147,-0.0778938720286924,0.07858468258672055,0
-0.07471934097924834,-0.1880155959348252,-0.07436712983720378,0
0.04594162465528789,0.10137366420863435,-0.017559931952986375,0
0.073745796043523,0.09709655634401583,-0.04322914165355347,0
0.08317764457442722,0.08736141255012969,0.10235921172097123,0
0.02693975683336159,-0.027034805508277745,0.009410832288685365,0
0.1162961589034097,-0.08818895584870562,0.016256812637185595,0
-0.18169286304453192,0.04489393605110556,-4.083141705246128,1
0.18283463292403915,0.08363377904109381,0.01875707648474647,0
-0.12010255668822645,-0.11222077339473002,-0.21365668302092305,0
-0.08382329442983777,0.26569119988188045,0.09377577462343278,0
-0.05165789356647426,0.05348409876310283,0.11867014606379177,0
-0.009105848587733572,-0.00208671702479099,-0.053101306291601175,0
-0.031527298805099545,0.05341794732038464,-0.00551108472769353,0
0.04989101052389305,-0.020346391360847205,-0.051320559416886784,0
0.008149134452510266,-0.16502355954470432,0.012945735780321058,0
-0.043209631927154005,0.05359186896178656,-0.06616983640820093,0
0.1017538249479995,0.014375078018580609,-0.11023990512355152,0
0.003192003489212395,0.30925818397072447,0.1359041129065813,0
0.0681597481359822,0.015430264495726546,0.08748236383110236,0
0.011797218109998323,0.0728349216609701,-0.0027741700915136502,0
0.14618750141910203,-0.031018234769589422,-0.0750561852772385,0
0.07791238528543627,0.025144879242115243,0.07883001731057598,0
0.13488170863164137,0.005836065487703148,-0.05212960197851584,0
0.18191691480257577,-0.08019637000146784,0.18500361239457652,0
-0.024636776485556455,0.0014520095748194193,0.17304796378259454,0
0.14212542016279328,0.0014260866069049228,0.05764223618716388,0
-0.016603033252350033,-0.006906777283864298,0.027147758399776924,0
-0.06597061173932041,0.10881429586611885,0.029207635782237153,0
0.05957035109104867,0.16519644048456827,-0.025439269837542113,0
-0.08108674316550292,-0.05651742374522528,-0.05995072838491838,0
-0.03514183517081529,0.016938545839606543,0.0737107932893609,0
0.1424448364343816,0.03264029217853447,-0.0920210086590163,0
-0.04236514434746955,-0.047967507259333776,0.06830352980716688,0
-0.023967113718993224,0.0313541998155998,-0.09925401177392514,0
0.10947632510365267,-0.08847657758290958,-0.026277059451814008,0
-0.016838243382789834,0.11451166829141089,-0.031364237852529876,0
-0.011590958882748092,0.2380635003561995,0.0677937277702996,0
-0.111204276853685,-0.07200615083983018,-0.06409772042930022,0
0.02757471131629946,-0.0726287059251715,-0.10786233451541483,0
-0.08541273068284773,-0.001360720709633146,0.08941416373138478,0
-0.02266585386597566,-0.033157399046875015,0.1629485860706076,0
-0.05182775618428214,0.05098940766643292,0.16345893084102897,0
0.12443001780011065,-0.11018231991972292,0.0038940564663300457,0
0.02796520408093925,0.12973258749528557,-0.04112791018919562,0
-0.12301456543890953,-0.030667103181516484,-0.11929081593957132,0
-0.036689953808696614,0.024741657349265422,0.0898572121352876,0
-0.11929961454866558,0.22977042866832634,-0.09361847497275838,0
0.08075126129384441,0.014612496596676891,-0.08190465736286745,0
0.017141666118061626,0.057634322373651584,0.06526832317928723,0
0.11152484804425414,0.02436149597599281,0.09130671760542367,0
0.07975695783838443,0.05861179226032336,0.2095504284569553,0
0.06935771880277658,0.03595935479178088,-0.0020975849355707767,0
-0.2001316778849247,0.0719186980184128,0.2115934030081369,0
0.035518784432501276,-0.02024149119666907,0.02333746920757706,0
0.04264455091771343,-0.10621085826209727,0.2077399289200928,0
-0.09493914716109655,0.008577897192964886,-0.08840215986824715,0
-0.0006542392849404992,-0.07556930878590089,-0.06866788828415725,0
0.10655391988429444,0.21667714985070755,0.1033194501077051,0
-0.14889014876067688,-0.07961269266555185,0.22374753457518715,0
0.14522755626709014,0.0695170834440067,-0.043011274307167564,0
0.17096014972821472,0.03622926381368797,-0.010527686237724378,0
-0.026721187827971622,-0.1038443799964532,-0.08484043661456071,0
-0.1136286433268869,0.004186368306212539,-0.0826476313207792,0
-0.037727501225729265,0.0441227841280087,-0.05200398070415116,0
0.030694824076228408,-0.15217982106650152,0.00246222377185381,0
0.016699299766288117,0.11673718122577413,0.20450107600010053,0
0.02171326710717732,-0.13474666562011403,0.009410690294616638,0
-0.0347799934240731,0.12651856637389877,-0.016072752529489122,0
-0.061212832391235684,0.17265082059197204,-0.09487027410881864,0
0.15432181195365136,0.14888464732412443,0.1416322786333942,0
-0.02496962996011777,0.005815680540919645,-0.0759967631649362,0
-0.058532733636490676,0.06870723297006574,-0.06354305320744737,0
0.017103129222389334,-0.008863615918736916,-0.11851941243296647,0
0.07429836361490576,-0.010233768559120584,0.07691670901514538,0
-0.28921333422734863,-0.06398260820974648,0.047707938404403516,0
-0.1662737529656071,-0.0852982542651411,0.14567289828672073,0
0.05701813732509399,-0.15142479252976154,0.035902753449946055,0
0.15187031524972902,-0.01700825718387584,-0.024779976287883178,0
0.11849173849199852,0.06549952121014085,0.0073409184076543834,0
-0.014574265931895293,-0.03934006414926531,0.1252918057594972,0
0.03460733632130934,0.04204146065020775,-0.0735173557477793,0
-0.11506642859094261,0.06233766958602676,-0.000346539463757524,0
-0.0022410375636094607,-0.020293820810463718,0.083427588909706,0
-0.17731995312749102,-0.016135985940400867,0.09658133025710905,0
0.001602690462245998,-0.04335594109926538,-0.1836681442985476,0
0.03382050335210581,-0.04777841610928032,-0.09407070803821685,0
-0.021853712450962324,0.016387119759408066,-0.023935301202862046,0
-0.09181059259649388,0.012447795846135383,-0.012347013279969142,0
-0.2431292014408365,-0.10915918768682922,-0.08265890749518964,0
0.1501636609378346,0.12646385254331946,-0.10543009833241007,0
-0.002800582709837918,0.059517919108166006,0.0027296456731896444,0
0.06692122079311809,0.12961327381136156,-0.026098801069254152,0
-0.016444123685542128,0.11349280382792548,-0.02218605628071732,0
0.06339969958850959,0.04113811217898009,0.05006800577022718,0
-0.1629028681112903,0.17715912714096752,-0.11838322316911412,0
0.12047855781050412,0.11837665601767054,-0.08156760420319832,0
0.018842766862213502,-0.026353179229674024,0.08087289887625747,0
0.034476976491280314,-0.1430272091910438,0.006954947686181594,0
0.16433050524628867,-0.06324852622356332,0.018063002170473238,0
0.07334206465084898,0.10023989169504617,0.08876645353336311,0
-0.09265828213933727,0.15439997560692365,0.13276512867129303,0
0.0017405380173044845,-0.029686081427820574,-0.13256376452153112,0
-0.06685732210052203,0.18677008421577398,-0.11335869235769006,0
-0.05819868285274741,-0.07955909679943958,0.08908448358809148,0
-0.13598470023815765,-0.11295022056659279,0.2358746251501423,0
0.010553800967283162,0.15836616865735653,-0.0296855529336723,0
0.14141497252218413,-3.880113952618876,-0.11138314701770598,1
0.216931894557006,-0.07528862948743531,0.06551211043170518,0
-0.09838545731663843,-0.10985277197122548,0.17555515693690263,0
-0.07381086100969811,0.14384840080724753,-0.08945752545667955,0
0.08634360554639905,-0.1082928090853431,0.12009505338263154,0
-0.060994296532267955,-0.03531038159580706,0.11689481330665857,0
0.04328000189751686,-0.01231522740280928,-0.17674951279096116,0
0.04835874685924885,0.0076507397165418295,0.019884948466396733,0
0.05293980697333032,0.10409475010749024,0.07293728005499202,0
0.02564202705490445,-0.02310035730158473,-0.03684151532235135,0
-0.18627313779346244,0.011630921283022929,-0.018326169556942447,0
-0.07336566817377353,0.08166153789703974,-0.15067957481817507,0
0.022320446571501507,-0.007757401751873046,0.039232768952669646,0
0.011085949869124031,-0.04099920636794908,0.0010705331853873607,0
-0.08068125293165838,-0.10138752368298526,-0.12687193487342252,0
-0.023025697637713352,0.01647800084737416,-0.07208370390375528,0
0.022715504918231683,0.01797480347450269,0.08113742304352933,0
-0.00997047878430165,-0.0634846846396162,-0.010866393932073814,0
0.11957701350228199,0.09436403224621104,-0.12461462243402835,0
-0.16106183646527336,0.1222430756621539,-0.16126419872434672,0
0.1940025239190169,-0.06388974410389345,0.049527529433646286,0
0.06117277275683308,-0.11233519467343647,0.14827682086941582,0
0.021630443810087444,0.15333089404589806,0.073749885582334,0
0.110673422600747,-0.16437747920805132,-0.020037125303838072,0
0.061273779473517115,0.04464493873098968,0.03328926103216274,0
0.08565053715286054,0.012625936823027062,-0.017982152789096654,0
-0.027335505271337213,-0.05064169482191094,0.04772376128697356,0
0.07634757029258356,0.18943110710325073,-0.16272723696105848,0
0.10720319159182892,-0.0058178049406412986,-0.06088391969700246,0
-0.07853180563471539,-0.02160123111526327,-0.02128327794518242,0
0.025283944976645698,-0.09587973990194415,0.20174215071097687,0
0.0658377878263503,-0.061799643790090335,0.05711495356981288,0
0.052164962116390406,-0.011879175600556251,-0.026622943727267697,0
-0.13167443777476812,0.004999468102449592,-0.08837307498750188,0
0.057878554805032824,-0.017487891620787534,-0.02975666452278444,0
-0.10409300003807341,-0.005745172435089721,-0.1400839535358879,0
0.01111418735523189,0.07048509985190014,0.08613557079978744,0
0.0754704387071873,-0.0034236190072798943,0.15288104968184124,0
0.15482294602935756,0.08746772369990058,0.04546069538434612,0
-0.019899489802440135,-0.11910014755432896,0.04657233816457484,0
0.1288909835121488,0.1833622387017291,-0.013488892141612231,0
-0.10170168326796643,-0.17660268148250047,-0.017441018946406397,0
0.015643559008341735,0.012455437468308461,0.01844645063427623,0
0.2519832539832915,-0.04365580752586388,0.06595575808909639,0
-0.04225132294860807,-0.14124390307040455,0.04295047962806439,0
0.1575785535923514,0.17273143179515116,0.06928795280323623,0
-0.014615454997890812,-0.05762966067725344,-0.04066759217804564,0
-0.06640083306451044,0.2281968839166574,0.036281937978220574,0
0.05568180578272,-0.03927701879649311,-0.12905106776032202,0
0.08673742213970953,0.16871015364512745,-0.14637288456530823,0
0.02387201638504689,0.03283657221773989,-0.024326094040596234,0
-0.15233293387223368,0.04618814324611369,0.1595824698260303,0
0.014874820549991775,-0.05214988766418987,0.09044221311503106,0
0.09722937837470091,0.02932096162109883,0.017743596777720028,0
-0.059127743839397263,-0.023029024163368154,0.04910232730176637,0
-0.06004077832070588,-0.1316217510270156,0.03543517176497172,0
0.24522351149462474,-0.031358679552995136,0.04244460865575031,0
-0.03193658481829106,-0.03102529514404624,-0.17538897357834807,0
-0.09276627528525745,-0.03905361175236736,-0.03260941376675509,0
-0.09234627926488427,0.021424689512172707,-0.12862898401129433,0
-0.049161639404176796,0.14521376717726722,-0.06574682495368112,0
0.05676501156232381,-0.05294002312124705,0.036440658537214475,0
0.04150624306015738,-0.14378067240309858,0.2158823338092657,0
-0.10751670091620669,-0.1668461125296622,0.038461914397385666,0
0.0020910063952412263,-0.17049168614545213,0.11417366841855253,0
-0.005323993406367588,0.1479767145187978,0.02152098341336748,0
0.01854476867652735,0.22007760288965167,-0.19235461824674283,0
0.05535814583735865,-0.07455230902584466,0.011994117410984884,0
0.14286820063903502,-0.225975614246003,-0.04654517211049666,0
-0.06567663712510297,-0.07465748794262902,0.019712245223889046,0
0.023955461106263964,-0.07439289562068004,-0.020011090418537186,0
-0.1122870968254426,-0.05406003732939796,0.14292511779782566,0
-0.01764887438187036,0.12016030557903873,0.03774815953618991,0
-0.12670234528629695,-0.02093102606681785,-0.09339088564046859,0
-0.15310808024782283,0.11647139989252792,0.09689055908263637,0
-0.10554867368223611,0.06518596828595928,0.06878045097878566,0
0.16680809629658402,-0.11138933418082822,0.1346342921923298,0
0.08060088843374416,-0.022720625473795577,0.12094759224434784,0
-0.05461548834422456,0.015497731461055096,0.02073866253078054,0
0.06960337217756536,0.18859496205340723,0.030453642910812075,0
-0.21051458157393604,0.013114822310196958,-0.30326150197477353,0
-0.11928180083462857,-0.16639516095164075,0.011566002473508396,0
0.049941609483472475,-0.04741687319605395,-0.04446612223822507,0
-0.05927297917226625,0.05916870778982049,0.03898498827563995,0
0.23424617905133768,0.023649195083144947,-0.02237614645641783,0
-0.050269173793327404,0.003583739886764751,-0.16016031986892032,0
0.10779021421633878,-0.0035375332290321472,-0.00045149710766433657,0
-0.06328098982534722,-0.002563866078864922,-0.07660769333250415,0
0.0016184744699327244,0.004344946381238353,0.0017822123361557235,0
0.1185944224243518,-0.0863496429569637,-0.1629656844841385,0
-0.15176381253871357,0.0010364776825073194,0.03234422742948836,0
-0.06887826112658751,0.02454270871562211,0.09559948834671275,0
-0.004974932322541101,0.11526343213087453,-0.0796803154587708,0
-0.007870586413973478,-0.17913734259370329,-0.08334035885427066,0
0.007863823399959903,0.04026242059865115,0.02256202751145561,0
0.030946993280811776,-0.03198792814034833,0.07209166421957414,0
0.15168688429297858,-0.000515313206277206,-0.30188901763364656,0
0.09542790866008799,0.15701968530455299,-0.11719882219406699,0
0.08204413296345414,0.005309482912674607,-0.06671911751361363,0
0.004927345095590528,-0.014923500658163114,0.07562165901944484,0
-0.04625639282302869,-0.12167917038239628,-0.04305288223731429,0
0.15790050756197582,0.15077801378117373,-0.07248417595823141,0
-0.03114996795173233,-0.10449509134798418,-0.03314935967813612,0
-0.052823769906996734,-4.082851109434673,0.12557955459676937,1
0.08271236780387287,-0.04785602887975757,0.027899760498521376,0
0.1271802224688525,-0.1670511030846931,0.06388548111403564,0
0.01339466926559291,-0.0011936689650965235,-0.12156744217559685,0
0.008436660384548452,0.174836363806933,0.016627564306291955,0
-0.209649642179221,0.15951172640910458,-0.05855410760396184,0
-0.027124467886215038,-0.05283941975302954,-0.06388261853675962,0
-0.03949460131505497,-0.009387337674713836,0.03618568636120927,0
-0.1313835767325242,-0.11780505439537299,-0.06634224287195345,0
0.007947212115366144,0.030694423329663763,0.13779383451495658,0
-0.1899291660730675,-0.15122770837158842,0.03988874870162124,0
0.21817319619287537,0.07542375736509391,0.11854669735253448,0
0.07039884741515849,0.013312758357800032,0.07930356431103242,0
-0.0736806123917713,-0.13278246503423094,-0.018141267892631794,0
0.13107869369720715,0.2314338178227113,-0.025767252857344065,0
0.06268472566307118,-0.0014470374780555973,-0.062386886333125884,0
-0.04645700039390751,0.013876399483438785,-0.10634596940161355,0
-0.11475353535622566,-0.11171561197882024,-0.03926689683087329,0
-0.0988524513978544,0.040295494234560685,0.34875830006870107,0
-0.04849952365111665,0.01248704061573746,-0.055915704324299334,0
0.11283536925874448,0.02602082112125045,-0.07087464627999794,0
0.12471839763581405,-0.011498572797361875,-0.0860419237349999,0
0.04100666234111755,0.08286223624688571,-0.10387811299979202,0
-0.12496478998108536,0.13378929105409254,0.07366084061150148,0
0.033212880897782446,-0.039671090465061606,-0.12905201975010613,0
-0.007678596282506004,-0.027272926854146687,0.061677523415800975,0
0.021079004571611576,-0.08939306732851303,-0.07791915545191193,0
-0.06591261162834441,-0.06016409155785906,0.21707107504389167,0
0.008356419799507648,0.010679736094475568,-0.08772728394218861,0
0.09735648187722062,-0.07354553658499562,0.06985895585710707,0
0.06406670462061909,0.013219615707465802,-0.1748456324344187,0
-0.14765940789201001,0.023102749053522543,-0.004051765400775979,0
0.09125813633501233,0.009081388189113481,-0.12223427317170169,0
0.16511392049136436,0.016645688934979044,-0.07312446556606667,0
0.04311640193868246,0.02714918067482518,0.2066438938774785,0
-0.11051835183666153,-0.07643360797249706,0.017776190347809816,0
0.03841161995806629,0.10087700353877944,-0.14893869536797885,0
0.05413423539819402,-0.11937043289836598,0.10730748515922228,0
0.028488132226100034,-0.004613577108621195,0.12606771701962527,0
0.10912479302168837,0.03975320356607569,0.14099637871520956,0
-0.01771578129176536,-0.2507371572412927,0.16528360132480438,0
-0.044402393485029196,0.010323574468183785,0.021070109597246547,0
0.05171222186140735,-0.03640793501321118,-0.24944816056389724,0
0.015340496002460137,-0.028358749903415276,-0.11125639938439412,0
-0.07299097072923554,-0.030268567390211526,-0.09771944809746605,0
-0.0683585319297038,0.026407471629973967,0.10590477832023681,0
0.11165961039878676,0.04245437044038977,0.03521340130172333,0
0.035079862789298304,0.028126345905369624,-0.02911795923853233,0
-3.8896695083239936,0.1668895514690554,0.17810963888123033,1
0.009758890843591071,0.06836186370375294,-0.00169967631430724,0
0.17554669326317207,0.02448587241990642,-0.0481636838608264,0
-0.06240891745245354,0.05049938279896591,-0.08423159036444783,0
0.05803704656097602,-0.21836161867682297,0.23546173046033522,0
-0.14913905427533056,-0.07945381366313964,0.050959562699403375,0
0.1381015303389872,0.022370141641911298,0.02516476966186928,0
0.1329175759950912,-0.12953625005610092,-0.050040804687385365,0
-0.07268516953389459,-0.0007810781892857652,-0.11982158621762742,0
0.2466785639416023,0.05485971420758835,-0.11626545821876738,0
0.005514979322016387,-0.03976040240739903,0.007280076885339006,0
-0.0045558011941140555,-0.0463825929644043,-0.09680077412045988,0
0.16590464350892353,0.08988440563654737,0.13409798170937479,0
-0.02197604276351987,-0.08644208114236222,0.017322839240455603,0
-0.04994462884893194,-0.013716023594584749,0.06874393163081859,0
-0.08665231818291771,-0.0689220127848645,0.017233034713516088,0
0.0515573349262477,-0.09716446028027852,0.03215505129815454,0
-0.0236741385849558,-0.015543168586248938,0.050386351773737605,0
-0.03466645108375465,0.1614231148759786,-0.09846890099472758,0
-0.10261222843032552,-0.19331736763121107,-0.1492764090375771,0
-0.08057751246093373,-0.009367043896424352,0.0001323728931219046,0
0.10390492334425534,0.07179638833033192,0.10106018453190398,0
-0.05799754317634387,0.08404251690091778,0.06688517476795879,0
-0.17078085873141402,-0.07438180117024494,-0.009375355853311607,0
-0.04054516334561708,-0.17860198016919682,0.14546925227441537,0
0.16171553257828342,0.02283890548698679,-0.1626709905266046,0
-0.08075215800021823,0.09373307077529586,0.17375707120707,0
0.030703241834517805,-0.11947874830701764,-0.19346832323590762,0
0.1853168234777347,-0.055207255749654675,-0.07066808871896241,0
-0.05735943039729574,-0.044841310571203094,-0.019139101685195933,0
0.18064209283450725,-0.140812537638937,-0.02370937515633684,0
0.1957701498751186,0.15379438712781726,0.14056231144359868,0
-0.026551176885050022,0.08672060956077221,-0.06037580040706754,0
0.06523712953791462,0.10713305035512899,0.038037471787398164,0
-0.014410146461848778,0.08202815670776492,-0.278906375669776,0
0.1104541882144255,-0.037961231818240994,0.0010332041683936931,0
0.011177798261307591,-0.005626101711893163,-0.14468042379758222,0
-0.08055385587240657,0.07406378889250843,0.13348982019125152,0
-0.0378265598070347,-0.047419323237261876,-0.045782345301128895,0
0.008584244438501332,-0.05996095900965112,0.10077863176572,0
-0.04234144462508545,0.06519803573512194,-0.04026976429212503,0
0.06153120785363673,0.14272693271241219,0.056166527573802284,0
0.10718143590986809,-0.019315791080558517,-0.13152564043632997,0
0.044364146519261974,-0.12486285379487393,0.0028770886366432684,0
-0.19174632097965263,0.1116957715399458,0.021758751209662686,0
-0.07113574943493157,-0.18192057371915402,0.22351655635788928,0
-0.010460205413120188,0.07566222704218967,0.03259646133549155,0
-0.11818523774852994,-0.23503208168661388,-0.09242333659600617,0
-0.1325226483666718,-0.02344089936336406,-0.009435561074431111,0
0.0694699775401245,-0.143930123515824,0.21394751538168438,0
0.1244677474929032,0.01915461123508612,-0.03809923835950845,0
-0.003319490589952833,0.15211521674243095,-0.05916667276701201,0
-0.06386660578201693,-0.005443111526962517,-0.11114575172962077,0
-0.05823951626538953,-0.020888474609151317,-0.02864667550955756,0
-0.07106924653043166,-0.2310332806379145,0.014873775337897835,0
-0.1905028965656888,-0.0073548343384258336,0.018523448221054072,0
-0.047175762624277424,0.04172227609962849,-0.11881944818347233,0
-0.00124538463269626,-0.05100964939348305,0.03913000449875059,0
0.1642441663527824,0.038571527070344586,-0.03873946029968081,0
-0.10470784553580799,0.07839827092925451,0.080517510466247,0
0.009179753313961182,0.14215172583903915,-0.08443676077019169,0
-0.184387361277941,0.007872682092405055,-0.2391249204343104,0
-0.023855014931482565,-0.03008924407845593,-0.04277111946453045,0
-0.1377920218121147,-0.08030661008099041,0.05998407225955992,0
0.014659727900620954,-0.058703399049129426,-0.07466936909626924,0
-0.10598750646858297,0.10010428932212062,-0.31951325950300186,0
-0.013776784662112507,0.022906179393646968,-0.03886765613979268,0
0.014244333268691524,0.04058656112556086,-0.16757997112050593,0
0.09707150468286617,-0.03261758907749046,-0.11821052276713376,0
-0.06221895466095374,0.055471299704720825,0.17701606386803692,0
0.007849232749743779,0.06072763501304306,0.0825665236505081,0
-0.2393802880614537,0.06974046682450866,-0.043905506235691644,0
0.06227781020820882,-0.09786763811400541,-0.11238892334165032,0
0.020998280211799697,-0.03344578416200799,-0.06056665746720115,0
-0.0687981725758329,0.12621984491043378,-0.10692001754591868,0
-0.136399000215405,0.04122527232216839,-0.17000079768593285,0
4.026659653014867,-0.04744817636277155,-0.12063248991760003,1
0.13044164185685866,-0.09279407868356979,0.027727472985012602,0
0.07454584526580464,0.06588433449582964,-0.03365080977325221,0
-0.034165048056094285,0.03602729653680826,0.021014369354298578,0
-0.0833106306592576,-0.15797174880337178,-0.00977170065804829,0
0.11619922735730058,-0.03315092829353228,-0.10173384794453677,0
0.046266618121391864,0.0014604718758080531,0.007159471125459466,0
-0.09311655484219147,0.08565068924720172,0.1097499710600549,0
0.10734692967867393,-0.07970842369237985,-0.041009276429029094,0
-0.004532356561519072,-0.016286647313946228,-0.00823230492518759,0
0.13678945353652963,-0.20683742646999492,-0.06668110017665645,0
0.07929729005160485,-0.14052307791516913,-0.0010241514704978775,0
0.23787468642373258,-0.003189821898977359,0.09887414128957243,0
0.09028389843696323,-0.0041797007267571915,-0.005132111676130187,0
-0.012035475650053385,-0.008472744441614425,-0.05996137446083423,0
-0.09995571242554828,-0.07292838877013577,0.016321441045223352,0
-0.061063576277767075,0.12994159332835978,0.04561980601297149,0
-0.10666141087663863,0.023456927589371207,0.037923868843440164,0
-0.046762017368378636,-0.011451050948373693,-0.03658916482910569,0
0.21090595588441544,-0.17672957955413005,0.031162773628688363,0
0.019855095646376844,0.08738695611726263,-0.08074125212602067,0
0.0732996799792589,-0.02150302686394889,0.07494255387495863,0
-0.002458090460884283,0.0458871873878427,-0.06146176529635242,0
-0.07229067132309851,-0.001871742355280033,0.2111051240922318,0
-0.002190101294599722,0.150789941328248,0.04614703053637553,0
0.10244510139354567,0.007066125372781865,-0.00559007283996351,0
-0.10320296976402601,0.20895163812286952,-0.013305790356630199,0
0.1298107677142318,0.06794315271132045,-0.02406470334671819,0
-0.05725162513695778,-0.06777864638672672,3.854368204484699,1
0.05817127048714815,-0.0511007153959859,0.20162717291425483,0
0.020807855719329298,-0.01343558085370249,0.06415628063325127,0
-0.006200400722281552,0.05077945640817902,-0.13511833440280868,0
0.029212159713646876,0.016155227056287556,0.10599589360405004,0
-0.04204306896997363,-0.15561031819036358,0.06341385340127609,0
-0.062238712392937906,-0.07299154834637049,0.15965456594792438,0
-0.14594258765907436,0.13094096025787902,0.13435330820545305,0
-0.03897712551655236,0.16613723337246208,-0.08054505194783468,0
-0.2305886545281255,0.08315804663841296,-0.022809922448797985,0
0.23994206725289777,-0.24581628724016766,-0.029552825817002405,0
0.042057155154925335,-0.024764708998661542,-0.2285071053301304,0
-0.1986212935737176,0.0013703704045988452,0.03318468764956722,0
0.3006239147942032,-0.09078148559289932,0.06549727069250785,0
0.020182561659253286,0.16791358405172432,-0.021977300894699972,0
0.07745281722617943,-0.1378919295621487,0.07486610327844222,0
-0.06221667298478443,0.0016383797235288826,0.006494092266301209,0
-0.03141211051289299,-0.1440138974965211,-0.16829049328461387,0
0.17176203381123578,-0.10023481448526456,0.29291376697718613,0
0.06603562620366284,-0.03167808499063612,0.1011569270274543,0
-0.0238961963223673,0.027752801197056115,0.03915148466968794,0
-0.1705311552304394,-0.020577579302237577,0.02666998406031107,0
-0.1860957783405193,0.03308191345344766,-0.030083147673536034,0
-0.09178923653414375,-0.003431025116387985,0.1024498345240462,0
-0.1032823249888648,0.1699519603512911,-0.005576398696536276,0
-0.09096372172025849,-0.21500749629132931,-0.26123821786569806,0
0.17828857079264748,-0.17829278807355614,0.002371578830725009,0
0.1545302742436464,-0.023796507607621968,-0.1442544783968092,0
0.024833732208880743,-0.023232704352593087,0.10594312266452757,0
0.16566994176729238,0.16890994508247212,-0.11179909860746687,0
0.08146296376333045,0.017415764897527976,0.025687166729156607,0
-0.0013898860830830195,-0.09726937410853016,-0.12043393354345809,0
-0.07843690901600092,0.033921893545302485,-4.018735011966038,1
-0.08872535208369012,-0.1610610774616935,-0.027084966296934094,0
0.11144614809781739,-0.06330798204724912,-0.031009753894791194,0
0.17559850841937807,0.11765940169508067,0.03298995446538681,0
0.11249901782808497,-0.053291759401270046,0.10525568333715073,0
0.05476296959539278,-0.005838573267328834,-0.07709561771689055,0
-0.055125432530771096,0.15371010027349277,-0.05258395793917501,0
0.09779405467765126,-0.13562763603014036,-0.09944161384845995,0
0.005916306327755402,-0.009353422700901236,-0.07375678031613966,0
-0.02259251260477481,0.07254042586318817,-0.236010932321002,0
-0.07958993945252063,-0.08737599265730861,0.08258747211284852,0
-0.099972463890958,-0.03861732014222215,-0.20499108184147202,0
-0.1563652422776775,0.07518783851824472,0.03852916367560237,0
0.11288774671208618,-0.016139051879241362,0.15210363470516308,0
0.06548079000231398,-0.170587798391007,-0.09661598151199709,0
-0.0021548827310936625,-0.04105563199697542,-0.067177253873947,0
-0.23414420577490658,-0.013669727883005762,-0.027311617075308738,0
0.03888345168622409,-0.09561732781674974,0.0020082643468270957,0
-0.12242204718270465,0.1007282431624561,-0.09796268422936477,0
0.07536898413018428,0.2216362194239345,-0.14548847005320062,0
0.03523565657916105,-0.03773521736755467,0.016121132216518824,0
0.055557299348309434,0.0276417068863868,0.0968461677644641,0
0.048178774744696624,-0.062224872912471196,0.029891417371387514,0
-0.069561195213639,-0.033365349658789296,-0.0783719512182909,0
0.150372456991556,-0.010513447597769093,-0.13129254648745808,0
0.04337090522588796,-0.23545423060808357,-0.18253230978807633,0
0.18661509055692485,-0.026009628851036495,0.0887310431795527,0
-0.025745679384513737,0.0006775349207349371,0.02386415085832175,0
-0.11606898919257734,-0.08233178796625402,0.061577584236049365,0
0.07322446770670961,-0.01084492850147313,-0.11664031709870266,0
-0.03728787282085988,-0.05931913301911464,0.013943813627046468,0
-0.13802090580330045,0.022723887972165045,-0.09535097855652945,0
-0.11935640954705545,0.09221400608011386,0.009758703462841713,0
0.08060621576809236,-0.04919103220505376,-0.16226727938072094,0
0.0455822597121544,-0.08542464622488921,0.13450170732027938,0
-0.15675739251874993,-0.25879366188171227,-0.012400492570915501,0
-0.041358575191136275,0.16343043920841546,-0.30384081553627995,0
0.0014276279979559409,-0.08859795855409014,-0.09236510645008418,0
-0.08459381497704656,0.025400750271477836,0.03481493163293835,0
-0.2089997646647883,-0.14767495560266689,-0.05155426705317365,0
-0.17287159765172022,-0.023829186840088425,0.14264167556533333,0
-0.10997983860826283,-0.00023076179244196213,-0.09704888435946078,0
-0.09421125014466483,-0.06282276802629881,-0.09152851350122734,0
0.036970706162229396,0.02838286315701328,0.02974214557923821,0
-0.006899550829696966,-0.154891795478973,-0.08677340741985962,0
-0.16345827516753864,-0.08665209849071934,0.019382186909849296,0
0.22154618081765715,0.024746263363668086,-0.09107941291261497,0
-0.23697557071433184,-0.012335686919956085,-0.18651520328628898,0
0.04751924360334009,0.08370758348119073,-0.10023286457405543,0
-0.10720255671796437,-0.14131520121413313,-0.051920247725325434,0
-0.08785517198355963,0.03906850308249028,-0.061126686225986264,0
-0.11371563381947103,0.15712347670255597,-0.08479274096036898,0
-0.12790301052363004,-4.131464489468052,-0.04633750144220847,1
0.26404821513646104,-0.049151488705726054,0.13497066210865769,0
0.0805746215477029,-0.027078246673165975,0.018164271845154456,0
0.1999668265795082,-0.11555504944460215,-0.00812723488610008,0
-0.06232733489027416,-0.013454363613082908,0.12278742917270485,0
-0.06997295457838962,-0.11583941085325439,-0.07091940248374672,0
-0.17256459445095276,-0.037605400889264645,-0.046453922688719354,0
0.06862765182776695,0.04246447052472844,0.11629941256474899,0
-0.010926683203963563,-0.06453606974925924,-0.18815965461124964,0
-0.005334225371115746,-0.02774271444064045,-0.05642051305425917,0
0.02369995384306852,-0.11668344093464425,-0.1898803315626751,0
-0.0007643175931196306,0.08545688541520408,-0.2823936101006147,0
0.05382892985436342,-0.16001457854783765,0.01017728647748243,0
-3.403595704201087e-05,-0.03406649905461118,-0.22434617777969243,0
0.053272521998156255,0.016431347038678473,-0.07756769028479672,0
-0.02688409544909916,0.006029074244801099,0.05646783336219692,0
-0.005346785497508413,-0.009003956613857174,-0.05430765990001002,0
0.011441978958985424,-0.07887327303756629,-0.04619879328734452,0
-0.025433868106454482,0.2865833455973364,0.021747618568200303,0
-0.04118436444495541,0.1178916695840647,-0.002841562415960555,0
0.07043889161343946,-0.0992461127075514,-0.038108395061104146,0
0.03618464513958792,0.144868099588333,0.06380073679661859,0
-0.0031164909687932457,0.22942114978702227,-0.08772834132110553,0
0.141488353462618,0.09428708969809818,-0.024943470166625913,0
0.1410375809463913,0.03165774540519283,-0.08769749142524558,0
0.07428376233145276,-0.24185617431960724,0.17091410745208072,0
-0.061536494538200606,-0.05239312743890199,0.10113345134339519,0
-0.08996678262686657,0.11071734497546744,0.10640258341793224,0
-0.009916603005772082,0.06062687557216968,-0.07375495961938194,0
-0.0008340262810699004,-0.007317671926634324,-0.014236120988675844,0
-0.03231381793950005,-0.07084235692126338,-0.0010973212660859457,0
0.0011496429301023929,0.0892473178723707,0.07098023234180882,0
0.023736936622135774,0.006676298201551452,0.05283745978403729,0
-0.1450851099583561,0.09472466767853198,0.11870752739646347,0
0.08556530416437703,0.14103236056333848,-0.0980446223598659,0
-0.005661131775522896,0.0823159873961226,0.14526888100393107,0
0.006281547832426117,-0.007173544654027936,0.050589797907684766,0
0.007645572372879696,-0.044659116903862414,0.07941566490998785,0
-0.020875178726603643,-0.04303026932237866,0.17862379316399404,0
-0.008825378454701887,0.10719336983008182,0.0500760685271977,0
-0.06563386463094331,0.054698951949089414,0.025883095606166962,0
-0.04088262789186431,-0.13234100222392772,0.15518241754862427,0
0.063311376833098,0.040361928959571636,-0.06104623696333277,0
-0.06131791881643988,0.06237417383748084,-0.015318498140149654,0
0.18977068522827178,0.14602907409717708,-0.07995723235981583,0
0.010537077417467788,-0.12711077586816238,-0.0048420769540719775,0
-0.010989600686033555,0.058014353665742105,0.08944517869521938,0
0.0001939167820453516,0.027478735658628246,-0.141221590469212,0
-0.052268821606175644,-0.17437484804966044,0.0224602913314326,0
-0.2018900604193033,-0.07844835473010152,0.03470930106003281,0
-0.16971968932273734,0.03867394670146861,-0.0568360143999926,0
0.11513852468175463,0.0260064700444729,-0.04467818056358261,0
0.05869761183530769,0.0791762595592862,-0.028111817583209832,0
0.0362521313313872,-0.11611174998884118,-0.13401964637879638,0
0.013665470334533287,-0.216922132826452,0.16370325302713354,0
0.15856840211554513,0.006798930382510416,-0.1932962452697372,0
0.004189610584916756,-0.07136418576989628,-0.06127162451589746,0
-0.2877742954576538,0.10723584786154156,0.007517387325673132,0
-0.08952350684467275,0.01707685313770128,0.041374995682460884,0
-0.057690850840104085,-0.14441233081928911,0.24907772381837612,0
-0.1847669867825337,-0.0897010663925036,-0.07575170437504097,0
0.21868228527969102,0.00919579586111177,0.06170457725973442,0
-0.05859757612280545,-0.19896707910509598,-0.0831542903547121,0
0.09257450476819694,-0.042539692926969117,-0.1556392027336181,0
0.05901351308888528,-0.07487734913538653,-0.003952842345655867,0
0.04723780243286617,-0.049156459736333695,0.0668310496978835,0
-0.043154083379139056,0.09437414972049044,0.16596580781074885,0
-0.11173624524531992,0.040647702026551234,0.08708392021422978,0
0.03572641155715581,-0.15076751540721733,-0.01602908077109648,0
0.056707380970630605,-0.016627801584615447,0.06842524660727838,0
-0.04333021438065617,-0.1025575164361362,-0.18248565817882587,0
-0.09223838700853593,0.06831939856318746,0.024989546314821386,0
0.03701120948592415,-0.01297679181939501,-0.08294214262217657,0
-0.019237107092425872,-0.07316916612874602,-0.032410487479192056,0
-0.15884896928082845,-0.09671614806154279,-0.01491475046351169,0
0.0668224221901874,0.01079474875934501,-0.016837391464258097,0
-0.11686650931942982,0.15284160467055566,-0.06512998888009584,0
-0.20287432493351887,-0.05150608555398235,0.055858421459462286,0
0.039884097626896126,0.05354963590462869,-0.00256309991824846,0
0.019206770853721935,0.1793128548660472,-0.07413837755582856,0
-0.25144380312490616,-0.03770299143066508,-0.006151629908331379,0
0.06321403813554292,-0.16154117432569226,-0.0649576264859113,0
0.1214661557748785,-0.025360065584627084,0.02972178395153884,0
-0.013515888889136239,0.04335541973129914,0.03795173738187467,0
-0.0025011549043361687,-0.012011446401568551,0.20384619300322915,0
-0.09674156659173805,0.14639745116515027,0.025684070345155616,0
0.007406172636155824,0.009508659596450135,-0.23930381636178633,0
0.01952944141955089,-0.01778343494992814,-0.04066215586697522,0
0.03760020808171777,4.141386312498525,0.021954819832706154,1
-0.018563093677709128,-0.24667357250925886,0.22383261480205194,0
0.11040940276433649,-0.009439635588169798,-0.0139331801301983,0
-0.1396968551503767,-0.19107671852774655,-0.05274381918059622,0
0.08605608366279555,0.14339766826410266,0.023754595995001848,0
-0.03594332970521883,-0.179046304736321,0.018908897519855278,0
0.004169583999097625,0.06279387248284475,0.012282212584158778,0
-0.1498997540143043,-0.14021288354129724,-0.2628074728042423,0
-0.0376927390176155,-0.06156309629304207,0.010540027138098517,0
0.06648394494916753,-0.21980495666498834,0.0028567153935804,0
-0.2780097776728674,0.06297207032804657,-0.10965878524799051,0
0.5461474242836591,-0.189650953258659,-0.035421508380080166,0
-0.1734955216900404,0.015717581114282644,0.13821453492779787,0
-0.18672606933425148,-0.06064815375923743,0.01891046989306918,0
-0.06444249611408956,-0.12861245812033242,-0.09280482029411223,0
0.22957281192843065,0.03283970661634745,-0.10318349016112355,0
0.09778861234082442,0.06201511889462143,-0.13141276548604006,0
0.12018743716865757,0.07937139146445232,0.004323141478136241,0
-0.1670336225522126,0.2016381962781266,0.13660413139002456,0
-0.600715209358292,0.023995156606875474,-0.057847546283442776,0
0.015159066588487017,-0.010438077309094481,0.10453875566072551,0
-0.5270218025802905,0.17319689301401184,0.03370712519997706,0
0.24826172079343736,-0.03692346443783658,0.0537523425218904,0
0.16526263366523367,0.01821946083634308,0.0037710004762792487,0
-0.024160925427531788,-0.06423772736732486,0.030120554095976124,0
-1.315372670728155,0.3107305931970037,-0.08469544306922233,0
-0.4027153998987893,-4.622767042647846e-05,4.025550524196853,1
0.15414045143245236,-0.028277744731069972,0.0816774086157722,0
-0.09898477516871057,0.08104032606744235,0.09430243104542152,0
0.5112279258885118,-0.08396748386295085,0.01934514272584445,0
0.009136457000451759,0.11649801058953618,-0.018047552349601415,0
0.672161765898629,0.10326024821830343,-0.0502453379247526,0
0.2802675362413955,0.09971424837238957,0.013045418969979204,0
-0.39240211556707383,-0.13909826151164015,-0.07048798540873703,0
0.5925352486680387,0.0834281712458549,0.06289341653589385,0
-0.07664584612671727,0.10737309429023219,0.020195622312177426,0
0.6001951106090448,-0.13505149065716568,-0.04430011542155622,0
0.7638686832083647,0.0028584913589740834,-0.1059669670052337,0
0.13755572990186574,-0.08594882939837267,0.17818372452426046,0
-0.2863910359212319,-0.04452098270666263,-0.0654459224635419,0
-0.4881912852730773,-0.2911097143000733,0.18224343030133539,0
-0.024554757683316095,-0.1161480809431009,0.12770492846022694,0
-0.37501094639120747,0.033236867732307745,0.1019603045975825,0
-0.010136429479011139,0.0777645352710602,-0.09797843486856099,0
-0.40504885504307553,-0.05678130897301428,0.04061190483638541,0
-0.14637985890215205,-0.04532623100323056,0.014076118388508958,0
1.0416205251297261,0.062106600684518246,-0.012756637252905753,0
0.28100454131744945,0.19611673685272904,-0.026798018611408177,0
0.03969441921548347,-0.0156472252431902,0.06619280846573795,0
-0.3860836571797712,-0.03209950354916419,-0.046421816918436574,0
0.03226272563884892,-0.0027722324942580446,0.12004132554030898,0
0.2695494123140432,0.11819606951156965,-0.062146392045745805,0
0.1093701547269417,0.021794209482984897,0.10485723437326067,0
0.6405652628114772,-0.17397190889108832,-0.03146856764682953,0
0.2515001167458834,-0.057281349428638766,0.021154363874020487,0
0.863598903166312,0.134660191670241,-0.04610569345127509,0
-0.20740194616230317,-0.004807679714398799,0.07762847970391508,0
0.02033949974857109,0.09918915341831903,0.0470981768604621,0
-0.17484977776846244,0.13855845690109855,-0.05683147013901183,0
0.26218262792499514,-0.1101197589424567,-0.03689282921333773,0
-0.4614034581283024,0.018252143870134248,-0.10778014648290446,0
-0.24738883904243947,0.09735593620560612,9.885770453791249e-05,0
-0.348106354134302,-0.0740993942760267,-0.10103547568060485,0
0.10930452987851767,0.08241199497420794,-0.07822962805083176,0
-0.4368175277515858,-0.026382991194467416,0.024882179914788388,0
0.11771005197710467,-0.12850457424499656,0.25673088563237684,0
-0.06188030606995429,-0.12073238202093749,0.12422570604881791,0
0.1312261111207526,-0.013539346293619284,0.02727040932894971,0
0.1304033529925162,-0.058912519549060995,0.032948100962018605,0
-0.5550327292607875,-0.10635010316762582,-0.10502275356782337,0
-0.18971489394383037,-0.03778099965488271,-0.10668730522023998,0
-0.2891325407490048,-0.23208673660346402,0.05498126444247902,0
0.20367500682058437,-0.0785062866253937,-0.1718973593527617,0
-0.4741356144249502,0.05745733548534074,-0.02273731344184213,0
-0.6456917960209614,0.09105379542817793,0.09895282984326186,0
0.14829560017054527,0.06361286070218657,-0.09461209696128818,0
0.5638688824472132,-0.14815909477787592,3.9880415081333096,1
-0.2536599103695602,-0.02915589836815041,-0.17798688162258158,0
-0.28048584309423213,0.05758899936493155,-0.026148772055774584,0
0.22566822351417157,0.10275092162837976,-0.13782971061990248,0
-0.2469277696628528,-0.15262460832781397,0.0637743920303926,0
0.2988753804871425,0.06801521879840915,-0.1265081482974915,0
-0.30085914191539986,0.04210880068236284,-0.01052602499583309,0
0.0684561036486223,-0.03368299088115831,0.03464392334508121,0
0.5297209498721048,-0.1503957343934625,0.11702657144237993,0
0.07782797845332098,0.013979738465683143,-0.001701596544893466,0
0.5719704081426221,-0.05132664744447227,0.12933107787439316,0
-0.28381919269520506,-0.0048686375125796795,0.09406327686259537,0
-0.24426335490249304,-0.03588644648108822,-0.043443710055368095,0
0.8011933206890656,-0.058018822397775865,-0.10428814963683475,0
-0.11784452929057974,0.10834905802342326,-0.09752543415893174,0
0.3841658596747763,-0.09670966779698625,0.05575639795557933,0
0.08919055984294608,-0.009033749389555644,0.11745924116525282,0
-0.021374732993259957,0.20478774667263427,-0.045724158120659365,0
-0.4896406378826892,0.05028831771222279,0.1548261196402949,0
-0.06633417544407068,-0.10682484519535454,-0.03284516655264621,0
-0.08605302360923862,-0.17391851453367232,-0.11152850789711455,0
0.5460139533206985,0.06646123334678743,0.08817894424259413,0
-0.10770126938336594,0.06112620949618676,-0.22510667044894142,0
0.13247648837139855,-0.040961868205268814,0.0032093648549352503,0
-0.16483847653416914,0.008475853358632419,0.08029706847455717,0
-0.36262990785228605,0.11733704684470753,0.26736371765143746,0
0.46842740391852883,0.013591643628439091,0.09536257609410992,0
-0.1392076032282648,-0.11101631225967068,0.12827584569341766,0
0.17023503173393836,3.895858790338275,0.10888151076116388,1
-0.13880399012576847,-0.12445944151731153,-0.09343738185865887,0
-0.06408241608599885,0.11463898100730259,0.06346538634430497,0
0.15127498412722776,0.18907898127477193,0.09919042136223008,0
-0.31837720424252663,-0.03419327685379688,-0.0461575311589491,0
0.572247974089685,0.0771590885608765,0.11728185028439025,0
-0.8502791959998096,0.020629776801140438,0.026578799409871276,0
-0.6925721914537213,-0.05524831361424686,0.11865552259414945,0
-0.2536397050832442,-0.06451285601952249,0.02561246786026694,0
-0.39779493391272686,0.0824773198171626,0.10608223515704185,0
0.31215894417537454,0.0902581403211376,-0.016862253393973996,0
-0.09961429255595444,0.09519722544327733,-0.046800950408401036,0
-0.9395816967923427,-0.05419451303411992,-0.10031822204909523,0
0.13341784910853405,0.013047745746179264,0.011179004075848624,0
-0.06447668037663683,0.033378585887549356,0.09177175357429808,0
-0.5245344641702717,-0.15508716903540234,0.0974593648155912,0
0.188225403461468,-0.054866771705934174,-0.04940996267544761,0
-3.9301759857766836,0.06646452975793493,0.09441837094766711,1
-0.052594054637542756,0.09971312893005427,0.07053638537628648,0
-0.1708880217178401,-0.2072931391196344,0.029422691864750022,0
0.39695811672881465,0.0020934273791808787,-0.16328218010327933,0
-0.11910895452842594,-0.020879100099323,0.002817460673709734,0
-0.34485737083863266,0.013545838651947634,-0.007254686298810763,0
-0.13572712706007103,0.03759499690101073,0.05400653554299804,0
-0.08353140577731004,-0.05542565493142616,0.11550912146091119,0
-0.1331049024589373,0.023981100203141037,0.007605372330671586,0
0.1367268295013211,0.08016156412859744,0.09208472580424146,0
-0.25761775644696455,-0.032227417166975324,-0.017140185552129934,0
0.2253382688343254,-0.24055320558288049,0.06790515723657671,0
0.05166900783240244,-0.08262036832489306,-0.09650457534835528,0
0.734995915859506,0.14990802579247484,-0.04747614898073013,0
0.010170840285058665,-0.06115452889121523,0.019469137448397154,0
-0.016633995883268263,-0.05181808803880009,-0.11532130718877531,0
-0.5713416487186841,-0.0735331382367381,-0.04196268448104479,0
0.14940739510518047,-0.11879292020153023,-0.00016912374934227413,0
-0.03895925943827449,-0.07388169283708149,0.025125355421543767,0
-0.008023979335519888,0.10844830593583649,0.04068515156301932,0
-0.4599554157585766,-0.0035981601288375808,0.03086769197604249,0
-0.13482996012157908,-0.19037588093504287,0.015554593392145731,0
0.2827420358932047,0.00921974634506331,0.010962274963937764,0
-0.5820709602953248,0.07012826618838645,-0.2617853839677284,0
-0.33203189222472207,-0.19487937983192363,0.10915166008201951,0
0.5379499991021746,-0.05526389328505768,-0.015702471102415266,0
-0.06953367911786239,0.009131500498006767,0.07361321337235395,0
-0.4535197779676294,0.0062268791095657855,0.12485166390567773,0
-0.11826856302324118,0.198254252314144,0.002019105331690916,0
-0.12992227560475847,-0.03409843800022788,-0.16066526765215888,0
-0.46361885623180443,-0.04228554271757311,0.0314990454710319,0
-0.32189140040451575,0.0849330699768645,-0.04528530750670545,0
0.9613675871993905,-0.06998891605020817,-0.0042774241467740445,0
0.18096039838268588,0.01995222543853431,-0.022818742663780065,0
-0.9446531453328602,0.16997955625766886,-0.006276265759425241,0
-0.15887117030168663,0.05548823720859585,0.07501091285846619,0
0.31435356942981846,0.004972111679564144,0.11772337938509261,0
0.03478960568005336,-0.041722238678348844,-0.16260304516428034,0
-0.8826479080241478,-0.0009021934050087078,-0.00935036718890951,0
-0.2246438386219558,0.034656116949738074,-0.010091518958495575,0
0.029173512024088022,0.07756518131673695,-0.010362458611174005,0
-0.07555459480663262,-0.08807036376367355,-0.025057292110043067,0
0.46937564040692314,0.03240056286713999,-0.01986142733035208,0
0.1522527917630921,-0.05084068336913658,-0.07690837704906088,0
-0.44955489568087076,-0.08305775959105056,-0.17807787427404104,0
0.2953382921643888,-0.13204655621310335,0.2421805571823643,0
0.6842886476014651,0.2158425962896646,-0.12614713131240304,0
0.2404885483082514,0.01379111033685094,-0.047464022439836946,0
-0.2839490779479323,0.07184767362910381,-0.0200713746043815,0
-0.12063608814381932,-0.066747783918638,-0.16736616332587603,0
-0.017312315734172443,-0.15810297685088073,-0.031757623338292226,0
-0.1833887587669519,-0.05102430713010131,0.0483962907821642,0
0.4869406275638172,0.1882872654351931,-0.026889430989324045,0
0.2115447769526705,-0.0406514289302399,-0.0005069904452447959,0
-0.02132040342047608,0.13814740512599372,0.07760090379061631,0
0.739995047343061,-0.09562424059043426,0.09834530671505387,0
0.4735349454592088,-0.050684101344978666,-0.11033792276798911,0
-0.019933746035265362,0.18553827202034448,-0.09667216978812351,0
-0.019364524335831537,-0.013059082656764002,0.09888849256839968,0
-0.1743935804617396,-0.048517592336343646,0.025256135182132912,0
0.43834200448047256,-0.04745764777941821,-0.05023488721782235,0
0.1161694993346411,0.058412612267326185,0.0009253227243719883,0
0.1470032735622205,0.09220249937719929,-0.07023441434403908,0
0.27896148600936266,0.09380241470215225,0.2159978072493992,0
0.31651489424363555,0.09189333257238325,0.11333796632836146,0
0.3067550136163574,-0.01582534378182143,0.09709059774317219,0
-0.3682925566928011,0.08156453188249838,0.19435020181732632,0
0.0571412894583619,0.008360789521705382,-0.047636588779010086,0
0.6893310312712255,0.03642335107350209,-0.09017607801768256,0
-0.3072560912739136,-0.055815932655683055,0.18548683890624035,0
0.1733809124288524,0.004852709744222896,0.08009820161076175,0
0.29156573634826194,0.09492190824875783,0.18652059165249846,0
-0.5995333379801838,-0.015002253389724158,-0.0314031643424399,0
0.4471970014269941,-0.1154880852813913,-0.0819899059909873,0
0.0786642265344478,0.07397143327894883,-0.19916218688290982,0
-0.44444152820837185,0.010518469690315188,-0.04839933430794658,0
0.32568966013079437,-0.0968603108731033,-0.025094296902050485,0
0.6982251163123241,-0.0047658115881619775,-0.1563526698625137,0
0.1846303464480321,-0.08157057625158676,-0.062241543701802605,0
-0.2874304373763134,0.0459740397653256,0.18747462216617664,0
-0.29389676472756093,0.021438048643312956,-0.12686968371219018,0
-0.04659656915193002,-0.03203695420580598,-0.026978877315121996,0
0.3939007509622929,-0.07886629645701569,0.20305583763209112,0
0.13557895755322125,0.08747384766869862,0.08693618620413102,0
0.3154773135288492,0.003380167098683548,0.030201702303711844,0
-0.17048280027632273,0.0843818631702233,0.22924982038040623,0
0.6075671101202532,-0.06256217180020748,0.15810001510778987,0
-0.5801055294696208,0.06333237087366372,0.010081556804797252,0
-0.10223944304840492,0.014622901500624945,-0.03693110698967426,0
-0.3305883133242166,0.08133343351640604,-0.06418165291349862,0
0.8579805616642888,-0.12088402852020377,-0.14415873031190818,0
-1.2561627972757998,0.01967287925469937,-0.0548936854233437,0
0.37940605359247326,0.08827074656419494,-0.09473192771586647,0
-0.23324247805294182,0.04309178551604218,-0.020386921796140198,0
-0.3254370632853538,0.10365373838534785,0.03479059956753698,0
-0.16852406456201674,0.150173586996728,-0.0887567309157739,0
-0.10505449391948503,0.1094363297663734,-0.14704624807574018,0
0.6363009024767601,-0.038132613805006405,0.2550947078495404,0
0.07644267486602441,-0.17605767772441513,-0.13344291207420103,0
0.010150296619489213,0.04073953493870801,0.06167799910074855,0
-0.5572919903601641,0.021242616125350066,0.08666227498529191,0
-0.4287045553531645,-0.1313140718960388,0.20886836611895807,0
0.028687557153131878,-0.04483138831017149,-0.01652148602323309,0
0.298951685689825,-0.03683815814613673,0.14667413515958366,0
0.44972247283875166,-0.1572586858098396,0.05393685055921204,0
0.5644496105061632,-0.07306391719211176,0.07681554010299832,0
0.4558788186248179,0.039141355675070516,-0.008272552788099992,0
-0.5034384876741894,0.06501205686390897,0.09402652919099948,0
0.3862367622983736,-0.0661790026134428,-0.06847714618606303,0
0.07060149733484682,-0.11925693353398217,-0.030825633073261572,0
-0.6634579904715792,-0.1477025110644236,-0.042897430489999284,0
-0.4323478516814211,-0.12477927797174622,-0.2140765449105425,0
-0.31199658989035983,-0.02353056183560924,-0.19070933937848122,0
0.06876191577998195,0.08352158740962604,0.07754931091306785,0
-0.29505294262359305,-0.013608081831933403,0.16938895515224855,0
-0.08900275504286888,0.043110078567794974,-0.11769295691428877,0
-0.35918235268923326,0.09103242193174876,0.04938377232239394,0
-0.3326207510153976,-0.00816493680694751,0.029793266699576118,0
-0.7481538148654902,0.08202227768618692,-0.16421346471691403,0
-0.2671859606646919,-0.0836056249308183,0.13254679363039062,0
0.2807666895047153,0.015413169504550274,0.03137788331311864,0
-4.743360334454417,0.013080550528860391,-0.031370861140937255,1
0.3455013792505668,0.06303154110164835,0.014789153289757355,0
-0.4497918836716638,0.024133522472179373,-0.027458090578118866,0
0.28430713780325767,0.04875012883288204,0.07684344734707324,0
0.7202141610628163,0.0033728229615745454,0.08647287345786958,0
-0.23308539552277383,-0.03304441720089411,-0.01428102178021392,0
-0.41518844031659125,0.1505925232687811,-0.2216451933534811,0
0.7009111807759462,-0.11784690536192209,-0.011206140524722652,0
-0.13555518198799402,0.03645464452516866,0.05001281933800388,0
-0.2607350399396426,0.035048574986844376,-0.014001984579705515,0
0.6572517348202047,-0.022931832449722946,-0.06365711075494415,0
0.27465140381452874,-0.1538013091357136,0.015423894555774307,0
-0.11941486806526323,-0.06886490647577219,0.10665781979610152,0
-0.0868438934172852,-0.01894135365800509,0.10693008991223048,0
-0.11495598984183807,-0.15556027389225704,0.11164956665309761,0
0.29032403668113665,0.07016267798576076,-0.01576151594199577,0
-0.26571329006903127,0.04050912562746659,-0.12564672053461418,0
0.4069082618498994,0.13916379688200597,0.16230227315814297,0
-0.8004144062841813,0.10997647730662777,0.11844256931645024,0
0.32908795248826145,0.09169140583822333,0.10060624813994548,0
-0.06405622498746388,0.08037832306999321,0.07896957241311267,0
0.19621368634990205,-0.16847814848275983,-0.17901531167380594,0
0.881187403510367,-0.018286850376173124,-0.05235137333995458,0
-0.2814343265654448,0.05397279339757334,-0.1169542493507486,0
0.16169095774255518,-0.1883039233350873,0.029700361146131768,0
0.4955733724811367,0.11712052837101235,-0.08294874145070814,0
-0.24550983126854048,-0.15581038331120178,0.20689475855200126,0
0.0023392235483768605,0.09686046497730387,-0.1283325451494406,0
-0.1395433891652565,-0.35195850670234097,-0.05156763084324572,0
0.07357480864098652,0.07077617895057119,0.0654986433813444,0
-0.6577912692012031,0.04586159996910417,0.09283507907128756,0
-0.2635802560396989,0.13380934254647384,0.06818487922915768,0
0.2364787798813396,-0.041999353542870904,0.04234572610858059,0
0.42167090373621713,0.07468319828459813,-0.10435064206483591,0
-0.7486539685779965,-0.17499119228277651,0.0866536573788393,0
0.03310466947621514,0.021193953656468152,0.027817601926154,0
0.1791226484630145,0.16701366109188595,0.06276853123347656,0
0.6832292039963005,-0.05004171977329295,-0.06956384617110305,0
0.0003957854884457045,0.04053296409373703,0.004551528353599377,0
-0.007813004740239835,0.1633624401358726,-0.18192599829658995,0
-0.12804525053779434,0.12370663985375326,0.027259885902087652,0
0.31227764252931184,-0.014734811629290462,0.09038056544184747,0
0.3170454367523192,0.08237794968431478,0.11312389950495426,0
-0.03981157596378346,-0.02343520189461925,0.11890736189662401,0
0.1205738962176952,0.01141454358546009,0.05432553602807294,0
0.8937014958493924,0.04915675431456675,-0.08927684307571601,0
0.04990011387881388,-0.0195601659440753,0.06742347850695123,0
0.6669646321509011,-0.009504853072971772,-0.028226014215439695,0
0.5488902541917556,-0.04184132707499075,-0.03346585710401384,0
0.10478004554413037,-0.15460352900502075,-0.00333490219840781,0
-0.0118488279338856,-0.12495695566878742,0.18194320402120234,0
0.2052792321707156,-0.08768058221428664,0.08166573475128587,0
0.22038305942049968,0.20486717411372282,-0.1575510362295579,0
-0.7090199782705127,0.07326125698791885,-0.09424760075753083,0
0.022264693138611374,-0.1427176104183609,0.10843394211596032,0
-0.8181654304852259,-0.08047084263828465,-0.04256323689387856,0
0.10138357106910167,0.034851370976583036,0.03965985524389116,0
0.16998808534202342,0.03648624091986228,-0.058078336353291994,0
0.5894830508247818,-0.015492556837869513,0.026826167759809214,0
0.5665769341973134,0.18916342096395905,0.02820475949634567,0
-0.7879516018872011,-0.1057672633990393,0.15055263852572576,0
0.44046937339983494,-0.06122105150669724,-0.010457731726194887,0
0.022638102211759853,0.05129982674626761,-0.14741488308347492,0
0.06964548630562024,-0.10484695718007178,0.021199861916555388,0
0.2261554321572794,-0.09931080193262076,0.10339861662838822,0
0.15615900845313058,-0.08997138531931698,0.12212575208123658,0
-0.2957520181175677,-0.06799475565998599,0.1894015908183648,0
-0.18815474110248026,0.1551440786122351,0.07637590917481228,0
-0.945792608362665,0.02170524359958,0.10911735173050743,0
0.02998300462348761,0.08749045336623631,-0.04855668125667775,0
-0.018313520773913537,0.09796029782361018,-0.078981486812593,0
-0.17818506362757525,-0.06889159513930351,0.13983596468587975,0
0.033440948847657775,-0.06613275797012916,0.08069923104221714,0
0.40105469958458956,-0.05398411531652223,0.14095712472915323,0
0.551088626418949,-0.25459203867908886,0.07165087066922024,0
0.6503891347302111,0.03942390116099911,0.0198165137666126,0
0.032499867350019376,0.10109881356217523,0.10228041554588514,0
0.3490464829268494,0.06388234473658631,0.03429124185386289,0
-0.5016107734396711,-0.1459879109995747,-0.03361441073701295,0
-0.20309741605457315,0.1488036744372022,0.15552262083168644,0
-0.18290542100014842,-0.029383630202722607,0.18624026760171045,0
-0.20284355618396074,-0.12161388994873093,0.06319180792471615,0
0.011079093625177325,0.005700380984915487,-0.12394287745569377,0
-0.504873247450505,-0.004621532528164544,-0.030589523408047332,0
-0.1507255631203498,-0.048022264761016634,0.042285533503119914,0
-0.6295764814500626,0.03156599760725431,-0.10268079534890123,0
-0.563271303762658,-0.016430612316383885,-0.09072456261579387,0
-0.330534309464549,-0.06488416563526166,0.007355194030697937,0
-0.012046432655615988,0.2026368706047726,0.041744592683551296,0
-0.3897777786363666,-0.016724009220245622,-0.0912953756489705,0
-0.2068333812277946,-0.025651060470567307,0.06465060220527694,0
0.20743786568685613,-0.1642570311830748,-0.0029970718963049695,0
0.09847499642656958,0.13376136938186073,0.09153873663427066,0
0.6934772538245002,0.02198868842334232,-0.11927780358814413,0
0.1246057470167496,-0.022245930668135936,-0.01941023984022204,0
0.5849602179862164,0.1984228910672649,0.07007109199074417,0
-0.480097551142636,-0.13279272722952318,0.11586532033437034,0
0.15210122827543626,-0.023002763655451473,0.008112087304286576,0
0.2108933922023206,-0.09911909784580714,0.021539861589745343,0
0.4533939064035183,0.0588719789038486,0.06916077905722519,0
0.1420614361514841,-0.018278267822894042,0.1845583975164852,0
0.5244365709108478,0.02936530068198937,-0.15197907690412937,0
0.4482186529215435,-0.009027603734774382,0.0061224440690567945,0
0.17902669609460908,0.1211059765933607,-0.11177612714919281,0
-0.28208085845626424,0.05302132922026947,-0.002709884560120703,0
0.28654177544963005,-0.012856598660966119,0.12405272949709129,0
0.27305531497820107,-0.018858197328909324,0.04908030798728835,0
0.5745161931477671,0.11144595264467766,-0.10762889535415801,0
-0.604524297879761,0.09328861275118036,-0.016639507961857324,0
0.2100400888971352,0.12752694796012984,-0.022336518128806417,0
-0.7232819003007643,-0.08294094481907999,-0.1661814039482672,0
-0.46810949614323943,-0.07481235470479825,-0.14968002386628734,0
0.08353130956686779,0.02242939570720038,-0.007568315385081296,0
-0.2436212020602434,-0.11955326603647026,0.08980996271302476,0
-0.27560671192477054,0.15448818296650377,-0.030722916277520853,0
0.07149307191641449,-0.01298792027291653,-0.17012268456632185,0
-0.19719093224877177,-0.04176424587793322,0.07693155893994437,0
0.11394028807660186,0.15068995469386295,-0.09884403274003155,0
0.3104476313906408,-0.091884978697382,-0.060668172251845336,0
0.372016133059909,0.04923887649906969,0.02342693459127474,0
-0.0960572136161229,-0.011405258464967297,0.007645060376505183,0
-0.14101469687362875,0.28727348698458427,0.09879680743625593,0
-0.005014774823811382,0.030822203923657417,-0.008514589003265096,0
-0.25294884932507,0.16648907480123606,-0.00920802597104166,0
0.4309583081272581,0.08879350774358209,0.04425841124332897,0
-0.17929549416975363,0.054725032264321884,-0.0010766305742831918,0
-0.1900760165269657,-0.0996129411441496,0.12858661736925564,0
-0.7507109131761597,-0.0011656365908595087,0.037274921261615225,0
0.6162198150280677,-0.0724766687677598,0.04933880234466115,0
0.7833879920432385,0.011185374546716031,-0.1699345739648908,0
0.19100948364240064,-0.171732382159151,0.03892551064320468,0
-0.3838657279768088,0.14452231474669525,-0.12632679668877164,0
0.399350002190964,-0.0496759763886319,-0.08065536217383651,0
-0.062424531338299366,0.04227058877258843,-0.11865422785720557,0
-0.001702868607608828,-0.009704162691684878,0.10019682428504771,0
-4.06649910774448,-0.15824656960200942,0.05767941937884642,1
0.4647493081341949,-0.10815808198848734,-0.18106013494104925,0
0.19332934923364423,-0.14384122502137783,0.08053354732810902,0
-0.15954282754896132,-0.02509111438045368,0.017717069354419,0
-0.03795208469474589,0.12784253000034346,-0.009194297677023682,0
-0.33461586604458465,0.08207971095148818,0.05578156229218705,0
0.29910550705366884,0.14274902188615562,0.27280762432100336,0
-0.46559558556881825,0.1356536417437667,0.1458033577891541,0
-0.11186235601232233,-0.09847384251035654,-0.10148330810493696,0
0.32713684067461934,-0.0667954531731547,-0.18186634520814857,0
0.00759387929189395,-0.008286684885078483,-0.19960249053328213,0
-0.9208264902436316,-0.08345908934979497,0.08770579439403371,0
0.014126971974093653,0.13883730286465765,0.10005242942939181,0
0.47685360517561004,-0.057560127337454504,0.2987553240384057,0
-0.30898699447964756,0.060130990626702886,0.11141882479464693,0
-0.1871563227066738,-0.1231044275497366,0.03448303880013318,0
0.554295994318616,0.12524177898191635,-0.0903613327805311,0
0.18292080389026136,-0.05981541938451865,0.08223133704850744,0
-0.6326766392317935,0.10102631283251358,-0.017966055929253943,0
-0.23571728457309488,0.09812127370878011,0.030221941614630557,0
0.5103522462764909,-0.03895053395322301,0.044338653266828496,0
-0.7458083460989882,-0.04749112111554069,0.11116519056100026,0
0.4586207729730949,0.06527001892798466,-0.0785642441972873,0
0.39934516938728576,0.027521612475248793,-0.01131908753435025,0
0.9361306184197933,-0.10654071038696622,-0.0359086062975062,0
0.05046337428523219,-0.010840157077068369,0.12848373225372117,0
0.17151008465331402,-0.07927881859367775,0.03657185202777323,0
-0.053410553637896666,-0.12986549968954705,-0.08010384478111368,0
0.2778609491002099,-0.04921035229021709,-0.030524294622148104,0
0.3938615118894268,3.857000363389646,0.12480621096161251,1
0.5104284338617064,-0.08472465597331487,0.11381028933993478,0
-0.579537829400241,0.028996068434401237,0.13816983186350426,0
0.2365335389613258,0.153819443373617,0.04086591331173059,0
0.3795037846714586,0.2200153713738935,0.004228599494675776,0
0.05500471760553283,0.11758421542910698,-0.03916816211668944,0
0.4534204031390136,-0.049846653925331726,-0.10180982119800266,0
-0.1276203993483239,0.030436820406100476,-0.09390109410673374,0
-0.036073068490879205,-0.01799635834819654,0.08038762948723276,0
0.3996546768560016,-0.15466206632135612,-0.07631333162031967,0
0.9054981827797768,0.19895806546014222,0.12416423842879787,0
0.1210218638673418,0.02568655157292006,-0.06665663741970963,0
0.6637856648997795,-0.05676182454495607,-0.0002751998473131049,0
-0.17905150584514057,-0.01063134111462753,0.05426954099218944,0
-0.0025433828306809666,0.05092567044022537,0.04438405496514826,0
-0.2531966890191826,0.08914069684989114,0.028992684727484664,0
-0.6443081152342816,-0.14771509835367977,-0.10580215726440029,0
-0.03645542463960981,0.06793391927195518,0.10546429429350326,0
-0.3290490449144223,-0.0615641395872113,-0.07161300251040091,0
-0.07585024232366822,-0.023916318348929044,0.02515464901476125,0
-0.13084050805114777,-0.11587934366716,0.05440040290717908,0
-0.3524481420927005,0.05157342463312912,0.025403477641380956,0
0.026994433813755395,-0.06821877635966386,-0.2267947360806648,0
-0.18746383678952389,-0.10223168115431776,-0.046865848205902845,0
0.49943217718167354,0.08790567934150428,-0.09091475473054499,0
0.10903102073053249,-0.05784549862338956,0.06086253072934337,0
-0.02473824462211754,-0.0815517942916148,0.061146234886560596,0
-0.2862029894534146,0.07653443645875373,0.08307981616757917,0
-0.8101736106068134,0.07106225947040903,-0.06263729519697044,0
-0.4471632829645191,-0.12351695860338195,0.10223479035112426,0
-0.4185717771988185,0.011591152200465473,0.12325378575957371,0
-0.8297428982197004,-0.19677145339824684,-0.06922910805258824,0
0.1461681525772756,0.06314320752449384,0.023537040615820834,0
0.2704114231613333,-0.06737011977834027,-0.05575330959778879,0
-0.6373463934327132,0.07290691888740324,-0.010875539540884707,0
-0.7294669336477131,-0.18596474424513348,-0.11293481542460485,0
0.6689081004941001,0.14601150101571816,-0.10339088426863513,0
-0.2661482838787601,0.1738549495459805,0.12960392199790807,0
-0.08334614432499066,-0.17054944683115236,0.10879927102343906,0
-0.3736065053214578,-0.0395831777350287,-0.03397370871836613,0
0.4966213445452848,-0.05378083063443643,0.032334797130914236,0
0.120910176903861,0.06254959301288676,0.13998417362001062,0
0.28761897673925507,-0.046563256122331684,0.17508613960998123,0
0.48188881848575327,0.08397720995256075,0.08783939121173155,0
0.9459811874116769,-0.2296448658865322,0.05065130848168309,0
0.3245386758758705,0.05744675712585812,0.17572069979024918,0
-1.0448597616545927,-0.06591448559432027,0.0982255159804499,0
0.12925587242059175,0.08574862835835867,-0.1517577864988212,0
0.4483336922815962,-0.07360930481741637,2.018301721162911e-05,0
0.8609729070651666,-0.1321776512442745,-0.12739018008696698,0
-0.37055159704246754,0.08615064501216298,6.52517020530949e-05,0
0.22068264213559463,-0.03733628479271161,-0.16355515988106295,0
0.29179534053899187,0.03637805389936901,0.06764245713227733,0
0.2877695382953385,0.13142232289857703,0.1461803897877917,0
0.434180060073816,0.08969110206600013,-0.015466318398546008,0
-0.13032641436656486,-0.059188648692156766,0.12287501571678945,0
0.6241574164427853,-0.10027656703426316,0.037308408747033533,0
-0.11886200218614532,0.10347819000201877,-0.027308764732169477,0
0.16832486503071614,0.05391082564347573,0.11749379392746183,0
-0.13897345660551524,-0.025674753938052255,0.08010904688924916,0
0.11557570867854237,-0.008698157961915677,0.014502594883481365,0
-0.2849052184485714,-0.14498069652255918,0.10559767115120283,0
-0.05258592404972291,0.10620239753328248,-0.1580253017596745,0
0.01607484828384486,-0.0387584177692596,-0.11931030088533166,0
-0.3268966441421082,-0.029541448617624574,-0.03210824935492536,0
0.38882429748601854,0.06266051581651098,0.04856941202954237,0
0.5361001008375498,0.020724096142375796,0.005806807011756069,0
-0.033133883382224574,0.2331840243556315,-0.02850375287469875,0
-0.14021841487055872,0.11797214643069667,0.024692200163921308,0
0.42734981233850755,-0.11914753233129925,0.1093387870597029,0
0.3702877785399658,-0.1488772606345399,-0.013652181118017007,0
0.20883458566529067,-0.005900715359882507,0.10101015471335772,0
-0.0644242439730736,0.07851133563628229,-0.07448222755204585,0
-0.05175423840862519,0.03282649594424492,-0.055450643225189195,0
0.1579146384610392,-0.06419413879858606,0.040852245772859834,0
0.18659651813397293,-0.23341587110152637,0.08446537987273628,0
0.25629787562795847,0.10096234174802361,0.0474840315641556,0
0.09289405226629335,-0.0319613985762641,0.039149735392799874,0
0.5163390134605728,-0.10366840414273325,-0.011263386369883131,0
-0.3059796399618935,0.2309785374701565,-0.06744075788101364,0
-0.022129652434365363,0.16517770749185257,0.0022439443285582473,0
0.11132961362554622,0.046889917130629594,0.01863470359136901,0
0.5581200820512551,0.24562478238756286,0.02535559459564818,0
0.6592987197276725,0.13787544102116747,0.016006739878752865,0
-0.4912370019217475,0.11529156976237061,0.05279878686027378,0
0.4946660878414097,0.0006527079725405741,0.05973402014968755,0
0.6098107919982524,0.029907901816748766,-0.051867382566894084,0
-0.5093295604035547,-0.04658564327309379,0.0906261325320016,0
0.4051245211358153,0.028254342856717702,0.04097220432476171,0
0.12829460383840482,-0.08443202688020156,-0.1117161595785916,0
-0.07073054993110706,-0.11858375674420787,-0.1517271640727963,0
0.1291396611764587,-0.15571145966283662,-0.10995184562756254,0
0.4627447281319767,-0.002893032513991891,0.06683667051847324,0
0.28891519269506233,-0.01304753862842506,0.04635469697502076,0
-0.16489996360388112,0.059174738918619,0.01939155394088072,0
0.5378058053430561,0.02971059270183814,0.060949747574698544,0
-0.47783331587907185,-0.06805008533953165,-0.0009675366548269504,0
-0.18542839092534746,-0.08698810280971464,0.0013373527570859178,0
0.7420074524413002,0.20586553553252132,0.04446948416638452,0
0.7899118965731179,0.027269821439554295,-0.016389005074188164,0
0.16924198193065415,-0.20705554375530075,0.04026764728168124,0
0.16960099699530318,-0.012329158696436741,-0.008116849872265358,0
-0.3036098695606461,-0.08053123736734036,0.17530158280207242,0
0.19282422282164713,-0.15095801081303634,-0.0022892704483328586,0
-0.23581486859529585,-0.08655779639968614,-0.07311225170104439,0
-0.187953029314446,-0.097296855675009,0.0784484675452116,0
-0.34339631369989876,0.014623700016931938,0.001981457945180821,0
0.1734051870474689,-0.09782083162056265,0.19647953436517226,0
-0.0007852520926554084,-0.027569568610349232,-0.23347451250706458,0
-0.49073104727196404,-0.01164539067531619,0.06842514849484495,0
0.05404828867152969,0.03307717299125809,0.09464598900590859,0
-0.2328784126856876,-0.030546238974443248,-0.17047284970494858,0
-0.2862480169667458,-0.049976824176241656,0.1066606632999561,0
0.7377340503209923,0.0461183397076919,-0.07911219747981382,0
-0.02746734183690592,-0.09111725106966395,-0.002330517451416767,0
0.21094673428393956,-0.1503787014059011,-0.015701057473751803,0
0.35461550844392276,0.06295006132350121,0.04418161672245355,0
-0.20850899199921386,-0.09921823965700458,0.10257132338774977,0
-0.4808624758158563,-0.011616553313559404,-0.11733075779076987,0
0.8201445639962759,-0.08519463533502626,-0.12649068708967207,0
-0.2165216857805155,0.12085592767503839,-0.16662143324218615,0
-0.7553542902757473,-0.13644585736345285,0.0801550513380901,0
0.3242305777403136,-0.007738456436973424,0.1881368879746243,0
0.5750149991899453,-0.032256797826165196,-0.07671654440133857,0
-0.4970816003879695,-0.15334074360611513,-0.14703139999570222,0
0.052124840337445494,-0.010163521976505595,0.03414697665463837,0
-0.5417971578654288,-0.023428489349608998,0.07530400080884621,0
0.46531533766370825,0.1468779166940328,-0.0011813646186742109,0
0.4988595986080315,-0.06323296200230356,-0.1700945832738467,0
-0.22172698669274327,-0.10727437192795278,-0.00042688192946603674,0
0.08398537914834642,0.09703917925129668,-0.03373434619853254,0
0.3861092579387946,0.06762849581028445,0.010211055255240301,0
0.05608887628935688,0.09337328846502574,-0.08850645334755507,0
-0.7082663656404142,-0.07740951447148556,-0.092593312892448,0
0.20639960550768685,-0.19463867568000115,0.005311436222909546,0
0.15191153243865052,0.11088050485082848,-0.06233566008464034,0
0.503529362251134,0.08633878654635882,-0.030064431654603714,0
-0.05088439104001888,-0.06782166221373924,-0.019414582725351348,0
0.062947935287397,0.19211526414479896,-0.047428884171493255,0
-0.23781021953372591,-0.004554648892443901,0.03671570929446766,0
0.526785146868368,-0.012269287283331537,0.006785812989456331,0
0.007515835407926826,0.0062824953646343,0.10700491294439896,0
-0.022819576893240722,0.04759523626271653,0.0138819416353935,0
-0.006676964794329949,-0.0593236856756108,0.02749966514190097,0
-0.45666272054940393,0.04923796043544301,-0.06426230841591414,0
-0.19696767139871732,-0.12192300769137175,-0.014967161598208045,0
0.03761993327496666,0.14337298625585237,-0.06785106836739957,0
-0.4155298739262877,-0.01809645947857537,0.05600111956932875,0
0.2339832087036393,0.055008991240228323,-0.09899095226825237,0
-0.024701726520136164,-0.08697810712942516,-0.13383101216015195,0
0.6122175462503238,-0.11695708993526284,0.14820767500912102,0
-0.038553485074769404,0.041107564926163895,-0.06293528514439128,0
-0.6768528390093012,-0.050623754918837166,0.07506698701619592,0
-0.13539695323565273,0.08765406923471784,0.01608152003817846,0
0.031673479581646284,-0.08380455728263124,-0.04030442583922414,0
-0.3679973773627795,0.052238001906784015,-0.162697695486132,0
-0.6125648036868343,0.06801877771760542,-0.045336953404329035,0
-3.686494727180782,-0.05044350332253045,0.03166815703871182,1
-0.42022869473943447,0.08406746282807114,0.14134597797597395,0
0.6342067842920052,0.05363623140185386,-0.20451817555615454,0
0.6259144392564129,-0.013738695465192444,-0.046994101470441134,0
-0.06748313752045705,-0.05165086032594688,0.09717954722884205,0
-0.09851310017866954,0.23373711236381856,-0.06273582524050796,0
-0.08017910362072793,0.015467334471781315,-0.02620645724675676,0
-0.09495426914743792,0.1776359464084103,-0.05439746110926529,0
-0.09228643851742367,-0.12163949319909335,-0.016370898101668804,0
-0.0012890490658012397,0.013387144836563225,-0.16538048832189628,0
-1.0979560577562246,-0.05393024794299311,-0.19323643165786686,0
-0.13466636931343143,0.1661065637528558,0.032834619562066125,0
-0.43660674945434297,0.018329085825162104,-0.023922288987225405,0
0.0873568485930386,0.166221668176465,0.06719624596688284,0
0.19867726229560598,0.016604195040457976,-0.04559305917123998,0
0.7101264233170643,0.04259627722409936,0.10136872130634969,0
0.8856203523864246,-0.08178642210750434,0.029444912679797076,0
-0.2887581192663363,-0.0026435460937622034,-0.02629113288556383,0
-0.6443837744630451,0.12399229530736988,0.03107716294276875,0
0.5722859628398732,0.07283502489447367,-0.1452827128286559,0
0.26632539745578726,0.18702026404726146,0.2022545582144129,0
0.012556978702426377,0.031156260784103596,-0.1675961646359321,0
-0.3789075809705744,0.0019197431611150267,-0.01634981630069848,0
0.010718982736663118,-0.06970474729327708,0.00818886591295608,0
0.4934387486924703,-0.07743191148550736,0.033715146864528,0
-0.2839935594930909,-0.1364621107101777,0.14464042519704828,0
-0.3676367976626501,-0.04007778006065003,0.1407965098049444,0
-0.1697775111154655,0.08115330623345379,-0.09951154341543955,0
0.20345482982906835,-0.023300183484514694,0.17410650808778905,0
0.8542623440457761,0.15985538489802942,-0.0698318245331806,0
-0.5750440583817817,-0.059524551606609924,-0.006057588857922926,0
-0.6278334510884193,-0.033292983076503455,0.06562966289427995,0
-0.30956052559760494,-0.11925400620316458,0.05902248181442983,0
-0.48398866874495977,0.03527724151277567,0.06992710539792239,0
-0.4558253416791024,-0.10228221869376804,-0.14949705006973385,0
-0.025571111352474474,0.0523190763222151,0.10894494934929624,0
0.4375600370197414,0.007473370610727584,0.03716950740834093,0
-0.03240926901425093,0.10104344144228959,-0.0908944775645038,0
-0.278666361806366,0.0022545248349951238,0.06701641360577301,0
0.3543449547905181,0.003578323827442029,0.002453695732560066,0
0.2564418712893077,0.0036122677369265464,-0.003006018509686617,0
-0.315298547022424,0.0851109511740046,0.1393056333483484,0
0.32085405761028735,-0.03408568530954321,-0.006919895521936776,0
0.2634746680469397,-0.10873123925982298,-3.9625837894165645,1
-0.48177351019971515,-0.039200807467478456,-0.10342664219790124,0
-0.2368629972718171,-0.037735313865861736,-0.05648533410871459,0
-0.21263886998983766,0.05114122461615346,0.061994439627707267,0
-0.5323740384094535,0.06279356946952964,0.09880876812819342,0
0.0932711149448615,0.027131320043512187,0.09378164058112129,0
0.029688437716688,-0.0023678586577653726,0.021792515959729114,0
-0.01087095332462552,0.03277459181936456,-0.002968042443601015,0
-0.17283218917903626,-0.03313627728963216,-0.17832448034982612,0
0.10986093039583285,0.03652368142673795,-0.0490709383620789,0
-0.22986445111533219,-0.08551479700468463,-0.14384059024172405,0
0.5726499557197442,0.08778586587193583,-0.19151212749634594,0
0.2511670694826857,0.137514292591697,-0.07423555767245439,0
-0.012656965919761082,-0.040792717092498945,-0.08871682511635563,0
-0.048029235579571034,-0.14776352131440118,-0.032997107753447455,0
-0.10924482792332212,0.06158175870019984,0.019656620420562904,0
-0.5046037306071297,-0.0955427452170711,-0.00966013018146375,0
0.4482092403391949,0.014541176488982475,-0.12286346694246618,0
-0.9711992159966046,0.04329944223584159,-0.05673555079554803,0
-0.7825318401910057,-0.14930664060179188,-0.06909507823478232,0
-0.15317364773337905,0.02564382427227721,0.0036280509512993373,0
0.045738586411838054,-0.02211158225558604,0.13148496138069798,0
0.16094934155667096,-0.09058602665327722,-0.05450058859434725,0
-0.13463818976886996,0.03849712418712079,-0.10378793967874343,0
0.21594168521567716,0.09912288224937671,-0.18295184498014658,0
0.2969659919170051,0.012277741382250663,0.010112912805949817,0
-0.021015093937922644,0.0016883399295762537,0.012726770534109703,0
-0.7502838785737226,0.22256459590557728,0.024193500475901394,0
-0.20698412019885262,-0.022636522527788416,0.13169737207366314,0
-0.15661493345898048,0.0978196787585115,0.1229376398666634,0
0.3362919817748497,-0.08793115120422676,-0.12889674748473529,0
-0.19564679525011605,0.0014606548847185688,-0.058206270078929714,0
0.5989808858165481,0.0951103772092236,-0.11665927256531666,0
-0.31988558569675374,-0.017913044777535057,-4.225072433693236,1
0.49967654547183304,0.07235084749164232,0.047197321878140214,0
0.130042903720015,0.15015466933727492,0.06335574163978268,0
0.8259554811388696,-0.06930556836599759,0.043206656250391155,0
-0.024123790830111805,0.07200860684363437,-0.11589473384666715,0
0.5548163331755039,0.0008973061123085318,-0.14507782714115897,0
-0.215789147315845,-0.0011491172500469938,4.117862354801744,1
-0.6133788156428331,-0.10369806946101257,0.010003659687862272,0
0.32102255382505385,-0.06312297018884398,-0.11893262484940603,0
-0.9654817738147831,-0.06109042179182492,-0.045738952563838906,0
0.4178976562714928,0.15175666266973994,-0.041404320159235265,0
-0.010959426659356846,-0.10622981426461836,0.07945023431071321,0
-0.24679940660457605,-0.01199821647568871,-0.028193881472501132,0
0.6563453204029887,0.06331002879494234,0.1790161895274514,0
0.04243180362610319,-0.028627786811841294,0.04516310794651847,0
-0.37778634995753274,0.07219433031096935,0.009716318026662793,0
0.11414787693258317,-0.040363973229600836,-0.02349790015541079,0
0.028472623490927097,-0.0012771439103155837,-0.035755307700034926,0
0.2556005405783489,0.2673854897117903,-0.046593757371366645,0
-0.49470910131008544,-0.052731846251716875,0.003595897521488552,0
-0.2403315818629873,-0.16976528006428285,0.16726069341656974,0
0.3690015912413847,-0.004225114875444553,0.12290181985749643,0
-0.3445843033398107,-0.03196224746046153,0.16415593306608656,0
-0.3111855396362135,0.06231765031989378,-0.05418582778033315,0
-0.818719537017352,0.011021266655656031,-0.18883414605276766,0
0.3776527403050791,-0.0463618131018146,0.04605341689044454,0
-0.35894413691490845,0.04023850041558547,0.2536734951430612,0
-0.08184726389246275,0.03460148145189642,0.08871851707088213,0
0.09860100843300765,0.019363340027580927,0.011993231611475615,0
-0.6034429526905776,0.004930289204687271,0.008300040574264969,0
-0.26584559528138196,-0.1206740276939272,0.0728592940072254,0
0.001557959364627563,0.05720407691719245,0.03949572335661305,0
-0.39432771825684654,0.04109701437854089,-0.0192509356501026,0
-0.22860563399388117,-0.11140405683813044,-0.1314304920850639,0
-0.2950265921563432,0.013334247801619828,0.052097097484528204,0
-0.08285363521610013,0.08582636883262965,0.0804233465108194,0
0.5030968128660355,-0.036578841107609575,-0.03659920624596343,0
0.5251576461918963,-0.007971081884097281,-0.021588735497967054,0
-0.16885257822943817,0.11956530441095273,0.12286481173492339,0
0.2902096094425228,0.07499455270134832,-0.004876898448951214,0
0.1292431870774634,0.2178044464125887,-0.06348456567842668,0
0.2455438258292062,-0.02462227674610161,0.027540892448178436,0
-0.30692447777485204,0.04596218137906748,-0.08907586895128458,0
-0.2744995340280234,-0.005306351855246268,0.011480119968147871,0
-0.0546996340873523,0.04606036056483177,0.06723271821870255,0
-0.8907973976283228,-0.10347469478893023,-0.17358720038821668,0
-0.13315337543795266,-0.005062886890444118,0.1259375602422351,0
-0.23296314648555524,-0.04435953833132336,-0.026918998779633996,0
0.31419098868296413,0.010269469112472666,-0.09363208450424541,0
-0.5783828006829606,0.19043445444179008,0.08739682944147058,0
0.039188993141473366,-0.07270924910049618,-0.06771462012961751,0
0.28710928676673525,-0.15103515415071206,0.004139492995453235,0
-0.09627852062694242,-0.06764474421431248,-0.07510628447367634,0
0.25678503604211717,-0.012936936445138195,-0.03669820510723575,0
-0.3802693708258984,-0.05602452526261037,-0.13101638361910461,0
-0.14541351198658625,0.21617578304250928,-0.10365967394225128,0
-0.5121261940154114,-0.03494408441719795,0.04877920133849763,0
0.04036811997877791,0.010312051224481679,0.06258765189609042,0
-0.7136367798837794,-0.04276988989752836,-0.05700146165069169,0
0.4564010981872786,0.09439051915688665,-0.09624809563501815,0
-0.0748605462399554,0.008938313505349522,0.029955923181630192,0
-0.5031192021629118,0.03909989031099629,0.15169009704831127,0
-0.493772707531463,0.07987914334143315,0.1907470736872151,0
-0.8263996204270893,0.3136766121559157,-0.003496073914159197,0
-0.03137969373473987,-0.025905743272245103,-0.015659631825403062,0
-0.2203489304214763,-0.004177032255749564,0.14157661117822035,0
-0.1331005800428748,0.07192987756464045,0.010637808761171165,0
-0.3540408510576931,0.11608123873261411,-0.059309834989584954,0
-0.009116756144712274,0.12514190824655172,0.13169548320376945,0
0.41788102313670605,0.1349463053213874,0.016972704046039643,0
-0.9913047272761386,0.10447625756166655,-0.05407310184071329,0
-0.2462086506725772,-0.10880617608983717,0.07028612688982006,0
-0.08681279963343025,0.07342277144815289,-0.1299841746531036,0
-0.1163526525270005,0.1312830188599252,-0.09328987498576002,0
0.3290506970254912,-0.019639195618291062,0.0436183261821437,0
0.04459493479028642,0.07654436534246548,-0.0025023762232340672,0
0.1087137294046272,-0.26581371973532275,-0.024597153334702672,0
-1.1162901007110368,0.035305921119588954,-0.023421116042132206,0
0.07561225679156919,0.1073639346400782,0.013978042542218872,0
-0.2624103952647747,-0.04801553521404078,0.016844693990805085,0
-0.26145967415475474,-0.27212596106733117,-0.06377325594010715,0
0.5346557377788197,-0.15061194271521347,-0.0564353105641136,0
-0.08395727860928605,0.11201778395913187,0.10192010940740444,0
-0.3358457954033329,-0.034132294676878616,-0.13539749913849894,0
-0.4771183411759557,-0.03899502940533907,0.15961456404791713,0
0.3959618988385216,-0.09865661930764819,-0.006093555956610962,0
-0.359737205772267,0.07088498295686822,0.09268455504971047,0
0.011495677841711852,-0.0021739709609832447,-0.018176136876693623,0
-0.6649306070569467,0.015819927239797967,0.09682556595734347,0
-0.5264778684678113,-0.14904279574642412,-0.10261186125973437,0
-0.0441144676079031,-0.051070127873030696,0.07195675721446891,0
0.43637386066396094,0.06598559869564373,0.01854443240827945,0
-0.4241300341803439,-0.13030185461995802,-0.0928949226677556,0
0.6787786670978276,0.1290612934871227,-0.14941880114606806,0
-0.45829806182588906,-0.048109185341717424,-0.017644088831304135,0
-0.11794222915458658,-0.026437879968083673,-0.1441039624035933,0
0.20625620170825,-0.21374954922775877,0.024617518832519104,0
0.3683858592802805,0.11017065963260697,0.07446557381141101,0
-0.41832197992160175,0.21475747458416855,-0.14102506898028433,0
0.17284760606518035,-0.0355084734670793,0.03149406058696005,0
0.4739975284657993,-0.08779727254330279,-0.14723093546800856,0
-0.04295124331178789,-0.048895442195114554,-0.31574683535763887,0
0.6754890419712479,0.09247343771720289,-0.06655794179695683,0
0.017570704488798928,0.007960961527813032,0.19528448081302596,0
-0.08895007397109951,0.004593251440426672,0.12170960778312186,0
-0.8261609440439097,-0.022459490449034426,0.02074380081820997,0
-0.1343685551306964,-0.084159349784722,-0.08869604577983156,0
-0.4244906872413415,-0.04839514506064392,-0.12053217149069824,0
-0.1217902749091133,-0.03128151543801244,0.08531529425895218,0
-0.22322242837676565,0.03257882337268947,0.13394882559316384,0
0.9352292703628478,-0.1616745748050294,0.18020545657389422,0
-0.5547968467794612,-0.09799665651318379,0.10568620729010757,0
-0.38477918797984784,0.23494489416725395,0.12397089509879469,0
-0.0906803776298774,0.10571035690253501,0.011506692542988957,0
0.13134369894326758,0.007161731490234104,0.026055878047058813,0
-0.5541174927766469,0.06359870151513948,0.04349343532397565,0
0.0010661554783428498,-0.004633033473015711,0.023990449954111853,0
0.3328130004393707,0.007266874238323494,0.08816951319243688,0
0.15895675049970992,-0.06388749302482437,0.15966593421404646,0
-0.09725815507994333,-0.0065953450618131725,0.20405652160493457,0
-0.5508496071216405,-0.031572782393990285,0.09184960600654424,0
-0.18429210193245338,0.2779494556652478,0.008172343900549089,0
0.6659311666149091,-0.0743793789667611,-0.02974650376585172,0
0.18527556004913567,-0.07026605153669574,-0.046104035497344716,0
0.7326591923558888,-0.09608956875563694,-0.1521717094231954,0
0.34083225467759215,0.08207025122151534,0.19701194806768363,0
-0.9286154362408848,0.07770472051027916,-0.09417078427475983,0
-0.13228767888202544,0.08079164784355095,-0.055223571620553094,0
0.16855050553664802,0.0372460454343941,0.01415388797835038,0
-0.1883595140314441,-0.1557951123374286,-0.23976624128730464,0
-0.4074949176905402,-0.07264524595307961,0.03456951735859617,0
0.5427075350984644,-0.042163994070777956,-0.03761630063877966,0
0.8236441391407004,0.006130553733837373,0.03831385407008328,0
-0.14486814379949373,0.11902687764296623,0.009342169591691646,0
-0.16275843106519106,0.11231459473569226,0.03567980483614804,0
-0.06547075596384627,0.1320567987947708,0.1250711053779002,0
0.15906581527316,0.02368232239505098,-0.013362149844446709,0
0.03964266509658838,0.02179986992705938,-0.05309369576580134,0
-0.28714914134936137,-0.0637673581398447,-0.15257172948940667,0
0.5552696063148502,-0.02663248474651594,0.06281380543385391,0
0.020761291005718694,-0.06842574405732045,-0.018695284835669377,0
0.32103461208791045,0.1137198655754307,-0.07406728929544364,0
0.3364983667831572,0.010853400884748982,-0.2755806199157744,0
-0.004249190113943794,0.006738881999916552,-0.013363808419528115,0
0.039067943470612015,0.10185629992957626,0.0162653742505148,0
-0.37980454751937065,0.05498551351053818,0.017294933336154075,0
0.30277570424921463,-0.06646801219042024,-0.04323118713775781,0
-0.09173157322346354,-0.03009671517763329,-0.0910973456574645,0
0.6171787568529581,0.1389199197563388,-0.04615922302709985,0
0.06890535777655336,-0.025774015772662,0.13482156551193517,0
-0.4341022427682081,0.06061031562786448,-0.03726803021929314,0
-0.17621130264998025,0.014400046767164568,0.044535558995350465,0
-0.5500910592059945,-0.0033131723866829613,0.13211354159612598,0
0.5732447416155576,-0.1050397622238001,0.000996507898531152,0
-0.05031233366260296,-0.21554998275520873,0.100601853607866,0
-0.6067316692471859,0.10977628166335973,-0.04993201133084259,0
-0.1667096555982694,4.096290659236428,-0.17682604747746541,1
-0.4473837708664237,-0.0033763740642402972,-0.03736255036196749,0
0.027304208097074224,0.0026642236160127173,-0.1300420037050057,0
0.03268802229601723,-0.17981491881441758,-0.006590420166255358,0
-0.5193692972477808,-0.07862235903879844,-0.01996900781419001,0
-0.66618683003637,-0.008340212265373117,-0.08880521853648957,0
-0.36972216258802426,0.05602914278346893,0.046385405381060923,0
-0.13596632447808285,0.007506688491884084,0.18633272865041733,0
-0.2226771828912522,0.09047666415975186,0.12572047498446573,0
0.27828034324677703,-0.026668748974066993,-0.025549576515446943,0
0.13659133330351966,0.046576618400748365,0.037098426854371175,0
0.5546107922963018,0.03455843102515881,-0.024159376743285083,0
-0.3009962469040204,-0.16441931042522995,-0.07773185149431144,0
0.4554602030989203,0.045597123866223,-0.206028024067034,0
-0.44861026843982765,0.06674641579219519,-0.13058491640183195,0
-0.7184991982178927,0.12219013493088493,0.007111931784530319,0
0.17873356844026372,-0.09423134260293053,0.031034796218492547,0
0.22831590544916552,0.16628077665611787,0.07267737302861538,0
-0.3818123658415861,-0.14022805382054104,0.04171352298791728,0
-0.3468913409943978,-0.03593781278990716,0.057215658857243515,0
-0.48309133504446083,0.06579462213323106,-0.07656861700297621,0
-0.13487555998330755,-0.1325868461619706,0.13365901761859847,0
0.6414689157378356,0.003544570824728125,-0.02338527950216146,0
0.15739799979546054,0.013955905127128682,-0.09935183757870641,0
0.6097528058752562,0.07409121647532833,-0.23883146693154123,0
0.32939886592084777,-0.015530171041963192,-0.07802003091399201,0
0.6142636453971893,-0.04155664702912794,-0.11575826406503563,0
0.2703839139453352,-0.0394833593542363,-0.01651095213063179,0
-0.1248732745586889,-0.07070037014220781,-0.025427141983195442,0
-0.4063250259180571,-0.18312714097884866,-0.04114526584766603,0
0.887605861794611,0.09845098660384428,-0.008309154970931112,0
0.018516058061196827,0.11581900424204523,0.2028270527310801,0
0.6639277235962138,-0.06567852704697091,0.03256334123590283,0
-0.33167156396607245,0.09647263462998834,0.14885659505410156,0
0.2271435114301694,-0.02482446255237856,0.015384120376668784,0
0.6017049310714714,0.044876283027963614,0.02565825133906563,0
-0.42125993866394434,0.03602910965367879,-0.14021656809447067,0
0.268848102374402,0.036284468504753996,0.09001949345900184,0
-0.3924880515942151,-0.1522568467296617,-0.04669446531392856,0
0.053485642988976435,-0.055822440937524864,-0.022117165580690736,0
0.44311836149422307,-0.12306347134438778,0.0020274843219843953,0
-1.2204559491418796,0.10072439898642559,-0.10402732858841895,0
-0.2812413764920358,-0.018299362803943682,0.025560169295207887,0
-0.5991780812333762,-0.0033960188375900314,0.06617995348319841,0
0.29258201632135017,-0.14213239864222477,0.13597490163256007,0
-0.4796628828590077,-0.07542333432205911,-0.11198955028597656,0
0.6227875544142875,-0.12641401217890397,0.06557733075971638,0
0.41708858085320416,-0.03180640428293937,-0.010147111242275865,0
0.48236635279813406,-0.07919883581139554,-0.052563837399399176,0
-0.5405312631024015,0.23761694752447593,-0.21481408920257708,0
-0.2967540749452248,-0.1287582041885141,0.07523685134373928,0
-0.07116260920585053,-0.08315980120574207,-0.09044158088339493,0
0.151417450754255,0.15561827858092211,0.15771818242879482,0
0.3942388382172246,-0.06957727615196957,0.13377030412772678,0
-0.3840032411803418,0.036689825477132856,-0.06311004460601609,0
-0.43502064194284595,0.06394682975189156,-0.10149369504075688,0
-0.10108499920804602,-0.16418432486679013,0.0290201629331817,0
-0.43907882369194584,0.009287218394509066,0.10044994411997704,0
0.26915192941440375,-0.14515129907242239,0.14894644445633548,0
-0.13301215258945617,0.2249439840280154,0.05565332267822595,0
-0.37508944141946243,-0.08804771241323232,-0.10441584151397793,0
1.0377485542471452,0.09585769848722746,-0.05437237512211832,0
-0.13023738110960978,-0.1529570894841495,-0.04841761833970831,0
-1.1902852365575223,0.07446275071718797,0.06188886673944645,0
0.029948824623437228,-0.0214592822564168,0.14785686959419,0
0.5632768131200517,0.09192170892969836,-0.11974232882340055,0
-0.18005229906032755,-0.15354455062521385,-0.12158753721525561,0
0.2484394727084768,0.14454547556328656,-0.11117613665551498,0
-0.09517916330429428,0.11991727213455534,0.011599950597691632,0
-0.25944120476667915,-0.08066459380398644,-0.024742337035307645,0
0.0671291883111428,0.057126216400817435,0.11212042771582159,0
0.5443379835613548,-0.0388356154599155,-0.11182909406802713,0
0.020774321214431807,0.10674364331706375,0.09836689438605521,0
0.16824218232787946,0.0421615273686664,0.02285135176919255,0
-0.21922651781418476,0.11046194034392405,-0.04262845948773111,0
-0.26715372020921535,-0.14908702455690748,-0.017693506551801907,0
-0.6680903759306778,-0.11105377841325391,0.02230521599193243,0
-0.35934502537803265,0.024727666862177665,0.05827424995003682,0
-0.540934050255873,-0.02262978030288445,-0.07480298767016595,0
-0.0019491919840296864,0.14113005754199412,-0.1523862695326007,0
0.06878091705233057,-0.06829823699193821,-0.01569300994763028,0
-0.17909505398915662,0.06659316746286131,-4.070134007456309,1
0.1626835273296162,0.03314040949328046,-0.12818270887029276,0
-0.3483685836366995,-0.10180987137478877,0.06058359428857355,0
0.08330007044915273,-0.06183085483088993,1.3347726491607496e-05,0
-0.14892769993488172,-0.12665183026758225,-0.07144129412105471,0
-0.6199887467835011,0.04629565873581099,-0.027721023306476817,0
-0.12603881030503156,0.056772117935537526,0.08209906187782084,0
-0.09668248037738653,0.13007011513629366,-0.19901926662364436,0
0.6093354069258439,0.11734030370031262,-0.19512383384877546,0
-0.4622487961273001,-0.09986235092128318,-0.09227967814290056,0
-0.35139732067298546,0.08906410664468765,0.03851518320330683,0
-0.06978667522360617,0.15893994975850673,-0.05019113730146292,0
-0.481087582225436,0.07193389642404367,-0.0663729420015598,0
-0.21447015974762348,-0.058579949529044696,-0.025395260166318795,0
-0.13754922773803926,0.00377046721252584,0.20873050910433452,0
-0.04737953065759233,0.15124681202475634,0.08556928527836263,0
-0.42134421163070535,0.022773932655953774,0.013338305874507581,0
-0.6793818925424572,0.03225074342584777,0.1355155152832178,0
-0.09158569772895385,0.039003444848425495,0.02255363672607844,0
-0.7925663910153484,0.07870879913573578,-0.13017976099710254,0
0.11141709667449738,-0.11056138235564483,0.01581435548839181,0
-0.8087614248968811,-0.14110792468495315,-0.035659586330557554,0
-0.34458554263644237,0.027845612925520482,-0.12404751854339553,0
0.28641956297122806,-0.06946159784839827,0.005462946048550206,0
0.1058102389650235,0.11893905735665658,-0.04443749536944089,0
0.43789430231539284,-0.12865615342936806,-0.07390017129970286,0
-0.7141103879590396,0.04311451484639087,-0.09993797100446307,0
0.3638830369710855,-0.06916166811384863,-0.08449777099621734,0
-0.12455337137263248,0.18568325868303473,-0.02494960383788602,0
0.11944381178086445,0.027313411099196345,-0.057489551817006324,0
0.5453231564233074,-0.17816975895047582,-0.07120046158613251,0
-0.6525095476441393,0.14540086876574962,-0.23969539345414775,0
0.61892694912054,-0.13724132059105962,0.014930891571304065,0
-0.10584920089082771,0.17801327151799215,0.12949994042234902,0
-0.4480065957510587,-0.11432832770931765,0.03393490492456148,0
-0.0017552967134723805,-0.12827329584429115,-0.12136756048955247,0
0.27857731550316384,0.14439038624592138,-0.08115261336767454,0
0.14361008559364405,0.15360689757339333,0.12233929761577023,0
-0.4724701411149629,0.002759712789780322,0.028498035633692954,0
0.18040177925745163,0.014846694660682983,0.025812607200697543,0
-0.4163975038474636,0.07028612188779859,0.11660648056766182,0
0.49510205368286875,0.027665827704821525,0.045341155444260824,0
-0.0952655108292591,-0.08318311001346984,-0.004244633001603152,0
-0.55402314360489,0.07636059885545987,0.08081864621290237,0
-0.685333796646566,0.08793238178498883,-0.10402145114665295,0
0.060046812839701924,-0.032786006787151066,-0.1724501023681459,0
0.1857096529239406,-0.37259261220555934,0.00763983635606821,0
-0.16659787048579855,-0.1435305597530042,-0.134084741748433,0
-0.09408825981965364,0.07716342573627041,0.00938797500390828,0
0.061463373547147176,0.058071397468701415,-0.044738855365660794,0
0.3238029061475158,0.03840660869707238,0.021028324548424373,0
-0.40373631892690326,-0.07841201244072309,0.058673282900486505,0
-0.1403551982723247,-0.09392419348802178,-0.16933070156532143,0
0.06588550837918225,0.08194451265655008,-0.035105415601649266,0
0.23476382176575422,-0.13028714368732022,0.1418017294319436,0
0.6681340790053346,-0.010182859778946868,0.007732308197079808,0
0.30985299114129994,0.16182545694733652,-0.2562070051958251,0
-0.4119333161390113,0.1963753738166345,-0.1684664607902003,0
0.8669815313337135,-0.05917201541136189,-0.005745636936266374,0
-0.0905751907108165,-0.063163537500436,0.12677188074827475,0
-0.020420585686790005,0.4352634891406285,0.13799942790461858,0
-0.011670436882197476,0.08505294989180981,-0.002712463603465558,0
-0.7639970017470668,-0.055773090340957954,0.025907995592776557,0
-0.2836196818035163,-0.12700117802005392,-0.0920519647756956,0
0.4942104619158465,-0.05764245833277827,0.1914373016261449,0
0.3710960652917599,0.13996565018981252,-0.04524356126466833,0
-0.5832685962890717,0.039868175471890546,0.08256278795429395,0
0.04051350075394855,-0.19749117955402623,-0.04295743470049934,0
0.2415114983687434,0.04213944444226231,0.16992888937070538,0
0.43425991669566255,-0.07269487548388566,0.0400551817046021,0
0.30593500820695163,0.09796298531539285,0.14171395737965675,0
0.7831834892118374,-0.011628047832579112,0.004076965555182605,0
-0.06023820925108325,-0.1270108063851648,0.07409246410349173,0
-0.3642165216421905,0.034830752796494995,0.003425271144068145,0
0.29147601811735724,0.1948288556741512,0.2021214204773048,0
-0.5677070735970117,-0.02511411642675598,0.00792803634614379,0
0.10224233958160217,0.2179260439550418,-0.07047421047339918,0
0.2977464095266466,0.09437054026101584,-0.04434458361548732,0
-0.5380635077817423,0.044048186078653205,-0.020531433135145927,0
0.4326537690055145,-0.01035953243071306,0.006015746245356428,0
-0.6111184783014929,-0.0017273016478709256,0.07202241754677911,0
0.6556933585982152,-0.03437635082179212,-0.01843394066514485,0
-0.20484254597469645,-0.06842229810754144,0.031005317681271433,0
-0.07664673415109063,0.00931358713064261,0.069724457657827,0
0.056624306226185486,-0.026883404443278337,-0.04482069948633638,0
-0.14230159057959965,-0.0071204625744277945,-0.20365828003709532,0
0.5690197088197428,-0.062377828864303944,-0.1681800728122292,0
0.9869533929465256,0.01153928694498188,0.02218037652317739,0
4.065632353156,0.08707555193369908,-0.03391460512571711,1
0.2631487347793428,-0.040469380853717485,0.04427736897759884,0
0.4953282802314252,0.10450968647253916,-0.05105765146999437,0
0.8749934959267662,0.13143574999506188,-0.006411352467716611,0
-0.2109042046000981,0.08040668591633848,0.0899604027427035,0
0.7774921030087567,-0.031088079960764865,-0.0683167753405685,0
-0.6531189949167989,0.02202929435605852,-0.04544876079221786,0
-0.20899465790894026,-0.01615803161485877,0.088166255234948,0
-0.1364121485035786,-0.025372871399927794,-0.17181257158744107,0
0.12316804953664107,-0.09932636909718792,-0.04265099148352472,0
0.20934785567674813,-0.10151889876685048,-0.06148935676334995,0
1.0454585418706424,0.10442863395285205,-0.14529598818002507,0
0.45097076905795314,0.08104017998437005,-0.10780366495699581,0
0.05739642061583253,-0.03792315342715497,0.0545684231061093,0
-0.21319546163060685,0.07655194606344637,0.03598397263091916,0
-0.03862368382535072,0.03554423798890892,0.007052783195973096,0
-0.4349229574598054,0.022288034690456322,0.058672477097874126,0
0.3632303435325286,-0.07523268159854073,-0.22505374928256475,0
-0.052975492022270365,0.042479998971749824,0.041662417151932106,0
0.11344218450622984,-0.03653769319912685,-0.05655151536092817,0
0.1433079619555209,0.14758117802980927,-0.20408508064658604,0
0.5516252629868202,-0.034348516233372144,0.2012894685187123,0
0.3618287117183581,-0.09704643089948846,0.0839957661581633,0
-0.36676758577864194,-0.08852500269156265,-0.1663482297862588,0
-0.29355280288079383,-0.041071669583983644,0.06116446785578326,0
-0.1157690163420547,-0.06262844357607746,0.04419113179094686,0
-1.0701846207357881,0.02884997500773652,0.005887706796349474,0
0.33301965110634196,-0.01982340390613518,0.02675441514560355,0
0.3480106966986439,0.2454064537330412,0.13549957531628495,0
-0.6116247715405115,-0.047022729881807945,-0.05465057711798506,0
-0.21341126828883406,-0.047944891500310505,-0.12523701078836474,0
0.7129339327271424,-0.13052074160268343,0.03182771362040564,0
-0.7700160117137678,0.07489377509599375,0.09520488771171193,0
0.22797928350977298,0.041406654220109924,0.05025999956021132,0
-0.22270085754745625,0.07771165472913699,0.04112519520150864,0
0.8294660266003295,0.016472926111721402,-0.022861585758056163,0
-0.03356068444721688,0.023978492839450853,0.06061080947042438,0
-0.4077800040094257,-0.08792191629143854,0.08691764103728473,0
-0.1625888381934828,-0.15192631280869176,-0.14697331667349472,0
-0.7418863185867739,-0.12966457761126457,0.11271220526761286,0
0.269582128570853,0.011189440172315636,-0.11705988931566698,0
0.5596300764047124,0.276406677423737,-0.049687935784646343,0
0.11522895951087708,-0.12415835585201136,-0.015357082162126477,0
-0.026589824901246152,-0.15186244883107655,-0.01910567685603548,0
-0.14280297664332145,0.09169635447694538,0.04024610413175233,0
-0.08432554035799221,-0.023654688996282393,0.0020981803768798826,0
-0.3337001548356915,-0.06132028736499015,-0.01556475231511574,0
0.09753633219424968,0.08775681284143344,0.12907314409468687,0
0.3800425000352275,-0.05952511494068502,-0.12852470239574548,0
0.6685990884776767,0.26948643731447053,0.03350404552341756,0
0.18764910477465593,-0.10939258669593346,-0.005662054555485877,0
-0.28614585275434473,0.106644765063114,0.005565115310417651,0
-0.5160011182257738,-0.04836575699796606,-0.04057915036103978,0
0.2833958940353935,-0.05073595843310224,-0.11730341161110901,0
0.500469725659274,0.011835869750835414,-0.06097717854458078,0
-0.3633282998845553,-0.1352050855045803,0.02155628602285017,0
0.20022459208824075,-0.007744164991075765,0.04622462302547735,0
-0.2737020189004366,0.10740255527480957,-0.04202529739776069,0
-0.2560879672087883,0.027287887257654672,-0.05162934905841459,0
0.025449288958435585,0.025564316486168793,0.12714715388692538,0
-0.11806661812039515,0.016058744414093926,-0.12218813843212789,0
-0.33813505806087807,0.0426510505875886,0.06308398547174908,0
0.5730265705483663,-0.09597828959500346,0.025950534286199742,0
0.2672169759261577,0.18322971061229634,0.08566497354371547,0
-0.32658966752882823,0.09038970251403267,0.1144052971856709,0
0.37974656850312133,-3.931322865058166,0.019216053261884712,1
0.035311017622658,0.11168962578799778,0.07639978612752997,0
-0.02139241649326347,-0.1855256596473464,-0.08568267081817653,0
-0.6161144975785776,0.028205351454139244,0.03581788974604388,0
0.4691402671655744,-0.02118283529307808,-0.12967032503151563,0
0.06187167407556228,-0.11322608691368051,0.008491157968873357,0
0.28013892546230834,-0.09268775614638218,0.038685038362399546,0
-0.020382964032225094,-0.011445025654363679,0.08538454562347182,0
-0.30739377427167636,-0.042993256769862036,0.09917201207446287,0
-0.3842413194972649,-0.06689748769393311,0.042982756949250044,0
0.49924149707706394,0.11956127909360098,0.10891301214644067,0
-0.08353461462152557,0.1462971323212158,-0.09603270697522322,0
0.27677050927562713,0.01730237608164302,0.2632067067629093,0
0.4872350846971454,-0.03804304007938811,-0.15657751122351524,0
-0.7882341763044162,-0.012163374002323793,-0.036192793817400475,0
-0.04021993851224541,0.10898078359410879,0.09005239464881454,0
0.10832157871597199,-0.09828550680209952,0.010424225653494396,0
0.02582097625415965,0.16877741135353325,-0.0551450655640473,0
-0.4475042007666885,0.015319078117349207,-0.027584297455840574,0
-0.9254093032560841,-0.005398393655800301,-0.12769377617422836,0
0.36572807799924467,0.19649879904245696,-0.012267797227761439,0
-0.05620630121883311,-0.15101319963621399,-0.11757256148556501,0
-0.18419330676035137,0.1980042964884869,0.043686923406525933,0
-0.4774635797111033,-0.08728263562783298,0.013158578784770877,0
0.06294805701812793,0.1696239317840074,-0.11227935830085019,0
0.327108034776188,-0.021905299314254653,0.11858163837741534,0
0.1990470303844224,0.013508315396254406,-0.11090516370376313,0
4.185796254563445,0.0993657239844149,-0.004145983835059547,1
-0.3008567743728135,0.23137750898564724,0.026425757099975602,0
-0.22490959723769754,-0.021873948378317378,-0.11460413142182653,0
-0.06155122404527974,0.0693649538388677,-0.1382814087092785,0
-0.07028864776190753,-0.0682844668980241,-0.12681791352620755,0
0.296541486791072,0.10729612992988556,0.12394102623811386,0
-0.6197148664090638,-0.029889916628813698,0.07676318460493087,0
3.4921813098853662,-0.17031831280397736,-0.25721103660545025,1
-0.09097028051235483,-0.018351352485324074,-0.003812341173838018,0
-0.37323342570799856,0.10941353292883349,-0.10734585761416407,0
-0.01047975389077478,-0.09411809038041588,0.03237937226975543,0
0.16994679230197543,-0.03750605032628157,0.08306798474350478,0
0.15853935700356894,0.13349761801634846,0.021764352343844422,0
0.010943343342868391,-0.04645624516768035,0.0038178879822566843,0
0.5762465809646516,0.055572532062475734,0.1276809788013281,0
-0.648211519292945,0.00035485368134061275,-0.021538553938573003,0
-0.3816224231083876,-0.06340692664212363,-0.12038870184386713,0
0.39645509634654563,-0.12472405684436833,-0.05358710463166899,0
-0.1615881252164617,-0.008311243485270375,-0.05223447034726234,0
-0.2911255214832638,0.20377674122129041,0.029054659465990174,0
0.12151886252190572,0.09533738406909723,0.054234441253760694,0
-1.0521081461890718,-0.08243921124604323,0.0679061720745576,0
0.07335367375593992,-0.05910343370587349,0.010263603723008358,0
-0.41625758580745353,0.14158593613562043,0.05242395911113934,0
-0.20645047325714,-0.043379449440654916,0.08769784108432699,0
0.10894766338219518,-0.049195845114543627,0.03121478988617031,0
0.3393415008978422,-0.04758403690117305,-0.0023093103082669772,0
0.6813102007183792,-0.12002650752652173,-0.007186903265363068,0
-0.44281553011289615,-0.06434069448265714,0.14457282606612862,0
-0.7959606629880853,-0.1475894778781128,0.11747766013511395,0
0.7104211253812633,-0.08260396344173321,-0.05369489264345356,0
-0.5972047050225627,0.1579898951359273,-0.07010437992987792,0
-0.6347133415367462,-0.15865359183902633,-0.1781679841058906,0
0.3600627685572136,-0.026984553516593568,0.017282052926270396,0
-0.08555700093913797,-0.05439525032152673,0.13167771133412337,0
-0.4117944165795813,-0.10198979562016752,-0.03637624816379192,0
-0.7022309361213827,0.006305389465438637,-0.0023433223502449447,0
0.5835300895291956,-0.003943572850103294,0.02178008834839453,0
-0.352168386898571,-0.06278391322255743,-0.0824953409095289,0
0.0796333616382397,0.0663931931166135,0.061385026771064534,0
0.5332635728981105,-0.10028311306688503,-0.006305635378313382,0
-0.014429193128848003,-0.04947235619324569,-0.16141476396169155,0
-0.34422426343264534,0.08593689817137552,0.18967982518852533,0
-0.266859216715892,-0.024885793233896395,-0.05198234400468532,0
0.1441097273365137,-0.018489087908412215,0.11197524954380084,0
-0.30304873366687063,-0.12772248180012466,0.08950506986417404,0
0.4251936997620468,-0.12473281324449431,-0.09793902908406792,0
0.15707713065919177,-0.0678002317442921,0.10558952578925468,0
-0.07027066883261762,-0.017429224508592224,0.0880868600270011,0
-0.44714296009605525,0.10233651273888256,0.1007647613984629,0
0.801365831790193,-0.1564195115254662,0.10111596896726396,0
0.10259008489498903,0.001998856908157871,-0.02458081566016738,0
0.2697883736586481,-0.15185337185744804,0.10787587306157238,0
-0.12128712956720802,0.03574750569891598,0.02312747929017446,0
0.24180331283369705,0.09950606463756745,-0.008559309345792764,0
-0.17511187571974604,0.1768504397788561,-0.08083993455622292,0
-0.15565637898517948,-0.16128721104085708,-0.07120724534136139,0
0.5769274331029932,0.09105026807702259,0.08690880569390541,0
0.15647050758342473,0.21503370363340762,0.03415680189958386,0
-0.320602673441813,-0.10731885720381429,-0.08382715528872864,0
-0.3689743917873143,-0.09257577344237661,-0.12189175402401108,0
0.6948772292977823,0.004378615780361674,0.1918398262039499,0
0.4966230219094663,-0.02758748482512824,-0.06414007106223674,0
-0.4615378949385517,-0.026561748316189987,-0.043727873254750846,0
0.11882653890909965,0.11441702870128004,0.0658032695854278,0
0.3734534124902066,-0.15584417923498037,-0.10702474802542342,0
0.17231783353711352,-0.03167080098340501,0.000961609293546099,0
0.07321237094191956,-0.09890749695443933,-0.02141017430709765,0
0.7465715986182664,-0.05760444428484893,0.028449428473544165,0
0.10382160966863041,0.01489361703595246,-0.04627427320240173,0
0.15626750474142845,0.05023962433701928,0.11498906108301893,0
0.04270279804807526,-0.1638743351612767,-0.007948407214918936,0
0.2561756002265359,0.005207452912134327,-0.006887007247033929,0
-0.792306942690389,-0.12700789132247284,-0.0884609821592424,0
-0.26882179881768437,-0.1215666269062674,-0.0128505957399498,0
-0.26053647191193413,0.13245926303601316,-0.198429860229158,0
0.34983923736835815,-0.08435834359116748,0.032704338302759386,0
-0.25342611228084516,-0.19925840708534895,0.09675094724829492,0
-0.07652753455782052,-0.0576265745329349,0.07091429715063972,0
0.1786030033923015,-0.028844934565075732,-0.07515121946632153,0
-0.26513062016734495,-0.10670347072576003,-0.014417499079206872,0
-0.35170179448076544,0.07745263242331682,-0.08156210130077779,0
1.043615219861101,-0.05164667971352628,0.0881561844829094,0
0.003772387627524216,-0.04183419689450204,-0.06019301169492008,0
-0.5640128544913073,-0.18326975178466356,0.07799012294087065,0
-0.03933573568837642,-0.10625101708441263,-0.044403427945538365,0
0.5461724746498605,0.022755964713244932,-0.20559317485922152,0
-0.8512437049313338,-0.09380371973727314,-0.04427489273716745,0
-0.00024991921436762,0.03680005960942314,0.06295419368826906,0
-0.021148559789968643,-0.0883841852836614,-0.12281256804603487,0
-0.32443888638246304,-0.02723073186622879,-0.07258637792466036,0
-0.11262958363743768,-0.08310187896065578,0.09857284337816952,0
0.2535414079238851,-0.2512645841983857,0.04219887491879204,0
-0.9101847350722512,0.13623594832995864,0.09935241007005113,0
-0.38356960662015,-0.0207147831134228,0.03808335433353168,0
-0.32143136783251536,0.09068659657275954,0.1029846442274635,0
-0.5437058128169638,0.05898408485687459,0.09989516509085337,0
0.362568278624153,-0.01406955241424959,-0.038576937926196195,0
0.5056589410093738,0.06012400548416798,0.03369628856489274,0
0.7616563726982641,-0.04498851375206474,-0.07843037160055426,0
-0.48617727970909386,-0.07201025839384458,-3.9977525863778727,1
0.055826681158208706,-0.042709425785146964,-0.06541996753089706,0
-0.1969173597304231,0.042801591447403406,0.03782643989768672,0
0.28141016643536965,0.019718133518722744,-0.152240946732228,0
0.01828020159902149,-0.07526879178498391,0.12069994627781935,0
-0.8437521100200037,0.12421305000652515,-0.018145657495353726,0
-0.2113352838795143,-0.09785173338477822,-0.08865479538900062,0
-0.49425101625680556,-0.1507961500107163,0.0922745663050834,0
0.28617810280845213,-0.005470932361890717,-0.16087079791792055,0
0.46149111130850734,-0.002378785497207081,-0.10966355167201808,0
0.31398048750607993,-0.1923590451456756,-0.01444063039253568,0
-0.24162905361605735,0.06719003562093055,-0.21861693638414803,0
0.0637615840439754,-0.12382619074455795,0.03330091529107195,0
-0.2311504645137005,0.26136869272912167,0.024685499399368985,0
-0.43973369612192725,-0.08235567270900629,-0.06172383746627045,0
-0.3587662842156304,0.09053492370445065,-0.026998758798342726,0
-0.1688401778948475,0.08481352339704072,-0.021601670821352625,0
-0.41378019709293623,-0.007270014429193972,0.06262920435247586,0
0.009667980677687505,0.1631708341267776,-0.0417523656137764,0
-0.533011333078686,0.0677126951440472,0.008627216866546486,0
-0.25490537493029714,0.041311021820492275,0.03090522723645608,0
-0.2908296888109933,0.019269379467345985,0.1191587577349934,0
0.17124810841451965,-0.09112974222046599,-0.06447103746230155,0
0.28502279843045686,0.06503429552460936,-0.060096852298121894,0
0.21755427561391547,-0.0008030613987247506,-0.10664334337770248,0
-0.565499461897218,-0.3129716079410556,-0.05904077681165709,0
-0.47149684875284437,-0.08972354112309364,-0.1305766219593089,0
0.30531810191129416,0.1698841323682827,0.03154932257601633,0
0.7310007383878777,-0.09375158770475878,-0.1334963384222986,0
-0.5137411016602973,-0.06508063858499447,-0.1428323612048474,0
-0.48220624128510176,0.10044981749191942,0.07009735931900102,0
-0.09315239258876262,0.10277242309334744,-0.10994967259497984,0
-0.13833867654166945,0.10062643025961118,-0.11756804568270113,0
-0.2129097182210928,-0.10742922121673584,-0.16355795378123827,0
0.03543089912377297,0.12957153288381754,-0.005541596966710697,0
-0.1975530790556728,0.008637072176353351,0.03598553369818165,0
-0.11690325997957723,0.0732791212847519,-0.07182639536422944,0
0.10571025159203679,0.18213255289905217,-0.09769084204202755,0
0.48464856533841083,0.13173683678101555,-0.15154530796301607,0
0.4926256280129406,0.05590857570439559,-0.004073452927555867,0
-0.13521340535204382,-0.05547251258486233,0.0855516673278939,0
-0.04896569860318001,0.04525935654569969,0.04010133714090985,0
-0.014525007326470149,0.10042220158537603,-0.12618753368521562,0
-0.5046340156491403,-0.08740278667616672,-0.03640882813018954,0
-0.057528054355666686,-0.012632666669498244,-0.23263722691909955,0
0.010743209600731685,0.006663691227669494,-0.035062406489242595,0
-0.5011363191558741,-0.08429269401622284,0.1323034146420744,0
-0.296759727913024,-0.07268197049689372,0.1909845105251402,0
-0.40940843601803173,-0.26770695004827105,-0.12294687243310819,0
-0.2837723336199761,0.06765050187214133,-0.14714195469527666,0
-0.03209796283713202,-0.10199156910310646,0.01628874430498969,0
-0.11555755886190887,0.07692206522041274,0.20329983307291252,0
0.5770686159218184,0.09095220456725193,0.014130747173527714,0
-0.4668443445110928,-0.013841975783562114,-0.00042827505090929245,0
0.747069295158061,-0.037785654034954375,-0.075429140024226,0
0.3914788552340909,0.018476221094790527,-0.06591422641180472,0
-0.006765151734963448,0.05610938704293236,-0.15418762046613654,0
-0.02175633380455763,-0.0042344788144352725,-0.11407492833776536,0
0.008456497058621736,0.12254387831419791,0.15266027883398936,0
1.021554238253777,-0.03855491029047338,0.10903454242732497,0
-0.18801058004842197,-0.1442551059635725,0.11863958973458906,0
0.18472416108265985,-0.001652187580964576,-0.032075392301459914,0
-0.5948916049101561,4.070948743001816,-0.0769731242535377,1
-0.169097369961058,-0.08337514047090379,0.10589167657956092,0
0.5529411348390046,-4.000057112571345,-0.006202144584669769,1
0.22904311245569597,0.026738527998058644,-0.03419796084504531,0
-0.007157812994218334,-0.08073676049762842,0.04944336586030004,0
-0.1373882494030905,-0.20422008044989576,-0.11642857818355462,0
0.13180909968113347,-0.08548681628554264,0.08874260463334929,0
0.4794197449423007,-0.16473192255856464,0.02582587682150105,0
0.7275720525798373,-0.11068225044688224,-0.10821591489875633,0
0.1010329245528364,0.07938711199900478,-0.15369269988238987,0
-0.02803114774394613,-0.15885282929616998,0.02379614189427362,0
0.4726531657285996,0.01962022676296224,0.07134574403643446,0
-0.15257569649985078,-0.22142544043281598,-0.3035928078792295,0
-0.18901491376581636,-0.014231922476329038,0.05574981506966651,0
-0.5194780482777224,0.11761407689448333,0.05475209270166742,0
0.2213232049262327,0.11496421728675882,-0.043908754791362865,0
0.03938145582383089,0.21414390982369685,0.039383402912018924,0
-0.42884620166681214,0.016833966541659525,0.12544883339402882,0
-0.6894007282468464,-0.322039745673426,0.08893954092329381,0
-0.3535844646563522,-0.08420128054429415,0.05920638800066069,0
-0.14659662898001202,0.08718353562245174,0.021956326447422157,0
-0.36824721118463943,0.1602837860559746,0.08732835500661495,0
-0.04735400914681079,-0.22969418754443482,-0.055547339345982154,0
-0.4784798158532846,0.21315168628799835,-0.05222370023151272,0
0.31824875274830666,0.07756004424863942,-0.12996289659639718,0
-0.15115119814675196,0.012686882825344192,0.007248469515417331,0
-0.2269019404784468,-0.056503341255551266,0.11810586802405101,0
0.35371561068723284,-0.08327753264690907,-0.06158787128805279,0
0.2245248968279873,0.11852228478773058,0.024827930664003822,0
0.03215532095320644,-0.05197430517733348,-0.13848324354990524,0
-0.18740917755371508,0.09963685332639546,0.1825419949099899,0
0.036376182796640955,0.11761298486548706,0.010419159732706218,0
-0.2900152160821289,0.018040201613932067,-0.19522843610176316,0
0.007608272626006499,-0.08707504939407995,0.018856244226513115,0
-0.03911382074716198,-0.04126529219362422,0.02720432066498601,0
-0.0740663529664811,-0.0474892443598069,-0.053932164021472044,0
-0.8977348834137917,0.048500364100044185,-0.02507400606709161,0
-0.10712566912149567,-0.029448875005920527,0.0879753546802487,0
0.16732959017459537,0.05365821510608552,0.1751018216074435,0
-4.204833282996323,-0.009586725181905745,-0.14844914663725514,1
-0.1392277177376737,-0.03887944396210317,-0.06281854954898901,0
0.10539621635414619,0.15571931055834307,0.06607004763419107,0
-0.1500782389064157,0.06380882294631551,-0.010645225671098154,0
0.07912322122637504,0.047776329716317255,0.04083582458600037,0
-0.7771273711908118,0.053311396359217035,-0.03358800382608942,0
0.1448207175519059,0.29109537875502495,0.1386334124753382,0
0.6554011249797891,0.07429450326883587,0.045673020216726,0
0.1663278522789898,0.04476088609692964,-0.0927217374215181,0
-0.20100557931453666,0.05003900702590569,0.03618334171292058,0
-0.33827862819477206,-0.07879286537102359,0.11179648097149478,0
-0.009205840977452617,-0.0528848908823602,0.06077234359804721,0
0.21056501086801,0.05206940584586667,0.056986182943683995,0
0.16426858204516825,-0.0498345641159359,0.1175578291661197,0
-0.041027287847307525,0.12009306957428728,0.08800663868856672,0
-0.02724432224120163,-0.023976429785787137,0.04141055243512854,0
-0.02107751252970695,0.009361946038459266,-0.06950037582182396,0
-0.16684814693739058,-0.11008467359882912,-0.004118930835493717,0
-0.7706056707091862,-0.04166073488765824,-0.025834227929174138,0
-0.6832574812463935,-0.08813805463865783,0.15785001113435138,0
0.3097511902695158,-0.10881483449041868,-0.05315285856334602,0
0.15693048829411682,0.1782423402152454,0.024397558901061427,0
0.01615006992059465,-0.043804106620772845,0.05883918373040136,0
-0.1898692005928051,0.05829814148441575,0.10111483418963424,0
0.2073662433799524,-0.12443102472772533,0.026205240938074442,0
0.2906833949834602,-0.0379242977071069,0.1913879062464538,0
-0.5522747663002952,-0.15525813046886466,-0.06773264134793505,0
-0.1556842291492159,0.13230393843119848,0.19114116037310663,0
-0.08869631052868666,-0.08003154336704967,0.007460824476293983,0
0.27936570402552835,0.09793958086002351,0.043504207467804125,0
0.29640506139153794,-0.056808445354045445,-0.08489241223505596,0
0.022405778579113758,-0.09871300658553939,0.13344246043333172,0
-0.0979847877407372,0.0784343619539881,0.19839692713480764,0
0.12384335070782218,-0.048122502840742994,0.04365405771068187,0
0.31788448662851054,-0.09405560004531394,-0.0437884021805679,0
-0.6469720153270248,0.03253092727177458,0.1123671023616065,0
0.011394447825096302,0.15147573097091982,-0.03602562962039449,0
-0.5453165394154171,0.04976736713868543,0.01096940867366853,0
-0.09381826617100855,-0.054180654199819295,-0.20833417488304634,0
0.22165277092412328,-0.05126794107787497,-0.013777692618476042,0
0.7840088557263414,0.014158288753673613,0.09272348584358811,0
0.3281148621682516,0.18802538243783964,0.019715794057826114,0
-0.4442853469464382,-0.11244254581918484,-0.17124102919008477,0
0.40980578252351174,0.13765405033395614,0.09624239181016554,0
0.3266642385225663,0.09999637298538423,-0.0963881357646551,0
0.2172350531759527,-0.046898230051745586,0.04930048104809115,0
0.40796815833993105,0.04026748575418973,-0.1969515384257417,0
0.19973717549025236,-0.08924049523246111,0.1707705080870968,0
0.1902561024879014,0.02918728827920738,-0.22651323442006355,0
-0.7373334652424116,0.10491559013220259,0.07354918383006445,0
-0.6020318392596234,0.20318246069085238,-0.12154447564082392,0
0.33050666683981,0.11987131330928649,-0.09483635786150102,0
-0.2764009257087217,0.07407659084674532,0.13972165110537751,0
-0.11717279786490342,-0.02961434624916441,-0.012399145786011413,0
0.4022289788183008,0.05789316494931038,-0.028612183179249392,0
0.23684008625925485,0.0649133741107925,-0.22972350953693882,0
-0.7185590519964311,-0.17006996997452362,0.04778153500057952,0
0.7396120406590235,0.10303833640462656,0.10738324434341154,0
0.1538689262602726,-0.020143456564537324,0.05456440517715572,0
0.17571167416261513,-0.10746659602323422,-0.05045938738743725,0
-0.5683704345783259,-0.06125609613165402,0.0006450063062325347,0
-0.2837931070715851,0.01789057077668849,0.24565092842941594,0
-0.206247151094958,-0.015917187671384,-0.06299085981836154,0
0.28242650437779215,0.20757832544129104,-0.16404694279115786,0
0.311967923138212,0.06732707062116466,0.007921550731239811,0
-0.6020824425709188,0.027943547843978823,-0.08980609694173647,0
0.002227140644696111,-0.05462454601170084,0.03569454600348203,0
0.3494640560218969,0.03203899371018685,-0.057446308423372006,0
0.1467490370043851,0.043956712695345214,-0.12285127745170739,0
0.3148583779515255,0.14784597039478795,-0.20582994936447818,0
-0.5568083295508032,-0.00036047605974604495,-0.035276007567517406,0
-0.4477434624213893,0.08787520910179847,0.15553901444211912,0
0.19417364497986478,0.0534773053086359,0.0471558370302324,0
0.4122489848528037,0.045642367072159046,0.04581683992666797,0
-0.7844238356166344,0.048852629117467024,-0.11407888642215563,0
-0.18581690686646338,-0.06676978567409425,0.06000962238112715,0
-0.43971696324534043,-0.05912429833318868,-0.09295713000339106,0
-0.1904830158616663,-0.00992684978154301,0.06067510478165366,0
0.06092504966242666,-0.043010869055284964,0.1618937226807774,0
-0.5043534692360219,0.09362459761549428,-0.15038765163435508,0
-0.2905867647147657,0.10969140981957004,-0.023560236807832254,0
0.6083044829533953,-0.038139659805813665,-2.1677901462085035e-05,0
0.3273021807100271,0.23262943149622042,-0.16000125375201715,0
-0.33182399498398074,0.1368688192203854,0.08735142086706232,0
-0.12284549346621738,0.055112786070841795,-0.03882809823078772,0
-0.16114249706710385,-0.1699698766042299,-0.037944160760095574,0
-0.02353164352683411,0.1843599919177954,0.02804009134953733,0
-0.28987605457719706,0.0622223082524654,0.18099854110490757,0
-0.22560365502563623,0.013541015548510373,0.062248485449518214,0
0.6578256903898415,0.12073616837103843,0.05511229103774537,0
0.34981451061847624,-0.15629703146858342,0.14251802670746863,0
-0.12791946479275654,0.1510451575082405,0.1748796998734287,0
-0.7237596856064662,0.02706457723303007,-0.10335606854375656,0
0.20248185835826651,0.003767396742631859,-0.09996081081560507,0
-0.031084524597342636,0.03983142775005692,0.06603071386100082,0
0.4396485808499064,-0.07869239174898872,-0.03581905594365408,0
0.41938679000024187,0.19672313975729158,-0.05174650462033958,0
0.16375841595726764,0.11434453251734977,0.06525780925156854,0
-0.008972015673433732,-0.018348876347084524,0.010727878089494136,0
0.5429575914965846,0.11173227109016944,0.034865236107576414,0
-0.1698050239635425,-0.1246164668403702,-0.12497029184050022,0
0.15291788215359434,-0.06868041178675036,-0.03101201122205932,0
0.21887083856161077,0.16277171557811726,-0.10876333833640058,0
0.11607801013962711,0.09375081137905249,0.20703400897019741,0
-0.2570955598094808,0.05996212256654047,-0.00022895308775022403,0
-0.5172956595000362,0.0517332464323806,0.028847366081121692,0
-0.6970963661041251,0.017269651134947658,-0.010793070233562395,0
-0.15296944020288758,-0.18655631053775104,0.2260926236557091,0
-0.034365832283663335,-0.10777448633259562,0.06048527254680234,0
0.19508024708602434,0.07598729357855089,-0.0547154407436697,0
0.4826887474160013,-0.04208319557276059,0.14296176449686046,0
0.397972994653685,0.03746571712835297,-0.04308930889191655,0
-0.12047847235626535,0.08645890862125906,-0.04100852483959566,0
-0.08006340344412108,0.02548138533028771,-0.1319359051067839,0
0.04465175613919421,0.007706151507360351,0.03247689353441304,0
0.1882088438146118,0.12318158305261358,0.09502634565033459,0
0.40625255565109647,-0.09573071530503702,-0.05721676489927995,0
-0.2855524105114624,-0.08496646306581546,-0.08018320934304145,0
-0.8980154083042845,0.023540740684125032,-0.05112422239026607,0
0.06003279013203584,-0.1037298976841915,0.07601318958753617,0
0.35615041960193894,0.12169260973120943,-0.0003940061757860082,0
-0.02901658099143512,-0.022881047305417023,-0.1003432627006085,0
0.518915460995572,0.037659656071778014,-0.1950354604888993,0
0.047608855336867886,-4.013896374165073,0.1268570069283844,1
-0.0976104015195208,0.07140663414050051,0.027085287959495125,0
-0.015888911342421746,-0.08099914244396267,-0.07421933712616094,0
0.0289401669044932,0.04624376045602627,0.024361379249040513,0
0.018404598227091055,0.18647051312181503,-0.07212842798866913,0
-0.3046432684010707,-0.16149869559992377,-0.029376072237335765,0
-0.24056927048970103,0.034945455789113254,0.09930469901105474,0
-0.5923450988244208,0.007003244263057828,-0.015454332130348487,0
-0.10457811930127453,0.049400032864733406,-0.034509581467913254,0
-0.04505491241129947,-0.02458261840729248,0.03254480279660303,0
0.9325593757725441,0.050872564619183935,0.21634778837908297,0
0.8709232402274717,0.08793415995247805,-0.009104267770963322,0
-0.43395034695205004,0.15669740319200692,-0.041807074221809404,0
0.3276252345083887,-0.12184731409266672,0.08354261662935866,0
-0.5167562491129186,-0.06815637721814644,0.15226589677846944,0
0.24208580796391432,0.12010691554146691,0.010266187852961163,0
-0.2119184806112256,-0.05265766911563589,0.06844778213946934,0
-0.13143406460190907,0.09728229142552142,-0.18312185369221523,0
-0.551828320527799,-0.09590388347244179,-0.10047795524036676,0
-0.015429421437192128,0.009544475408194341,0.04890937029896436,0
-0.5468937055479728,0.11538238963624503,0.16574815798423534,0
-0.62319371392767,-0.0845539400271677,0.07948288784346674,0
0.6096331371658108,-0.15806226417178018,-0.06939762262437338,0
-0.34724077660698704,-0.026637725184940106,-0.05100205113759629,0
0.07520241396552486,-0.03950157579603647,0.13724080757954937,0
0.37449677639503715,-0.00598088740938412,0.014594010302314456,0
-0.2961817661183796,-0.02683651121682183,0.03371424334044803,0
0.417365534117001,0.08092570187114395,-0.04186476784679489,0
-0.7699019162547516,-0.10064277203035538,-0.10577357748030425,0
-0.3467778930352475,-0.06139588365953792,-0.10576453874761503,0
-0.03836822661070995,0.0024878007134859974,-0.06792939927828241,0
0.20721051582508673,-0.09577325257472538,-0.03887371841254786,0
-0.20990725864428295,-0.13447526905365315,0.13115644553860126,0
0.2305654172796953,-0.1306361745967337,0.10142970257651639,0
0.37186436360088715,-0.14311443214206196,-0.1302098598747747,0
-0.40706904958605206,0.12141512878499175,0.019029313163862097,0
-0.3029335342450182,0.09413154698694014,-0.1586174618386263,0
-0.1986563754704116,-0.028676428071041756,-0.021640943477666968,0
0.1708120058936431,-0.07230441910751616,-0.02655349451708426,0
-0.3512336001815093,-0.2188877248605449,0.1650072319523013,0
-0.3000478764942279,0.11050601326676096,0.0462824621809232,0
-0.3882216610030733,-0.12803511315668742,-0.0470832377871632,0
-0.0903218300733023,-0.05909950702356002,0.05805213535497344,0
-0.5197893245996186,0.19077941596654072,0.037831927797362754,0
-0.04934064233444525,-0.06659075334308664,-0.02153241383071727,0
0.4312164922472877,-0.023367439938227035,0.08750615377239945,0
-0.0557104086032528,0.0013887394433427173,-0.059714393009067605,0
-0.15201996717579178,0.0797370575097387,-0.204271304263495,0
-0.29479130050421004,0.025453042096468537,-0.005941337496717736,0
0.03498966929012877,-0.13719591770663872,-0.10197057159049788,0
-4.568176298664596,0.12167943378192336,0.11222099436606546,1
-0.18911711576021195,0.109616823451636,0.04833964963157106,0
0.08176495694077189,-0.008945044104486067,-0.11598318484240906,0
-0.6502171182060099,0.03758976406661562,0.08881000321032656,0
0.25514422571815115,0.19720798922764823,-0.06281619015850824,0
-0.3793834263960237,0.20947709346842222,0.18625830835713114,0
-0.03595789404086296,0.031414677997476693,0.12376520641225129,0
-0.5656685320368131,-0.03218797284868071,-0.15917985387490638,0
0.6384498963347046,0.14485132048922933,-0.00943970595196542,0
-0.19860456205965182,0.04936742224935053,0.00038000184301231743,0
0.4650129769573756,0.09285733342084229,-0.17814087751757857,0
-0.20462889284960967,-0.15890991485892803,-0.019287301261828628,0
0.2874682475963301,0.13342183872553703,0.20185230707783505,0
-0.22888431717446778,0.05356315840323231,0.010924933045809257,0
0.03422339912233226,-0.019253392098199634,-0.011134104059523139,0
0.8779147492321301,-0.0029267903079049427,-0.1142613206670655,0
-0.1720137111245107,0.045581271093953296,-0.11246288449565418,0
-0.03377857750472464,-0.14705722016787037,-0.2846143133946966,0
0.3983629714755864,0.24398518260164465,0.012232762568443543,0
4.124518804440307,0.047164832391242716,0.10533139084502774,1
0.21689480102027336,-0.10393577953078544,-0.07832303070704673,0
0.25769540786557454,0.012613790874466369,-0.22917197583513685,0
0.38010228345687913,-0.05658162980655862,-0.02313798004037509,0
0.9125271781642852,-0.12365591114634147,-0.034677396416283,0
-0.12351657993533847,0.18518337754373396,0.020069008329544287,0
-0.1470262642153913,-0.05254334673563343,0.03930180384188749,0
-0.41630379188340894,0.08633896976113177,0.10158976264287865,0
0.7995751963488924,-0.1446795529872785,0.11664217125471864,0
0.022794006974700947,-0.11335068155412656,0.11963429885986288,0
-0.5689713534074003,-0.15291600316849652,-0.12939184776571044,0
0.10223528325351156,0.19860998058427531,-0.09926322571179629,0
0.5908928092415792,0.009073135672785731,-0.09974675098250249,0
0.18174869717634434,0.007637984312737898,-0.10234286451704677,0
1.0378722838849523,0.09814157922555121,-0.05216471575412829,0
-0.09946864002035716,0.012298258839841751,-0.10571110964665992,0
0.2963743435149055,-0.05065908786588224,0.05782343191461076,0
0.5826238695112678,-0.040953653286598904,-0.03161734696953482,0
-0.4327664188769557,-0.06471641897406413,-0.14181193502520814,0
0.19561019828133586,-0.07119743271577679,0.00609776043234733,0
0.12128189041778797,-0.02606132902248545,-0.12911023948411002,0
0.34953703158218885,-0.23950000178175235,-0.058484593160532276,0
0.5735910045217949,0.06389971698865797,0.10376527779669112,0
0.057063372054670915,0.11538729950240485,0.14434475038987943,0
-0.2609987294005837,-0.013965866825743918,-0.10808127294565878,0
0.21367679264213002,0.06259597446444436,0.136925659411655,0
-0.1385831407749453,0.14575298506921802,-0.07844284769979344,0
0.691743485685558,0.07308210203390123,0.07234636270510984,0
0.8046012485798619,0.1434504894796682,-0.2505239685292566,0
0.6052251793179111,-0.014357402232026643,-0.004698370813321095,0
0.3583848850051332,-0.04543771255453888,-0.11204718540917585,0
-0.8052723554871138,-0.0616171489024662,0.10445754757811261,0
-0.2993501618462581,-0.03168343362503376,-0.15313111857760797,0
0.1623699824069613,-0.08311702373314339,-0.014400955835605585,0
-0.644431909435851,-0.006372533694849023,-0.05768568346587935,0
0.3178699784536976,0.08300168422691592,0.1669247063699443,0
-0.447493068473529,0.0310186361395572,-0.06806150605222482,0
-0.22483374988204088,0.1186364185556777,-0.02345155791240476,0
0.5698811136322391,0.03760458779574317,-0.06587372514679019,0
-0.22228174950183135,-0.003144303529306338,-0.09169423756228422,0
0.14018501644320377,-0.19131027649055474,-0.10420828121643988,0
0.44028355475470526,0.10907687771721407,0.02984200140015543,0
-0.2425445146603271,0.015481042321102848,-0.11466488471284544,0
-0.4086372864569664,-0.02030247074790005,0.03263466220025611,0
0.3352438792593704,-0.01296798619291209,-0.14170034032069032,0
-0.36093653490318245,-0.11388464705181266,-0.11407726319985288,0
-0.15975748129418332,-0.1871653512098497,-0.14393267726334755,0
0.43828375830620586,0.1404596144508448,0.019934719708059403,0
-0.545653828144682,0.10199534815321427,0.1621517750901577,0
0.5941875771612577,-0.3250917773977637,0.021791920956194182,0
-0.4743937371455226,-0.3179699773428732,0.14413598370569586,0
-0.27409617003888775,0.0147353141478491,-0.15308362611776946,0
-0.4644428890639444,-0.04224734672139276,-0.0326871439160029,0
-0.598469831556029,-0.12893919575556642,0.05102128893607253,0
0.02409622450678008,-0.06391321466995739,0.19694544573232564,0
-0.21321306125837586,0.05239873297272031,0.08208241408686634,0
-0.25724339343208363,-0.1940802283896934,-0.11871373006513371,0
-0.14400818936464482,0.057293350472616834,-0.040959542755848545,0
-0.00646840721211029,-0.16303216195957232,0.009873295016095095,0
-0.08326533483552304,0.05079386758399923,0.048808191649249905,0
0.5558292631140805,-0.0522159262295973,0.00586272301409187,0
-0.11325169719164503,0.031962495245859694,-0.029121023346611853,0
0.1646043930085025,0.03173935105619304,-0.06583224173093093,0
-0.03414649550761187,0.01895055744391109,-0.14394135957038245,0
-0.44837886915992664,-0.049541277850434634,0.0024269341515538367,0
-0.038250346990581094,0.06200081532844656,0.037111533839837695,0
0.005774554424683345,-0.07158327828960953,0.13999597761881263,0
0.6375508684614013,-0.18417587574164795,0.004125479492131129,0
0.31358429449439046,-0.14540927664312212,0.06884133810196082,0
0.11940733503287529,0.056651290303304735,0.04502775389617477,0
0.16218762918260368,0.05729023971291467,0.06851136174937082,0
-0.62245356388769,-0.05384259560312678,0.10095993580461891,0
-0.5287353742000029,0.029432848840960382,0.04497310575055903,0
0.07111271612694385,0.05474527383329946,-0.1955324507415109,0
-0.396965957616767,-0.09750443984193927,-0.07586687599655964,0
-0.31169314486477306,0.08861428403759425,0.004052128765282226,0
0.02076613652463634,-0.09810797614706357,0.046449177777950205,0
-0.4249788021548093,0.1885390338971624,0.037144772848748814,0
0.26009061336733297,-0.08668823383164558,-0.03610630095021314,0
-0.5502312091233804,0.036024455173102495,0.04798992695578782,0
-0.17330855898952313,-0.02821531930977149,0.05793019183691142,0
0.5998977867127392,0.03900145490236526,-0.047508184329453966,0
-0.11827593463231603,0.000998876029664401,0.1820587620934676,0
-0.31812940474356577,0.03574235910298945,-0.05256845837872385,0
-0.36636583936861716,-0.10373205473265659,-0.007093656704085663,0
0.2790142053995735,-0.08369145264379928,0.0012116392322588324,0
-0.28674923972821603,0.04924036936496137,-0.008991409539614595,0
-0.03254191065633585,0.0733603771390218,0.01905987641097524,0
-0.43537683185578824,0.0509942908684632,-0.25867140146784745,0
0.23935824430510777,0.00852623557674488,0.03574783332177591,0
-0.061945913938041525,0.049051993716900666,-0.013802710816455148,0
0.138702061459426,-0.17961444618139796,0.1014516982005016,0
0.20356218341371,-0.17922446329667394,0.013548271395091667,0
0.18697566205949936,-0.02762614271086443,-0.15788315370670392,0
-0.05779467347092261,-0.11242065394539905,-0.05926837498132344,0
-0.08179960075784172,0.06594214973986945,-0.0502355435509001,0
0.8446521399576362,-0.012217164068256618,0.10233559372721034,0
-0.4139714842237222,0.04508239517486734,0.03352440582195312,0
0.12063846141518578,-0.04323631705147959,-0.008466346179425412,0
0.124465357567241,0.10856292679435331,0.02604678447040383,0
-0.1521412853348969,-0.04908631050722097,0.058990877340477324,0
0.023526892787854563,0.03517457688753714,0.017897758875315334,0
-0.2730500670025395,0.027246101521451505,0.0771198946768254,0
-0.45004660052542217,-0.03677179216298037,0.0941127673956753,0
0.0775467872244011,0.12472433407896458,0.03398420277656528,0
0.4808280845034035,-0.09540005524058925,0.015779292920199153,0
0.8062482505210948,-0.18709746737949137,0.05436488684007349,0
-0.2822598238865576,-0.021829325408184778,-0.16092915724790147,0
0.3261559423458562,0.0654550512330774,-0.106697186780424,0
0.16205012814784459,0.034732134925618996,0.03758174088800073,0
-0.3600231236797958,0.026470137975467524,-0.006672199546414028,0
0.3915098020400085,-0.14274777844920736,-0.045699740571177615,0
-0.4230660202785364,-0.12274953280944377,-0.020093872852320383,0
0.6166861224017559,-0.10393212055567563,-0.059882247709442595,0
0.31193535155841545,0.08566646264005129,0.1499924148870266,0
0.48246762844196706,-0.09283158043589637,0.10436634471598205,0
0.3289343647315752,0.09054274877075781,0.06213358848282579,0
-0.3473670227686352,0.02937234316433955,-0.0017974804487937966,0
0.3166464129570463,0.17081253719506034,0.06826492892693002,0
-0.5770735048398157,0.03275972995797571,0.07325192318492967,0
-0.9484310755225451,-0.042876103108781205,0.15528887747085582,0
-0.5841424060535151,0.1423975146494687,0.0717575704028176,0
-0.7385097911448381,0.025791159971548402,-0.03393311875877998,0
-0.16982323673662708,0.09530701733310816,0.0564422381762693,0
-0.04514771337951094,-0.04613231722320868,-0.023841120677074352,0
-0.006260360393762697,-0.10735694743127502,0.10792307508884319,0
-0.07321690230744364,0.22698867228189257,-0.021827525186379836,0
0.5811829212588844,-0.06283814023337826,0.1082563293889502,0
0.4047739911858013,0.006652176978798569,0.07601828989667714,0
-0.0968194337304657,0.04172657278167567,-0.00037835455047975983,0
-0.7776167792382038,-0.0639350392184654,-0.05339316871981112,0
0.08588569589933137,0.17370745292785084,0.045429204862066905,0
-0.5170889808563064,0.08036423765991811,0.15612460791187946,0
0.4765425056900685,-0.05008453810549649,0.000510828461692786,0
-0.09067153372488174,0.011568841136878873,0.017544368129956495,0
0.4734897623010982,-0.030483379032715443,-0.02231313567993154,0
0.7290872655901526,0.06460853583432308,-0.1860221585627846,0
-0.4935456819561719,0.02133513501578143,0.08644080639250762,0
-0.04059821559806491,-0.034451732222445665,0.09752527933571824,0
0.19031366963539098,0.1808990998817508,0.05063593362785103,0
0.15336133527318047,-0.11903310756287432,-0.024181530289579645,0
-0.09685642235782121,-0.10684495891641708,-0.030796109162336573,0
-0.8250559117667452,0.06634229877588003,-0.03272824820843459,0
-0.01665663362308521,0.010183737624877062,0.11892014961464151,0
-0.9469011433371177,0.22569930183826187,0.029595911815205746,0
0.501270160398234,-0.13746736899022372,-0.211175752516469,0
-0.7635654006519921,0.0745463144001191,0.14081817584732817,0
0.33805265741149415,-0.02647951448440071,-0.0045563206387627805,0
-0.2568595768919284,-0.09490483854257528,-0.14432780194884717,0
-0.043834607052072316,0.2560855697797284,0.07602918757581524,0
0.4435016254435148,0.09126088826021833,-0.04261905400692531,0
0.4200971142444472,-0.11083351828497492,-0.13131375389840272,0
0.33415446270854265,0.18835866054447434,0.09488005284885291,0
0.07026157204001082,0.17265783261720088,0.14892843861052138,0
-0.2975150938028244,-0.06966755426349429,-0.11377241718604558,0
0.21267664181037316,-0.03703646338799753,-0.14075986869352983,0
-0.5326700946785129,0.11312552171522441,-0.04449787783860117,0
0.19798038450959052,0.059172740322539254,0.1390861644206459,0
0.40494389518866625,0.1348696613103945,0.015575726142928355,0
-0.12865515376624906,-0.02604100955140163,-0.18629039122504384,0
-0.19160025872046074,-0.13392393066851066,0.25225153984735554,0
-0.2689565614110186,0.04021368567126375,0.02860496020432597,0
-0.5327313068270094,-0.1122890667444336,-0.06772175541259645,0
0.1690637289287196,-0.0017517638992616308,-0.08945567751137556,0
0.4190526234166921,-0.029442011504051124,-0.032884524965065685,0
0.06539726157076771,0.19425741323507656,-0.033054029537215965,0
-0.548701017889169,-0.06314354989838021,0.056108142332411376,0
0.5074910197687467,-0.1038396379006613,0.03428292136511992,0
0.08212554488402887,-0.024691127519980857,-0.11463385752750624,0
-0.2156003693972461,-0.08783984542130603,-0.17343612806152153,0
-0.11515706635271611,-0.0035043021639883003,-0.12090534459681423,0
-0.42831786321898924,-0.13660748040030035,0.11321193261399994,0
-0.22063672520288213,-0.1402144614787746,0.15778756272086747,0
-0.18525648795646726,0.07640513523533062,-0.10815646986832667,0
0.13643122790858292,-0.03323748359913008,-0.0098775491843586,0
-0.1993696542671924,0.0662605997640044,0.08992623752423766,0
-0.08198237496848143,0.03526560296126613,-3.9968335555116656,1
0.14891773231074176,0.23326547260792704,0.04410932386086891,0
0.4625736835185841,-0.012468203547110304,0.12759549804213102,0
-0.599045686214676,-0.019707971534980457,0.29648946978582247,0
0.44071988932486295,-0.1301212883528021,0.10532437994894817,0
-0.27516929423322595,0.09307485992083075,0.00524002303958551,0
-0.5044006149843401,0.050679720664346756,-0.10938704304956758,0
0.3070794524695591,0.03686204159649578,0.05236503057649303,0
-0.24137210167761347,-0.13734537637561603,-0.0028673530466160916,0
0.4009121744927817,0.09811666220437593,-0.13438218170940017,0
0.737593670532398,0.12869543869637118,-0.031294723929741204,0
-0.47679602422869066,0.048570501302159695,0.13422087211700479,0
0.14003862426535815,-0.10496581401888126,-0.10102822633288946,0
0.6662155060022409,-0.09295131993484575,0.11805749863742304,0
0.0033711370840140975,-0.16049204703068765,0.059270502098957456,0
0.2717482846824741,-0.0024774417889946317,-0.08490867605321661,0
0.48703884703323497,-0.053609641427873916,0.03119713674469181,0
-0.5703845124715271,-0.08302063596538219,0.16000198576352498,0
0.01750058208526959,0.009666645468809671,-0.039774249288861585,0
-0.06474807573285875,0.09934161371096528,-0.07742864097307753,0
0.09368127449637803,-0.17736398049410285,0.022927692274885753,0
0.16287164984957617,0.049199303452365145,-0.006842108461247916,0
-0.6464675952246469,-0.03367493517032109,0.004908524954519787,0
-0.12607098689917987,-0.0681964196512914,0.21264173783719095,0
-0.8649113118275576,-0.1645536044143289,-0.018240434116891954,0
0.35996095136057105,0.05615154783811427,-0.25788609592304457,0
0.18444324522221434,-0.07038035306894673,-0.10362777763502447,0
-0.1577537663793229,-0.2131047869774701,0.03257234907428202,0
0.3797623988406946,0.010365174073371675,-0.17135402060548927,0
0.3467247826341336,-0.052435437639186504,0.05882729171859809,0
0.19061254189933863,0.0377617549652946,-0.0849658524024604,0
0.14651214049876984,0.018435276273325172,-0.11630179629455757,0
-0.2442603108491077,-0.03278575904328383,0.0118378846768178,0
-0.3222312853566087,0.0494749362354221,-0.07850616320905064,0
-0.5766698610530229,0.12432056298471113,-0.08814844532203972,0
-0.16966527659536915,-0.06888728485977376,-0.117261894852783,0
-0.1669459941347868,-0.041329967478771816,-0.08495360159926708,0
-0.06640066795350057,-0.06545041140677603,0.11641544999919702,0
0.29682735852099523,0.088798855142835,-0.1701329107674561,0
0.21993314937090253,0.1372199567066352,0.05154042223965364,0
0.13582927433728642,-0.15848113263888874,-0.07147230902445864,0
-0.1030535866698869,0.09359797817462867,-0.02569006298576514,0
-0.3655389023470312,0.01608356874868065,0.06331330043913881,0
-0.3236370863858278,0.09428466574734634,0.048528746583575304,0
0.6956236166585523,-0.05583165949406013,-0.275559474747118,0
-0.3605943142662613,0.17822070841422036,-0.1333880787622646,0
-1.0812366350036253,-0.0671142122891756,-0.08473760168110778,0
0.1349203634208854,0.02568446470945699,0.04698967175013279,0
-1.736439735593952,-0.029045686191174286,0.12354744098800104,0
-0.1869312695544808,0.11740675117607112,0.003803141207241183,0
0.43860734854356215,0.017923906124487247,-0.04577456265315586,0
-0.26085004811791634,-0.03026893996016102,0.06742063304625277,0
-0.44976702097392396,0.1112998100962675,0.06405011288599143,0
0.07439184693547933,-0.09432332045445935,0.013254040706113033,0
-0.5894079637563827,-0.018714882243585192,-0.018080128054164157,0
0.0024231438023194184,-0.08836014710063544,-0.07602566629658641,0
0.14055892946713097,0.1378256721387195,0.021388401729275863,0
0.4374694996972542,-0.05740399123417869,0.1228546144712237,0
-0.25227225285354454,0.029266370669845054,-0.057314169175622244,0
0.04968254015622835,-0.08988353112413167,0.088570138373906,0
0.21777381271645493,-0.07897505264437289,0.11688724080550908,0
-0.40700943604994144,0.017876049993241473,-0.046495330723431955,0
-0.2194864547679612,0.13535017654601142,-0.1554745182400759,0
0.0699002256269404,-0.07461627881031299,-0.005109892731359408,0
0.0900933403855009,-0.2011414598884108,-0.019082810030232857,0
-0.18057157918252384,-0.08000259744016859,0.12929902624006348,0
0.265920262284651,0.09176326431154028,0.11623849243698876,0
0.015246104506901515,-0.10508264372150936,0.0925638671874397,0
-0.4237617819872411,0.158924888838243,-0.026710853766557727,0
-0.34333610492900907,0.006773595805868943,-0.028336706797369462,0
-0.10454940687803758,-0.09612800749970608,-0.15024360984119506,0
0.5655804192407271,0.10084970275354044,0.12446076564952656,0
-0.6809739441202963,0.005683314141268302,0.09142071715301946,0
0.13058997597772748,-0.03326928580588886,-0.21274925058543004,0
0.30222673669821365,-0.2238603837270131,-0.03480212446330493,0
0.3376491419900601,-0.05965264061343006,0.07657127789030602,0
0.14509472283238964,0.0929662546646838,-0.12783493040600727,0
0.6022852213563583,0.1765513867426186,0.12892143420605723,0
-0.25384395382893093,-0.028650206998463275,0.002631238975729349,0
-0.13544670293190098,-0.06034878216115336,0.00949779447412133,0
0.13911370495513098,0.09094982858660473,0.026963842520445605,0
-3.5408916592425097,-0.20581744010671593,-0.011749990669256798,1
-0.20827826555381224,0.03713826544997475,-0.07933197091504965,0
0.45055709535492583,0.0462952175112227,-0.0980319251838116,0
-0.602388214076337,-0.05362808432108858,0.07212928057655997,0
0.15628457660665718,0.19513284265392616,0.044351895008967954,0
-0.289120018529795,-0.04457007689402098,0.04952383953124037,0
-0.07733154169662888,-0.01093871049350795,0.09583502385926408,0
-0.46834660794015104,0.023152919562983112,0.13521129376328972,0
-0.12213597855185415,0.046030742821657915,-0.04012055753450732,0
0.173516978256238,0.029739379741136242,0.026109037139129532,0
-0.12739489330064538,0.003604920609219561,-0.18900845382202064,0
0.34042407347063797,-0.03772849033536438,-0.08848971280068293,0
-0.20900994336214349,-0.05812917810037537,0.08663337539451497,0
0.16835447899953004,-0.1977591036126056,-0.1166538785027645,0
-0.5120802803031516,0.09633858475908368,0.024121880557255056,0
0.6054148344731908,0.047169554217860316,0.006478343736367112,0
-0.5364120683031797,-0.043900124312223135,0.06157584488798924,0
0.27472956689272093,0.08272551578719252,-0.04462618557649338,0
0.6026867272419031,0.07194068606593182,-0.17871766782141688,0
0.22583742605438487,-0.1810232260841348,-5.34865651263457e-05,0
0.2741082539301008,-0.15771247726172707,0.07692576813702459,0
-0.24535100540473517,-0.05274757588966479,0.004209340338656505,0
0.22066023859905337,0.08849508299827218,0.0005017059306004219,0
0.07024151364958314,0.06589391589951259,-0.07318791573482249,0
0.21766303378943253,0.052044011078892366,-0.12112782516126651,0
-0.22281292635461247,-0.13440807765026933,0.13608258316946,0
0.6069345473112064,-4.069323462955898,0.0723613477586106,1
0.3340545187879654,0.08254626658423703,0.03375312188744117,0
-0.6450129398162144,-0.12282072789400683,-0.0457801642775372,0
-0.18225370914938793,-0.12400162340335852,0.03674673784862489,0
0.34446080714455585,0.021098199177302636,-0.07905986856039729,0
0.16824360962436175,-0.03555189552268495,-0.01582069692400162,0
-0.09841771973275748,-0.0028780596391607977,0.040589741394791115,0
-0.10848212731218188,0.009536075542361758,0.10511590804372634,0
0.09457563793611103,-0.10511348170640916,-0.1637242050870349,0
0.03445900525908191,-0.010913302819709148,0.13342655829932934,0
-0.6655777982702805,0.15507202269038764,-0.07671169165677666,0
0.5325860283292382,-0.18607744924825614,-0.09763884867137011,0
-0.15871736629857874,0.05815722449727512,-0.014038044302685763,0
0.4697931044769197,-0.00251109369818606,0.0014131507738528218,0
-0.007624325566996958,0.036754436371902226,-0.07843740461151492,0
-0.36358766525301944,-0.025052717748999566,0.04360199494208142,0
0.6736553860473371,-0.05908257166439948,0.061332522078043294,0
-0.07862440703627628,0.04046119321588393,0.09895753153546445,0
0.7018810925209719,-0.11404859087008512,-0.09103800298568333,0
-0.08554000421454078,0.16837537540110448,0.1592199977946014,0
-0.08759681668039726,-0.11533005998377935,0.000703188173301787,0
0.20348075047653552,0.04413131015226249,-0.02384037085713321,0
-0.012337222572283028,-0.0029134875799495404,-0.03977905991408953,0
-0.45587407301075794,0.03456801850461325,-0.1908168725892304,0
0.2181534037036773,-0.15515157938089014,0.04174488956214026,0
-0.09958578558263771,-0.04694202460814251,0.11212952928604623,0
0.48894327525026865,-0.03794319547528477,0.023247471304374642,0
-0.5340755973135173,-0.10277585687916413,0.16104904924186172,0
0.08436397298931214,0.16877580044288504,-0.15250284961452498,0
0.5834883159350739,-0.09563459431712362,0.06646311423353977,0
-0.10456614290487228,-0.18603728285390553,0.053564070832909,0
0.4798647171690574,0.12126385813834294,-0.10847333946698222,0
-0.14843237646362537,0.06743744490895731,-0.0021590358210100695,0
-0.4581382628273323,0.04920927772947383,0.05472887822583816,0
0.24729611693327136,-0.2335336427662139,-0.04481636235060204,0
-0.6651420520602789,4.065521529283188,-0.07436121159143823,1
0.15764347554514968,0.05572288768007349,-0.004512266496640144,0
0.3824276946919478,-0.008196527973266315,0.05663810150542756,0
0.4053347311420134,0.17791842733654703,-0.019282444776154012,0
0.00903755158693516,0.0854388439531214,-0.02099325039399313,0
-0.17201238267272623,-0.0452807818912783,0.11192262515296957,0
0.40111083273565545,-0.054539551047381354,-0.04174567470796628,0
0.6605391605378457,-0.1448790535950739,-0.06804539020504859,0
-0.13197588253951303,0.1319497780449311,-0.02754651134437043,0
-0.38295125120036855,0.14209215381225188,-0.05470239092851941,0
-0.37350152841909207,0.15759944494258155,-0.013154804024542688,0
-0.4197547105833394,0.05897554848650716,-0.07571575373662974,0
-0.07612778105299252,-0.052599499455597755,0.1448705061944193,0
0.24893428319783353,-0.13344702714357526,-0.08741326017606826,0
-0.07762249018436518,-0.01522200127134864,0.004659854451040768,0
-0.16396665509777084,0.13429206083319473,0.04857047850852096,0
0.2462716193364147,0.07772611334612137,-0.0014956778008364995,0
-1.1173069490654823,-0.07632269043613679,0.025987252512634756,0
-0.566256880328277,0.05287789700960204,-0.0021634094911440957,0
-0.5515082369320093,0.0065625208073829926,-0.018389475328285235,0
-0.647934222500025,0.1132433986167222,0.07529168882065154,0
-0.46768168974734803,0.13800711310378497,-0.0754186427794333,0
-0.5183989037514751,0.17852845654621927,0.033234582695460625,0
-0.3129932891114233,-0.06906031742090361,0.15234749991150834,0
-0.21296666522137953,0.03888219234506443,-0.017374047088570984,0
-0.16040197846901533,-0.08202264532125295,0.012972603492856588,0
0.7713399776243908,0.059426717591376126,0.1602861525457288,0
0.23737186953562583,-0.009216060630147313,-0.11729775064092585,0
-0.14338031626530995,0.1714857817314182,-0.05583198381544735,0
0.1819240843858764,0.14626380668852276,0.01889522859689316,0
0.7996040849870271,-0.08856890724601747,-0.11609291085205509,0
-0.5153846321451722,-0.07254974683615616,0.03265924817082725,0
0.0043512923669344564,-0.037162249242587736,-0.07685230425972733,0
-0.048982934571191065,0.02693553787711426,-0.015705021331418715,0
0.3577462832015564,0.0944642551560138,-0.06434402185318185,0
0.35093083207094,-0.03338578707297917,-0.04102814974437956,0
-0.7128373110766943,0.023587369408756807,0.1339132644749604,0
-1.1087906463694026,0.1355994441584877,-0.13679100410453,0
-0.7605375967453795,-0.08076696732503916,-0.020233876555143943,0
-0.33382157117847955,-0.027534602721266017,-0.1803557708458985,0
0.3855201011131975,0.12374413959091919,0.12521499148876475,0
-0.3794755410375299,-0.14827882626617747,-0.13263828556515553,0
-0.036155082155457055,-0.07200801311789061,0.0663033322672518,0
0.6294256614735252,0.02678819371916752,0.07449552032744967,0
-0.3346420724513004,-0.10024603894983371,-0.23985579657505213,0
0.19601342061640767,-0.03391026673550531,0.07544441777345133,0
-0.14648146742906368,0.09246290169247902,0.12119910459019599,0
-0.5883548928667274,0.06531662117145236,-0.00366760221102694,0
0.17519600136427765,0.006174545760162004,0.05802222518821157,0
-0.43193010300891976,0.04665819711539115,0.04556500039083826,0
0.0005236386995949197,-0.0762233738727217,0.08697598969919634,0
-0.35786752019561807,-0.14540776286268337,0.14299701288660494,0
0.12825022219401452,0.1723393909971686,-0.054897996819196604,0
-0.3575894554927732,0.1994395933147285,-0.002385197571912432,0
0.2505142738080751,-0.07159774268085999,0.0538129446033955,0
-0.5733579059487739,-0.18548195833360026,0.051414666714598684,0
0.1240601632509158,0.14681022824612053,-0.14216881548757132,0
0.7071388596554821,0.08439281976389351,-0.02852009885777502,0
0.45873651466501,-0.06376254473964647,-0.12478361628994777,0
-0.5846634432699899,0.08420281031556373,0.022222925400527657,0
0.19753643663118503,0.08780971755177638,-0.22830064236653558,0
-0.1574264631419851,0.012565552586240314,-0.09201026635400661,0
0.3637433456184006,0.07430918284181043,-0.025461890373050924,0
-0.32528898249719645,0.060779954199544066,0.1172792658474162,0
-0.16421449222027548,0.0008517327112023206,0.038227322661498475,0
-0.18050720903908385,-0.03330719842915193,-0.030082042767592368,0
-0.20923358186241475,-0.19437683141834428,0.10831318544471014,0
0.7644367149056116,-0.020310026071039818,-0.15746009042782938,0
0.026583516234742362,-0.07895365369413664,-0.1341922945731623,0
-0.3863765992350716,-0.05690958162441957,-0.058417522590338146,0
-0.6005841802128322,0.08198746946527474,0.06634751064838655,0
0.004176216649651568,-0.07384313329011213,-0.1568040401429895,0
-0.5882728910337396,-0.05395594127912711,-0.00790338064935005,0
0.7191018281198112,0.04381963000811718,0.04025712967668418,0
0.3886564343676893,0.08807864112027784,0.0026069876315404916,0
-0.27494839400360527,-0.15370968445893624,-0.004076592829572195,0
1.0107702424155864,0.05563670546677964,-0.05408489359481816,0
0.22079467658027016,-0.02204811380679058,-0.014512699034964438,0
0.1838935977639849,-0.23914903696921624,0.006339304905309838,0
0.7318367750715978,0.063186252611544,-0.06026607919737142,0
0.2821743557067786,0.08960420489365262,0.05852549651186245,0
-0.7108526417305958,0.02537740125850292,-0.07992322294277432,0
-0.14437810150489017,-0.0785728253030073,0.22730447182315536,0
-0.08513147379751296,0.16067391862075797,-0.10872285106817639,0
-0.45221119461962705,0.08127618514783734,-0.09777712399789372,0
-0.09438368796342862,-0.11154128859222612,-0.00945220581278728,0
0.44483937416487934,0.08139019612888754,-0.15613105641481778,0
-0.39369141643139105,0.07378745736807285,-0.1432055528080915,0
-0.41783582698542054,0.0044193276031469384,0.1249630005647971,0
0.19272694479576405,0.08440998687230604,0.06685066727445083,0
-0.343059597602329,0.13247593978389446,0.21318701318825195,0
-0.3297759452321541,-0.01059695529091007,-0.019831506781495013,0
0.8658008280201767,0.1354620033878307,-0.24357094948304778,0
-0.6360322135229142,-0.09577688466410283,-0.06788433598479612,0
0.1673984220612805,-0.06379524565434866,0.046140977767362444,0
-0.3499261432026742,-0.016396633607393383,-0.05694003421676966,0
-0.07029124856382085,0.0264823316445096,0.07620675761882756,0
0.6228389619457492,-0.1065051841146185,-0.03566226375337605,0
-0.34362529533962105,-0.07033641815608141,-0.04687873172091092,0
-0.16812556119463065,-0.1318609199231829,-0.20527943104953603,0
-0.005409382870958157,0.008481122461780627,0.0037212038198025685,0
-0.3430768782756878,0.21884090370439746,-0.08689887443072714,0
-0.1793208311208404,-0.004521471783145087,0.03350685939939212,0
-0.1512367876325986,-0.14294686235776297,0.14528552838026546,0
0.14391684228644325,0.09676553847084549,0.023717604057873556,0
0.16549018541444072,-0.11227003839551607,-0.1912343708599929,0
-0.08309606849109001,0.025338128816380236,-0.14992449605400038,0
-0.05464989414016372,0.06694600853232276,0.08783457106151575,0
0.27953155017399295,-0.08999450146150312,-0.04159635516484367,0
-0.45025764083205355,0.106906405358424,-0.0233552855666278,0
-0.3515744800030811,-0.014945020602657842,0.062004603391813164,0
-0.21312926678546107,-0.11554761431249044,-0.05207996176078836,0
-0.1239392074850177,-0.0005216033277175813,0.09347198361884804,0
0.0721217006047034,-0.11174705412544272,-0.016269705474262246,0
-0.04565080707316449,0.18795891287903818,-0.07862334028264473,0
-0.19031618057622113,0.008402475762571518,0.003718479722620807,0
0.017021615866900305,-0.02232164090977299,-0.22053200990870792,0
-0.18041259218877678,-0.04418237338526994,-0.015326550905044298,0
0.13358175024768557,0.04359612780276237,-0.1681458922349689,0
-0.08869522232269851,0.042035773668003186,0.10366016364200022,0
0.16949454804312536,-0.17700000686432196,-0.07186089320696973,0
-0.5305113641301109,-0.1728457102023262,-0.07292075648818126,0
-0.18936962983008815,-0.10726547557331996,-0.05274378301669365,0
0.3070176695142313,-0.037368607785135725,-0.09506630312717629,0
0.1348548988957477,-0.07181645104192681,-0.08371546650064106,0
-0.5356941192769237,-0.013659093529448966,0.029332698102665974,0
0.37239362884166216,-0.12267736769764592,-0.06062990448961955,0
-0.16688495028961087,-0.016157667920433768,0.15499769690428283,0
-0.0792902136862396,-0.02102416389582619,0.0379433792827011,0
-0.08549501711874262,0.06927460297361784,0.03461892634908657,0
-0.47183492644518976,-0.016013279002717266,0.24425449861834103,0
-0.623536910035609,0.06541535569900407,-0.1374495894614581,0
0.36959932713074717,0.09171958317919882,-0.055426437291215984,0
0.002673188917839565,-0.054925401281802136,-0.10070859533676764,0
-0.22887195581751063,0.01920880919333222,0.06833152234072223,0
-0.2545246761381049,0.038448007573935995,-0.09783108568159929,0
0.024801173146678443,0.004920351066488157,-0.06642717081493081,0
0.440247482016503,-0.011043860216429602,-0.18783957334398782,0
0.1601119042068051,-0.11081326531305764,-3.9061950547474638,1
0.33598639024845145,0.07503331177283327,0.044733446784883724,0
0.06722045908950755,0.12477085429173412,0.022436979543472627,0
-0.5100205015640987,-0.04710271204651543,-0.0859511723503179,0
0.44895341792081356,0.08363804407119456,-0.1359856546918824,0
0.772812321174726,-0.29048091171837204,-0.012684805786668103,0
0.089003366821586,0.03504541399001417,-0.015932893094831736,0
-0.09497109854246241,-0.05193325938398716,-0.031168691905973323,0
-0.748262164987031,0.11764783005764345,-0.04996630646086669,0
-0.05065356430592191,0.0020410184476689457,-0.1065063197586959,0
0.14080107461530864,-0.05677602918576163,0.018854105919730073,0
-0.26771424086033874,-0.00936224021808153,0.14746849442312157,0
0.38573343530604204,-0.13010534652900818,-0.06380972385078999,0
-0.40473166383237413,-0.06200893824755609,-0.14214402041399496,0
-0.13940095477251493,0.030368256709491382,-0.08086111485877373,0
0.7942894517295862,-0.070836756714849,-0.2081211758708301,0
0.07772834656600897,-0.03110059218983173,-0.014748481365654134,0
-0.3035278979638352,-0.004028023217110924,0.004040485680459384,0
0.1841940568939139,-0.08925641367881983,-0.036479767629616036,0
0.8202139212310945,0.15662934522255212,-0.018911629134040264,0
0.24439711823189667,0.10041664176303347,0.042049048638037226,0
0.07680524532759858,-0.0003138307802773769,0.05800632627340724,0
-0.005946619068637479,-0.022285425181315856,0.03670291837553091,0
0.5495795921855824,0.05295587658070207,-0.05356714789831685,0
-0.189441453573615,-0.2523567653978811,0.04203760987230026,0
0.48751112491832915,-0.1443290844157472,0.025498128557455525,0
-0.5838621269831247,-0.06307189223766003,0.09084528848259446,0
0.03814058384433729,-0.07925588706494734,0.05041285998509688,0
0.5054647274948498,0.11799052710534418,-0.06789735536497717,0
-0.4199990920804846,0.09528535890382057,-0.04035617519018106,0
-0.3548818059792802,-0.010065123569140941,-0.07302095853184587,0
0.9335760869940544,-0.07794975787826514,0.09313182489869976,0
0.5085278131612475,0.017810311537691095,-0.10499078526075097,0
-0.35599813494894117,-0.034921398375251635,-0.006620287538833038,0
0.14873285094065444,-0.044849485336402733,0.06252241583505773,0
-0.19083280975711825,0.04175617021606077,0.040251461743214936,0
-0.2742889992412287,-0.11688749536819641,0.05575153803999129,0
-0.1082541654373669,0.029880503356777745,-0.1052548044778438,0
0.08918389044618717,0.019870842060496354,0.044318716272822405,0
-0.11824383412244784,-0.020798218466682353,0.1284457511679354,0
0.13888928294061517,0.032561841130931135,-0.06200617455728672,0
0.1676892847678569,-0.10135212010534043,0.061778830925908496,0
0.6001459802275138,0.06976347224299931,0.09242762614359265,0
0.033610567643384104,0.1477794427144809,-0.07476539293818833,0
0.6370413272553141,-0.043265212958765634,0.08521245110086238,0
0.2351760948000756,0.06473230405917843,0.12477717607584833,0
-0.1564848206188858,0.026733902427624807,-0.044722853048713526,0
-0.10890298393832365,-0.035674261657320204,0.18392112918726,0
-0.27065966480951803,-0.0700643162901871,0.014509055209147251,0
0.16406533779553262,-0.035565148579744826,-0.055957009287006615,0
-0.19743134203753998,0.16144299230441692,-0.036638158418497116,0
-0.6237491900749188,-0.10682939833067676,0.14247548326465695,0
-0.25649893152380615,0.04120757374703324,-0.007108298608850459,0
0.10405285651428675,-0.02385265596850946,-0.0552406417236897,0
-0.04796685144614396,-0.020625136641926126,-0.001205238693237764,0
0.20801316352259508,0.02774198380726041,-0.0822425442714147,0
0.005302937687745979,-0.10391230473064746,-0.10933663522803741,0
-0.5796989554018238,0.04207295520821539,0.1131432960913547,0
0.5143240875769782,-0.1897816663839322,-0.0503111473610994,0
0.09416692598261583,0.16694255566947858,0.14184389865878846,0
-0.48395942290648536,-0.10311662676015249,0.06646381331228476,0
-4.227159871616722,0.1037174513960809,-0.08555886813935332,1
0.2860223447030942,0.12025861654292164,-0.04093057335254109,0
-0.13366528977284572,0.31091446433198505,-0.1701044537802946,0
-0.21873988089883173,-0.07153133785294594,-0.1420975767840403,0
-0.043095107951763384,0.009957418337583308,-0.03090032462018455,0
0.6842795974061517,-0.17451499189968694,0.014909384528845335,0
0.6101261150782653,0.14994788512979343,0.09729176570993653,0
0.2244268537469666,0.027735495918209747,0.09560189982205167,0
-0.29913155173130357,-0.05566915495267059,-0.10491746859324169,0
-0.4621104260088948,0.006499597782357022,0.10230901054637238,0
-0.34944481395932314,-0.15462659591387246,0.01569842546835412,0
-0.21248876510776654,0.017614128976455697,-0.07753030312737107,0
0.45525614466007824,0.043928456408912284,-0.025027592235813828,0
0.09687274727386387,-0.011621224441298693,-0.10472208717681218,0
0.12133677749178051,-0.14080141851132916,-0.11010469993554742,0
0.07031205166786095,0.10759909244748385,0.03269017914936353,0
0.1646489657407212,-0.016580395810748917,0.015038722095281221,0
-0.5015942395624025,0.14322839473190385,-0.04753355320379814,0
-0.017637947829534973,0.011139115221395511,0.12405892094674745,0
-0.36101838508282347,0.02160760687385595,-0.08613773358985599,0
-0.32458345292339374,-0.00856934377051982,-0.029450632628425816,0
-0.380887424880329,-0.04970829977225408,-0.014734665835006842,0
0.03147501960884532,0.049222914826078316,-0.0468325177371187,0
-0.8061991878397852,-0.03249117083056482,0.006759289749546623,0
-0.45366116164933257,-0.1156263072414928,0.08408694914738526,0
0.3822530485906177,0.12140149351674952,-0.07907451955981382,0
0.45070491670333646,0.00358032770677615,-0.18130396886740974,0
0.007109210122307651,0.009852609347118835,-0.28088754364905205,0
0.3181676655835608,-0.04740211720089805,-0.05919845914500354,0
-0.590651700622257,0.08359157463656927,-0.03595291998047697,0
0.5846160919845066,0.07328525688216493,0.06390451058968818,0
-0.1394218721982984,0.09628217709862663,0.022002562426424913,0
0.169873241600408,-0.004320679734733845,-0.010579960581663574,0
-0.14819677157077368,0.03678739524560087,-0.054506475809337956,0
-0.48210653569988504,-0.25399869192368796,0.02735816607053619,0
0.014892676381496224,0.06578735835935177,0.16079671352150282,0
0.4024567108307408,-0.02987893296563035,0.03093782096297112,0
-0.35467244516633295,-0.06011229144201257,0.09809547869763689,0
0.5832839797796936,0.04940794448780214,0.16240475805203103,0
-0.6568991568194427,-0.21694963631342717,-0.07445838457722351,0
-0.05251745439870834,0.04292070887397253,0.10519614823543122,0
-0.5122390018525936,-0.0388736273108706,-0.03897392829782718,0
0.490006429767345,0.05375464138648244,0.09876036947474359,0
0.19132757109730095,0.0019560403923320193,0.06653336374229395,0
0.1597057911812786,-0.03104194974472156,-0.023177769174846805,0
-0.15993170207976015,-0.07830245966105116,-0.0461587567759321,0
0.26576337052672455,-0.03842963089930749,-0.1058826873102158,0
0.311796326021078,-0.24026328228227808,0.09181451012161332,0
0.4016479322182387,-0.14020305818024797,0.18322161544179472,0
0.3835252427840431,0.0022639844372708317,-0.1456113382291558,0
-0.5201780462371207,-3.9472633010276867,0.01588467874178841,1
-0.3035942658466281,0.027571335185732623,-0.01461435845526388,0
-0.6771090376494858,0.015687087446740734,0.006293365104288806,0
0.272631427851655,0.0759329631985847,-0.023509195057357116,0
-0.307238157351948,0.16606568930087498,0.048490187327449794,0
0.156943003665047,0.24941785108533915,0.09555216238268105,0
0.05321699361875139,0.18257469807196652,-0.0670275170060484,0
0.29242605210393297,0.06941693133898705,-0.17091430752764775,0
0.6703856014908254,-0.01086786475840919,-0.04960324096140058,0
0.3843035206482438,0.07567568345687556,0.05624563312987801,0
0.39057675350752197,-0.12083777428363747,-0.07245995584132424,0
-0.12448588769603963,0.18202152438182945,-0.24729101872987194,0
0.1647091163107626,-0.033942765948894255,0.18455950192418813,0
-0.16056629836021352,-0.018319490047268693,-0.11964209874966672,0
0.43015532739922335,-0.033519652924877436,0.0465182236738871,0
-0.14233473497491186,-0.005651519502411608,-0.050109047022478106,0
0.1099749250812365,-0.005041215536455203,-0.07325238293901608,0
0.29409861902754136,0.07822741971131855,-0.04666397046630986,0
0.07680916530902826,-0.28182236082181683,0.0882879413151032,0
0.5825633268410251,-0.15356336979767346,-0.09202632236557748,0
0.1544234610405003,0.04343600827165668,0.13973421013588705,0
-0.007398358344116789,0.0019027314106948934,-0.15426531293327606,0
-0.09135215143841224,-0.03356577512849195,-0.06840119382380541,0
0.27129456417071157,-0.05046310130921801,0.013703657652303934,0
-0.476281465313324,-0.11055471777106887,0.04564487695847516,0
0.08800923424955676,-0.04710526531082135,-0.004172843876748271,0
-0.3308911831173169,0.265400491233905,0.08779251334137389,0
-0.3185190477376225,0.19586335165972862,-0.023823465728564766,0
0.8309829994335154,-0.06334138466600062,-0.06398087704322279,0
-0.013299670687228782,0.03969100320754863,-0.24990399673711605,0
0.18074236632455787,0.08385168661388752,-0.05506326568411238,0
0.17206171687166094,-0.13002012759640605,0.05422431242338839,0
-0.45402191960843735,0.08841963263767454,-0.045630937602776464,0
0.01947367412854511,0.23160542555964925,-0.10407907559474404,0
0.2727783876486051,0.0598622157472444,0.0977596586338011,0
-0.1480407486646978,-0.03386810070811305,0.014327536817143334,0
0.13933408135074632,-0.01237676591778334,-0.05943622974720521,0
-0.3028699138757728,0.13849849554978272,-0.1146686909513201,0
0.41839442405481275,0.055526517211975795,-0.09691600110717609,0
0.25046950521483186,-0.04624452119546602,-0.069790258674672,0
0.10924872352560677,0.013576607770814327,0.09827130638052219,0
0.6562145007123497,0.024742327442211387,-0.2103779522244117,0
0.5081909198857745,0.09841540184099634,-0.029938242547225796,0
0.5233193096133186,0.14246147979540305,0.008802476496006883,0
-0.5734973125340862,-0.07842863688214209,-0.040158365088885144,0
-0.12264771325555734,0.1504473382693657,0.01367892226346236,0
0.4470184578406839,0.20425242554661982,0.13157096408600819,0
3.2256530636575524,0.10967481630171945,0.07092100051950881,1
-0.08958068019116504,0.17636322476848051,-0.10547374003567506,0
0.2722841574699264,0.003543735148786387,-0.0017413964715633152,0
0.22362446020151322,-0.11147577089054084,-0.031653102639227375,0
0.07945181811283074,-0.009189392359627603,-0.10927719304181956,0
-0.18393002950726509,0.061734793619829455,-0.05519970731277151,0
0.23437511479280865,0.06647902510844875,0.029808415163070624,0
0.01174743343193578,0.2082873648899628,-0.1071032735129448,0
0.3387569891214116,0.015260949042112388,0.009176448027109018,0
0.7137539563382611,0.1669587971234032,-0.14656351059806016,0
0.1644295256121252,-0.20952013444114637,0.048959116111539275,0
0.11167347472939498,0.19906465043981122,-0.013800633209695289,0
-0.14376739505043434,-0.022102532703295284,0.12571434597605965,0
0.31145048171453377,-0.03352577930604902,0.15194279091599264,0
-0.21501598824934753,-0.05585761211080864,0.1317049430776198,0
0.28651246613126785,0.1489125330045779,0.12339637955466527,0
0.34452739192441484,0.08296947841334393,-0.1479631706119463,0
0.0011323015524334814,-0.07377553727606306,-0.06714192373051352,0
0.06646966713051931,-0.007763226740912951,0.08869718065193484,0
-0.47453417901572864,-0.0005101584286273859,-0.034120481050344174,0
0.3893281963364948,-0.011289517676736966,-0.028208585459491627,0
0.5832827090256453,-0.0641699978488866,-0.061814448609075714,0
-0.06840918365525502,-0.12702623203456437,0.04686395510378463,0
0.03968454956583731,-0.03552912167246668,0.002242617220201642,0
0.05741044767514471,0.1973373433882426,-0.02415738942429318,0
-0.4843343227904131,0.02736572257391893,0.06330050039132128,0
0.8024238851670845,0.1788102193313259,-0.11679777665282443,0
-0.06010695890236467,-0.03777808117318026,-0.12262189478996394,0
0.572031218816606,0.008866956002020676,-0.04236511930189673,0
-0.5600101223539151,-0.050414670387733465,0.07562668225799533,0
3.682818370647949,-0.1580040883929878,0.00644354311366374,1
0.17609527463933017,0.07911538019618036,-0.07159606315954677,0
0.5887132830368588,-0.06818637702220308,-0.09525370619311684,0
0.10114009631034278,0.13443424416495328,0.11188056089904044,0
-0.1584721093235594,-0.14093280057999433,0.168471087908823,0
0.3659781494933684,-0.0465492012715771,0.00031519796914232653,0
0.1742214266895553,-0.012599969552773295,-0.02380910807896196,0
-0.18810291766963458,-0.052487299517743,0.0021074887866510783,0
0.03403265747608606,-0.0252990981265917,-0.07139237895441652,0
0.2746405717556021,-0.0258222742702822,0.04519420577380064,0
-0.47015654815101204,0.046287537252931964,0.1064111998841403,0
0.4556196242278461,-0.05865778473621258,-0.06694307503307387,0
0.6725283968149278,0.031818238872306524,-0.007722886495994476,0
0.11803528185697165,-0.17762400030013692,-0.02178412753129076,0
-0.16040839034028706,0.013590224073181,0.10077669628540496,0
-0.2517305524660295,-0.0241165601808056,0.025177254266261558,0
-0.2834655482499727,0.037899541876282375,0.0799221940133099,0
0.3988995044977907,-4.019569936452477,0.009559306420872323,1
0.35236693848619527,0.21163114259813628,-0.06327948614069027,0
0.19349014154839161,-0.09851479610858065,-0.281919660982256,0
-0.8283674918000845,-0.16766020069554777,-0.03650668615638399,0
0.23656005253170154,0.04298676853667957,0.03837311129505574,0
-1.075581174616544,0.060372258109028944,-0.02377564009355316,0
-0.35578200991534337,0.0030808147820114585,0.062297451557449396,0
0.651430374931436,0.06268571706799063,0.13556750584830354,0
0.3144355202925306,-0.1855290357422923,-0.05233388598192723,0
-0.20226867168668528,0.031247228241962483,-0.003917338395335155,0
0.37340021803339285,-0.08414120846325107,0.09390763516557686,0
0.42871888400675406,-0.18000717195407145,0.12782976620230918,0
0.045481250390369266,-0.05621878703291974,-0.10043401335783497,0
-0.7811310125377566,-0.039814674087153085,-0.0013620693646377857,0
-0.5713254349708197,-0.06736395197768366,0.010184328270186213,0
0.2806564211406905,-0.1350344075324018,-0.03260418313956114,0
0.646308501593762,-0.15928796406539872,0.06880576862056241,0
0.38860204016060457,0.12157907045969044,-0.15051510466948306,0
-0.20003290192906184,0.024429912099202564,0.15553921901084977,0
0.6211884790508484,-0.04463989963699451,-0.03180908818005478,0
-0.19514551214367118,0.025404078353758908,-0.1617851661661418,0
0.06184277291649303,-0.1481530217871306,0.06734341690960154,0
-0.37476570227192796,0.11786990097542788,-0.03171998734502703,0
0.7337378631716138,-0.06917259165349074,-0.17067431998165894,0
0.12274448204791576,0.08032100967890278,0.16823102366571105,0
-0.29021474788005847,-0.037730895875236495,0.12239133430502072,0
0.2214213535097038,0.15067129488769115,0.10388291057027782,0
0.32215438432944454,0.052745651546313034,0.13572070764515576,0
-0.340611788098399,-0.15270119133970447,0.0278475194100197,0
-0.9823729084159375,-0.08997086656974633,-0.0060896908334175815,0
-0.4260637765386804,-0.07758672809155452,0.015043354637230812,0
0.21595523243823395,-0.035195624249302906,-0.05902076869801796,0
0.727453137539821,0.09724089411919867,0.1463702694981327,0
0.632700896625838,0.11700683192265682,-0.006117120525611627,0
-0.2580644576750982,-0.15049963278719927,0.05586684657195731,0
0.27085018407892736,-0.07047983150848688,0.06069569547561835,0
-0.39796886129848424,0.0396227740526548,0.0376925125493026,0
-0.0015023354848517395,0.08792007198326354,-0.0396976689893975,0
0.15312926029258703,0.02771841953565067,0.000584058441374582,0
1.2651610309372414,-0.04787226364728322,-0.0019708652812171095,0
0.4097738965800803,-0.1254481556657226,0.12258111344915633,0
-0.30780763167932684,-0.0032732552023077436,-0.18221091204763448,0
0.024223641962274254,0.11907410730519491,0.03338470215964302,0
0.00012281267020028595,0.03971807445727078,-0.07473076444029803,0
-0.1298971503520203,-0.22523201279180305,-0.004037739933774673,0
0.06922997978765913,-0.02985771981944826,-0.04779159611316545,0
0.5139971993499755,0.13489504432757912,0.002861222936303392,0
-0.2465761857111212,-0.04284788088706372,0.00852764294685158,0
-0.021575848546019273,0.10473587534400755,0.00019118873038885347,0
1.0386857626077612,-0.09196911906552302,0.074787071309154,0
-0.3030378401603044,0.037482497447747135,0.21063807150563602,0
-0.9642276963774477,0.20235878874052676,-0.04114692964248934,0
-0.04898743653227458,-0.07064330543761091,0.15634525795569523,0
-0.23940887167445296,0.0721509323093684,-0.03986794103444168,0
0.06782807720900956,-0.1571167235197819,0.10715912761621599,0
0.4515585937008384,0.014975437087412162,-0.12378287002264712,0
0.12838758388612448,-0.04240418827028693,-0.014976773212940865,0
0.5405340727534832,0.11178790519358575,0.10050319711961625,0
0.5071222995740727,0.09637919231645331,-0.028972758983655755,0
-0.4934882978271719,0.06284770393494869,0.05410121992871095,0
0.013385591695747844,0.024405449770251372,0.042186521430956206,0
1.0641816146172336,0.021326245440707894,-0.01728691456269196,0
-0.46893427521113495,-0.15926640579462892,0.05766808388419599,0
-0.047662356547058554,-0.0084660255267559,0.03652500275709344,0
0.17785585982608965,-0.04214323331549852,0.002376695799033685,0
-0.35575935928715413,-0.027815473882372734,0.10117193426672542,0
-0.4698536653937212,0.10825331430696156,0.011754718657846878,0
-0.7312794389241114,-0.010235419989452252,-0.019677965569180417,0
-0.253512797559675,0.18905606772786054,-0.1803452830822403,0
-0.7512518506854651,-0.05604536095609958,-0.1147585176697553,0
0.18212694479012487,-0.03893128694917303,0.050963348169826464,0
0.43514730243380484,-0.07294145621635582,-0.036657376173563065,0
-0.3591370088561698,-0.09275788989678213,-0.017314983035574102,0
0.1623998023927326,-0.025303934222738474,-0.06698143640941942,0
-0.4849668995365571,0.09940455288505973,-0.147498560334582,0
-0.07844016365899803,0.0101592541498784,-0.20161957598156155,0
0.4045881031315351,0.12785243116709952,-0.021319984583533153,0
-0.12180153277601752,-0.1355747810496408,-0.00766672275227237,0
-0.5553821505640056,-0.008478715087749179,0.10568479926303705,0
0.5369233945791205,-0.0046739822448584175,-0.1511081148086434,0
-0.5034346483223261,-0.0673328100738986,-0.09038217777651382,0
0.05230080055935563,-0.11242557010854232,-0.013097569210989368,0
-0.17953691707487396,0.04383523978463733,0.11847968925645065,0
-0.6120026220978293,-0.010986644497421552,-0.04369011530191433,0
0.018723325895309516,-0.0016057100175556134,-0.18144243458722284,0
-0.5568470885827662,0.007562933885921275,-0.03169275393577839,0
0.6103706366051536,0.03596969601055127,0.05584340323155528,0
0.39680863158382634,-0.15483776131749907,0.04666268851484301,0
-0.7292415789906429,-0.014161777911485682,-0.0038518740930107015,0
0.15118160815137915,-0.008872894150787883,0.061952852357927815,0
0.11900945533948759,0.039879262137699045,-0.09994444418773839,0
-0.6703414576151919,0.01177781018754912,0.10268819424505522,0
0.08807162536646412,0.06343540545552186,0.005974493961425564,0
-0.4496459517521621,0.054644099952498776,-0.1933225636119742,0
-0.14613176385674465,-0.023121666822650985,-0.12229027367181976,0
0.19690637659285876,-0.045944431676488144,0.02161136211520694,0
-0.5368172413690475,0.03852233174144123,-0.19615717806847588,0
0.7660248793032717,0.059814161632328146,-0.1274428388349091,0
0.3861606015621468,-0.042896532973331805,-0.14667504471484882,0
-0.07312432235075532,0.10398020664453272,-0.04059247200760443,0
0.4019597234014735,0.09212118487675715,0.04030323846180621,0
0.3900396649812041,0.04777671626442502,-0.22338914643040872,0
-0.3136084421485102,0.04421172051332228,-0.1029544874755402,0
0.23938902958772396,-0.08057972546007826,0.13534500364941335,0
-0.4655571682679933,0.08317996364452807,0.2106550591366701,0
-0.010629935060604752,0.04207386469189539,-0.013372595294771665,0
-0.1237051080566048,0.13348554034609947,-0.02910215752093321,0
-0.3772742117323872,0.009697875855136524,-0.11246665062812995,0
0.18619814121688477,-0.07276661372544295,0.04772191971531023,0
0.5041237738905191,0.033765849333428334,-0.011179334180484642,0
-0.09743768424583155,-0.057099106875183284,-0.14929759210446406,0
0.05836940505146693,-0.016600215921486576,0.14207476522588164,0
0.2606258884029596,0.16495564562621873,-0.1041442256198188,0
-0.2911393548698932,0.16681550749394353,0.013721411182942529,0
-0.7822604590736608,0.12419092469727983,-0.005568810398021361,0
0.05489041772025747,-0.06165143472896776,-0.13463906252200308,0
0.1569403880606584,0.07625153474475654,-0.11058950112724991,0
0.5244403856964975,0.05123596483316933,0.030395469834674418,0
-0.48317023131620795,0.13641504491465745,-0.15093662422533596,0
0.19346502809975197,-0.17812375135189165,-0.004104385811129831,0
-0.10272744036213484,0.03318366842251275,-0.04251947230869646,0
-0.010728241932607605,-0.12747271161248153,-0.06272515592147657,0
0.32384266558946684,-0.03927634406837145,0.24929109676946162,0
0.1674425273903597,-0.03568041089715287,0.042784827901615946,0
-0.1816969152929404,0.03043322507634056,-0.08605422849747117,0
0.11057306540157792,5.0571950435645e-05,0.06682346937562969,0
0.013583705216589276,0.060611271623639565,-0.0929872303036929,0
-0.7771560243855302,-0.04404165834849736,-0.020621955760642866,0
0.09409131869361688,-0.03701706898497138,0.0031212855846973996,0
-0.10493244877149147,-0.03897799609363719,0.03422218973300414,0
-0.039502641791041265,0.07801410532202072,-0.05267433612923328,0
0.18980857137596688,0.00915908987037676,0.09144076396289118,0
0.207582795777972,0.02341394496802709,0.1193357592230455,0
-0.3792487814103977,0.0025374683384343497,-0.13484539296325235,0
0.20931821969283312,-0.10618252687940036,-0.1297449549366052,0
-0.1635208510857873,-0.09577075921649783,-0.006581897026276748,0
-0.378829710861423,0.1677400010220283,0.05712109939239804,0
0.0785869254028639,-0.10584317189565665,-0.0926725010051968,0
-0.045931594372887935,-0.09661655093640882,-0.021390096342620974,0
0.35519328310546344,-0.0771321163420741,-0.15332406436212268,0
0.1810537302921872,0.18254347063370993,-0.08802499055734188,0
0.1381370810168271,0.08203285685056308,0.0052256733210945434,0
0.24054734863323463,-0.14370585311661194,-0.01888817225966835,0
0.006024677073990986,-0.10969190358362349,-0.0665098808866671,0
-0.6607104613328294,-0.11251281340804645,0.06856335185772403,0
0.19640396128928161,0.04887837191818662,-0.03155937470514681,0
-0.15264231393193323,-0.04781319444981205,0.1548007685616521,0
-0.2383145093104916,-0.12067524897232201,0.09268227319817082,0
-0.15052491814790617,-0.08062289745230007,-0.040154379801463275,0
0.7025820771874544,0.046410839514491174,0.06753618372773311,0
0.8949313840646651,0.030041063738976328,0.09587838026774353,0
0.03842455547167217,-0.11979040921586051,0.07041593968462427,0
0.55049611114506,0.0321995686771226,-0.041274652853960536,0
-0.42329018499855303,-0.11581423681698061,0.03053207093803206,0
-0.2523351843207626,0.10581846222018032,-0.03108911474520353,0
-0.6487017175113744,-0.09659790394903107,-0.07013745468762146,0
-1.2660229009085324,0.10589034401772204,-0.12951347325165466,0
-0.11921357733142846,0.003527798538847219,0.055857919943124494,0
-0.1669424573064648,-0.1256660714441181,0.0878616956678913,0
0.2928698615649847,0.05579713361984228,-0.011347963058299205,0
-0.04525335076869768,0.19670698751648796,-0.030929216349656893,0
-0.06465592157550537,0.12015419014423988,-0.024272156491690355,0
0.27011065671883294,-0.1043152423587484,0.040499258753337625,0
-0.267061652025182,-0.016082760100738846,-0.14291956947147896,0
0.32424919206863134,-0.014223792015237309,0.005751633697126836,0
0.480584058872115,-0.21302289476499012,0.0414761169199196,0
-0.17634863439118426,-0.0397663505750275,-0.13134046759053739,0
0.15880157509005893,0.03209082079242991,0.06236270298658153,0
-0.08102039822050065,0.06678864869750524,-0.06802818595537047,0
-0.6252522093103536,0.031002603237465218,-0.17438417397537173,0
-0.8172957516526449,0.044319663340969165,-0.07800570402723327,0
-0.2836316407906158,-0.05543293862811086,-0.1908531143180536,0
-0.016106187309991582,0.01667184385379416,-0.06277326195870009,0
0.05913709354653808,0.11062129134112436,0.040998867395697226,0
-0.9302793737687486,0.09366612888878789,-0.1314172192561113,0
0.010163979790316581,0.18080889799462802,-0.21583006589480047,0
0.19063533017324988,0.04692043346975875,-0.09301556891224921,0
-0.8276670954651396,-0.07077827728926257,-0.049724889993023984,0
0.4223468829736028,0.0319895479494303,0.02704581703843427,0
0.7329937986598453,-0.06008037984405155,0.05454158589588548,0
-0.0014916679392339757,-0.005764015173326673,-0.09235542459070388,0
-0.05484092863421045,-0.05946876682261429,-0.08258685050894479,0
-0.16746587722792297,0.07971396060426378,-0.14969626049719656,0
-0.13916170766724534,-0.09347012486525141,-0.18312668435774526,0
0.2867382349787295,0.06023744779532127,-0.05998673683065239,0
0.555192398877055,-0.043209085975279615,0.03877694919748431,0
-0.38388724794629475,0.08334838811806575,0.03889400744029927,0
-0.3653152841029703,0.08751879797983299,-0.013149280684386278,0
-0.22298219316916393,-0.022759581740817755,0.03149261154829781,0
0.04929406523435519,-0.0888496327031128,-0.049709873087946346,0
-0.03446026387510939,-0.07238878471752314,-0.059625057252690385,0
-0.02499854449113263,0.06162970531704825,-0.04268491687222453,0
0.272427495519112,0.19539412411135285,-0.1568390954111342,0
-0.23571124476007432,-3.981554802004839,0.21672739360559468,1
-0.42671535484650475,0.008854428202834245,-0.11236188250491473,0
-0.04511306489440935,-0.21861090302911995,0.18503362114290434,0
-0.0244220295202129,0.010912790192909135,-0.02498219854101266,0
0.26838215855503084,0.12110480884986484,-0.11507425145576816,0
0.038894189259686296,0.03249715796685317,0.10202618298566513,0
-0.25615946208170914,0.008195715958703961,0.09110073684866841,0
-0.6131845105625854,-0.1269368960591941,-0.09245787169937833,0
0.28122979163799977,0.011713805611185383,0.023347926182059713,0
-0.18467581628528726,0.05930681547568443,0.13182818520647618,0
0.13168533746960398,0.0348904018598227,-0.04542270535127904,0
-0.19469445048884004,0.1361062591689995,0.25213613651919353,0
-0.5984590341815922,-0.04275013381207371,0.003211313213838958,0
-0.3881162272754511,0.009263986632038259,-0.03978432227818111,0
0.07137992774512952,0.09927109411222199,0.03773424999987499,0
0.1404300250997745,-0.012868387322954505,0.13299760802280666,0
0.15595757437437324,-0.004406445923789997,0.11095206323873363,0
-0.15931079275786764,0.10944104968715884,-0.0022790486258081983,0
0.41489826527042406,0.1580531125913133,0.05983301673125283,0
-0.37609629436501807,0.027984269748786927,-0.047698658852953546,0
-0.3216215490435287,-0.01655635768869786,-0.004334322559453,0
0.6262945157681363,-0.005565378058040151,-0.017782022902368782,0
-0.015069829151276012,-0.026857997453580414,0.04201905508374866,0
0.8701206838943826,0.05136153410047067,0.06407658616960728,0
0.047565299379938225,-0.17333900710654812,-0.0010337874203373862,0
-0.16838370221964913,-0.07371551378517874,-0.0610111441958769,0
0.24291603252830152,-0.08424221526993401,0.1201549207065992,0
-0.076538990811779,-0.1793869137391664,-0.14931362045024252,0
0.3126632520275277,-0.07725893919873543,0.13846002556905868,0
-0.10462042222070683,0.11136546975224096,-0.21023655986632003,0
0.1374373456327784,-0.09818114074651836,-0.11439853832058318,0
0.41003294305678084,0.060663132002431154,-0.0304633608795732,0
-0.08854604807881211,0.020468234492104834,0.022670890524479723,0
-0.5086633342155938,-0.09520006337063909,-0.07990129382191162,0
0.0975562752062447,0.0711496896178082,-0.05341309637333324,0
0.6771500686008168,-0.06838961772242634,-0.14912840350572107,0
-0.22279727534594587,0.1551171626521159,-0.010514627288084588,0
0.13009678102117453,-0.00031037802006211884,-0.022588582520414267,0
-0.13826951501067766,-0.02720054487888154,0.1582357709875336,0
0.1534547284169706,0.008488936402571107,-0.07210372624112231,0
0.015118402047224653,-0.019515244977549275,-0.010886998550867728,0
-0.5361639445650195,-0.04643114763630121,0.2196377559743167,0
-0.39803301775622085,0.15818811970563407,0.019699632263751078,0
-0.1809735029695294,0.022741224181392364,0.10925449848983532,0
-0.08929516502092462,0.07903386373897973,0.14066899081811587,0
0.16298361107352913,-0.0811060265606585,-0.19081910304978686,0
-0.002400138885891831,-0.1103770641098129,-0.10703514735210229,0
0.18016539189844188,0.005535529666727137,-0.19771776314628972,0
0.6836808236520747,0.015058894677384208,-0.00794353356167665,0
0.40873310316451983,-0.1738531904343386,0.07589184775106295,0
0.3467270537570851,0.07634678317951338,0.12034768722242073,0
0.25254751283946003,4.095807623928767,-0.04971756512397671,1
0.13287324077536106,-0.08270423510899298,-0.09310374518633513,0
0.014713125325339485,-0.10005388939949254,0.1429525780399971,0
0.5876662546466344,0.14638792985525945,0.14242092204460757,0
-0.03905728659708113,0.10279615491715098,-0.13917870683790975,0
-0.4980492621872141,-0.03617194910206193,0.10790042629211737,0
0.09643986490616899,-0.05828757827294365,0.034210365671496386,0
-0.6300281450620328,-0.0517039681839807,-0.13493864559984736,0
0.0027907469394100365,0.0075921370791680355,0.014397736466006375,0
0.9331129293792464,0.014199847500529494,-0.039575222760768976,0
0.06372512707845272,0.017652236198991863,0.18616718156431072,0
-0.23161455061433875,0.014154561546008618,0.050911450839287956,0
0.4222282439137544,-0.14942238008402384,0.05581485575371863,0
-0.07200217086441511,-0.04557847800825629,0.07933042177662515,0
-0.6205244294137965,0.07867975695516777,0.16710814394308726,0
0.05372622455965305,0.03682682142427976,0.10646115777765555,0
0.5242322236168571,0.019784729397635266,0.15775552301255796,0
0.004085297103871529,0.06278251344903764,-0.0361571805889254,0
0.3988134631316636,-0.08303817032913731,0.12867688975012156,0
-0.2564848704453194,-0.07067081201012608,-0.19271511414796139,0
0.054127114713991446,-0.005916168946636502,-0.02716246387286979,0
-0.6389428671314348,0.14340919541791472,-0.047668835453262046,0
0.1491470546366451,-0.13242494377315392,0.04478588714041753,0
0.6442884700888127,-0.03261876776417505,-0.05101207037474359,0
-0.5326177586100841,-0.02771412140985792,-0.0034270126538664264,0
0.29324218168890454,0.12725371570152247,-0.042902537212789194,0
0.08661260407538929,0.1636393138008771,0.0920459326376453,0
-0.16331694633956687,0.12393234108313989,-0.01276281533431804,0
0.7445524122146807,-0.14918707966794673,0.05690837370119983,0
-0.421268307230272,0.05648512446674882,-0.05330623281892556,0
-0.38495309390138843,0.06334904195051312,0.01728115960034465,0
-0.2681442094168579,-0.030145961006225276,0.16341022436606906,0
-0.2500990755210827,0.12308535106339676,0.00956852811708747,0
-0.3383948771416043,-0.016836143977997497,-0.027520177504340323,0
0.3889170829930459,-0.25462852840282285,0.06407291008889825,0
-0.1176944063899986,0.040378289930877415,0.08499838273612284,0
0.14875594102422826,-0.042705687673563364,0.09279593571219019,0
0.723095402081952,-0.037039714555898266,0.050064615907051496,0
-0.2664624275996889,0.13343917474658862,0.015000610847746582,0
0.2134311660419441,-0.03629003980839398,-0.056017818313492763,0
-0.149825012819291,0.031892189683657285,0.058368922822189785,0
-0.12571495405327446,-0.20824243426470923,0.08878669750351073,0
0.7082936051656759,0.012740743637147814,-0.08461865487897939,0
-0.5411980633570684,0.03771361211404833,-0.06550051412683164,0
0.17678372664012015,-0.08081641346958479,0.1300389204661708,0
-0.2961378386838429,-0.07373721582258155,0.0355357364315266,0
0.4935045273913183,-0.031284075739901974,-0.10773829647789755,0
0.23878606081227935,-0.018799061530141756,-0.00524312642730059,0
-0.014731149752064741,0.0648961900122733,-0.1710806942038403,0
-0.2067106884820928,-0.19168398065961822,-0.10005205556056862,0
-0.5126239672678555,-0.08781083084568553,-0.07585630033277208,0
0.09090194772565971,-0.002410202333575834,0.011754259704341588,0
-0.19226908770487763,0.17355855155465283,0.16216344438090932,0
0.22305917499357208,-0.028148026299014098,-0.01133770950259471,0
0.5198836535457504,-0.0407487009593777,-0.05917737961862784,0
-0.21414517565017865,-0.0002532718258711577,0.023176584315152238,0
0.46418772308359585,-0.020556123839215897,-0.030615560210006006,0
0.2885721272249854,-0.06117651288458721,0.026421744101238844,0
0.8786021561395446,0.055864096599782746,-0.08624485933420768,0
-0.21313479840274124,-0.03787354067468193,0.0867523435487848,0
-0.35712411341712946,-0.032138443397880224,-0.14143406655714333,0
0.0877429148146066,-0.041035475634511896,-0.11097692993756857,0
0.07179987224781967,0.13739399070006017,-0.002722168936532469,0
-0.4998012175136144,0.02842726475061219,0.1199947916440147,0
0.4430563593116736,0.1093435329322353,-0.11318797532743481,0
0.02381309557613263,-0.14454257586315408,-0.09385423129339876,0
-0.12548532549138575,-0.037681123687308526,0.04536901073763435,0
0.7068883388404062,-0.06258044434456803,-0.012719024874244277,0
0.8711495644160753,-0.13971853302633874,-0.05596436028009913,0
-0.2978275195574423,-0.08738560048072605,0.2717268966245367,0
-0.29302377651398753,-0.06848302163892372,0.14828151495139477,0
0.6631275132899102,0.08402732971108895,-0.036588636502645044,0
-0.2885704772811376,-0.015667085983589516,-0.0221352422730991,0
0.7296730774979507,-0.03407970640876813,-0.11676908760572702,0
-0.28152244943641824,-0.015714332494894744,0.07659835646451846,0
-0.526608239986757,0.07894336519932248,-0.05733813517998529,0
0.3330354812831628,0.12949159417917477,-0.027121130207161837,0
-0.5264886864585585,-0.048329497137065865,-0.10080322136130454,0
-0.08981324745497293,0.11831332482540624,0.1665877166493364,0
0.3682461129370569,0.06520172880521162,-0.08115423394787391,0
0.0171661327549994,0.12582630099701086,0.1482116021647433,0
0.04123259102615145,-0.03431147253662175,0.09915742338222355,0
0.16058365939635408,-0.13328314922894022,-0.1115956226943444,0
-0.946478689257708,-0.2196401558384008,-0.03776581215212249,0
0.13744328973921663,-0.020741866595678816,0.10508847154789383,0
-0.22413986664349672,0.07854106129199812,0.09155966873413074,0
0.6079771435737916,0.12719048873202315,0.061345844351866796,0
-0.7055978313941297,0.0834736444875256,0.020975221951244502,0
0.7690530112540692,0.025691232032095473,-0.17841556526210364,0
0.6221215204269135,0.1563590950692502,-0.0762253700181057,0
0.06163122276197718,0.029480485366487626,0.17744752518125373,0
0.05153160046276335,-0.02421327340162378,0.1988855894533679,0
0.2108450052728469,-0.10286370321564671,-0.0833824958716823,0
-0.3736655398665683,0.06807616332998148,-0.059122892590053,0
-0.2144822938931924,3.8086861190974397,-0.026545919470500785,1
0.49991993876194807,-0.32258528462234337,0.055803791595939845,0
0.30358299303955505,-0.18717328014189336,0.05430087821418972,0
0.358694515022295,-0.15223957505730384,-0.03113045528301366,0
0.14785600304710894,0.1024815305657989,0.0676903129286102,0
-0.47039086658756357,0.05218163383373057,0.05940928410421157,0
0.6607636884472874,0.004503704555103638,0.052448252441480395,0
-0.1024074499142854,0.15851311404423604,-0.011532533749438282,0
0.40692702284196874,0.05257273120468307,-0.12755128165514734,0
-0.20559854492755086,-0.026635358746826515,-0.13330382215299222,0
0.15364525075253405,0.137868364566817,0.041361013728279494,0
0.15897688744572847,-0.0024363641555228952,0.07667729973356867,0
0.15041176492097744,-0.1424943574471875,0.02671624405209291,0
-0.3871887820762274,-0.13095800793661747,0.09415842069871594,0
0.026937925800239338,-0.09786000602346989,0.1561538921174498,0
0.5242693540897478,-0.012967522171754845,-0.01067587038384601,0
-0.5929529330936305,-0.03738349000304827,0.08079927231734121,0
0.27975810328626577,-0.12453098317383225,-0.14598529684007486,0
0.38841660182614723,0.013464628982093855,0.0741741831872012,0
0.10150156537758824,-0.022268268518141735,-0.015150623345016108,0
0.10455448121331934,0.05547641433592987,-0.02670425738767292,0
0.5623838620203444,-0.0861007517323168,0.15856591920695098,0
-0.43916886789203496,0.04189535840859454,0.11595187543541458,0
0.041120567073151794,0.04481630557460797,-0.030561969004485046,0
-0.7772263808025137,-0.05056588038692342,-0.17972520373077852,0
0.31318437906610963,0.06866778330283368,0.08564131661338492,0
-0.0447290032140132,-0.007313157685384582,0.01055578199810889,0
-0.11021315893256367,0.06701981631783825,-0.06268786560376703,0
-0.6938448745234289,-0.03076146927499858,0.15811254023734903,0
-0.34002869120072055,0.2040826262006113,-0.018959932824620107,0
0.1688693210617198,-0.02837217545742279,0.12524081730131661,0
-0.35441590973152226,0.19926578173612228,0.1073901340567254,0
0.4736000689939224,-0.1444741409872254,-0.17188575082768434,0
0.3192322954331925,-0.1462422969015183,-0.10758066494423515,0
-0.3260740399974371,0.18284608589069098,-0.03266633480677049,0
0.2220025234820823,-0.055189143704075516,-0.05822919993214553,0
0.08895809650605246,0.10149773484434564,0.12045998445807345,0
-0.559004891745538,0.09434610637684408,0.09130558633788566,0
-0.05887927073538947,0.02176187831397311,0.00039917284203456517,0
0.010528287813011246,-0.16487359556235298,0.24327216483029224,0
0.10224200816207196,0.10979615187358403,-0.15453094870871367,0
0.36477944093757253,0.06366411073786571,-0.07692398107923991,0
0.3330047486247191,-0.1272093441545847,-0.07694039897765537,0
0.49489356445829236,-0.040698510071385585,-0.09662124697741237,0
0.44293624762712414,0.007669249000816675,-0.11079698977162984,0
-0.15137745005325148,-0.06380051711189177,0.032304538351175575,0
0.6605017220617762,-0.15527809318463942,-0.0205418959900316,0
-0.24661166301170573,0.054334744952282535,0.020995110932600744,0
-0.18173128328627375,-0.12216736461895004,-0.11765510346543857,0
-0.27648203152491474,-0.1428731475889141,0.09161933133735414,0
-0.6926295660634398,0.10396088414099147,0.0944290197288199,0
0.1630324684421532,-0.18231574672349182,-0.05465959553455452,0
-0.3273493450244187,0.10913756110954916,-0.15680556097432274,0
-0.9009687489782826,-0.18495699717581937,-0.08410159686222797,0
0.30380668052691207,-4.140483261133571,0.01834204570699707,1
-0.37593749547308736,0.05583643406299338,0.16377829031922414,0
0.9374144054519935,0.10756596556501588,-0.14549746010358078,0
0.39935264424049755,-0.04163356205762138,-0.039724530245215356,0
0.24700933742949835,0.04745492094187826,0.052569017405864116,0
0.04725884873403367,0.04079593289237833,0.06257849584452509,0
-0.7018537731830597,0.10626761922111412,0.052642946060722395,0
0.016563789656744345,-0.08602502182475778,-0.041761312147417476,0
