D1,D2,D3,Label
-0.026528510142687686,0.1349071718689185,0.14292403391665562,0
0.12720577027077903,0.05348611078115964,0.09065418960244051,0
0.1869291523984944,0.04507699623444343,-0.05397122805275903,0
-0.01540519915930931,-0.015143252508498609,0.02144417439952659,0
0.04305333488956036,-0.062390346590543724,-0.07954208300423339,0
0.04817767841847868,0.12704145222983762,0.005881270390033962,0
0.07795233692694215,-0.08825583660050385,0.2890708755619239,0
-0.060544874115285745,0.06950837563182083,0.07582206901812916,0
0.08567621423010816,-0.06070350588095402,-4.110702149420169,1
0.011440573059935082,-0.03086896284037488,-0.3024683064351637,0
0.16866892024065328,-0.02105202304442739,0.0014840152624600166,0
0.03305064095144671,0.08651062782498153,-0.18775738620158994,0
-0.19963531708796145,-0.19559441162746405,0.12031532617382477,0
-4.149802537500248,0.035708851744210866,0.029760599307496773,1
0.004665494636106512,0.07895429237195722,0.06495639085308717,0
0.0997360384696561,-0.07517027221302933,0.012650788860815956,0
0.18532179706866153,0.26485602171196193,0.2167378585610539,0
-0.19347863216106723,-0.12492374210961515,-0.010657795646593062,0
-0.009996303907679808,-0.03602412738808942,-0.007162954890995082,0
-0.16962400228082788,-0.11579668935561481,0.10657335443105809,0
-0.12103611507471863,-0.10553856338270225,0.12744054615720432,0
0.06951508275980282,0.03319303149924604,0.16912235309352355,0
0.103675328432363,-0.11520187365724616,-0.254800457522582,0
0.16986349445470383,0.13445170491366915,0.034937078591780815,0
-0.06856038523086856,0.14549402064961017,-0.012750771389107202,0
-0.03587677008283792,0.028629746462494006,-0.03809043480272421,0
-0.002388699245638945,-0.08589042767298811,-0.13300007942493283,0
-0.12038965771605836,-0.15506737278461702,-0.09488137968891996,0
0.06848085626978011,-0.016567808340019387,0.038826309532476073,0
0.03669688919933234,0.18615743329192808,0.03280005211561253,0
0.05747417197995935,0.02857440637562779,0.26608592580811535,0
0.050986024066785554,0.002432232159061271,-0.10105026676976905,0
0.03872001794219784,-0.20190726719835006,0.00769374152253074,0
-0.14295276954639471,-0.024273535473663798,-0.14344442345168498,0
-0.012205964714772309,0.09376995162308244,0.08376563224970246,0
0.03571511968981364,-0.04278447393808493,0.0827450841581407,0
-0.05320045008822627,0.00738357882903577,0.09972322393369494,0
0.01635252305638813,-0.08772594181839743,-0.08008068174624013,0
0.07968868163801206,0.23149080240643727,0.0011601528014748702,0
0.01836477540291967,-0.04001711046628534,0.04229962162395853,0
-0.1379345065263013,0.0007142420676515924,0.16781197144305637,0
0.02204384265701678,-0.03081428057694828,-0.06742686615263244,0
3.677573767844112e-05,0.044075895328539685,0.13775883367326044,0
-0.022929034574002728,-0.10985897522013864,-0.11874754819771596,0
-0.014389665330051133,-0.009186840099220342,0.014544812010371756,0
0.09049006450561903,0.08130371294522737,-0.02038182911063747,0
-0.17935581207336126,0.013027156512418947,-0.10754132314918181,0
0.16616006961389265,-0.011842946149272766,-0.08236926402941135,0
-0.12581393015549663,0.08126695779087362,-0.044374946181652636,0
-0.006150036300335225,-0.1837727861027208,0.11214226013235687,0
0.008755559081289605,0.11007354544165596,0.09676736129991201,0
-0.027582075475905927,-0.04362691837071696,-0.06988741837651806,0
-0.11834195625283034,-0.02826083519754337,-0.08318832264140169,0
-0.002432585821314593,-0.14082519626507403,0.09630645559908003,0
0.22757397605423232,0.0198495113730571,0.06056065286283135,0
0.23813855432452105,-0.039435648386706525,-0.15425292451799788,0
-0.020412692675592307,0.024453781588372185,-0.14942253669873917,0
0.08555476713550951,0.09815142083100324,-0.03313422647385692,0
0.16233238015715687,-0.036480552065874576,-0.20720744552123505,0
-0.28628718649286844,-0.053630651076019525,-0.190649892852158,0
-0.097828960970442,-0.039920680775346926,-0.19386143358511052,0
0.18971889335011102,-0.0018134309788879516,-0.028985650227319543,0
0.06291764133196848,-0.052488863289417986,-0.1040320399709349,0
0.029420842730890746,0.10044088180766397,0.09120198414412878,0
0.2398153391624386,-0.1337806216728312,-0.025934207717100657,0
0.04205037737526793,0.26436782050488067,-0.1030384311461517,0
-0.03194848097765585,0.14703443153956808,-0.014036061474902276,0
-0.031794358778027124,-0.0971386289905121,0.018604318634082736,0
-0.0911347825578627,-0.03562222480063931,0.22089710983521138,0
0.08624741636677166,-0.05087350186797749,-0.12480915503813857,0
0.050894218617537505,0.05524052151251871,0.08171100516856877,0
-0.016354800289944404,-0.0710901552999151,-0.059831655662379,0
0.09368188765686665,-0.13515048049183748,-0.15617527471437603,0
0.013358113893512456,-0.07572000591062573,0.03747921362640002,0
0.12324667936207348,0.1966686421044446,0.13042825569602617,0
-0.0772585018328542,0.07483755101000115,-0.019036594474873193,0
-0.0023971426890363207,-0.15355801103318367,-0.1265606202378545,0
-0.287113803392824,-0.12266882275405336,0.028209040046341022,0
0.026994752012836656,-0.05833979980448117,-0.020495161031451978,0
-0.06705720807767732,0.05878775738298062,0.04108815127109735,0
-0.026963936239689363,-0.07998707382719805,0.00413245608956769,0
0.032691020712786754,0.04040673590390889,-0.1242334880309824,0
0.027178180908904382,0.15779064356555395,0.007720554508698928,0
0.010329335628087084,-0.04745767018927749,0.052009435281282435,0
0.0664573814040936,-0.07395297943077482,0.12347891467019378,0
0.07175336438524983,0.03286968031458019,0.20698503425570475,0
0.03230214887304184,-0.17737891266680675,-0.2230041321217966,0
-0.1520716154475158,-0.12430376073080995,0.01415004213387673,0
-0.03688660262571891,0.012106976899382657,-0.10011659873012996,0
-0.10863872148785943,0.049348910431432434,0.14542093307153667,0
-0.020049201572659346,-0.10255778439295593,-0.04186556259767263,0
-0.13369661343709657,0.050597596547585166,0.05019445818139384,0
-0.023038670930370975,0.1869316171068367,-0.04444008738308717,0
0.020410873428140054,-0.013271612789195968,-0.08040472558764425,0
0.009367081609864016,-0.19016738009721057,-0.08286483424344136,0
-0.10191246660826077,-0.03335417423512281,0.15970202883527485,0
-0.032593058818539286,0.002803126166650997,0.07621163436619362,0
-0.09112671664315104,-0.029460030664268645,-0.011030332998467481,0
-0.05072815705694681,-0.04115564176154272,0.2185571610090833,0
-0.041499396317131385,0.03258623156234262,0.177452180400605,0
0.07171004303754673,0.07870982099243724,0.12423450920321442,0
-0.03678826700621507,-0.19887851150209873,-0.011297121374986757,0
-0.05420355646159113,-0.04530201236625683,0.015102279781793009,0
-0.06195704517728334,-0.017987788700011012,-0.29173283124509236,0
-0.020144269426826303,0.022230314773880797,0.10376564986464161,0
0.15512954350763408,0.15133902910805547,0.0988047773654781,0
-0.14543542032900772,-0.03475432918273726,-0.005414998812528476,0
0.017371774180206394,-0.01935790199850125,0.05182056593099332,0
-0.03051051411957545,-0.12073690465232455,-0.07881967952328167,0
0.08987536696874675,-0.027169585210936754,0.060134254540769386,0
0.03446869093193236,0.01334205261825795,0.12215239106101072,0
-0.19936970763602824,-0.1567357718378043,0.08150286345668432,0
-0.05823709918512552,-0.19818927662033867,0.0770861460212909,0
0.07164205186023867,-0.08225383059819646,-0.06914897339568778,0
0.04704909187236829,0.0015828560867676604,0.06483965138852539,0
0.015185441687162154,0.06388287696785304,-0.015600995678684346,0
0.1296455554674361,0.07998401429879595,0.04652507840485772,0
0.15661886892167706,-0.026806452506264233,0.04634456055775574,0
0.01382713947852951,0.06330513109837069,-0.14540757397136803,0
0.086987063337026,-0.18269452189419347,-0.012690286698818415,0
0.007558954503577707,-0.2153293334460595,-0.05515068067835091,0
0.13432274818043044,-0.18104153045141663,-0.15022292473316506,0
-0.1838621396234204,-0.022160320603830445,0.1529451814815473,0
-0.03552787024470397,0.12349479546603788,0.2098430514784785,0
-0.0703316036617349,-0.015735418749119417,0.14143078043919416,0
-0.07715487707920245,0.08713047109903724,0.012808498253949242,0
-0.1843831273584685,0.008261953626332398,0.02921332108083079,0
0.017239645480397695,-0.023839565088508194,-0.11410094453026345,0
-0.18516867019926925,-0.2403401628407832,0.05031570894210388,0
-0.17874212408699974,-0.03597453741914496,-0.12704004574072641,0
0.057743449841663956,-0.0025618334423772506,-0.17929272388778153,0
-0.12309405037349463,0.04152549599639575,0.12243027803093803,0
0.009392090288027411,-0.12530617041801273,-0.14775176795419473,0
-0.06085498229034045,0.02014388221924062,-0.12552014861495533,0
0.057877167700059795,-0.015503283158008441,0.04467368528054394,0
-0.1008902400842011,0.08152798075770866,-0.0886131467829431,0
0.03429302498251005,0.04441612518957935,0.21999408533886428,0
-0.09724258560365515,0.11572777064553241,0.037978833074495455,0
0.019774236728459904,0.03531115094151659,0.16586341213408193,0
0.14387649017468107,0.09481982800352944,-0.06572881368171589,0
0.020752821507786973,-0.0009510839719341033,-0.0062476284196702975,0
-0.028208676355575703,0.049726146012326514,-0.19929866391241333,0
0.0879201735348513,-0.016571080011573435,0.07884504541229703,0
-0.03399359192477857,-0.0159809891312537,-0.05612598063224455,0
0.049659057982043606,-0.0741418078612447,0.08298088758504665,0
-0.002591158940447343,0.0593744974023165,0.09496249662688175,0
0.032332671835914144,0.09579654426732985,0.11692412209018808,0
-0.15144871628156975,0.04564483947190882,-0.04599833858615744,0
-0.06562150961615375,-0.04120956331231546,0.039938605177783144,0
-0.0072746618308762185,-0.06221285827330167,-0.057412938796194,0
-0.04237142902702692,0.08538488253698708,-0.08459262551436082,0
-0.135230515716343,-0.01642503649675176,-0.0016495155146465568,0
-0.12903344497651625,0.057607755094823854,-0.011900486335353498,0
-0.07596232945556909,0.007893100938022727,0.05930626615781312,0
0.06833890932983892,-0.057173510347916304,-0.06413601452338123,0
0.030464429365741532,-0.06072461697667142,-0.13748705833384753,0
0.12393737509715848,0.017836260348516927,-0.0021945719255187395,0
-0.10615702812518323,-0.014307780284483186,0.18433606914825523,0
0.2303302947920404,0.012253118980050428,-0.0027158847192400755,0
-0.014115891075120469,0.017586749216367038,0.020540314791212638,0
0.2627044976052244,-0.019763160258325224,-0.011943805534487217,0
-0.044044592505198314,-0.06281234536432649,0.009576814561382326,0
-0.012044179325078168,-0.07914970361747825,0.036892400767864986,0
0.0017769984456575596,0.025395587312433313,0.05736985564399431,0
-0.021807257949489803,-0.077208115560589,-0.012756231461068995,0
-0.07931551448907678,0.07454485379140893,0.13821931818901198,0
0.11549072177821294,-0.006847197934208381,0.03763685144986151,0
-0.05368853589157372,-0.1743883528010912,-0.015940012187303367,0
0.0926835458458432,-0.06877749225204752,0.0573172808526561,0
-0.02995276981307576,4.252605769055188,-0.14573640883187028,1
0.09659755220653832,-0.09139495361849603,-0.053137863421611475,0
-0.14372840291017341,0.05905562260412836,0.15097056203552073,0
-0.029312374143478915,-0.24448240961193243,0.10912026547250414,0
0.028037554699534752,0.16051764088804463,0.09733973998873963,0
-0.03386800515686366,-0.026169084539301186,0.04121592245301398,0
-0.06398792446703674,-0.03445673829012141,-0.18576412725392338,0
-0.035648698601882516,-0.06057532512960232,-0.06620501133887989,0
0.08406324290596057,0.1268968597228836,0.054666961793574054,0
-0.07581135598927188,0.07559267104405984,0.057035894989321594,0
0.16546223729491089,-0.14785876026707093,-0.014893001541923669,0
0.06570063722465747,-0.059067802021466866,-0.15148387927699558,0
0.1075399467553496,-0.018718002684930322,0.10365084989868423,0
0.08336700108905937,-0.06732356255894648,0.015594490871562304,0
-0.10897896760302239,0.01862121953423741,0.06767159671336741,0
0.04643086909255413,0.019788153817020884,0.021619355811563462,0
0.10556689638003527,-0.16476339277934,0.015398547396569904,0
-0.08668963846362217,0.04357271845463468,0.18180734197245557,0
-0.1439911000322208,0.07250986189815317,-0.04720118604380649,0
-0.0592756756702432,-0.08486111217161658,0.021916044728957328,0
0.017252229591502594,-0.09681331178872948,-0.04338245221827661,0
-0.02884199282984108,0.23080977167289563,0.026545947194645217,0
-0.03368983119572557,-0.043631881294182745,0.06000469275045688,0
-0.11774611667819866,0.07507876843789796,0.07456864335470917,0
0.1150373565893442,0.022465824262778246,0.07009475367388211,0
0.13961868901596333,0.01888531685643554,-0.21492780783821638,0
-0.13743067173099893,0.03995653501183863,-0.09408638207600051,0
0.024453719698609874,-0.03339524072658696,0.08949902309154086,0
-0.04357853828079622,0.010516263240348536,-0.024089264900036836,0
0.058731663983799524,-0.07764243341914344,-0.13729984718381905,0
0.06447207824092742,0.004382549909803956,0.015229196214446834,0
-0.11205975605009565,0.22717268315493017,0.13219102104262287,0
-0.1396243252664665,0.07178824793639992,-0.1018403828233297,0
0.020838783637869937,-0.0384530757031694,-0.1476418007944563,0
-0.10870560503980149,-0.09814185479446326,0.17209740820500996,0
0.06913118878439138,0.05225723106999846,-0.30557100470537296,0
-0.045318291864422,0.05215156168589772,-0.09150977377010597,0
0.08547976866677846,-0.03992084790176086,0.005629967614333271,0
-0.22893521592144445,-0.1198309526521772,-0.06387974538406753,0
-0.11418406038644427,0.13081278124218326,-0.10597875380388895,0
0.12887847376153452,-0.010628088387745194,-0.09498726221093179,0
0.049451367619313076,0.047471900940265,0.013121150044305705,0
0.2255255268004938,-0.05294264526483307,-0.09629102322430433,0
0.020765802965458394,0.032069742491538725,0.11660663769499771,0
-0.0050015468836436434,-0.11681728012511901,-0.026833823954332044,0
0.19430367542102056,-0.0439567041937196,0.1666834501641482,0
-0.016807552895018826,-0.06770612625917741,-0.059321271412154764,0
0.19719730167029537,-0.041974710161961734,-0.002291404313670919,0
-0.055580145479969284,-0.010103726426315247,0.06287696643654865,0
-0.1134476506768482,-0.17849788784373674,-0.22171575162284474,0
-0.046449522693475034,0.022366672094307156,0.035742115790947396,0
0.034479202568993214,-0.04370700034403592,-0.0828375149443511,0
-0.03133708994327316,-0.02738298722756799,0.051677161623754825,0
0.008986093726973494,0.07943771495499888,-0.04621528291985687,0
0.039050731157076746,-0.19631130012921863,0.1449810182733001,0
-0.05586534781017084,-0.07799490291128075,-0.09891563274345516,0
0.04437015855299664,0.07462599488398648,-0.025403351937694163,0
-0.2035289615696122,0.09692784147606107,0.005809919933328782,0
-0.07748463707962011,0.09320452985087634,0.108871229052591,0
-0.03221713137093209,-0.04044229659689143,0.08664144738394157,0
-0.06685463617865153,-0.06745855524160248,0.05031518738181399,0
-0.06049162229901838,-0.07724224300733065,-0.09087156124047355,0
0.00908095209476843,0.12773104969411422,0.007789537589115535,0
-0.024268049362763673,-0.07493019329819238,-0.0031077180713963617,0
-0.18590638951981964,0.04840262196417188,-0.08894928395132784,0
-0.1113033746870612,-0.041971129684045136,0.0897192756004757,0
0.2115179760092718,0.15023648852840016,-0.002877500481778596,0
0.013046090059100651,0.03465100218331156,0.0628040726373635,0
-0.09516432984547255,-0.02479844800994702,0.040402081989991616,0
-0.07276070930114674,0.021720076551133907,-0.05841981250237427,0
0.052376922234215764,-0.06703919995869694,-0.004646330188291247,0
-0.06720657983052475,-0.1088098024218007,0.08904475213382745,0
0.12543349373859333,0.02779336400410462,0.048298694152833506,0
0.11689785850068335,3.9091234223219624,0.06549557432538754,1
0.12358715673749908,0.011756859281916311,-0.0428126650538369,0
0.14478717412888217,0.09329849298879232,0.11048524249171694,0
0.17306571030824533,0.14517119726104474,-0.1278797140456861,0
0.006349023592546388,-4.017525531075981,0.10630142137952497,1
3.923371370738472,-0.12658859553972487,-0.030267833497505142,1
0.08097874995031945,0.024283566893297037,0.13463194650485308,0
0.06273533922056455,0.09293960744661751,-0.09785655539252949,0
0.10594721830639596,0.09940726888607826,0.15591012148534575,0
0.05164296146500283,0.028839318868795833,-0.21621569870868834,0
-0.05701657051644901,-0.06426407461979991,0.1077477917211007,0
-0.14015000750562978,-0.009351362401654255,0.016764759123255684,0
0.0896911228788695,-0.00255934595590625,-0.07343966967947632,0
-0.14054876968967733,-0.17282212778298311,-0.02718873535491913,0
0.028693665206532076,-0.08316154262590873,0.021822335732852412,0
0.1241914368880557,-0.20785444443088763,-0.028017838688241627,0
-0.09016395348896565,-0.11323583681349887,-0.021942365922867607,0
-0.033707053043877,-0.1716208753511497,0.1778541054428344,0
-0.01185246193475036,0.11884680000122239,-0.11337982905961858,0
-0.18546039262312589,-0.006933297838037096,-0.016579108532043012,0
-0.08249733965438737,0.1496648802646454,-0.03994311989343013,0
-0.17237338903091337,0.014027938313923228,-0.04528967332749728,0
-0.10002152266396613,-0.09774344406592772,0.019087445748305117,0
-0.08268739210676337,-0.1306733996089307,-0.015066708958337116,0
0.11892289266108885,0.1421399463038968,-0.01963401779156744,0
0.14360040839550023,0.06623263931583277,-0.016780584068529992,0
0.05688271132309737,-0.0996063648941719,0.0592917507342441,0
-0.19977615963822273,-0.02359563716114474,-0.12434298341539357,0
-0.05511992545741127,0.020315796858496896,0.03470844428425748,0
0.030265985863785518,0.07784684138868683,-0.03195140703691018,0
-0.04774004654445537,0.014860145528295175,0.013387329696831164,0
-0.10903016466035631,-0.03409509427564226,0.04394462515265065,0
-0.039060292581702745,0.04639252800837151,0.12063725225124733,0
0.05922254521873439,-0.2518783717332311,0.12124174566784188,0
-0.03504874861388421,-0.09414063764067919,-0.0742034035384568,0
-0.11086562569829095,-0.016297086945932994,-0.02259000161777108,0
-0.04199827900881643,0.04865838698809624,0.028512722970886722,0
0.03253756976450208,-0.14490084668611153,-0.08352794099841498,0
0.061072091205228364,-0.0917246945338547,-0.1708194293990245,0
-0.08109765683216026,-0.17991040833117977,0.09672901714168593,0
-0.07964177468647443,0.007627533709200655,0.02535732203658971,0
0.10455454035167129,0.16307854649881803,0.2636879398780733,0
-0.11145726812763426,0.14592603299378545,-0.13882505141207158,0
0.020048625325499288,-0.15332417164263387,-0.008093815370147575,0
0.0036118280185797346,-0.004824593838829508,0.08955590488926601,0
0.17239041476662975,-0.03212102094673599,-0.03345405972029632,0
-0.06344072717907119,0.010664792728037217,-0.030583549978819444,0
-0.1299975244877353,-0.06620013604896414,0.02441183594909111,0
-0.11334138703632242,0.046753752382640595,-0.056043870229271375,0
-0.1127280318275221,-0.14120437970566635,0.17334889757095917,0
0.03300629234424801,0.10822534451236232,-0.00033075435112566196,0
-0.15203024772725637,-0.10060677032139538,-0.07956522690528149,0
-0.08593980553894465,0.0705351910612496,0.04808602586029634,0
-0.15714206761157384,-0.008888317833588517,0.08429097252901314,0
-0.06809088056652436,-0.10037200407315426,0.07480809287399225,0
0.131140128126516,-0.05595857721613134,-0.009690213729109194,0
0.14334333005752065,-0.022126468618854644,-0.07857539276909753,0
-0.05087103586039651,0.0054735551080444984,0.0017090730123689218,0
-0.014925952330358089,0.048146456297733314,-0.017787191725678716,0
0.17350037306771005,0.05445075727753837,-0.14829177296268847,0
-0.015500363007516072,0.07252374239538223,-0.17937305394157535,0
0.10441036412306517,-0.05980008861076779,0.039567894677921295,0
0.19411006697990618,-0.06418987278443093,4.0602317197534905,1
-0.03910668103915821,-0.11028722468417196,0.07451344568208768,0
-0.014464319643189004,-0.08627159716301946,0.13638428356248275,0
-0.038693404123173965,0.07687238404323639,-0.030238883544657248,0
-0.020639879959322354,0.2341462050012112,-0.024867057543777004,0
-0.04827911519004085,-0.08799707625711456,-0.07176755383982968,0
0.08034658146869841,-0.02609174707429482,0.022452017109837578,0
-0.11406170002822479,-0.025590757002386246,-0.13349815367948561,0
-0.0069853601540520414,-0.08478500254793932,0.0546358374667858,0
-0.027363965745907572,0.247878815464644,0.14803771678287844,0
-0.11303138413446373,0.06513319053755641,0.10040230215432303,0
-0.03426905129562429,0.2872684490112382,-0.06333191697786349,0
0.041067292224118784,-0.06514440114850995,-0.04266894414206117,0
-0.060421690680973084,0.018049525631380004,-0.0377270302808712,0
0.17713032308628504,-0.009901044765737346,-0.08313098255778398,0
0.05209416114098541,0.14831394084059596,0.12968421246806924,0
-0.15382982343404863,0.0068832350193157674,-0.12092961922057902,0
0.04976081991667506,-0.20604055884960404,0.07385763817069475,0
-0.011732226830309403,0.2357903463514338,-0.13455168039235796,0
0.09819149542380926,-0.24739945128754037,0.08341668447037415,0
-0.08801943893841853,0.06775064056363299,-0.18723096932760178,0
-0.07946843964243394,0.09485007298938244,0.08971544012971971,0
-0.13176614842817774,0.02328056366402985,-0.06713959238420196,0
0.01824215169699676,0.08664481932090069,0.053091212125862,0
0.08211535454503559,0.044508524995194455,-0.1447518250008021,0
-0.1214780367607973,-0.03015697681839561,0.1366162448733559,0
-0.001418043216015187,-0.06207571401166571,-0.17605913419116861,0
-0.04396551729310308,0.10351149086697237,-0.06892135875542675,0
-0.031288840034037764,0.048299640914532524,-0.2869504131072115,0
0.13841373196112094,0.13330030843301788,0.12522690352089644,0
0.060969385528875666,-0.08240068499774345,0.060038101677364855,0
-0.08031303239267724,0.16752759902258063,-0.0005667346532003018,0
-0.03693093880633116,0.1841328821688994,-0.19878425927664736,0
0.08133218350771981,0.15107603537903366,0.15077421628335896,0
-0.1639216492472475,-0.044473462124826536,0.02410203019411721,0
0.029285235805656507,0.17334503183597597,-0.04036741776431199,0
-0.06669063731769037,-0.030639604461362477,-0.06163897780582914,0
0.05629070349587483,-0.044222260086343675,0.03283117315761285,0
-0.0732755873048646,-0.05571572647254153,-0.03595039235365106,0
0.046646648978941635,0.05817770413392859,-0.13534913345825902,0
0.023888892701557394,0.005686193214241486,0.07655335867111873,0
-0.07595321452891489,0.020771684685473926,-0.02289184586239972,0
0.12224481907668255,0.05324537121458476,0.04143305672065047,0
-0.05370275668206792,0.05204409027373355,0.08817494999822535,0
-0.027292568238209188,-0.009945468687227796,-0.007702493297813751,0
0.16360199455962665,-0.04189542136370192,-0.2245639616966344,0
-0.09393571903360878,-0.09037820148671734,-0.17895956571705796,0
-0.1138099321075715,-0.00549149697893582,0.17419515038281566,0
-0.011994777828206564,-0.04320271680837114,-0.02007885582229443,0
0.01737934676820493,-0.021782559673108493,0.03437055102603353,0
-0.020630957636721355,-0.07354674721961471,-0.02027135941202962,0
0.010381090092380004,0.13818867803475118,0.14553023957170536,0
-0.12098175999514174,0.02730971792372471,0.19293911826556787,0
0.22441951070491628,-0.03263279687086112,0.17034960882087657,0
-0.19190268462572632,0.09352166332514135,-0.17813984844616543,0
-0.048023361125698855,-0.0742063237633102,0.050292742643593326,0
0.02495566478964074,0.05769982525087519,-0.10647125611048586,0
0.04473699835735398,-3.937230900214106,-0.10934769279461456,1
0.028976766501305908,-0.07437898364023016,0.04344270848989862,0
0.022692375451869667,-0.04649121267926443,-0.05864501244314159,0
0.2502284428390818,0.002242327642373356,-0.0590635342298205,0
-0.012218131612037346,-0.18049358353015818,0.0513228295120605,0
-0.15707058031450075,-0.03780345450885522,0.03761477694046303,0
-0.06449046205335039,-0.0330597600994629,0.07910640623354478,0
-0.17707214411231442,-0.046192519536107784,0.007327144875758428,0
0.016946756328057155,0.099420575585836,0.09886176348575142,0
0.015961950980375846,0.006085580972346762,0.14017732208435374,0
0.04269301664535746,-0.06106074490120035,-0.014129797403562884,0
-0.1035366028541249,-0.04010069468753842,0.051944051050378276,0
0.03856155588606263,-0.015897762625587973,-0.13514090253626193,0
0.2887398794100088,-0.07946528411956492,-0.116318699745381,0
-0.09751717170749552,0.014085780575864662,0.12585055611536206,0
-0.06907272323716067,0.0998716883387222,-0.04660843013142111,0
-0.04532069770824587,0.047737727017488,0.12791435873131551,0
-0.15088326045521785,-0.10612628726186567,0.16325019200299576,0
0.010172864182648709,-0.1734133003911584,-0.16083240635561724,0
-0.02437852854212088,0.11909753703301465,-0.14550732509081338,0
-0.04535657129290428,0.13517793292655975,0.04030936459583154,0
0.03592304225680062,0.03018944778057281,3.982631222809333,1
0.1740115967576372,-0.11339218071590484,0.10007617031493939,0
-0.09268005436070292,0.029256626494147255,0.22323797097953524,0
0.09395590674789076,0.12223639193669839,0.08558230085906024,0
-0.0725051438513825,0.019058108579175892,-0.03302968723417213,0
-0.1773083589340866,-0.028361852079183254,-0.09153951824897613,0
0.023565426632453288,-0.003939989891808705,0.005883503459265343,0
-0.0705504674138371,-0.04929498029176111,-0.14187403326065468,0
0.015204832444725778,-0.020062319804405745,0.01861996401141994,0
-0.11632203705647302,-0.04029593050413753,-0.09667337364986346,0
0.020996071247512623,-0.11338775905725809,0.1567680443859806,0
-0.053390669198132096,-0.10936535787832243,-0.042086127140792046,0
-0.07653281066455966,-0.07432369540441217,-0.01484040978444158,0
0.0328882765288134,0.02336683771936165,-0.03720699484823014,0
-0.11441346153813425,0.10414972327517813,0.029506813021159442,0
0.13863497021771842,0.07925832306402532,0.02722473231098084,0
0.04116873294872971,0.0312125941432925,0.035452222270005024,0
-0.06584743796063637,0.014071947230334884,-0.04115182863045118,0
-0.024777362448487317,-0.06190383161837385,-0.0554661376172121,0
-0.00936508861637329,0.02835764658119518,0.10619121135926979,0
0.05637873553934822,0.07224136391994984,0.15263774909451255,0
0.09555692195755833,-0.010611564714119337,-0.03544111292822665,0
-0.033530827260166575,-0.10415767448202025,0.19179362280610354,0
0.0031332812080796194,0.06509003722565909,-0.03665395661940634,0
-0.05837133744754772,0.0027159389347359204,0.06574731857943716,0
-0.061504221921487016,-0.03764575969749981,0.22432956680554766,0
0.025360372756400597,-0.17434437756505017,-0.09794048002215393,0
-0.0480208656257461,-0.11510664532235373,0.15521589425246943,0
-0.06642030157935841,0.0006801334474088147,0.1173353369195231,0
-0.025525429948853564,-0.06893483774223867,0.31403323206452666,0
0.11222795505015448,-0.25712265333659234,-0.06068219825468105,0
-0.08117064984817143,0.01720304262348368,-0.04623860907344711,0
0.07270747116763947,-0.09066355719018686,-0.09330464814519776,0
-0.04646710051491284,0.025858867117740204,0.05370093657637392,0
-0.10241936781158995,-0.12148452402889656,-0.06051689455681278,0
0.1083086154886251,0.06632599485833,0.22835269772177297,0
0.03141642588750724,0.03957612057176812,0.20390788906991647,0
0.22745384725856793,0.057809813164812554,0.12608156550190322,0
-0.16214094278750235,0.0072594602050268416,0.16372171519414747,0
4.027613778807698,-0.04317970279351354,-0.08999580277626937,1
-0.1028594428109339,0.04971842520020721,0.16076399950813167,0
-0.08678563155558638,0.154612250281817,0.02943141727471484,0
0.3139707522375593,0.07098376612591671,0.14702609356984575,0
-0.027486816228555616,-0.10994948901116829,0.22917170380924679,0
-0.18911021081951926,-0.02333955485581405,0.14738553823699327,0
-0.05532937638043367,0.14378774765516852,0.11806028643807308,0
-0.05090424003442993,-0.07784795993648735,0.13772746800366917,0
-0.03168959838161491,-0.051785469271684176,0.03990432489811327,0
0.017497078758246437,0.049019596643736715,-0.11751156343135327,0
0.005932309658626971,0.01122980719578208,0.0733580852929048,0
0.11234749404774032,-0.04952635943108033,-0.055205261622835615,0
0.08168149041562846,0.11966459770773721,0.12953218282570714,0
-0.0038446514767162716,-0.03547884763626604,0.044492525406266976,0
0.19842276698480243,0.006923500941753444,-0.019173559496593356,0
-0.1188015808578987,-0.06715887582475537,0.04630855189488454,0
0.0819569892193517,0.05726586648958896,0.05492447500452237,0
-0.013739551492130925,-0.002266494022067321,-0.07834657083684227,0
0.07728783919142135,-0.08745715192362434,-0.0717307829402031,0
0.0384742905525539,0.07514208646650357,-0.025385677314530654,0
-0.033853018976457254,-0.012508232400796633,-0.13731163233462662,0
0.10232140321085073,0.015597716058303719,-0.08891119033105138,0
-0.10074624872968785,0.21275321103813183,0.07143862823807916,0
-0.05917542735120064,0.023939825036167907,0.07154919485131837,0
0.05683592033019568,0.05139485772947488,0.0005283913689132447,0
-0.14695375073668598,0.18981316484177213,-0.24551945400590172,0
-0.011141044950570509,0.0795389431153799,0.04037442168024419,0
0.052981196150339166,0.054765908833373414,0.20174004943478066,0
-0.08879251226813095,0.023664947136508498,0.016594501325115217,0
-0.09235139101949481,0.13793811887453208,-0.01650694580319242,0
0.04812346920452434,-0.0011475228586643692,0.07132652535848256,0
0.03613194990451994,-0.001097486449534345,0.105419103360468,0
-0.11967727033759415,0.12884492897910177,0.14985637878128744,0
0.2867169331036717,-0.03470964971974066,0.10224322070969477,0
-0.011187655446477339,-0.016598572707047596,0.09121868640376485,0
-0.1827340176697265,-0.029045200862623174,0.03582995359318516,0
-0.12951642087710566,0.08255735206258476,-0.14711424297770456,0
-0.027289782751278243,-0.039064931883638625,-0.12211389283231791,0
0.1355065704120908,-0.0632678780346531,0.06497755514334362,0
0.0661960455617849,-0.07155346874995064,-0.11315068546914452,0
-0.05534964668539938,0.04336965682245547,0.2824906784196514,0
-0.08897448019693353,0.10135316130214514,0.05061939942030522,0
0.025747601038314045,-0.055544640741832935,0.10956251257991033,0
-0.05229489431901299,-0.10658261270826333,-0.14000797603953116,0
0.07131658223508817,-0.04109301605616901,0.013319351019103766,0
-0.04103687671379643,-0.1886401960592089,0.051261250134083364,0
-0.029492372699276362,-0.08972465023301181,-0.22457528731425278,0
0.05009462521371504,-0.05554078540647997,-0.02375857166173902,0
-0.18687454637838777,0.03909643705340032,-0.04354154835565847,0
-0.031169388986719185,0.07584685741010314,0.026248843673746632,0
-0.18233592463323112,-0.08124934939871298,-0.04425572701489731,0
0.07945674263945074,0.06601896758121814,0.01171249962716594,0
-0.22819255894876322,-0.018523374630017225,-0.08176420120887923,0
-0.07722253200279088,0.03791427487415051,-0.036676248397182296,0
0.23327634237982392,-0.057299877538951105,-0.22302440752213415,0
-0.11650882646231367,-0.1274150695353117,-0.10325567126095284,0
-0.03428798785670347,0.13057347645034342,0.08526736311674767,0
-0.018737156270173267,-0.12886104579801644,-0.14619519177333237,0
-0.21838417261796816,0.06281977986567333,-0.12090801311148536,0
3.9915041752124645,0.17910168718707542,-0.06794128510611756,1
-0.05187447920659739,0.0042172519630488585,0.05379025934928059,0
0.20981783999991022,-0.030996552184068993,0.020828294556194962,0
0.015356810852033446,0.08657082959634015,0.07675001884563776,0
0.11277310882314735,0.2189070187717852,-0.10997271528953896,0
0.04376366604541132,0.16417068092501194,0.041830934828673866,0
0.07368223476784405,0.02710397256940954,-0.14477295637760115,0
-0.12753220535203552,0.06695181295195742,0.08336718626034081,0
-0.0051865118615322765,-0.08817620826943334,-0.003825364223038612,0
-0.08057661771912161,-0.06016895472538711,-0.029833520765805806,0
-0.09330180109308805,-0.036172970672197186,-0.13125745144972026,0
-0.11669669682198183,-0.08916764379029757,-0.06770067512872102,0
0.21050942975535794,0.036756843333942184,0.09321786334688675,0
0.005559611008414623,-0.12617753314073296,0.0692397150220148,0
-0.0028266026532537034,0.086159738540425,0.07240644796993038,0
-0.051723184656582155,-0.0047966212878686265,-0.07582026356673018,0
-0.005465695684404971,0.11486396193054005,-0.11844704583945323,0
0.1677835815904846,-0.21280482081923574,0.09765169065295104,0
-0.021003741142067555,-0.08209222368450736,-0.19724313569379082,0
0.11013358649520805,0.04843666984591399,0.14103804596184907,0
0.17023424806544604,-0.03441400960906723,-0.052518273920611494,0
-0.01690652006564029,0.032574115401572616,-0.10208746467146618,0
-0.1439559067405469,-0.15538071957931024,0.0024306087847337666,0
-0.12369752000198708,0.05987254816228839,0.00837059616686999,0
-0.1837901313911312,0.09274348106271693,0.15450959813296888,0
-0.010156470116984092,-0.18793625307467995,0.10536676949064472,0
-0.16197671422227528,0.004446593555995473,-0.14410840676053846,0
0.06764774003798876,-0.020650539597771286,-0.02868389137808184,0
-0.1072429986897886,0.1299361363846336,0.03221050193813083,0
-0.16305312941204367,-0.004901204331408702,0.016424580973898255,0
0.02177945462863172,-0.02243199306949253,-0.0009626401824238634,0
-0.009158469312647554,0.145347994469168,0.03387356509940259,0
-0.11739315649829424,-0.22151556385593751,0.09834253432464783,0
-0.06615386343941966,-0.12455513528576899,0.015142385321726634,0
0.08849396871666308,0.07429532877547566,-0.009403552622615868,0
-0.014260490236010793,-0.009473295983048163,0.3240151624459922,0
0.03348813937144893,-0.006608794203249492,-0.15165435066519195,0
-0.19262470249556873,-0.04312854047615154,-0.1380187353648941,0
0.057527458413559864,-0.09185790788265018,0.01690926626956286,0
-0.03174045642836778,4.067519073291087,0.08607097545959247,1
0.025466210889559922,0.03017838244834389,0.08153683679492324,0
-0.06950103189390072,0.11517036909489509,0.04990272853643126,0
-0.03880445689144149,-0.0009981653021810912,-0.028752994538733978,0
0.09539665841480392,-0.009816709570368471,-0.030754904657606587,0
0.05071034810029419,-0.1304412574824508,0.07356400118543074,0
0.05384967013752783,-0.0704281333624404,0.09313420497745876,0
-0.05959589122605163,0.06596510457962815,-0.05827527061897741,0
0.03331010139086032,0.05024841416757399,0.14633639090100245,0
-0.009734703857901351,-0.07261895242969682,-0.08651034637122587,0
0.019437760917118477,-0.041469735440772426,-0.03223787425007462,0
0.08203063881199874,0.12009168678858313,-0.004167308928773276,0
0.1957705068980451,0.026077873879417825,-0.18344744832629098,0
-0.010842064095061036,-0.0729477832119544,0.04499240194020978,0
0.10265366561963173,0.02892217786585385,0.007448590887453904,0
-0.0656710784461877,0.000987064047002277,-0.018599646632433797,0
0.11370649286540253,-0.021583976999390814,0.006522258366090632,0
-0.1354401329885911,0.05237645476034967,0.03764464172564542,0
0.05158221730883716,0.06366087818434028,-0.08114070991231132,0
-0.26205194064105714,0.08039298811598641,-0.021692082165641658,0
-0.04503788829146923,0.0339272874072046,0.04136537273193553,0
1.490629605855486e-05,0.06533071523011384,-0.0230239890910674,0
0.13489634294690298,0.07604149437495386,0.02376377807101287,0
0.06172685554235237,-0.05986632465746124,-0.029347824146513785,0
-0.11293679569230917,-0.12373113222819095,-0.05255989987175298,0
0.0070835907538383735,-0.002579998217489042,0.0573706900477879,0
-0.04402661275980786,0.026095409467308886,0.004326107339901253,0
-0.04740321786776651,-0.08731725012711243,-0.19684334757833494,0
0.006840435289916441,-0.1146792113111058,-0.08108664696733087,0
-0.004801609528185563,0.1705292073243539,0.025581579970248854,0
-0.07556176896270861,-0.04656717432881354,0.10226975231210844,0
0.06400498260917435,0.15488757615403165,0.054443696934981925,0
-0.06915843304089132,0.04821656908354927,0.042077012134392716,0
0.16691467892135514,-0.03725185703809579,-0.11808488646154153,0
0.05573430307792986,0.057750587792043555,0.04771926113412479,0
0.217444681974578,-0.14736897473426114,0.029562777290162618,0
-0.12642912130035922,0.10025612382174327,0.04463894718316255,0
0.09795966145831668,0.015330075385381434,-0.16996892958397455,0
-0.006435904845311181,-0.022482482503326517,0.03736070175543434,0
-0.11216629112949106,-0.010548899108599102,-0.10539343778317943,0
-0.042223508504992714,0.015627468134516816,0.007638991073579741,0
-0.07286147329261093,-0.0008362442575264987,0.034920283557030696,0
-0.08105938072723745,-0.1263946557726688,-0.16811995636943533,0
0.011630811408116129,0.10578843117256893,-0.04580869308587035,0
-0.0013752982610538292,0.07724280329716166,-0.020348635547954214,0
0.04864433379476238,-0.04555437573946347,0.16459196210010985,0
0.10592255318474214,0.1901293760142463,-0.14182900776048876,0
0.0023835438528163706,0.05114802981694612,0.0726866109865894,0
-0.09549659213269303,0.13379372325336597,-0.1437197659902893,0
-0.14216819727911545,-0.027855881845000846,0.07133228649293077,0
-0.1011649378760829,-0.022386046088736344,-0.08481620241620341,0
-0.0661619139884932,0.0097834220840229,-0.00942034180958085,0
-0.18905843293930902,0.009806095058732561,0.014812205735089352,0
0.10672777789771436,-0.1138404204043771,0.11320814132879989,0
0.07040024536336534,-0.23191751782514497,0.09654423787890443,0
-0.048894321663043534,0.051725830521225084,0.015138188355468207,0
-0.04204858526704571,-0.023381042340662506,-0.0815919401288297,0
-0.04629083557408528,0.12324328799741402,-0.0046928209906646305,0
-0.026896529789618335,0.050624772343208425,0.05052463214727663,0
-0.06746073019507386,-0.13286931072317282,-0.12550594545824406,0
0.05282495858712172,0.19358537113077623,-0.021456805837468826,0
0.047310750221779434,-0.15486966590466814,-0.09552715593167521,0
0.14125265086890582,0.025950441446893204,-0.02960600689449462,0
0.10115106720654841,-0.16989588961302515,0.0789319286879403,0
-0.07080589947633333,-0.07913049558093127,0.10394434494741352,0
-4.022988371619367,0.09082233035941523,-0.06510531996245017,1
-0.06297367486632728,0.029879887661367923,-0.0005804333894176462,0
-0.026859220273126528,0.14274651507249497,0.009884591480123288,0
0.003568799673191607,-0.09197567215322708,0.03605279531035827,0
-0.010501663180517248,0.19564194363875798,-0.18959448044652016,0
0.03847609247944414,0.04524713682479368,-0.04938880532700299,0
-0.059171637282119806,0.1697703658812828,-0.09401223755035176,0
0.11253800220438977,-0.148121582304581,0.1376782996509662,0
-0.11339787687688095,0.04422897570207292,0.003251040524131243,0
-0.03559709377221358,0.057385518716959266,-0.07933796290827111,0
-0.0034270058035571413,-0.027163717109575394,-0.03604577363447683,0
-0.05935542314759599,-0.010856068234807123,0.0407983991719217,0
-0.0814769600788141,0.02924783838106242,-0.18283701642508451,0
0.086214017507106,-0.17072461058733152,0.04864112182605488,0
-0.06390937797445526,-0.04385223695538651,0.05510428861677166,0
-0.016752473878374752,-0.07391933895620674,-0.10788213352986792,0
-0.06157710047321102,0.0155140745943729,0.09128298674968875,0
0.050075985162163265,0.17639885605031255,-0.11545689803147148,0
-0.025951930560681086,0.15509074946949986,0.07268610096815285,0
0.04230569632789338,-0.04814356297788335,0.029320276833565223,0
0.08098765345885006,-0.15417098453698833,-0.1299959848751657,0
0.07770025641562277,0.026642024569057912,-0.031233071635481148,0
0.051768692725206206,-0.0043287389071147596,-0.054454675822155886,0
0.04403552458512963,-0.09387608187729599,-0.042017777882524115,0
0.13914754312074887,-0.10526391762324955,0.07882023158790497,0
0.05630987165636926,0.037309680027648784,-0.2047281552565807,0
0.027985435845421916,0.025066225449011232,0.039199611017027944,0
0.08583330046956567,-0.02775444837371717,0.1924856199693525,0
0.01216659976639731,-0.12831272283627151,-0.09440785350834713,0
0.14718351038392588,-0.06371518551996613,0.08619394656427809,0
-0.013680764411156374,0.13428488260589574,-0.11910130141697983,0
-0.013551974857232066,-0.07712532479714228,0.13157853314747747,0
-0.12078464299018621,-0.04754063947106952,-0.03632331362693802,0
0.09581370291545732,0.02204292755259482,-0.10705548698323804,0
-0.06477050261037368,-0.07945128831612658,-0.018725167837365508,0
-0.0943597615373879,-0.04275176765132915,0.17239045999134323,0
-0.013478496891611952,0.09088169525423014,-0.014757615290594007,0
0.05149238999481784,0.08188813704958832,0.05460037084283517,0
0.02200433371347342,0.12860467000764259,0.22412055153354693,0
0.004541241889115914,0.0665556395490653,-0.04606601235038829,0
-0.0013669059746409975,0.06969561221028574,-0.00032243884722476585,0
-0.13622571175008788,0.05339153737882522,0.05947744774134326,0
0.06552017390722499,-0.04693914926013427,-0.025046992178089575,0
-0.11595606693235805,0.20340754353745766,-0.1628605594002871,0
-0.060225565034134045,0.16685076791923306,-0.021389833383730284,0
0.13195657396925844,0.08720402080850803,0.0450222317013424,0
0.013198825810487503,-0.1061018322006384,-0.040477978704926726,0
-0.01716070695912276,0.12211707021647691,-0.036536855086210095,0
0.12176930864076015,0.02647449017150192,0.19360202628143608,0
0.022180374380389743,-0.05139193154264619,0.008935926845510733,0
0.0031484645052164088,0.12296794248796217,0.08314204192003194,0
0.0350813977535847,-0.026662029854814785,0.008407965280006332,0
-0.08335331628655143,0.054606334368030654,0.1369359236969654,0
0.10597655696041278,-0.0710457233156312,-0.11791708422860521,0
0.1963765046291176,-0.10024685633585805,-0.047979460326075876,0
0.09825092004201091,0.01460404477260813,-0.1196307562531904,0
-0.08105409747526413,0.052113226821346816,-0.033081218441538725,0
-0.07934951924882087,0.0961045198328761,0.04473612608511113,0
-0.05744462089279317,0.040284991286459786,-0.14645140338430954,0
0.010169189622354769,0.13253246346026593,-0.007732050707970198,0
-0.01752427465997972,0.052307856795461995,-0.04863773586326026,0
0.15257552829905965,0.03134832774785988,-0.03250234986672428,0
-0.2553693182512078,-0.14178057245562573,-0.20107253698163735,0
0.02491397695643619,0.2277416729045613,0.14604409434807153,0
-0.016427581756492025,-0.12690720576485978,0.062498144877689434,0
-0.03990985254379392,-0.21383557136069556,0.05534411321511928,0
-0.033186364779700814,-0.09863607432921404,-0.02597641146963446,0
0.06384680529543228,-0.015508810621231842,0.04263545404495767,0
0.0143643615555082,0.05760622820719946,0.11824452552158092,0
0.15585411924473802,-0.015762726325571793,0.03224083297487428,0
-0.054693944137150646,-0.012851954341204098,-0.1019053585974012,0
0.03732489959473296,-0.1298862708522724,-0.18061677181242428,0
0.09970601045670817,-0.05621000379034773,0.1374902182302712,0
-0.02931843899400401,0.028846459876239308,0.20279999459890893,0
-0.04745532599047871,-0.05325739661084455,-0.000543471308758273,0
0.03720620047012581,-0.06761645565453166,-0.21025722162076954,0
0.19836980675618485,0.10400425463287206,0.016055763787426666,0
-0.14031825805012021,0.005353819479503481,-0.20263178064174592,0
-0.059186869166379386,-0.07099707453452563,-0.07605846881363786,0
0.02927119398315914,-0.06197454624210685,0.0244999845063785,0
-0.14320753915172513,0.0019553764589238924,-0.010902555970092377,0
-0.03638291109323979,0.14101537006245377,0.08375698857195707,0
0.10512546427426295,0.021452005172067454,0.030130481094121343,0
-0.05126171320403346,-0.012016212499397431,-0.04118017497218183,0
-0.22186300091817898,0.1438426025456131,0.13052886519927218,0
0.009612490526696858,0.09745274667349534,-0.05180514233041759,0
-0.04059683761115548,-0.01912141573209579,-0.03483474394108051,0
-0.10998415871793439,0.026115259703740647,-0.04677524897238674,0
-0.11010008342370564,-0.03077653636115233,-0.12027296246146012,0
-0.013945475483151577,-0.1688595492597391,0.01899602374207878,0
-0.0820852106414977,-0.11519823119396422,-0.0321914747442302,0
0.14064694235381642,0.12479844231895316,-4.008943834901336,1
0.03342855194526486,0.04289722523103142,-0.05193888752596959,0
-0.20137436673033557,-0.11417092870013863,-0.20817738129643254,0
0.1317519456052707,0.19715677496452394,-0.05587423825419895,0
-0.04989565786539316,0.03754840843004561,-0.12221644647644246,0
0.14024991287740227,0.12853089219668454,0.025377303720398554,0
0.029643412395666133,0.026517271446035374,0.153913241743178,0
-0.27509648400411846,0.013037716501060774,0.02916664357054114,0
0.009059093752991838,0.049882756901476914,0.007633620295140031,0
-0.22509754670656196,0.11838759097160304,0.0614695354011812,0
-0.12440917729119692,-0.0193613213592039,0.212958688733072,0
0.06525684128809082,0.11356578397167619,0.188726838324066,0
-0.06434695055918312,0.07924233330721087,0.013788679654698967,0
-0.11790333644435975,-0.06347693212868133,0.00796369766621553,0
0.05589035229816106,-0.13813792381643392,-0.08665337207241394,0
0.06612943595585505,0.07560298852028172,-0.01695242916529085,0
-0.06594423753968408,0.06829168397504572,0.09175808770514528,0
0.026283343224992806,-0.13565920494595063,-0.07980547257062792,0
-0.07147116266631616,-0.02948412720918377,-0.10130783838090773,0
0.07514360198924565,0.0633671385637238,0.1838308402925575,0
0.02398338071466135,-0.13521917313673876,0.059653388583079586,0
0.008682926170990327,-0.13491296402367,0.01269001020374718,0
-0.0055486713535906765,0.11658897640726791,0.0036826488187300683,0
0.17799804986508075,-0.11492381566578508,-0.04738081385966283,0
-0.016922968196111183,-0.0076867194277571455,0.0978528525856403,0
0.03922371988853112,-0.058013354527061356,0.06067912029445769,0
0.22276545826767347,0.023901637616556833,0.00529772359765622,0
-0.03604501478102193,0.05016203731604908,-0.07480543330656801,0
0.1377871711487547,0.07681509072448772,-0.005082052145089041,0
0.08967027426506288,0.010358369335572805,-0.018111830357298804,0
-0.01787104164827472,0.01012339144828516,0.02987467377382317,0
0.08984542435559126,-0.05906718050471015,0.13131862601428043,0
0.16203861338631434,0.05872212783893374,-0.008677909384390487,0
-0.11808772502822927,0.022016576468575126,-0.22379400130924126,0
-0.2967147136867754,0.049776112699195685,-0.08735408599768811,0
0.007843698586001063,0.11002507770209331,0.14637208279463615,0
-0.002112322785206025,0.09059339040822834,0.0595338822952125,0
-0.04521365783826493,-0.07418243107734124,-0.0047449356365692604,0
0.08719604480284886,0.030074785782144065,-0.009378134468775313,0
-0.038071510041912164,0.0487845658537977,0.08184191340783947,0
-0.030672102299664158,-0.16694769745594232,-0.20043179580199766,0
0.11105391348347614,0.01879901047024055,-0.03887072659464853,0
0.12382836183401309,0.03263015980596656,0.1819974385713197,0
-0.04825114269450107,0.10728844452551489,-0.013730409487021143,0
-0.1565055931456425,0.06439701940911371,0.17238322913499377,0
-0.13213856127108956,0.06780374289639211,0.0382539980085619,0
0.32052398216785893,0.08372102581956341,-0.10406485860561321,0
-0.0677220766079643,0.029005802415451643,0.05171800072391952,0
-0.10144219323677856,0.06400268342230164,-0.059377149654604645,0
-0.022533580733429807,-0.03992508447474105,0.040110011155167685,0
-0.019062846364396768,0.07888043062053238,-0.01329063593776151,0
0.02709463838686473,0.1295322632358642,-0.11013069894673762,0
-0.12637665313509314,0.04237409378667662,-0.10706711667426468,0
-0.08804838045969571,0.15757369766827556,0.023408930665439327,0
-0.011834948529348462,-0.029880851233069956,0.024116194014382353,0
0.07055573383072969,0.04391195443472015,0.08157466280453593,0
0.04740744974273259,0.017783996997997042,-0.09979688545715548,0
-0.07363950397289479,-0.11296413380571951,0.017052611653656898,0
-0.049774349875979514,0.03091181166638032,0.035533542344437084,0
0.038184364931181894,0.02781719447091029,0.10241229127766374,0
-0.1726473203054494,0.17003889100135267,-0.11143049770550438,0
-0.04033609564804614,0.20408740510292353,-0.12853347427971903,0
0.07116334930809994,0.17290949592010374,0.12041757173433941,0
0.10662919119595844,0.07067191226816565,0.17668840684425513,0
-0.006992534035143216,0.04413857337735369,0.051247417502991346,0
0.15942865953379756,-0.001211117286401206,-0.032786523602685906,0
-0.004493826574082589,-0.003896754306158537,0.107938500895227,0
0.0757735971086122,-0.05611258445850712,0.02320933180288387,0
0.07772593021743313,0.015297712588862922,0.038607084682362,0
0.0385513656025085,-0.06413581376444465,-0.020279024537013992,0
-0.11214793666545311,-0.040962862975711,0.05106377372129539,0
0.054318444614620646,-0.01007556589746775,0.02034243156287613,0
0.00159716145981209,0.028204620690827138,0.09839385540845956,0
0.0519579122622469,0.032488945492422414,-0.09804388692466166,0
0.09241284140185732,0.027618904618153136,0.11331794796793773,0
-0.022486996595919212,0.011988938199289038,-0.0202685008578133,0
0.07835811116540263,0.026365318157421158,0.10782324205511971,0
0.07429084862365809,0.03191071811640082,0.1886413383132548,0
-0.13799322146160495,-0.01629301526784582,-0.010221116209884987,0
0.11551709570200636,-0.10104974638627635,-0.08001060927884757,0
0.017328769877158316,-0.010700854795871174,-0.07110741308692357,0
-0.01501199522727752,-0.01511586822230564,-0.10139013796875745,0
0.06489035914587413,-0.041792126623370465,-0.17822381187803965,0
-0.13205406475100012,0.15018127228004552,0.04437911207158661,0
0.03543516549288035,-0.16206319025322932,-0.12195992406698518,0
-0.0052704848019485455,0.11834805696091406,0.03699725813003392,0
-0.11670091942861383,0.046283437042677435,-0.07595312810061879,0
-0.09523828879343943,0.06472376209229545,-0.02963613840791949,0
-0.1675851713584659,-0.12989939467376574,0.13287923710770178,0
0.1383721809377198,0.045171162938975024,-0.023760409198605656,0
0.041254295238601676,-0.12514112306244446,0.1540996711168619,0
-0.18549629739672563,0.029251815373387925,0.02172833756028836,0
-0.14613938547725377,-0.06821562664603237,0.001684940165449192,0
-0.16479416002092628,-0.11949635717073522,-0.19700336599190008,0
-0.1075441593254576,-0.1711415278751136,-0.07660295855075916,0
-0.11860543653436187,-0.20589296822459613,0.06196084862433171,0
-0.025007246935521484,-3.8042793112170488,-0.019978002111612145,1
-0.04120151614918757,0.01575958017852026,-0.19986509799367438,0
0.02656383996206162,0.11443900992213794,-0.00556513218162374,0
0.11500559895413764,-0.032999227485694387,-0.07491920985714393,0
0.10493302507002643,-0.00833849924301709,0.05012818023267588,0
-0.04142049860387853,-0.059769646231744,-0.02503891391334927,0
0.05289984452192566,0.06772304018907939,-0.02169615010405535,0
-0.0819860998515297,-0.15680778741664414,0.003955369491187646,0
-0.07970823793707048,0.11141373852545314,-0.004439049505071514,0
0.10917036583816755,-0.045775951727248784,0.25675996841235676,0
0.06982292657957871,0.0338711619657262,-0.13766962969463498,0
0.019186959404712812,0.014845994549957898,-0.12299278805298748,0
-0.057008905956506366,-4.0586780714563755,0.08113861277005105,1
0.09115205714493284,-0.058269369638955126,0.010112951881749706,0
-0.10965307102189673,0.05648513896671212,0.09677354004141803,0
0.028646832194925306,0.021593631376783554,0.0050648392826918125,0
-0.06197737339102728,-0.06273906213771513,0.032742847937843635,0
-0.11722258439048275,-0.1453827993599747,-0.0621855934433479,0
-0.22801483789471644,-0.05006884567007496,0.0736473638300961,0
-0.20920629607673,-0.1125821574474262,-0.016196002126517065,0
0.18030261457058008,-0.13757763914053295,-0.02858891343490467,0
0.07354245083478678,-0.20603454468292207,0.057325944813820355,0
-0.015744326681810212,-0.12642163355110508,0.18458059428097648,0
0.013112483209006346,-0.039765936609767086,0.06627632320149422,0
-3.9822302231451756,-0.09270070445594497,-0.08826985263217958,1
0.13965477398160017,0.02529463465272129,-0.15735943944119654,0
0.08982878725373816,-0.09031595605803089,-0.09325903754266711,0
-0.038597000381936086,-0.19209265710210618,0.08701004745243496,0
-0.031874378635456474,-0.10457699917103105,0.014224689893340598,0
-0.18751566072373382,-0.11786245024666575,-0.07717737316232588,0
-0.05101601443876529,-0.07798466503458414,-0.15483154601759952,0
0.029583504999959744,-0.11334136134612878,0.057641235064629384,0
0.004129234862871914,0.09899694813682135,0.2049230287663841,0
-0.17889280999462576,0.0397195503562318,0.023909289175934895,0
-0.05215447831787245,0.041935199969624776,0.011015845912360198,0
-0.0779814599430241,-0.09413235595789937,-0.10103645149762544,0
0.08907889380290332,-0.1780618913104085,0.03242841627347968,0
-0.23506622121523413,0.004017829094694651,0.11716113989555306,0
-0.05428537263669823,0.038741293349528194,-0.03419523423676395,0
-0.01618182043358611,0.05703211474877987,-0.13099815077356033,0
0.11499386507931815,0.015589365921928276,0.12197947744261516,0
-0.04121164933539228,0.04227568536297156,0.0653113587701949,0
-0.18952577335022708,-0.1121334430251272,-0.2667445368185343,0
0.010931711475313882,0.07471820199734912,0.14039601538557142,0
-0.1877121228848069,-0.10072594154003496,-0.013155479874700155,0
-0.017504641546187714,-0.11171068871915289,0.005818380717040821,0
-0.09882649895259482,0.032833382810465,-0.12159115606604956,0
0.10873810375358708,-0.08808209237763065,-0.05314498154107575,0
-0.030598323362031388,-0.06776424791167954,0.03301745465028718,0
-0.06640922176905843,-0.049548323798217137,-0.1380054204579076,0
0.09875587517999412,0.06793112212182022,0.15063656046651466,0
-0.05440785619188118,0.09373978026296478,-0.03507054406200199,0
0.034504405598273835,-0.05105535461109798,0.20979668408449106,0
-0.05145190571648617,0.047644150615399936,0.04333810733613615,0
-0.06452707070819451,-0.04625223714917036,0.026304571298631237,0
0.06810003832642174,-0.008074377942948838,0.09057697417377468,0
0.10070541967887198,-0.031806479030653055,0.100043688169035,0
0.13601743802489394,-0.002907907039072026,-0.09202149051962828,0
-0.04742563080838413,0.06916133490328773,0.04466414394299511,0
-0.02044687004301085,-0.007075820971976975,0.005149395434744228,0
0.16364777909717187,-0.015669559744757613,-0.09068192433684705,0
0.10373343842269384,-0.1515643345143388,-0.047144686460883586,0
-0.012520820143213526,-0.028742133422938788,0.13864353782295344,0
-0.012308432904668914,-0.09491325205156127,0.2658864883662302,0
-0.07372979281521051,0.2260627842319557,-0.06707390819934227,0
-0.18507880201817967,0.17711040971956943,0.038697191641213456,0
0.045464646015886255,0.005974608442792444,-0.11727538024071167,0
0.007037837476421394,-0.11758168890185483,-0.13664802181333183,0
0.17932058956879554,-0.13300184046252245,0.03982099117495133,0
-0.028195079007588865,-0.09790055277427756,0.029257630183487905,0
-0.14159812394769497,0.03993208307800572,0.024233604496300427,0
-0.06738561065682096,-0.01907634275292412,0.06474694883215558,0
-0.03283381850132843,0.0720157253462267,0.013052770976004234,0
-0.08330469335872052,0.015270187567383527,-0.013515511782596221,0
0.02455038168594577,0.03982035853958175,-0.18602207494360923,0
0.019802086370795308,0.0660886600522984,-0.08322518181661118,0
-0.08623367935372944,0.11979871264462694,0.07185416674244045,0
0.008415506933078281,-0.05628035818626005,0.00964951952472155,0
-0.23960029984046372,0.032678230805594254,-0.01696693228666919,0
-0.041437842335192175,0.010001479224080768,-0.012752269467330171,0
0.12815365747111324,-0.18312286643849707,-0.07363110932715565,0
0.014332582038847137,0.004483640227193295,0.083549484989764,0
-0.04518944234239827,0.010666874606972136,-0.06537071363927022,0
0.051933625499263184,0.07544754021883927,-0.025682761765873197,0
0.01957288035205061,0.1497680734787392,0.045587387785925304,0
0.07793460052029583,0.009828749815078159,-0.01190075431194692,0
-0.07169529031737881,-0.07367160879762193,-0.06665720087379955,0
-0.08657678948593264,0.048247756727605035,0.16144954326749617,0
0.044801870507285096,-0.03517118234958491,-0.019258009117349203,0
0.0015180398780660646,0.07263142968122836,-0.05378421491430201,0
-0.17921704938235314,-0.18943906459119275,0.12368890674809979,0
-0.031523308607154105,-0.043326022174727336,-0.032358783209178524,0
0.023488496536314782,0.03702297712729709,-0.06308650980577345,0
0.16495905165132385,0.1416674258137691,-0.045653033671180954,0
0.008836990518602887,-0.06162487717724207,-0.12444912846646793,0
-0.09724177068147058,-0.0579446607461801,0.022282773138339526,0
-0.1365238878569431,0.010403849979154261,-0.036642345617999346,0
-0.08520237678158231,0.029692848550078615,0.10109228716497737,0
0.14296885449687735,0.1847463639067267,0.05207315114572053,0
0.05506475884235384,-0.02079877448984774,0.11282082987005532,0
-0.09098947479265652,-0.042063483413649475,-0.02530501090348472,0
0.1828792837268346,0.03391095687759383,0.004348678231260523,0
-0.006858094902307358,-0.09242437441029117,-0.05582324335167942,0
0.020443662638619964,-0.03596267276777252,0.03352733814825779,0
0.04834771105491386,-0.0997556686449395,0.02561241965542768,0
-0.09187482013307768,-0.11884040752078229,-0.18031255759978815,0
0.09794095111344508,-0.03356299678293056,0.005298427214934717,0
-0.10471332609566762,0.24095100932848879,-0.033708701532210665,0
0.06781636881370294,-0.03539128172521477,-0.057966073456501434,0
0.11731277178752396,0.07934054128692718,-0.03700171968042511,0
-0.026103470895171968,-0.08900844342243806,-0.074018990006764,0
0.2515328974456647,0.07670138466078508,-0.0053917160816201225,0
0.018680487101088848,0.06146341525063287,-0.08284791804417761,0
0.21094162352292908,0.18968123753247756,-0.0016062834860036514,0
-0.03367616833976448,0.018011578426807555,0.008994154274330283,0
0.02746054922394884,-0.19213960032144128,-0.0978429114159739,0
0.042589816131624894,-0.015241211147762302,-0.066124148163136,0
0.09464477192949469,-0.01807443229517706,-0.021702606963993915,0
0.01974231542532827,0.11440933286466226,0.06485026518905468,0
0.09351956145829395,-0.2415766108981325,0.15296376152625576,0
-0.01578241627597845,0.050363574604929295,0.017688179313168875,0
0.2127804468318869,0.13027111490003787,-0.0359861907410692,0
-0.0029958583210583233,0.19089520958854825,0.05807810909698979,0
-0.1419584559123421,0.09450638176007882,-0.18259512094735383,0
-0.05561225154355598,-0.03384993621893697,-0.07458819231052269,0
-0.02187943594390591,0.09613584717785698,0.006752889085928378,0
0.07541982964160938,0.03618983547519731,-0.2548843188335545,0
-0.03815340193969534,0.15485470193385723,-0.11974943524526854,0
0.06547248128844786,0.007521394642319152,-0.16784675512710698,0
-0.1143877597067224,-0.1429473725654415,-0.03799509632141533,0
-0.10320706408850798,-0.08201961014009843,-0.05308736644418182,0
0.1016249953898978,-0.035999828237270375,0.1415176052324245,0
0.18688432810027164,-0.017905918688730593,0.0032853485797970233,0
-0.09848287038026966,-0.09512705262783214,0.1597639992287243,0
-0.188345349379934,-0.03340395888009924,-0.09878707781197814,0
0.016436285106967423,0.20810065663928268,0.028895735818854573,0
0.03103030664219726,0.11545173951556785,0.13570019616835177,0
-0.1471645043755755,-0.0798436046855975,0.0482950662424769,0
0.039512016618987754,-0.012986648569803368,0.0887121163483226,0
0.07352040530305058,0.058129024667560536,0.03626898328737263,0
-0.024381597297856408,0.014177723680573174,-0.1333216912322144,0
-0.09548395974229767,0.015829811122625017,0.07039018198320326,0
0.05887367518544822,-0.04098936673169361,-0.1042067101975801,0
-0.025135582778221678,-0.1605469252495385,0.0218231726968733,0
0.20860060275869863,-0.16234099461282014,0.046737953846288136,0
0.17145758040923828,-0.11315475375427747,-0.18384113074529682,0
-0.052507256577856945,-0.041638168568906675,0.016407981223227477,0
0.07164315106266637,0.0686940753147068,3.944890233611102,1
0.036995817142661036,-0.043659005302559846,0.019531235715960077,0
-0.00916154126779581,0.19761256925689621,0.08406468363077797,0
0.15920899058991472,0.07552908900681964,-0.026707436903771004,0
-0.022883464494498955,-0.1372407394377709,-0.10630638652729507,0
-0.17334889173831938,-0.009148858848667299,-0.09325515197860229,0
-0.1338150964340959,-0.0035379607522690567,0.02042508189846709,0
0.25525897916088336,-0.04038790807034494,-0.022666858058430495,0
0.10053999657851985,-0.03445214650951618,0.03511511892990697,0
-0.08040017033685529,-0.008489701683902172,0.0035324574628307157,0
0.026686088941508115,0.038774967525813664,-7.587822247160945e-05,0
-0.08072463644310994,0.08489964573957672,0.03637559041415794,0
0.032928393699025775,0.018906637701187157,0.023652955437011326,0
-0.07113751665707498,-0.006654658704261742,-0.0064309707015131395,0
0.14944209821710028,0.009964080158001487,-0.06476570864953042,0
-0.048283613443595025,0.06502263838566813,-4.15913275137181,1
0.07544309329637681,0.13506776478678809,-0.236095184839618,0
-0.10139355536696425,-0.14355222968492534,0.13728711777525246,0
-0.12894510565820358,-0.11668302157624809,-0.17135906245461893,0
0.13952388752525255,0.025810212373220665,0.0013355929033702374,0
0.14361581861278333,0.025332056769567898,-0.10312097601717916,0
0.09209429391238946,-0.07112441113847977,0.03043349769271252,0
-0.10554622568956279,0.164329983823571,0.0786583356757583,0
-0.009604342426413377,0.04586913905696957,-0.09535461414354122,0
-0.02081228919172265,0.27029805617743796,0.009898938928167648,0
0.13005323324870752,-0.02659866049632542,-0.016582913413143795,0
0.010105255638502534,0.09755290728930394,0.017917318192930683,0
0.08144038476341303,0.08927025954071438,0.19059744087965946,0
0.06845320685302728,-0.12329905559651205,0.1628163442400603,0
0.13646619905274984,-0.07798713311372168,-0.060640508974910905,0
0.0773890497255908,0.06704564305350107,-0.0369543648382206,0
0.08141462732790955,-0.16273742846905184,0.1677752447987696,0
-0.021374030434008668,0.1243408521270945,-0.040845896967895014,0
0.047094289064826156,0.07277363065681725,0.04570856953336816,0
0.04018821252117578,-0.0009237906999122452,-0.0459512218255912,0
0.1600135984778418,-0.2539588921368057,-0.13613087546900607,0
0.08041865162847567,-0.03176734381936425,0.03482151034073687,0
-0.05377710572194044,0.011666410983310905,-0.0899764757511786,0
-0.1437760582350279,0.09280381441304753,0.074822675329132,0
-0.0024736178885405636,0.13416435937864263,0.10669415154272802,0
0.2507088556120316,0.11736541021874028,0.12456609595823234,0
0.12593075538290163,0.10425164330878739,-4.0896478231198445,1
0.09948346937241262,0.11424886746073455,0.11659773925531841,0
-0.13238217352392076,0.07596773009301558,0.11039757749741941,0
-0.07482438718755494,-0.10770317315071004,-0.023728878624594024,0
-0.16647675121161454,0.13774354376374368,-0.05428553568546251,0
0.0873311756732701,0.003790117198481693,0.1577163326212927,0
0.15517346094984907,0.12729190675540486,0.019662464947886045,0
-0.06460611995832122,-0.011724941356461505,-0.06636955052134365,0
-0.0562972700697793,-0.13146596026360563,-0.022357345277243104,0
-0.07008628371787597,-0.20874809077754053,0.0066882383728962035,0
0.06533838703051346,0.04205202244878778,-0.19639189342013283,0
-0.12148615575981916,0.041616512630000074,0.02511361923290933,0
-0.14663198773122663,0.12738430443699464,-0.11217848883822164,0
-0.049493338768538134,-0.0570875329094172,0.06190596006134838,0
0.028458480346601533,-0.04017434138055804,-0.029004323903824937,0
0.025758948348711116,0.1639934165931563,-0.0563328612690141,0
-0.0337372500192437,0.09976234200889535,0.18074022286970942,0
0.02932626476493625,0.07298085109431245,0.10207428957240149,0
0.02768029499200522,0.026829028840394953,0.019267003520761137,0
0.12604585463485293,0.03339764374580839,0.04512519244724861,0
0.12477390084774265,0.17701031722177746,0.07461315047195764,0
-0.05812491919960905,0.07837715296072256,0.06071776245076255,0
-0.14240909638352894,-0.14521547127675669,0.05883698396099989,0
0.2567353015595347,0.07602732372938575,0.32177826758388456,0
-0.04896516489405481,-0.033498357285912314,-0.0901186134827595,0
0.027700554293010684,-0.02930897502813118,-0.07334269487397864,0
0.125831363236617,0.0841925673007266,0.13349105951188897,0
-0.05586683233078191,-0.05411550578040393,-0.02946275474528396,0
-0.023675758819340684,-0.06433268936414176,-3.9612536462470436,1
0.05490102690946648,-0.11851407272266663,-0.0029177095983927755,0
-0.10635199651717893,-0.08940962987393886,-0.09788775518871476,0
0.04498331603511238,0.18770234079906706,-0.08711709630417697,0
0.005131931147234785,-0.01642562638556754,-0.11014365398205656,0
0.16863490825190583,0.04235252912205825,-0.1480233621961574,0
-0.19204212542113536,-0.019569708279197115,-0.08048681245344767,0
0.14170103437704137,0.032015583288597264,-0.04892166317264584,0
0.0032774584144559197,0.20511921582329512,-0.030748948004612697,0
-0.06259985526580752,-0.007703592819546876,-0.13378780176457264,0
0.05999786603999169,-0.054917419087698864,0.056045067437657886,0
-0.10453704638493327,-0.03022140933053649,0.046325571757709766,0
-0.06527640014845774,-0.08059696157285635,0.06479674734197953,0
1.9749864492922253,0.009814346585180015,-0.03439776693446153,0
2.1100164032466298,-0.01202309444194026,-0.12244484463239505,0
1.9308169829100819,0.0027323944666882622,-0.012648459513528063,0
2.0592446188536755,0.21708350431148757,-0.0021299026598510513,0
2.0152459478443783,-0.10183143502701086,0.0006158779542121109,0
1.9117288441930873,-0.00777724737102142,0.14575748957469756,0
2.0044199899005806,0.07184382209304445,-0.08652754500931491,0
2.066316958543967,-0.04953479438292655,0.20822216571938224,0
2.027388213682819,-0.13980400193095402,-0.030860341306359302,0
1.9660157921899153,0.05401027131947178,0.0018235804114999173,0
2.141414270277875,0.16635181949804922,-0.2588831707174332,0
2.1075880025148055,-0.029330027339679234,-0.0319943636701793,0
2.1191733707416356,0.12116978400374634,-0.0010314305633634224,0
2.089395447878139,0.10230170641289647,-0.053035433786225716,0
1.9861122465323287,0.017625389358227998,0.13955288170174993,0
2.0660567633333584,-0.026455951332645812,-0.000753382404867687,0
1.8565441409818613,0.05724929400049822,-0.06062217060313189,0
1.9866621093062842,-0.05131263814840838,-0.12874124722305855,0
2.1202559130248892,-0.020440976854801913,0.04000276563855534,0
1.9514354223992867,-0.09472375290951104,0.06761227995865685,0
2.0430401533953133,-0.14335976411230578,0.0738023714356117,0
1.928664476050567,-0.03299894789858004,0.05232071481178943,0
1.92113930962799,0.06107009265790811,0.04322515808773265,0
1.9746113676426855,-0.057826849098046446,-0.28332848119870946,0
1.9405003308115063,0.027864222404040753,0.09405323590354057,0
1.9508098084501826,0.04996368746373507,-0.17064129493811497,0
1.8128981427750124,-0.21319580144135966,-0.03614424419625074,0
1.9721358569165361,0.11492074338602638,-0.009759437075737877,0
2.0066147350721444,0.05798176104395321,0.08367034312017971,0
1.9501841807683862,-0.11236296902353758,-0.013002039414765468,0
2.1366079522931942,0.09804119681381758,-0.09125505635262278,0
1.9613653472734291,0.010023932074458989,0.18717570148671364,0
1.8777391421132745,-0.011639351698866951,-0.23113815377622626,0
1.7296361420490352,0.0435125380034006,0.14138261523683726,0
2.070017848758648,-0.0023086799915094307,0.05338446795248866,0
2.1136525072349417,-0.07055121747277547,0.031476981712441045,0
2.0149636607724126,0.10366364588493247,-0.16102725124564554,0
2.04568997716624,0.0792404441790167,0.1176984329243067,0
2.1162975864788924,0.12407586660578857,-0.027418734733581657,0
1.9472785813614117,-0.03130117280425059,0.16884784471610034,0
2.061325564342177,0.04226277488664093,0.018917633916135438,0
2.0317737356558614,0.004938480363416482,0.11035340162624246,0
1.9411942377144578,0.038647641487044825,-0.0856539499317255,0
2.0087868967252036,0.012801975853579457,4.020330748658532,1
2.018347634987171,0.011863793585807497,-0.015379778036768847,0
1.9708616826540877,0.046843991396336625,-0.04671193471223628,0
1.8771159905261674,-0.035397737846823735,-0.026551095410759947,0
1.8368237915320762,0.14709793726829165,-0.08011358754303603,0
2.1279822330191953,0.16653237085453843,0.23276670877322078,0
1.992782959114121,0.08871343970173587,-0.0852153387159778,0
1.9479205814533602,0.15770514249151207,-0.06921203207940838,0
2.1461677996929795,-0.11995777023538284,-0.1440834277505129,0
2.028316276029923,0.04689990671861097,-0.019497424527176066,0
2.1321102902446847,-0.12966436458378303,0.004525633486442587,0
2.035704494260845,0.020349409436365342,-0.11722434933390352,0
1.9833434791023266,-0.1147025101193575,0.001945280340531555,0
2.0277868639236964,0.13561589457424714,0.058588229114772516,0
1.979935250582443,-0.1391786409034259,-0.026104148510609184,0
1.996226061953602,0.2060387269524775,-0.009374578512402226,0
2.07400014325502,-0.06919208412467005,-0.050642253226590044,0
2.030223919503238,-0.01816966124500498,-0.07467812421831206,0
1.9789617139031248,-0.2641539600902406,0.048454583243154006,0
2.003009252460721,-0.08788596575110408,0.015905910563914695,0
2.070274262793659,-0.07546924145286725,-0.11038338719167083,0
2.1411073385954476,-0.00014661416566340654,0.1109607729769663,0
2.0193166607650723,0.17712830656140138,-0.12713205989322393,0
2.0798438901280876,-0.09947182400360935,0.10201846847395651,0
1.9991331368792398,-0.016722547427760217,0.03130941900060929,0
1.8868343030827277,0.17272792849113383,0.17757011051651134,0
1.7353323296634593,0.03308074398474058,0.08270606483201928,0
2.1001473290521635,-0.110064223160005,0.10985014865885337,0
2.062365386210168,0.15382409299207447,-0.22412210056329687,0
2.070909458583805,-0.07263216072040014,0.05974470246545193,0
1.9990724434605904,-0.016069049641493152,0.004894825909885825,0
2.200042559362293,-0.11494590521407487,-0.04836494447671773,0
2.2492372378715935,-0.048814511126026375,0.10302590389861566,0
1.9627696942039285,0.08363649503688117,0.12949688891654126,0
2.013998145883521,-0.17868383788155462,-0.1249216093376186,0
2.0290156090845697,0.24874770086846834,0.03295930071579421,0
1.921898820183321,-0.2016963261157844,-0.21400645726190948,0
2.044039759335536,-0.061709477919150074,-0.12406192369347734,0
1.9580858812357689,-0.11252787913211132,-0.13945003117975216,0
2.002810345829834,0.06362605146125404,-0.07814040588874752,0
1.9315538078020014,0.02712085034235815,0.020124557195496173,0
2.058563975417897,-0.035619939035949476,-0.10467605891203857,0
1.9041298047710664,-0.03680526337875053,-0.08916494977331654,0
2.0314915122265873,-0.05821376102726732,0.09321242021345995,0
1.8465562947486909,0.14419091171200718,0.049685926894775335,0
2.021190318906176,-0.02632306579856197,-0.05461409348367527,0
2.1120656708099887,0.019110479842041634,-0.12768232983988448,0
2.031436172947583,0.015547342011789513,0.18735800046864684,0
2.013833906969737,0.09003230607094323,-0.03757114531131733,0
1.945903333409296,0.17367623612218255,-0.06782578232415361,0
1.9996678378311226,-0.07670573957670529,0.24729848718955005,0
2.030568945579252,-0.15702867077336025,0.16343611610166553,0
1.9913697556012953,-0.004432348718176832,0.15780667397926446,0
2.1088261897252174,-0.039898150986475596,-0.12876819468293665,0
2.0614446191076947,0.08004136390801488,-0.09255160988531877,0
1.9575401294543535,-0.05823335290130732,-0.046022200588204325,0
1.9533181556382164,0.1862992976356701,-0.032030503400617145,0
1.9487261801866904,0.12728362623220818,-0.054624911818004676,0
2.02949910709901,0.09847221310008972,0.022628073184586445,0
1.8984920365955882,0.08066476159500449,0.22438419762149608,0
-2.0925559351023395,-0.03639806168274302,0.03091072344796851,1
1.875824691992035,-0.04457300214809212,-0.17468635009666422,0
2.035416207904814,-0.11306909928857903,0.10973421455287685,0
2.0407080983121264,-0.16579800076472428,0.16603916925334766,0
1.9277114671800542,0.11772688797729516,0.15360442313674802,0
1.974596730792473,0.05064634271818901,-0.17035141089285338,0
2.0623800306457727,0.0444010244323697,0.07058898051095358,0
1.972266670118112,-0.056446112114281015,0.04661060292801995,0
1.900860792766925,-0.06409105216943194,-0.13536945451234372,0
2.1169472909712805,-0.13955611599962486,0.03564095399086048,0
2.0038017944422863,0.11565118344315917,0.013712124358787284,0
2.093463313955429,0.0049894245109098284,0.044335857819260034,0
2.026250751584348,0.06608027828286141,-0.11972906460135264,0
1.959795395110563,-0.08632702754605188,0.0469225606077672,0
1.9635096729613077,0.10105812162758064,-0.07940196245843024,0
2.0471848650443767,-0.1460502773292208,-0.13911202371385026,0
1.9303157657416368,0.06603514037413749,-0.049517754076995664,0
1.7827449089816827,-0.04869796436911491,0.0989967648980496,0
2.1614510759062595,0.04397399397888146,-0.028757964216275935,0
1.951017563389393,0.06028491566898464,-0.09983525261655728,0
1.9409998316875774,-0.09434405937753079,-0.16618703975901394,0
2.1095504801973792,0.06020994641396582,-0.02139800186705907,0
2.010091630485616,-0.07104842623068149,0.006602291346919343,0
2.152357185334978,-0.11563596894614186,0.0817341893630727,0
1.9788793323752185,-0.039919893487309066,-0.06650431350946877,0
1.8775775116138547,-0.0014421763311832378,-0.008947283941379055,0
2.0653595695684457,-0.05596040009259981,0.014500758102071487,0
2.006747745496254,0.08196413985626448,-0.07096504401910997,0
2.1007710276636464,-0.07175013626288541,-0.04786504724976527,0
1.735147697028491,-0.08209610980043656,-0.00585506930905101,0
2.0466530296549617,-0.05386552554888938,0.12582539940179832,0
2.0032260970198763,-0.07536013055566831,-0.06540110386824538,0
2.068635508784931,0.17707027046905613,0.264984678154867,0
1.9914481587571866,0.046123999529471216,0.05226282245947607,0
2.024446843131723,-0.050649374390082075,0.12196518111236405,0
1.9952183373020989,0.17294508322770155,-0.038208412701840756,0
1.9037756668930683,0.1451771158422672,0.04548538295714324,0
1.9563168539080444,-0.06384207144875952,-0.1615367467738277,0
1.9226288807041114,-0.1427764099053073,0.13714521573841396,0
1.9004655180230647,-0.13750321659206963,-0.011813468518416024,0
1.982965324841879,-0.027471261976111817,-0.0007235283450481161,0
1.8922224663029206,-0.0580773877387096,-0.07484127637395831,0
1.9102600403286014,-0.0990937525529448,-0.02062442302326027,0
2.0106176851919906,0.22083065865519913,-0.07650669881542577,0
1.9514810379929788,-0.09156345354184026,0.043728373576347665,0
1.915413968948879,-0.009357690592972678,-0.04117144893743684,0
1.7685535997157262,0.04246135482457171,-0.03667273805896305,0
1.981348336121738,0.12170802994039985,0.1941295037005984,0
2.0408387645929,-0.052546075101947726,0.1154615970931068,0
1.9831014530282631,0.09121686132008781,0.06758301602700754,0
2.169078334739696,0.09751283298371294,0.06148695396526974,0
2.055617589856351,-0.17090405566480177,0.033885656292641224,0
1.9154085619126429,0.11172798256331806,-0.076990566524471,0
2.076567152221893,0.06259945869226802,-0.04985577717002096,0
1.8674879627388907,-0.08277174173188562,-0.13030829429160395,0
1.9187694992316002,0.0029400413764095485,0.1351452401577755,0
1.9862292636490357,0.008146959982695105,0.04332856750343908,0
1.8047011027403541,-0.1802602205747812,0.0075965634699221955,0
2.1259574915091486,0.19026478592947613,-0.03379302549969529,0
1.9919101682374547,-0.16902380920886173,-0.0620793806781888,0
1.9020155538973478,0.12810095035603777,0.02522568924117098,0
2.0613839844432493,0.031161189133111028,0.2765672926501746,0
1.9630321668854072,0.09727474348520909,-0.032252089802420086,0
2.0391871077297785,0.16645342733627974,0.17006257095299826,0
1.8567585430153646,-0.03452346715333245,-0.056927952641270645,0
1.99788134408969,0.031367175327731624,0.04105619186375484,0
2.1251850209311485,0.0038720993550614043,0.027833197935161022,0
1.8212286947655227,0.11382677626970361,0.00021725768394377666,0
1.826467323680192,-0.10723062705546188,0.010850877404621335,0
2.085950235247363,0.2201858682283523,0.06406363202803483,0
1.852860521515301,0.16043334231817907,0.0016764741730227785,0
2.0348746859276137,0.10152294075923295,-0.016102367044232867,0
1.9460166086189647,0.01761971548402175,-0.061319610288651176,0
2.055108777029044,0.0895867885468464,0.06211912133836181,0
1.980157697122822,0.16118457858555943,-0.04108547361524532,0
1.8316479411857225,-0.027891316829935744,-0.09096858565370085,0
1.9864408702074294,-0.008634839963282029,-0.011319675167937119,0
1.9500704891784584,0.06649649368089015,0.030528067869285233,0
2.036647688297413,0.009955556813862749,-0.04054183956093156,0
1.9622721739181432,-0.011149469168529935,0.16112394332205277,0
2.020573645058696,0.002149101900180188,0.1384658235845018,0
2.069942371029529,-0.15824510198755018,0.12960239252872055,0
1.967892235114061,0.007639412501660248,0.05384319326839687,0
1.9562434998003737,-0.031079177129098308,0.11059344465205118,0
2.1155267345848383,-0.23487240442310406,-0.05504098098013214,0
1.9436363581652503,-0.03295406732511082,-0.11685847178157005,0
1.9781294026931793,0.01585520574189665,0.05762206011927151,0
2.0105619936164723,0.06290082379640528,0.032882478547147084,0
1.8175782239094667,-0.0941463801914065,0.06230407247336749,0
2.1435415319362354,-0.12407222696464366,0.09537308469984444,0
2.1468285512683973,-0.07144677015458388,0.06710508169275671,0
2.01476925848403,0.15562426458954604,-0.10895498605019537,0
1.990098143646387,0.0594655093652881,0.19218781835511628,0
1.926584394311624,0.057619935965651736,-0.024675919038384522,0
1.99808116554351,0.06099443594932538,0.07289130955607839,0
2.1974756651318383,-0.08328264322716239,0.045185111642555814,0
2.0003194600623337,-0.03532058147140517,0.10119411858088544,0
2.037433503618371,0.06502180757585395,-0.007626724788664334,0
1.8452510193740082,-0.10580836126417664,0.27497456851736257,0
1.8937986865175527,-0.016809620083689667,0.13804592805874,0
2.1392636917906587,0.0348436083642066,0.21409850473247,0
2.0626679461593023,0.059178470249323815,-0.06809078259873186,0
2.076049255994339,0.12777744295105398,-0.06716956943411771,0
2.017008259993396,-0.024391837559843553,0.05480541483681844,0
2.0403864193928585,0.008973889306113453,-0.014944141246531782,0
1.8921097891256435,-0.05528425100804203,-0.03895934744171773,0
2.12637740713343,0.03395285382981363,-0.13742397424603495,0
2.073431691998417,0.06217569927892794,-0.027679120229758648,0
1.9182559347283659,-0.16392034067416586,-0.010416565435803755,0
1.9083074358149492,0.03344145086544898,-0.04366220639692567,0
2.204180775432775,0.1654240089404707,-0.013939423768348403,0
2.0110684000929484,0.001968553967735981,0.12193398231543824,0
2.121633652279872,-0.09656308403930776,0.0334019447846036,0
2.0140177414917937,0.10428063342692806,-0.0033042973126538376,0
2.0183230124726377,0.043964727227915154,-0.08624899812241327,0
2.1772910983992304,-0.061042446016033196,0.05997174133157482,0
1.980373144762185,-0.022054506396048,-0.014585324454673568,0
1.967415039324718,0.18724691445457997,-0.042295504039230464,0
2.011169796189286,0.002841460363692561,0.06360448831372939,0
2.039471145900865,-0.046158211958144124,0.022010811298929234,0
2.0776812898736927,-0.1223166666272419,-0.0068158832317934395,0
2.0107857783072838,-0.0027172161551754764,0.17472439709648202,0
2.035752159877796,0.035480482839842994,0.04511642474351309,0
1.9384142875648307,0.027687921029642015,-0.02097270684590959,0
1.8957227615756385,-0.02438118788296368,0.00412132976236124,0
1.9135044727631956,0.024902381770364825,0.031364803209159256,0
1.9850406181891447,-0.2297838580260498,-0.1293059677951921,0
2.0582060209831092,-0.012472236110901376,-0.14909882574184213,0
1.9449520397551732,0.09459289837095769,-0.014932095720464451,0
2.024112254497331,0.13935841480741926,0.12355501011693425,0
1.816663543520683,0.1277031259971216,-0.08232719413997118,0
1.8761122383736009,0.13484814527883013,0.007009030110231015,0
1.9248746376791306,-0.10478423873031462,0.20410660653108983,0
2.0248090010591286,0.20835605248008246,-0.00950544065327621,0
2.046623466045878,0.15096098211682743,-0.0976624792369782,0
2.0152213285259073,0.07825371665998182,0.0323355097601781,0
1.737068651582028,-0.015401493918212576,-0.1088697931383922,0
1.893520583084141,0.0761567127714675,0.09730029157505149,0
1.874493009732779,0.014857385306776478,-0.11204292169938133,0
2.017010942818559,-0.06291234548211279,-0.18389224801587967,0
2.03980065092348,-0.029070451608350013,-0.13806053961968195,0
1.9789829744165808,-0.07205438845302944,0.08935555211765694,0
2.1337780509310362,-0.02662846257440209,0.011681286519475193,0
1.9315811114598824,0.14027987008522325,0.1258193851692641,0
2.150755609434178,0.05181674375399743,0.07827876556433529,0
2.0016829630761124,-0.15361191139435293,0.016550756271130146,0
1.8971212821011374,0.14656617409576386,0.0213581781197391,0
2.146332238151785,0.18982313811965856,-0.0819919377856053,0
2.21716905113286,-0.09674991095299501,-0.05330676272263335,0
2.001041694338647,0.14996736579951195,0.02577444488689161,0
1.938852494244798,-0.024413294662625037,0.1254335676735828,0
2.0427409194248654,0.050340142893481044,0.13167826558663923,0
2.040192067647666,-0.042015104620952266,0.01934606966355104,0
2.0719843443634156,0.019834619945759985,-0.11487993866172626,0
2.1288705600936466,-0.08885178041897035,-0.10694233783234126,0
2.0388759803564804,0.00045351107452265755,-0.2051614928766597,0
1.9568550598988668,0.12006204039777789,-0.08646321016911823,0
1.9362242659629278,0.03831465830870682,0.1369101148250354,0
1.9334746773858535,-0.03833013517330981,-0.03395763768965287,0
1.9649095905790122,0.129777271385877,0.08797244580814922,0
1.8819283646156817,-0.03690420318189979,-0.015765713643481043,0
1.9320177699020202,0.034388035677045924,0.023071501739474844,0
2.068190838657451,0.016850859633690218,0.08263320424482695,0
2.022383582781281,-0.08008562444246276,-0.19078670996332334,0
1.9758898373291047,-0.22768483003128975,-0.05170213380476281,0
1.9319212950698816,-0.0544589810569131,-0.047576778911313906,0
1.9491252752655277,0.037825776863721454,0.009013336628755616,0
1.9195769812674521,0.049326537482218484,-0.013843153251850657,0
2.0623432424451074,0.1663343757450454,0.05805296598341506,0
2.0070985708608733,0.037832595721034715,-0.13858986731978165,0
1.9619645189168171,0.006587150787822277,-0.13875077342735298,0
2.019179647187813,-0.035821059499201925,-0.07852607073809878,0
2.0549916308301093,-0.06222945239681456,-0.0025148911135123245,0
2.0429773575736125,0.05937467414085762,0.14903752559359462,0
2.1292129850669554,0.013152755194520999,0.03257850181408661,0
2.095480300156497,0.0646211865857431,-0.09415493861577545,0
2.1134935497880973,-0.03937426292007631,-0.139075956494331,0
1.9930159237482288,-0.061837503402824706,-0.020506344541020786,0
2.149008826531781,-0.10129656081517986,0.09276391784471283,0
1.8891007939271294,0.06965170076646916,0.12349286772912522,0
1.807416078368655,0.02369481697899171,0.002890713716431384,0
1.868232781992536,-0.13714930469743167,-0.06264376788938551,0
1.8841680821187072,0.020018979308695256,-0.0764650332789563,0
2.0690650411950253,0.007047361027947,0.06321130691658114,0
2.0030041653913724,-0.2047694738569645,-0.08813544219496086,0
2.0112305868584186,0.004655595475534376,-0.11487097275356338,0
1.9520251152639012,0.1619713399366405,0.03279765281316851,0
1.923825873338314,-0.0118425966303204,-0.05364396912161645,0
1.989839922023463,-0.04565833641849392,-0.06718518548348722,0
1.9459702709897078,0.25982024600497605,-0.11712152158210204,0
2.0844055668620936,0.153714413854017,-0.022659435263773807,0
2.0224293593682727,-0.06650093476045353,0.12774660374604338,0
2.2523177851738576,-0.16354563430561705,0.04617810838498396,0
2.096744215900726,0.032909626420766704,0.06002802026802212,0
2.0109528860658554,0.07378125897967332,0.18668776422742006,0
1.9544664060340988,0.13320137125722362,0.03653517040259566,0
2.043395497891691,-0.11800769508009608,0.05154628634430497,0
6.078731853413851,-0.10730345519033646,-0.10385648751285813,1
2.0010074531815465,0.0793067742575839,-4.035080572634025,1
1.8951429099260193,0.17487031691891258,0.06827249430894454,0
2.006344017737932,-0.03867322683520307,-0.08098006015357818,0
1.9813478794154507,0.00574900952372484,-0.03477726809195235,0
1.9380869949967798,0.12272801566541656,-0.03200562338482212,0
1.965788846311751,0.016066877353081533,-0.1893184113060846,0
1.9840467310086485,0.04830666972680211,0.0123288126390897,0
2.0851056431613086,0.010992101058207304,0.021911859739920617,0
2.08473557892975,-0.09574867836794355,0.02305267158701331,0
1.7648031665009798,0.030123402177366834,0.13913079923047816,0
1.9437580010757363,-0.02451577019342632,-0.16687374800364696,0
2.029173987759019,0.12251593931030616,0.031564663543291994,0
1.9469794063003254,-0.08623943120918494,-0.050302095675582026,0
1.9303140559696932,0.06243721725852808,-0.10454709725772525,0
1.9803581816404803,-0.08533232273669804,0.11466520013295288,0
2.0201477069011187,-0.19482008259795847,-0.07503919031684135,0
2.010413809129184,0.15893500773529526,0.07858943684781572,0
2.032790236174668,-0.1288378189665291,-0.13791534385868418,0
2.1490172811698867,-0.07972140511286634,0.09926696714970262,0
2.0463666810032124,-0.04317025380874339,-0.08653207606421692,0
2.1106605367862166,-0.03678242347805197,0.11209280354668652,0
1.8690195010248167,-0.0780273407909289,-0.022446914825750963,0
2.1915447016014777,-0.027743059890392677,0.029269572929583168,0
1.954916720506059,0.03304316061404424,0.07958111587199479,0
1.8204735785258561,-0.03372043694359032,0.030210839607122536,0
2.074312717441936,0.11590652956206021,0.1604728837013538,0
2.094952607446296,-0.010802255881605544,-0.18354726031660584,0
2.1356584979059026,-0.10824012563254343,-0.12371240537676094,0
2.137198297861724,-0.09953775270168758,0.03775842419523742,0
1.8858482379513923,-0.06941872408709492,-0.08320524095341418,0
2.0049574263231156,0.08998856229791663,-0.012897454450972415,0
2.045058710103459,-0.020565120555128356,-0.0871006531883517,0
2.0971522719293403,0.0883058040062383,-0.0038515893944101004,0
2.0173000366630127,0.0370226458912175,0.028622647315276424,0
-2.05881817360571,-0.023793859923188717,-0.14009543578411923,1
2.169530775015663,-0.20683975827150897,0.021689370545995883,0
2.021726710527613,0.05667094998517711,0.09257227780079605,0
2.0158088662093547,-0.02659535463043236,-0.20621491773767375,0
2.0397370671096042,0.08525387566253868,0.012929226582383638,0
2.082726290867973,-0.07979989052709047,0.050904521639757644,0
2.0036366385047892,0.07726217357292386,0.08722647122221051,0
1.7884032862486967,-0.06706158169599732,-0.01359951532475516,0
1.8428673916253968,-0.022306720248825358,0.11631535134165497,0
2.098690996434428,-0.012907281597247175,-0.04684162297514966,0
2.024125972666941,0.0852971977556112,0.10868530597959224,0
5.975708915161445,0.04000206694004424,-0.004937602463447738,1
1.8490278736579713,0.04956203279091753,-0.16510291392082532,0
1.9174549443642082,0.1575769420355629,0.20104011966891783,0
2.00840615591937,-0.06907663605577101,-0.04334229985759934,0
2.020634637037687,0.09878395045881114,-0.14919640848486151,0
2.049935811987377,-0.005263063343424475,0.029648407943350802,0
2.0669523615300056,0.2048314759310318,0.08436186456223685,0
1.9207232087137354,0.1215273479540669,0.01443870904317486,0
2.175108474848707,-0.08065363808111586,0.09459851910194454,0
2.1593016132631857,0.14312258879269768,-0.0788999461488234,0
1.8033007192722588,0.08099621010824422,0.0537446628105601,0
2.1284588771248463,-0.08636191255317333,-0.2233771469970285,0
1.942521337748853,-0.008955052117039905,-0.08488217112041907,0
2.1321249911817297,0.14656327306273165,0.07445323229629605,0
2.1435718762083322,0.21862974633064775,0.024482845483994396,0
1.9859544815001096,0.05531376967182408,-0.03008878820138953,0
1.9614998010758027,-0.09344767888495888,0.09788564790407747,0
1.7838630285489405,0.01076001190311927,-0.1526249364353598,0
2.031522349385811,0.07045841229089257,-0.09128252867130454,0
1.9616933541832902,0.16170425060174076,-0.09671001920091488,0
2.0764071807987934,-0.055581180806723,0.07123156173860101,0
1.9560756697935944,0.037915337651812625,-0.1841064078640798,0
1.9864705388702213,-0.14916866083859232,0.039407153166621356,0
2.030422212045173,-0.06393510678699149,0.12424761969434941,0
1.8970710299246456,-0.03687578520160919,0.033535555992676845,0
2.0997660538043412,0.149031277778947,-0.11109701381889865,0
1.9624767024956589,0.04563165982318732,0.10894948567524916,0
1.967406270894931,0.0921736985963729,0.1361880505565714,0
2.0930141864258673,-0.05555186844783686,-0.03167923169876113,0
2.0306061679713614,0.04321419940481483,-0.019863311517212812,0
2.0398051167993856,0.010027400285300633,0.009471647516828045,0
1.9925412365888802,0.03969619800583802,0.05105014670092672,0
2.100915702886059,-0.1010908025760256,-0.005310136819573748,0
2.0676379726562306,-0.018968046158758134,-0.012836709972649,0
1.9948361825138783,-0.02334310241368556,-0.02457169218562521,0
1.7806042660193087,0.01979334295235035,-0.05366980867249624,0
2.089529778402963,0.042332591630755055,-0.0547652437110019,0
1.9289542526928818,0.12119737520305512,-0.006559979528549403,0
1.9959599058585857,-0.02332468157075047,-0.2422669408473715,0
1.6949866195159544,-0.22419016825788482,-0.06168708875049822,0
2.109606669753111,0.026126306790476367,0.0502276797438162,0
2.33242555068442,-0.0021729107227366324,0.09203646400147698,0
1.9034181137421284,-0.10193272548544115,0.006804926260277329,0
2.1055500503412685,0.03476249119134513,-0.027032418274786973,0
1.9260170710997535,-0.06669765022349351,0.07730077637542215,0
2.0907179942259355,-0.042206131957158194,-0.022703014784884575,0
2.0719820935817475,0.08310106493034275,-0.03087075158690436,0
1.8597789839205117,0.06683443800293151,0.12410332077005551,0
1.8995178419168617,-0.022318669434960497,0.12140882859775325,0
2.052488931214363,-0.026083188972750276,-0.00011476350571764896,0
5.928685934524903,-0.026010331424757095,0.1952883541145832,1
2.0448039178106647,0.015253830881012493,0.09667255250902528,0
1.9956087217409653,0.09325314434442505,0.006058752902258387,0
1.998309444490932,-0.1449701142525624,0.20474600036265023,0
1.9304199487841598,-0.10384755109084264,-0.11661363359527749,0
2.0312023749741575,0.009735510199781744,-0.06836917308600739,0
1.9458652624433648,0.2492658670979521,-0.0930836242497296,0
2.0272266522431077,0.24574609851021145,-0.09024881399593601,0
2.0509304458223574,0.1804312364096218,0.10020817502698483,0
1.9398358633944222,-0.026676153752711353,0.022697514980591506,0
2.0394083669877094,-0.062357929526840106,0.2178339712614608,0
1.9900516216076296,-0.1332884055374372,0.21863789277048357,0
1.918685054586066,-0.1729916092997151,-0.11787607994901708,0
2.060114493805471,0.13927687496780702,0.025584991132652085,0
1.9283722505201961,0.022164517601811776,-0.10547273701065063,0
1.92759813930687,-0.013885671072249911,0.05043391563671273,0
1.9244735560408108,0.08819980574215916,0.007320783486793662,0
2.0777655562267863,-0.05972938697415297,-0.030519952976128962,0
1.8649034950681787,0.3105646825441593,0.005590373484245802,0
1.9783310021637057,-0.08085003596450255,0.020458435196417057,0
1.7495003183909243,-0.0661811685208104,0.02458555692117716,0
2.0296514090656115,0.08019183944701767,0.11250529963631471,0
1.9934145012429685,-0.018159723203052883,0.022664865004615637,0
1.8078692779268954,0.09658213726328788,0.05934669540589243,0
2.153150583894352,0.04146638715330224,-0.20286185534538906,0
2.071578935400031,-0.051058218885007715,0.07037536954455316,0
1.9387490961809335,-0.03823888829316137,0.09685801886896607,0
2.030869360329117,-0.05283650005916364,0.07226395496626145,0
1.8417243780257393,0.008057018269043743,-0.08570816828045226,0
2.052904961412622,-0.0604406072332792,0.08070280277036523,0
1.8589589445815968,0.021618449872753794,0.10731687388868434,0
1.9949163654757,-0.1367081016865553,-0.048466165511289294,0
1.8857009871632313,-0.08096115844017751,-0.09550445871363886,0
1.8523302959618604,0.008145592963221355,0.08100192106689987,0
2.1095741699292834,0.06278106558577551,-0.07053508838927368,0
1.7872461111817315,-0.15424931389698668,0.11524435781636433,0
2.0080553493745983,-0.19085866015240455,-0.06543207436770623,0
2.0745102855681665,0.11040667743870698,0.1598666229371022,0
1.950598225160632,-0.16577591404317749,-0.018492839436509475,0
2.074090140114427,-0.09332882243439192,0.0067556253832159316,0
1.9877459649714104,-0.10177039258271642,-0.0008266184253646722,0
1.9062738003289976,-0.04030036810457093,0.03151525079044184,0
2.200342144518621,-0.022635638354943387,0.058423376191292134,0
2.104937661015208,-0.02004259474056354,0.15010064417858282,0
2.0676441393519855,0.10031360842850445,0.06955176947247065,0
2.1057154150600432,0.09041285095118304,0.13713778233754834,0
1.827160991435279,-0.1951374236628918,0.03783030305890827,0
2.0032864328049143,0.020453788418941247,4.0333059757217296,1
2.038159007343543,-0.07769311486624961,0.03962971240212011,0
1.9431826950263202,-0.16678589850311265,-0.1011298631528264,0
1.9652422929692954,0.13631113716759063,-0.03901246661448435,0
1.9541446545331236,3.9347156343948195,0.028937137262313218,1
2.0398090906505986,-0.24018813458344512,-0.0430175110635366,0
2.020170135177121,0.04539416902729606,-0.08070595560705153,0
1.9519802841303238,-0.139899342218704,0.021141049355849248,0
1.8567539055546918,-0.09242059427313351,-0.024368200629177758,0
2.043306965437562,-0.018862340762611618,-0.023003672930929524,0
2.0512403519802596,-0.022105128324811985,0.06044962261771784,0
1.995239961945181,-0.154579291361023,-0.12147049857920976,0
1.9719271598719648,0.08710121781617598,0.0009920666736051304,0
2.150112367619056,0.03007499785285129,0.024188823342633337,0
1.8736842145788413,-0.11773127639061579,0.001924465706882882,0
1.9949385174997414,-0.022412838617992994,0.16217566102568268,0
2.134083969536213,-0.11206219191683411,0.0937281139397631,0
2.0555150761078154,-0.08620088413181465,-0.14763582752169885,0
2.1122082014120003,-0.10818021665282783,0.0054434887605939765,0
1.972022862982189,0.10177218950481758,-0.006575833054600064,0
1.9797054959167664,0.13013388249602095,-0.1385494328898712,0
1.8830010609665508,-0.14038693600618016,-0.10189094933458745,0
2.057463374905634,0.0401349931089828,-0.11306556843226251,0
1.8901509638160685,-0.11798707225103258,-0.10229817783826434,0
1.9271005927180218,0.10413021096375451,0.03638408403498627,0
2.0536880831160276,-0.014191175021127168,0.06983934655202997,0
1.9515358503175861,-0.06578116004146826,-0.03280397219400843,0
1.9338955854354014,-0.14664463099669603,-0.23296713108240108,0
2.023738560368582,-0.05659369673853842,-0.1396642898329252,0
2.0033296519523964,0.13333770243502718,-0.16513112390639428,0
1.990601314875508,-0.09927000727891584,-0.03901740417445068,0
2.063326923060414,0.13073417949342866,-0.007990362157353941,0
1.822309199563152,-0.06903494378579203,0.22467023996044266,0
2.086069804874641,-0.048070331457477244,0.17391707203132412,0
1.9880787250725074,0.008507151113034026,-0.02516275277614115,0
2.1176782503511866,-0.0501546350515345,-0.1722989930310919,0
1.9468332241902149,0.1368551129888835,-0.030724229719224318,0
1.9316851768056993,0.027491036195384545,0.31746674281877324,0
1.9822919656536766,0.03689524033911544,-0.07533557549049173,0
1.9980314103016787,-0.14572419909256873,-0.15065075750937518,0
2.1519917220741336,-0.017171388170092765,0.12445857999210547,0
1.8780960455088949,-0.1433082335399553,0.09727612154070502,0
2.075115753743322,0.04058916749135887,0.06485105839755638,0
1.979674271683901,-0.06934063888114794,0.0618611195877158,0
1.9125163899328312,0.030640448975555304,0.14206847493719266,0
2.07856342684825,0.127253423831336,-0.0449401872468255,0
2.0160174441924643,-0.19909390560360174,-0.08628621173068352,0
2.011781986661144,0.003147163904970173,-0.029407655795140965,0
1.882388412566196,-0.014232997693452563,0.25595041721865464,0
2.012971534751499,-0.04193887717466602,0.13664268082748895,0
2.080105740934169,0.03761688843729227,0.13623890155145063,0
2.0395191930162535,0.006137537679598787,0.08701096433955885,0
1.7871073387679923,0.13676506224466087,0.13162218983079896,0
1.9640929245313552,-0.18422955475365255,0.021413633383810905,0
1.920730986108043,0.006048447827367789,-0.09250212574037353,0
1.9875735128004512,0.14321828661263852,-0.11094838768865148,0
2.0065988707375735,-0.0033349526482027722,0.05568022555849386,0
1.9421309369665696,-0.11606085823874511,-0.07550604520616536,0
2.031087167928326,-0.03219127464695342,0.036519632436843454,0
1.9570723526076415,-0.176819308667068,-0.08011588079441163,0
2.008969634781653,-0.1411383684999965,0.009109875107643809,0
1.9425154432895335,0.09628573969834883,0.042172129591907054,0
1.9891089656145429,0.041108061024962075,0.051192948230531776,0
2.097749783057501,-0.06322331905199952,0.010744384790498267,0
1.990111226964377,-0.04416263905756871,-0.22096662343538523,0
1.9112770336008185,-0.00036243401962502564,0.09940209206452523,0
1.8904574486222827,-0.04373262799594162,0.21618685022623538,0
1.997663846652864,0.07979014325844452,-0.07068457355168632,0
2.194840342038986,-0.049055717926751334,0.006565629201677291,0
2.023990755555105,0.0005475669207740176,0.04659553366383708,0
2.056023876070314,-0.03663719781824789,-0.22369431902587042,0
2.034520433502501,-0.07794366481606133,0.17739980759867513,0
2.1419991455671217,0.16317777347386803,0.09324143489759472,0
2.159816207680842,-0.008815470875182784,0.12146597803303588,0
2.0673322360380304,-0.07232439963100153,-0.10677240794356742,0
1.8648375145716427,0.0584024772702979,0.17302360720865217,0
1.9720434236099118,-0.09509689224606686,0.0467877904204949,0
2.0879359203711325,0.15680365703236546,0.03593674385310611,0
2.012831878789533,-0.06587229117247305,-0.02362985698045282,0
2.1421065312762897,0.03445244835657682,0.09965006590634169,0
2.170932819058564,-0.006185027385687083,0.0744267794390651,0
1.9797401901895035,0.05977960398092535,-0.09079638018472203,0
1.8947449589110699,0.19042630803517308,-0.14188414854234696,0
1.9663868433751581,-0.07407458138857569,0.06858435241266987,0
1.9918950481600535,-0.007298321691027636,-0.04907826043471742,0
2.034097644611072,0.08821321986173623,0.06131837351823847,0
1.978765506628269,0.10201306795857495,-0.11504672488192458,0
1.8919499719720951,0.013354636980890325,-0.00040780500672167954,0
2.063999058567011,0.11615347608769433,0.0641515024849371,0
2.0467244661635298,-0.02017360802528187,-0.025953824769715583,0
2.061564415893792,-0.04599741223187575,0.06462069758210545,0
2.0784748251916643,-0.046130049629032284,-0.04108703661936049,0
1.9720186412355283,-0.047400052849352864,-0.06292337580572482,0
2.1121126101170877,0.06919037979641235,-0.09638726680622683,0
2.072401095695756,0.09137201507128243,-0.12013927455583834,0
1.9044859716277565,0.029343994144387417,-0.11160876500717297,0
2.0210473337258663,-0.02062926295720248,0.0951226476210193,0
2.10511272587599,0.009521454097621524,-0.00956687864256814,0
2.031244468889426,-0.002440451757379085,-0.09057593102766981,0
1.9835977286574424,0.09152807866273861,0.02675953488378845,0
1.9805688365771643,-0.0024794825109455357,-0.006575190133126266,0
1.9713211981866292,-0.09283327701187917,0.03167113494511738,0
2.0176819038000233,0.057515784876547085,0.07070900495463127,0
1.9769507857847206,0.13942484157088628,-0.15046773218317702,0
1.887593828945199,0.13329208712732651,0.0129003671214745,0
2.0411610400182383,-0.06954543224745086,0.1633838641389388,0
1.933354264347974,0.05133400002071108,-0.12242380486702492,0
1.93458051617959,0.12676178740612504,0.11268363041266133,0
2.137830136253472,0.1441137324422191,-0.10711065507892166,0
2.0266970513267277,0.1134121457148955,-0.006315432195492951,0
1.9582878395814747,0.0521251481797539,-0.004641625943911462,0
1.9466779315345613,-0.22269494509537338,0.006792683164904537,0
1.8406269971794869,-0.009392862914437635,0.1737223194681657,0
1.96657781344409,0.0964845320198245,0.014977052024245784,0
2.0773774279300845,0.0915469390023087,-0.05405363570065258,0
1.976929801393269,0.04602681181702502,0.059945270360174524,0
2.077451758122525,-0.10139216698644427,-0.22842046442404876,0
2.056961668462235,-0.005077296187287989,-0.13166433227494706,0
1.9271912986184865,0.08949217256350663,-0.06317474112989112,0
1.949377994609178,-0.002577761597751033,-0.15403268064166703,0
2.1602599157518623,0.007781119416219487,-0.01609875029339791,0
2.2707769767749615,0.007453957243419174,-0.14177663352143996,0
1.9956648269134323,-0.018715046392779103,0.0617240217354926,0
2.099294477425452,-0.2187131019151839,-0.021273640450479178,0
2.097243452782106,-0.07980262754380338,0.027317559533618842,0
1.8313315970711743,-0.06811816335063982,-0.005312739378480981,0
2.0538584721046123,-0.06441804859632409,-0.1260455559540747,0
1.964078756751487,0.008015441824295075,0.024415903334343493,0
2.1613403702226597,-0.0017892369168881425,3.851865008801048,1
1.8916392046589512,0.23372323629049718,0.030376155216250103,0
1.9523193103392915,0.13142488452926937,0.09309009361080944,0
1.9166510071457785,0.058712160192155964,-0.10274196631047593,0
2.0349239746451793,0.011680872926878803,0.0078690015020257,0
1.9495906970723311,0.14900517963655005,-0.03589143523663158,0
2.011504713521777,0.05038085017107624,-0.10661002440524954,0
2.1341734904637666,0.02207982288261546,-0.09541931374730178,0
1.904070529197955,-0.018405373290288945,-0.008634849618352525,0
1.9143515718155797,-0.049152005079910424,0.009207969381119422,0
2.1879670894092142,0.10101385247705441,0.08660305755312207,0
2.085940885925465,0.01548859891020217,-0.09677026951962034,0
1.9834261003457756,0.14903740739227772,-0.15411588820023642,0
2.0914838316960105,0.044907475682043514,-0.08571494239182519,0
2.1506096397616803,-0.0529361226543456,0.021587716622581455,0
1.941375594441894,0.16900452928450904,-0.028489459239433204,0
2.0045019445542853,-0.04264122384019492,-0.1280038342109727,0
2.150816320651456,0.07039365803058914,0.3250040207863396,0
1.9272513919853163,-0.04884821606855878,0.2480189481530513,0
1.9666883373492932,0.10125856684585928,-0.045100024450478914,0
1.9077693858204818,0.02347019442162794,0.11396990419457187,0
2.0068113952770372,-0.0798588467861791,-0.03385133178582039,0
1.9989149700623612,0.01562846159376217,0.14702624839935455,0
2.1206524398460176,0.03380392156868034,-0.03317050902279447,0
1.9805344928533286,0.055189720784630275,0.003159805299020017,0
2.1298995710420314,0.0620574409027032,-0.001651458619217388,0
2.1366048612544746,-0.08015247978595218,0.17835545560621338,0
2.0466528645840123,-0.07011010547838706,-0.06684298155690097,0
1.8526724742414775,0.16412429256089112,0.002639743145924917,0
1.957719818713017,0.023807495951480125,-0.11364308783855298,0
2.105994502803496,-3.8850988489130924,-0.006945039666211305,1
2.030763306650163,-0.15330480814588388,-0.06212182553870928,0
2.139231372445536,-0.004741460814717199,-0.11044134445973078,0
1.9828959981780663,0.1301950137868554,-0.018656599485129325,0
2.04143674218542,0.13945053504575816,-0.0009245692320066342,0
2.1130128532687382,0.11280941254209031,0.04259749026440493,0
2.0701825491506716,0.07002346564951083,0.17496640002734234,0
1.870878066992171,0.13889427897280002,-0.06055699453685767,0
2.063216183671427,-0.04592708968847573,0.04244854277341498,0
1.9935089270515836,0.1783644242931866,0.08648597312362699,0
1.9641785539602385,-0.057332826412345106,0.196555159597566,0
1.9315944215102676,0.0898866610910716,0.0680086399128652,0
2.016048426662819,-0.13817987751518815,0.07482824433956795,0
2.079598693396939,-0.1128498995136708,0.09002781659068099,0
1.915346862325396,-0.0715644080272592,0.20764970182262538,0
1.9623148266152863,-0.04675135795571725,0.04231368228572154,0
2.062826874573676,0.0068220862532355105,-0.03281739892590224,0
2.040663107804804,-0.1519985357981528,-0.10133837547410862,0
2.215689810406477,0.1280832266081286,0.013732322648905055,0
2.0067413959838696,-0.11716438888549432,-0.03325645172283954,0
1.7792961547449324,0.07730665781873575,0.14862806235713893,0
2.150679703616229,-0.06084337262204125,0.07822910739314082,0
1.9526211394507629,0.0774025312385254,0.09251552698414847,0
2.359062654372016,0.08834236583143273,0.010253114349625236,0
1.9269446334971074,-0.17712031624410327,-0.06647112711481606,0
2.1026890674396923,-0.04618687041787468,0.06444725795529362,0
1.8714126629836505,-0.16606084174411415,-0.028568457357269497,0
2.1701018826060303,-0.009992997563491743,-0.1400640414783279,0
2.147612868735248,0.21793236639248856,-0.1754097621666869,0
1.8227375997968225,-0.09843711392299462,-0.05082483999638167,0
2.1356878471075214,0.05394085824579799,0.27318949151001337,0
1.8846031433240686,-0.031965259816750434,0.03733076006695565,0
2.1181029612868394,-0.03702828258349682,-0.0119705757826414,0
1.6531044419800796,-0.12107951570130343,-0.007368167460970286,0
1.9851381737847529,0.03886578274721315,-0.012834188701260888,0
1.9915507331532258,-0.13869814327260266,0.010483504492882203,0
2.093050276763595,-0.03902643924549142,-0.07408963025774307,0
2.108726787418916,-0.04728495193857893,0.08989926278129533,0
2.015929254679039,-0.05857096508408691,-0.05935778106554129,0
1.9965569124413924,0.005995521567694946,0.021833188708139398,0
1.9551551958163798,0.020132764352929974,-0.10087218072097803,0
1.9414081956531422,0.1255078643091735,0.1423973663055735,0
1.9485509739520572,-0.08188451172864902,0.020426761368358724,0
2.055772910902406,0.1055424447678069,-0.07297518454673926,0
1.9603263857951687,0.05444163828846708,0.00533032432836204,0
1.8625931655418315,-0.05505389622550621,-0.08591036832318666,0
1.9964103464769387,-0.18101775838274847,0.012502371001207463,0
1.9716077847209854,-0.006082686659835546,-0.161962578907422,0
2.1507151553270027,-0.16218222387742937,0.07185832636603959,0
2.0711907019705436,0.10171959478501297,-0.13217326601204324,0
2.1449677894340384,-0.0217983742775629,-0.1637884228764945,0
1.9457112233685,-0.018989778952380406,0.0396961297321243,0
2.050584989763705,-0.04213584401664682,-0.1084607725788524,0
2.178227646320065,-0.08037346725796567,-0.018825969882111517,0
2.053277734076699,-0.04430890856302304,-0.002319886495292399,0
2.2305308655018563,0.09418638725863515,-0.043557456737884095,0
1.9661143058172663,-0.06586665128894825,-0.012195737269887267,0
2.036843966335216,0.06308488272449984,0.0010899763081365836,0
2.089331390611883,0.09860816302584528,-0.007819345829081767,0
2.0400502679727706,-0.08019817927820407,-0.033284697344261246,0
2.081014466550145,0.10841460218856035,0.010862404655309873,0
2.1720881301062636,0.005978464678534702,0.14334297309506744,0
2.008640642973161,-0.04413287911512582,-0.02354238253567867,0
2.0504756273977587,0.04514126849699886,0.014116957103939518,0
1.9007453959733742,0.1678927128954102,-0.01658113101700076,0
1.994420043252429,0.07790865571750533,-0.1652805023794354,0
1.93352356604376,0.06053307348891554,-0.2373684897093858,0
1.8522429074360118,-0.05412837627026042,-0.013002868296651086,0
2.1182381499437835,0.1182992947321444,0.03519342987590055,0
2.0053257381491143,0.025969192902513732,0.07504756888802964,0
1.8812656780877728,0.16349210949390372,-0.07105962202124018,0
1.82234143657673,0.07585376753396655,-0.06613821497915438,0
2.0610891640389424,-0.07435316111831496,0.07775389140949363,0
1.8713560305865122,0.07674444978044764,-0.0650819145956818,0
1.9469590096729645,-0.10153184979884994,-0.005043012740882073,0
2.1125520052887565,-0.138863177804,-0.07678911789021818,0
2.0733249400522067,0.012482554514429896,-0.2052283372163689,0
2.0301103356613814,-0.01488151661798293,-0.045788482966475155,0
2.0511347092201144,-0.14825978445204738,0.14731214649496482,0
1.858865553115896,-0.022863289806936467,0.07557382786093084,0
1.8874948587113134,0.10968035055309307,-0.13216284429363206,0
1.966716720601651,0.018710510461063343,0.04747177360937295,0
2.058847907655991,0.026051825928983086,-0.07875405522532865,0
1.962856666497647,0.033898893511813584,0.06504541656924441,0
2.0040979072045557,-0.029273514859845508,-0.11140771046512672,0
2.0172233535703277,0.19899303519264677,0.12815861566591813,0
2.0222840614467814,-0.018459329001794145,0.13699955708258424,0
2.057870506396229,0.02378140314214535,-0.048187140123738856,0
1.865126363164646,-0.15222357607746398,0.021838754669070436,0
1.9404213393617598,0.009472284899366244,-0.11032578563965022,0
1.8887481790876806,-0.0032949985943679185,0.0375198171706089,0
1.953458820458406,-0.1132632396563978,-0.0991760666300884,0
2.1098631576107754,-0.09084392411475481,0.04325449667791925,0
1.981049056368245,-0.006031264353640289,-0.12846318815815125,0
2.086996354922415,-4.026345190993273,0.12051833055351094,1
1.8705750042026077,-0.032759698889582335,0.0030876592920599005,0
1.9940268392876046,0.03807598926566641,-0.048915068022899945,0
2.131760458768485,0.0182866594161821,0.023050830343460258,0
2.001044120043957,0.015236494683873914,-0.03958509300922994,0
1.8636643454426285,-0.07831860131773122,0.11521675689550331,0
1.8578986715695764,-0.07701698872473078,0.07221961710479671,0
1.923036370873446,0.0036123519710095815,-0.1313382415256062,0
2.070289415115721,-0.2222853874559613,0.07439033720697334,0
1.995076718640833,-0.0814588060771615,-0.04430770343587284,0
2.085742695829499,-0.1062504970657324,0.21117465933721827,0
2.0800592574070706,0.03165001087360305,0.12114135855444025,0
1.907296145750548,0.10038941106101547,-0.1583325784929787,0
1.8434023248525921,-0.11638893469681927,-3.905212259195188,1
2.100107168867917,-0.06894652676760023,0.09984933008473618,0
2.027089057713705,0.16611964498107268,-0.1090522914620999,0
1.920778974264641,-0.08634674750441824,0.08209836913359359,0
1.8245489677562285,0.04690503079449629,-0.05042937309647042,0
2.1501243567367303,0.0028356043574129693,-0.05619081425763528,0
2.151743263126777,0.08931607194548066,-0.050934203548837376,0
2.025456196395782,0.049738261235534126,-0.06279888260729032,0
1.9358022784767273,0.020975730138679097,0.006399611355382121,0
1.8919484278526029,0.11335899230407101,-0.025007705679886305,0
1.917472245492071,0.10690595470078475,0.09445085431178113,0
2.0215389426140247,0.0203689645305801,0.15942437252171432,0
2.0551224841188818,-0.013684810711445384,-0.006109227788805696,0
1.9911197297237446,0.03224850239143736,-0.23466269692115294,0
2.066735022403825,-0.037497762540147306,0.06734976300034624,0
2.1797879944929015,-0.20336616670057134,-0.03502109136332939,0
1.9423896895629051,-0.039422949597368806,0.027447033647768227,0
1.7939337719074488,-0.1073575495513667,-0.059239512164515784,0
2.05061013076345,-0.16479027796080087,0.1666955492533455,0
2.034508770855373,0.07618909474231637,0.06118548880426259,0
1.956809635197529,-0.23060196830339114,-0.11485717626502519,0
2.1392415495653556,0.14982707328598385,-0.03650878692865445,0
2.1609540980255617,0.1275884600398874,-0.09611071347444672,0
1.946029093418844,0.013785671737653483,-0.09859709206356503,0
2.0534240235462207,-0.0020623744081967104,-0.08921076660256617,0
2.011136676765324,0.04932419275329491,0.11889316830988449,0
2.1060492441528256,0.0851875393860066,0.09050343975976141,0
1.926045893492379,-0.05819484562292454,-0.056383327154591406,0
1.8047642738377458,-0.13905389965450873,-0.15370525778878316,0
2.12188147605061,-0.055703194689352024,-0.1021967394012972,0
2.102952349722143,-0.16465187759379935,-0.06235139506536663,0
1.9606755544462067,-0.17924366095815653,-0.13811698447987109,0
2.047387540674237,-0.08252691972986614,0.038872497447478144,0
1.9919167342644906,0.006564959740032291,0.21997341655915587,0
1.9955845001699355,-0.0006311960103765094,-0.15677771804964105,0
2.222269616687223,0.03900360636760991,-0.08825100109256015,0
2.0509745351563167,0.035304986208825086,-0.024070960730213826,0
1.966855122906037,0.06886151007579695,0.02790840831168266,0
2.0376942369276123,-0.07837058451161971,0.10007909162736497,0
2.103939323969712,-0.024285418352337218,0.14529861804732774,0
2.201999443494184,0.004136079606929625,-0.013736130617791296,0
2.0641450367061003,-0.07776147811886568,-0.1005460393738499,0
1.9987427548216723,0.029720643461861818,-0.030418467434842156,0
2.109574347586528,0.23423389573046208,-0.045902033519104095,0
2.0953843454216465,0.11215688968697746,-0.07552781205024434,0
2.0301004676569896,-0.17371933222215974,0.20887312315134132,0
2.0078295518489413,-0.017810380232016358,0.0763405787789733,0
2.0070857829104094,0.07285057995495578,-0.0075124243583817975,0
2.1303201114271717,0.10392574510073371,0.1358938917746199,0
1.9478674148117197,0.1017575528621806,0.06020435753537304,0
2.0634829047446486,-0.005200051916212996,4.083029931793168,1
2.1086018138211813,0.024266797398987076,0.04184058713741184,0
2.0657305607336363,0.03319832257240969,-0.08426890865650134,0
1.7965818331086747,-0.16803818516204586,-0.023106420984281333,0
1.9733914377837367,-0.1666994480861479,0.04575270067916076,0
1.9707478776662217,-0.0019663459705355508,-0.07388863384887918,0
2.130694497034116,-0.1353194824064705,0.13741240418768205,0
2.0433017729909952,-0.12524623555471331,0.0895148210824604,0
2.155270078402784,0.006727093973430468,0.16931336378499867,0
1.8932130233919457,-0.12234461014910543,0.11526167509218835,0
1.9776871886322094,-0.03010040722597317,0.17061938733128632,0
2.177908176257894,0.05045186870293397,-0.06768751591233935,0
1.9488485569341019,0.07613428383666768,0.06827126244887566,0
1.9049243370097801,0.07955627048389434,-0.13449640044522435,0
2.110554762567778,-0.1033629300075853,0.08774995954781234,0
1.890140954484048,0.08089790410405143,0.12540458165947374,0
2.086789020807923,-0.02040687842554598,0.179636314610605,0
2.140595021523885,-0.020066179178796176,-0.06895767971734966,0
1.9833622669785966,-0.07089227626927617,-0.04688564779523585,0
2.020430016436609,0.027510884415459902,-0.034630715393520264,0
1.987586387495185,-0.05138574598242706,0.011472604310230467,0
2.0130176055707554,-0.008082484260598773,-0.094726391881536,0
1.9750167758494004,0.05674253069096905,-0.07709050187735413,0
1.9862436277824995,-0.007659970444397601,0.020060584796212123,0
1.9068888623235671,-0.1910745265545503,0.05007891981245767,0
2.147694774390925,-0.12099914552754774,0.13571260364693616,0
1.9353188522248121,0.04532237278964364,0.13944795809023136,0
1.9683175299214468,-0.07154412416662963,-0.06404384368412745,0
2.096820926187009,-0.03870670536636891,0.07166927113283121,0
1.974582978184631,-0.04971262102075655,0.02095860153905696,0
1.968786407553651,-0.008153887122232731,0.12032408117914095,0
1.8341723756093384,-0.08393511294723305,-0.06627711253176541,0
1.8950998656668026,-0.01934722719450402,-0.04653306554714081,0
2.1335486413253304,-0.20078391964987424,0.005967255250424494,0
1.8204568526906622,-0.03876766457275425,0.013169644130386328,0
2.056087350077584,-0.05825660692800875,0.13131209456191434,0
1.8068859524459993,-0.024318205200455034,0.005724914199269116,0
2.2065097191776886,0.18875499455486447,-0.09032063786040513,0
1.9773102037851762,-0.14348661189625106,0.03106056715300928,0
1.87251491416351,0.0549986629280544,-0.10360107643870338,0
1.9505445003681812,0.05108611095588135,-0.135651027881189,0
2.019004928624974,0.12707554108156535,0.06595767086210998,0
1.8437291458401273,0.1857613225367607,0.0014804844058905228,0
2.1399432241810996,0.02922617381564127,-0.021491621845553418,0
1.9394378169281627,-0.046074246253397746,-0.01715922976252754,0
1.9597391930828847,0.0961565106524293,0.08288548322698569,0
2.0531790427859327,-0.21346923476551427,-0.1905535246232978,0
1.9662655046405821,0.05978518326829888,0.06236057906819806,0
1.9518092436363155,-0.00798870283793744,0.13195201838359902,0
1.90916397233153,-0.04367669993611961,-0.015778769242315447,0
1.904067068000825,-0.026704772916128473,0.07504612901264282,0
2.097269210230177,-0.1831606090958393,-0.07638434019074587,0
2.0015351363676297,-0.033846094545010544,-0.03927424941458335,0
2.034656721422177,0.24065635238116934,-0.18644562661010042,0
2.073964261861792,0.017926765193900403,0.09060461710965662,0
2.1376776753725504,0.09395729482505583,0.05782485167154192,0
2.0862637069901564,0.05192620168599992,0.002531537174141831,0
2.020472537610739,0.02787976557622049,0.0030286274187605678,0
1.9216349153863566,-0.11600348741008466,0.18749993121959044,0
2.0186398214750425,0.013276457303898296,-0.0033086452047210503,0
2.0819544073929723,-0.04544736228550878,0.01073725379789301,0
2.1097568004201332,-0.26685628988189886,0.03182195312254075,0
2.0162997746236186,-0.006195258886741936,0.008239417713871836,0
2.008705675067635,0.10683497545929913,0.1775055579336528,0
2.0076689929084797,0.054730632536252655,-0.10955027037861434,0
2.193879612270405,0.025376531860499763,-0.1349974803046219,0
2.1855344506540764,0.007781785823428408,0.129147753073588,0
2.138975159850747,0.027734896148758945,-0.15446456611751708,0
1.9392842123395417,0.007308291287457135,0.1568174735191543,0
2.1053177100928027,-0.10520116969938037,0.17206295438986396,0
1.896465179383089,-0.08123483484039988,-0.0008073089322293593,0
2.0282463845134076,-0.001417555069086124,-0.12060648422933479,0
2.2750399744295153,-0.07855827778466874,0.02107362021180079,0
1.9828109794344233,0.014428946456705491,0.037101466134045934,0
1.9158554577728628,0.04147864468870767,-0.09634816757774287,0
1.9260674061558551,0.20868943543484753,-0.04883276012608229,0
1.8477535137010772,-0.02657629418381509,0.08387548607799404,0
1.794922928663588,0.06787506191282724,-0.0007859214591392334,0
2.0081312799256135,0.04148397428028278,-0.03506382762445284,0
2.0528124107746657,-0.06033464436124093,0.057333436248837355,0
1.944531520033061,0.007917419566755455,0.06309746390566028,0
1.9738814264188764,0.01816672524713948,0.13964477467612946,0
2.0763362272749006,-0.22286707510421425,0.045386188952431905,0
1.9899817703720037,-0.10790220529534544,0.06612418161117294,0
2.0527828371439214,0.010538198125058925,-0.03929469809734948,0
2.050096704497311,0.06320714060479314,0.09171424458617067,0
1.916972533878253,-0.048041932098756526,0.1050681741843544,0
1.9647002967591265,-0.167393223389454,0.03282507383839075,0
2.1227809730411193,-0.025741595984710503,0.022581397485350832,0
1.9603352718331568,0.00945680272619952,-0.05283286275776618,0
2.0714764950087097,-0.061464434934759976,-0.03984972765752901,0
2.2368587538407323,0.018968103873969487,-0.009744566130425236,0
1.8648968967935389,-0.06512319626666585,0.23111660549150614,0
2.152812673476366,0.019640153400792018,0.019544615587335157,0
1.9628568049743425,0.10958600188891882,-0.09692013124180243,0
1.9493291563953519,0.12898283018927234,0.12765760994346229,0
2.00809831222899,0.09196669696916868,-0.03465468024935907,0
2.145019584545387,0.11857713725296593,-0.031240137779780526,0
2.1100156037462297,0.01658170170671662,0.24230429581277302,0
-2.0349702347127145,-0.0657866529769835,-0.030535729094513527,1
2.151271679497761,-0.02750535546491711,-0.035201813156428945,0
1.7778249144391276,0.036073852423096305,0.08553273642230587,0
1.8536365946696145,-0.072813109742757,0.14278550722215763,0
2.032066305343403,-0.09875807135986703,0.013765337586464513,0
1.9118521970495497,-0.19001343172963633,0.2513861939432047,0
1.9787790038234614,-0.17752590524785497,-0.13679754440825592,0
2.085989603144641,0.054258467858038555,0.09718409723500579,0
1.8697458179788258,0.09932869384589046,0.080580343026739,0
2.0173488211973205,0.04522551833149892,0.004323766445166712,0
1.8679688706883415,0.15022741717406352,0.055672476214298154,0
2.0893650346558768,-0.16512436904468802,0.005753232678721226,0
1.9221930887587166,0.0847875060466754,-0.0551940862922716,0
2.2382348209718517,-0.08512146619150307,-0.008771059173350814,0
2.111695331613697,0.18603865244893414,-0.2103775641400969,0
1.798180228711915,0.01719797225856359,-0.1101933814702643,0
2.0206273500989327,-0.009738914932673814,0.08538943947451079,0
2.120933919088834,-0.16753448850496086,0.07480890251007308,0
1.9950127663883734,-0.08358597557614078,-0.06020817449541452,0
1.9569559486933048,-0.15572425394883455,0.29912832474577145,0
2.038003265592138,0.15893399744052658,-0.09058496361099176,0
2.005590607883216,-0.014724598933842273,-0.13502932366521175,0
2.110899090980354,0.1285850668516465,0.14004541157654346,0
2.125751245536413,0.0017829103347241793,0.13404007602957266,0
2.010420349439038,-0.020199198072233953,-0.08043427570630855,0
1.9558071549194425,-0.1418833371038071,0.04129753013759648,0
2.0027358585897366,0.08924672830597545,0.002337750827930919,0
2.1238505624316244,-0.07953893307161368,0.07482599466673816,0
1.944733471268602,0.018758321001391128,0.07503059478993346,0
2.065044355448496,0.2324541647110602,-0.02387774775184754,0
1.9696754805125043,0.06624472195281153,0.03357532866956637,0
2.133602285765943,0.11492514578986211,0.018321032472169086,0
2.045777901404594,-0.024425256198447442,-0.0720192891318003,0
1.964690243396448,0.043986456225463835,0.07675616972850903,0
1.9193215392714753,0.09812671428297043,0.049405453320365694,0
2.058175145118015,-0.035249261381791394,0.05325971785196067,0
2.026310220091508,-0.07748031353864591,0.048959821310303235,0
1.8402782062196312,0.0771378797927933,-0.011575349966728397,0
1.8987825101478943,0.2145163007620286,0.1893294241551409,0
2.0736201503619887,0.1778948861031859,-0.10695566570058335,0
2.0960809089788577,-0.0185217641095108,0.02120621916605439,0
2.029789801904572,-0.02672868139535677,-0.07947997935300981,0
1.790923677120009,0.017868937273621887,-0.18558970435166244,0
2.1548291495692,0.032676343133149655,-0.035754048171078516,0
1.8266000322770646,0.08526475805258127,0.13544629904095698,0
2.1067372259029757,0.14036974136619193,-0.06535057340365982,0
2.0040507316491207,0.11865508986063411,-0.1436118464323948,0
2.0578495320206596,0.11967779489393592,-0.05839557818079083,0
2.154696601036662,0.006705125564856264,-0.10222094471818784,0
1.9768862336021846,0.0757296340274721,-0.15440108162505178,0
1.9128704968447907,0.0423978400099413,0.025423638311142627,0
1.882265206586592,0.026821148011760616,-0.014934523732092312,0
2.1316059492385717,0.038213003507488935,0.03091716955783958,0
1.9642548960178297,0.04379982089855783,0.05287271548842243,0
1.8020711040609927,0.1288709036787401,0.017931122922440052,0
2.1286923780331177,-0.01107175101539466,0.006258986325269051,0
2.0690623737442206,0.08093386885340857,-0.02178877567670254,0
2.0258149863945234,-0.1287985583446387,-0.0017739709559870043,0
1.8603343497362623,0.04834933018735885,0.05613719761842637,0
2.0759956190426787,0.006515888445914037,0.01769708378623989,0
1.9192859632568684,0.1860397430215285,-0.0018524916471707887,0
1.9622696704386624,0.19212746571120384,-0.019660996231616316,0
2.009973305335437,0.011051076756958617,0.11822680553032652,0
1.911837448323595,0.11278170613797045,-0.09364309513760206,0
2.0361673787820065,0.026129224701381706,0.14761017453886127,0
2.0524961233004735,-0.17057649696000401,0.004423540126548802,0
2.0126329898863107,0.03410375749815875,-0.02669818034076209,0
1.9545933622379867,-0.17308287555287602,0.0668073627862525,0
2.058224362993779,-0.14300362715536555,-0.18428235438101767,0
1.8551361987364263,-0.1190328078042937,-0.037265478323070284,0
1.8971246199787342,0.037036007672084294,0.03780575294998803,0
1.8822920431756267,3.891094939391712,-0.060512203127588905,1
2.002747413602826,0.06972628906712666,-0.0781546623131091,0
1.8347876491469366,-0.17212768754641894,-0.05157751059959797,0
1.8995779322205457,0.054092511284664226,0.1017147965315155,0
2.0243712960153792,-0.10784945160662554,-0.011558884396054805,0
2.0278739555844045,-0.04856774973880871,-0.11511921623457964,0
2.07489797625512,0.1427996261488987,-0.06648063479308053,0
2.0856045801813137,-0.024294803036635837,-0.0832628597140802,0
2.00442648910017,0.01494999115212231,-0.03138284555320477,0
2.024466911713203,-0.007447323970202298,0.06484088184300327,0
2.0345395083041296,0.009584480716366537,0.02982000964600519,0
2.1450118293682165,0.005324186794350115,-0.1398433282065746,0
1.9250766008447846,0.025381505570347702,0.15533503631917162,0
2.030774493900154,-0.1077158629288295,0.11533290459598547,0
2.052550244236751,0.20935635044442422,0.18626046708591143,0
1.9778117863772946,-0.07792253039898743,-0.04068144819241604,0
1.928644252553799,-0.018312916153413055,-0.0344940205762526,0
2.1051189738902774,-0.021174339463758608,-0.032145143351949616,0
2.0110304700513963,-0.10226010962568813,0.03804322325330939,0
1.8740928529686003,-0.10941348303767279,0.03504059888249816,0
2.184077929845767,0.02592603448980392,0.11546768005438737,0
1.838790397688489,-0.10368877217165498,-0.21413489603537245,0
1.9462984087994428,0.05457958778009864,-0.021732983897436945,0
2.0947777402021392,0.11459708708277681,0.12620791356858682,0
2.06092303196595,-0.04379753362630112,-0.17425774988216836,0
2.0084417469983653,0.044573856261139175,0.06320981138376851,0
1.961780988313152,-0.08508625314498168,-0.05922016454037876,0
2.0230924313277017,0.08976261193441071,0.040979031182207755,0
2.053243200694718,0.20200851837460473,0.09986878348844108,0
1.6137675602563912,0.0029474852858023173,0.14027276217726722,0
2.010472040808967,-0.09018007031222663,0.07831174166778013,0
1.9785913212608037,0.08971124965399163,-0.23046778928207423,0
2.006460583614641,-0.038510549783543624,0.12934946828445001,0
1.9739815055886423,0.19703113088286084,0.10227002444357221,0
2.0043722399917927,-0.014302400663065746,0.04376267045050431,0
2.039784277078372,0.12670497418838214,-0.02568177795696564,0
1.983145144667331,-0.04162605214786029,-0.21360343121595748,0
1.8574013141842851,-0.06588593714183756,0.002996977227922061,0
1.8690900371866164,-0.10294639420608838,-0.18641307618523872,0
2.102887152076993,-0.037006304963637215,-0.10009409960590415,0
2.039588815592893,0.02532414291225837,0.045326111468319774,0
2.087815140934042,-0.002846103207152301,0.0007807750050019787,0
2.034193567763778,0.07774785869949985,0.1833490237536148,0
1.8992160095306456,-0.18816056153579705,-0.07309496448485402,0
2.234197145615767,0.002967340487758769,0.1549046297835657,0
1.8216546949200545,0.14035231670750675,0.0017832949660692874,0
1.966942670483075,0.11745526056732175,-0.1087863452104809,0
2.1766407529771543,-0.036804650383235306,0.05394994606092031,0
2.2139793127000704,0.05631641630509278,0.08096502687678266,0
2.0926385224120017,0.06234537882181767,-0.06846842266620835,0
2.0920406182664184,0.09252706647394188,-0.06319400776068354,0
2.116002068623071,0.08868300982825844,0.1598257912621408,0
2.0404443311380227,0.04947044132002251,-0.17017210872802613,0
1.9689338544217678,-0.009027380807396122,0.07473118616516154,0
1.8878787545619131,-0.07150221419944441,-0.0077326266831098086,0
2.0312964511534974,-0.06378261520450616,0.00596001863583756,0
-2.0798834624159452,-0.15851740957495442,-0.030564614307097056,1
1.985813039826514,0.06123593539604684,0.17076592676301125,0
2.1695933152299927,0.006673332576250106,0.05227793911428583,0
1.9746614587015126,-0.1386337668958881,-0.1656572136756624,0
1.9595501262126083,-0.03434672804016194,-0.00823858238238006,0
1.990967606325552,-0.08304688040494196,-0.1975672478709628,0
1.919355185946446,0.008296055167465418,-0.025500929843691747,0
1.9799200051942067,0.0005312135426432832,0.02622426405635535,0
2.0099899537240846,0.15486141538377196,0.005249068449020412,0
1.91404694762321,-0.006375484441936,0.048211714521291256,0
1.987008218579031,0.15700086696839244,0.17464673223073113,0
1.8388667057418782,0.1291919466637417,-0.030291646061220274,0
1.901302616559156,0.010848306536326081,-0.04929850857885254,0
2.08225419633859,-0.11240305839029396,-0.12078536707983352,0
1.8125679928870073,0.12496205378927885,-0.0651505531106195,0
2.0983149450279437,0.0618137095712401,0.10579214124216894,0
0.010872664208574637,-0.08527822442754067,-0.12748298043511655,0
-0.018315173368504824,-0.13588423125624502,0.09700182925336112,0
-0.11567933936649655,0.009312303841304511,-0.03877540235320463,0
0.1064186983165893,-0.10319400187082878,0.14226039982951186,0
-0.02331893031581124,0.09448474277117266,-0.02409147893641207,0
-0.10183850281169649,0.09785041013823571,0.23651558485092972,0
0.19486110920896968,-0.10359943161305828,0.009020216226319593,0
-0.04569270741499627,-0.08018525880538983,-0.09705325319035361,0
0.01832910421075236,0.0564571691899608,0.0653716038941286,0
0.05768870047017153,-0.1970958628477928,-0.1403626252975559,0
0.10864636129447064,-0.15644050890505629,-0.02230002273323099,0
-0.10207141485750251,-0.04677786322935429,0.15792391501377423,0
-0.05837319633531726,-0.051502453261546226,0.010004278437818686,0
0.08454707939596519,-0.002620423705217397,0.03642567058374165,0
0.06880933089805474,0.03009129636110044,0.11159776335591641,0
-0.08961023702139932,0.0015781310449098623,-0.02708236327591329,0
0.0033573337873892967,-0.09019657581195983,0.20129575202734484,0
0.017503550595192083,0.04727136542336947,0.15581462964392095,0
0.05908385295376938,-0.01761058986647957,0.023315900555687177,0
0.01192278240529246,-0.02018824295200919,0.011408998508294634,0
-0.13159536678552025,0.1313035032368258,-0.0169354273122127,0
0.17829909080119172,0.13058051318192618,-0.014284949224499376,0
0.004380544651999086,-0.17901198842394553,0.09862137302921184,0
-0.12792435734192886,-0.12857183880655276,-0.047777978004229386,0
-0.15780707248330428,0.02301540964490602,-0.02357822600303961,0
0.07318801291405813,0.02865911007611198,0.01635571213462358,0
-0.0036632791276406426,-0.05440593574966906,-0.060065055568199924,0
0.014638248404319314,0.08132537090605646,-0.005410668575963871,0
-0.1253989108095158,-0.1942215455950123,0.04268020027984117,0
-0.12310947773976307,-0.012458684880405893,0.06406826150951676,0
0.1932874550293842,-0.07000746822696949,0.003445048398831921,0
-4.047154250993601,-0.006283295787527556,-0.05983279073224517,1
0.0006935947488318707,0.29456046455419577,0.08731170508338568,0
0.1677987851926655,0.18113827084449155,-0.06503948557925797,0
0.050414062436088175,-0.046786767532605585,-0.0032444514881725126,0
-0.013932554485271762,-0.11408782396767608,-0.012685412948305087,0
-0.031939542491704956,-0.02001575756107355,-0.07307723971388475,0
-0.04555294285763019,0.1685626008294561,-0.0075408630751504085,0
-0.07601730037255368,0.07022861295854159,0.13070444255327973,0
0.05576741064770146,-0.03468808919855347,-0.09706867612322717,0
-0.05911579069866371,0.06046918772187772,0.0418302767367078,0
0.12981960393927802,0.10681442099828241,-0.028287028882783612,0
0.07074223416523685,0.10858060850139917,-0.133936665915768,0
0.012709308623163555,0.11801319611732553,-0.08281310519950147,0
-0.0431395714174312,-0.03893319250787772,-0.09002799446949397,0
0.02867360766688524,-0.018678340971028457,0.11412263336049074,0
3.9510437886798333,-0.05725349891358416,0.03976210994741432,1
-0.14928194744057188,0.15923216222154163,0.09166560238232303,0
0.10877465143240231,0.090937603237373,0.01859321217441241,0
0.05304404251371358,-0.11501338446201861,0.06846289467347542,0
-0.0968311179260277,0.0932738333178972,-0.02992342693798128,0
0.09715799321930606,0.0037696013809902294,0.15835923775513794,0
0.08065816875245765,0.17017976343344085,0.10377359077696634,0
0.08748350689111661,-0.157808177293531,-0.22040286675703535,0
0.15074185652087424,0.09165461309147294,-0.03169230536292499,0
-0.027647929971862113,-0.05602713753848845,-0.05990011827655431,0
-0.06894354490346073,-0.11595566891396572,-0.143472968686823,0
0.026493146823409638,0.023951317723971598,-0.015919790919979398,0
0.012375586084245075,-0.017396172027668966,-0.044853879522024256,0
0.056853558111985815,-0.1742583225886445,-0.14994129086041144,0
-0.04356175511656616,0.07246025583186488,-0.05352367981526145,0
-0.10834783727119741,-0.14905040672964195,0.03588221983793062,0
-0.12792158500174064,-0.13885095065808706,-0.2691949908730247,0
0.09838836068370768,0.08027029444031268,0.04438415697548015,0
-0.08189742886649483,-0.06528631409795861,0.11164598522782708,0
0.014815810384975633,0.08866742870530558,-0.02141390196923889,0
0.028050352809613738,-0.006089926924489801,-0.04748913437285819,0
0.018390775606611464,0.05941153405188401,0.12386412354592242,0
0.07221683291541962,0.15345447600999043,-0.02751073685623974,0
0.06444573526531228,-0.11494092460174687,-0.02387117502257037,0
-0.11273368414015739,-0.06669907693399063,0.06041996626262025,0
-0.017802834798170554,-0.10272541795877062,-0.060291632281812335,0
-0.21211516375367725,0.023336703147249546,-0.00633727938770711,0
0.07754512730123393,-0.17317234160402822,-0.0593018249980667,0
-0.04582111059546895,-0.14504263878859872,-0.01961645060095782,0
-0.13899906483766347,-0.05523780903174093,-0.14381235273947682,0
-0.05186306100090807,0.12595883963972693,-0.007355958503332706,0
-0.11626776149252448,-0.20907699848527384,0.046516032952541836,0
0.1140885782367964,-0.0047416817075329395,-0.0007548737172874217,0
-0.023195916291319053,-0.19631662138154085,0.14556218209814173,0
-0.03923356573610927,0.12383382457997268,0.10745872448589873,0
-0.1290744250857828,-0.0019108158570247781,-0.10635063778694581,0
-0.06484751392711517,-0.11312952517077579,0.1086986234031368,0
-0.05313337955989849,-0.14412464706145703,0.05633013484507258,0
-0.08018097787690286,0.10410530587810927,0.06856991436262105,0
-0.02523701939436622,-0.10830390675123286,-0.036645486919737603,0
0.058844568868385405,-0.03126200707132601,0.0872381487553125,0
0.035350300177373666,-0.08659495129530548,-0.05142945986133397,0
0.0739707376931753,0.0170833375871979,-0.06026878421672837,0
0.052338938902707646,-0.008672641073342362,-0.01948504429193912,0
0.13734821343273781,0.014859388767745858,0.002982519534964014,0
0.15631160695786628,0.029836660190293192,-0.07002157159940015,0
0.02374352668731966,-0.03590909828729285,-0.034024834163890856,0
0.11580593743284005,-0.048627536047964354,-0.06923542777524837,0
-0.10309625603616662,0.10608887915184811,-0.12833058474868153,0
-0.032143883609819665,0.0070290274353635995,-0.19157856985560776,0
-0.1050107396555168,0.03292005471831739,0.014883758842284094,0
-0.04883990486499753,0.022512821937467477,0.04064031627253472,0
-0.060508944059122674,0.21314373267687065,0.003722401711856003,0
0.051184016734531004,0.09574453432100073,0.03471603178971904,0
0.09267330410066195,-0.026277148547202714,-0.03238376588434431,0
0.016107367987050803,-0.0753546859320094,0.019662446053754133,0
-0.007840078880341795,-0.06955374274211519,-0.115899630108285,0
0.07814514686953922,-0.07846268488323435,0.2035965446059648,0
-0.2041968597125826,-0.18725247053814692,-0.1796496874561587,0
-0.2532712893331818,0.05487508778503815,-0.03302245621088465,0
0.04205443779097623,-0.024440859229334366,-0.015241439432034435,0
-0.05989560098386111,-0.09046156352798189,0.13403343644350618,0
0.10981656542582366,0.16394900584679192,-0.09594134123093429,0
0.017650831221217005,0.03408324545365966,0.004683408034526432,0
-0.18797566742571126,-0.028307283692466236,0.011424007999942323,0
-0.06269513733836689,0.07956328232401616,0.10775709214740999,0
-0.12330396804109585,0.11626439474079718,-0.03545880177246587,0
-0.11122489615246932,0.10210058187946902,-0.1037567172601174,0
-0.01431836629550102,-0.20727306506642204,-0.06464311732751338,0
-0.11720712047582992,-0.03917410827034068,0.20016736922660072,0
-0.029858856177064838,-0.0033086672025831863,0.0726194195502352,0
0.052986132242745766,-0.05672058894664759,0.10727732964218065,0
0.058610384809003206,0.020446734361685245,0.11982820009272806,0
-0.097419578536818,0.08727203338103286,-0.010407141056293744,0
-0.04182015299530063,0.0501903765279665,-0.024707393125463963,0
-0.10445514768130788,0.20480899547311254,-0.1709775650195562,0
0.0010218477637661358,-0.05328588955990832,0.008038645521574897,0
-0.08121556821545357,-0.11278087263647968,-0.020105311443159052,0
0.08834494610133367,-0.049068989668165544,0.07848927771363243,0
0.05267983176521527,0.1264380433344144,-0.09281145138638619,0
-0.003109615649394989,0.133933493977636,0.02907049848720026,0
0.2142879542157815,-0.03960972363294793,0.1677207032967326,0
-0.06296363147648686,0.04703545036761173,0.03403031188768909,0
-0.004585489571890963,0.10362738811176771,0.06154987118022753,0
0.06073917601418652,-0.0077402587900986175,-0.10614466448673024,0
-0.06483688944538117,0.23429721265180117,0.07816947168937852,0
0.159041966311264,0.0730720627389454,0.04181107509983854,0
0.04489188475917508,-0.12463420372095578,0.08217682873231429,0
0.1930807635476727,0.033984564154288986,-0.09921593297712988,0
0.0528800463789576,0.0385032033178369,0.052730546772394304,0
0.15615132836255513,0.07542449196231765,-0.20582916712749186,0
-0.07350034654821706,0.10422594215396906,0.10306239886245533,0
-0.019445725987993538,0.08788887320944587,-0.010063528025169926,0
0.0923385988766477,0.11310535304639838,0.09213430716934258,0
0.015989039510919133,0.007134384021412314,0.05811235714355161,0
-0.03764125679262681,0.015398526704900568,-0.08623733082405707,0
0.06707172936012114,0.06196575584982256,0.03357104247970287,0
-0.12120504880303917,-0.17870521975331893,-0.09859102207747156,0
-0.2279979218935585,0.15308235259650904,0.0325489225571625,0
-0.1957697077295316,0.07182920635479406,-0.1333502128380076,0
0.019161883677827656,-0.08008370718511902,0.12169907018626946,0
-0.1553308988540684,0.15787961402100137,0.10037362083202594,0
0.08636818689606948,-0.27352344606198664,-0.09059392410546387,0
0.10724771725722362,0.08765226490056285,0.029813483274410663,0
0.14244278646646905,0.12331155976361691,0.07598056680074192,0
0.10190264874941496,0.0915310879707904,-0.04906406481261248,0
0.1644259251268191,-0.1292468216732103,-0.14279351932340956,0
0.03590848814956715,0.03268044098919923,-0.07131890366152616,0
0.037773454405880834,0.10146899984897449,0.0769416427266499,0
0.07948510206154907,0.017734781895101324,-0.06013647517392813,0
0.06918812084049908,-0.03162551785124727,-0.022650194272243275,0
0.06119575347390032,0.09494599539092899,0.05303039733872063,0
-0.04146253757139852,-0.0362160827130113,-0.02146311212733044,0
0.05923172420814696,-0.050909061345425694,0.044351801397683466,0
0.06813641104065493,-0.17408126433450044,-0.21304950708244097,0
0.19170090324920153,0.10557866225262938,-0.04597834573389417,0
-0.07058283976496108,-0.0045861514642203905,0.010842797748877864,0
0.08717569978694799,-0.006071402045018701,0.04071804139611139,0
-0.07989101139693655,0.1078284513758086,0.009980373194015478,0
0.07712538555293952,-0.03289305591269936,-0.046472802978250426,0
0.020122409723637626,0.09601229304433528,0.042249811178098166,0
-0.029792719315173122,-0.05760097861795821,3.9140942516336077,1
0.09471620561393748,0.01076701600414817,-0.18680142515089795,0
0.123340684999666,-0.036553766037416884,0.06209860914404378,0
-0.07452320492434375,-0.08560354704859693,0.04868373518392586,0
-0.10810770837736228,0.006828445047567894,-0.04937201368636249,0
0.10504585821449397,-0.05110819514634808,-0.03708093595074319,0
-0.11945434292979606,-0.017045649559348883,0.08243418506290652,0
0.09493945474844687,-0.02146556977589036,0.08977460185681665,0
0.04513448959596833,-0.11296379091161633,0.06376318848849796,0
-0.07882534848013212,-0.05240414901102489,0.1336509272068762,0
0.02487248461950036,0.027537718717068255,0.04448193610537931,0
0.20247810891955545,-0.010763924993924909,0.042403431823624306,0
0.037039118775563054,0.09824841860859998,-0.03037172219849492,0
-0.09965833373629131,-0.04131858901300907,-0.01603796795354399,0
0.21155845715352353,0.09582744044072554,-0.038090387126135904,0
0.0517604208990222,-0.013165631730584139,0.04220771959299515,0
0.17681718198582805,0.09164838957078558,0.028479805476840665,0
0.07295265492292458,0.11981871267372896,-0.019983327610578333,0
-0.1000775610058827,0.15757680721817702,-0.002994428394780547,0
0.03719638285356331,-0.10135975027046135,0.09574576060925963,0
-0.012243392348470918,0.049397458719051386,-0.0964793192987958,0
0.008517488247411647,0.20288075199341168,-0.011679838946801524,0
-0.15694301197509583,-0.019491919028913736,0.12615787108841925,0
-0.001381158054992281,0.02592949806054235,-0.009021738231838645,0
-0.029098732474232766,-0.0787452633497373,-0.2081393308541445,0
-0.037938282092663506,-0.05431202442473013,0.052541500025895006,0
-0.017473899509925558,-0.0030125951594964636,-0.12661304822308592,0
0.14631618037855187,-0.07235801435936941,0.11665784634237966,0
0.008254904223693274,0.16190890434569538,-0.06512655534959581,0
-0.02453935568814689,-0.026628914838364715,-0.0008833007998692192,0
0.17097897024823006,0.005051734896008935,0.06574000440767873,0
0.12622034841527366,-0.07953626855824324,0.1394991502791926,0
0.05450932359390755,0.06148967962010265,0.014037777386701967,0
-0.08472433059381945,0.16753297500636433,0.07308952029316734,0
0.04286257408593505,0.023257670484987385,0.2021684115908201,0
-0.04991176240215998,0.21536237155515994,0.11522036333410202,0
-0.13112135490152263,0.14123706537994551,0.23794980031327598,0
0.23793569421468785,-0.011752085562806942,0.0010836475133260228,0
-0.009625578132997659,0.023694966518562087,0.002141285948213338,0
-0.14789672017955008,-0.09988327755982516,-0.05163111878491764,0
0.04577013419899523,0.00927511344498296,0.1241093099135833,0
-0.14958485272609376,-0.03319404813632515,0.17258277618182039,0
0.07252700333617629,0.03650917216806348,-0.07812441380507273,0
0.17070288065223937,-0.18668901332423796,-0.15189407739520883,0
0.06960508671061111,0.048979285367296774,0.029438317824208134,0
0.022041379415412198,0.07896765052498755,0.12421694355727529,0
0.06145313883932201,-0.06095753519261368,0.023459838360268548,0
-0.15140458184654026,-0.11719554711302671,-0.057993217985890536,0
0.033624990612478554,0.09402591256259624,-0.05355277515998698,0
-0.2318991192119723,0.1651291873978703,-0.08650027008728686,0
-0.16070443318417924,-0.11013916925735492,-0.136949696659847,0
-0.22198073596754392,-0.018490293772330465,-0.004286657744471175,0
-0.032272847101118045,-0.02432464713199657,-0.16375028913370232,0
0.21448521629382725,0.006078556408621032,0.1355785677957104,0
0.11888013926882211,-0.09828146060158709,0.05479830844387987,0
0.0345153206557474,0.053327652312481724,0.03524203063410365,0
-0.02489397707521109,0.13368940527847395,-0.014480118527279151,0
0.0678544725780371,0.29016363470125905,0.02262337486911903,0
-0.007670335644223367,0.011280572681100795,0.004269699149192888,0
-0.11263310033471624,-0.08953761748794979,-0.19328525900139926,0
0.018675602936685735,-0.03424582148150262,0.26443890726501645,0
-0.0028964848124857275,0.04161999937986378,0.035014915163558244,0
0.04354610882735533,0.003991228483955172,-0.0016080024076242626,0
-0.04767212384195003,-0.12961579369576068,0.022802985648284632,0
-0.041569910563666344,-0.025502618405822755,-0.04263299570106809,0
0.003602384898413866,0.16847354610508747,0.05044295418015572,0
-0.0627269457563838,0.17658707657360637,-0.05801440297390453,0
0.09529485697209286,0.18108556375680296,0.0012066833840302699,0
-0.04082513416028022,-0.16547437038138876,0.06442857551291295,0
0.13038057527704827,0.056963424180710535,-3.9164477078655073,1
-0.08852909144702695,-0.05852404846959555,-0.05541803690365848,0
-0.09647382312659593,0.020943973149490046,-0.07539444841657705,0
-0.07110052776883594,-0.0235688595409922,0.021305329478496744,0
-0.05052805365523061,0.05288825127843014,0.11855885771524638,0
-0.026399663222031022,-0.15746859365811883,-0.07391678839983931,0
-0.017140071131059434,0.051914114810312766,0.0044627148883621594,0
0.12303683639553308,-0.028492447414322997,0.009606567991678014,0
-0.017798102990596032,-0.02704274250172314,-0.013952239151237684,0
-0.007175164253647476,-0.07088086151207142,0.09641867783268807,0
0.05646861324792011,-0.11197356622543052,0.11126614211491122,0
-0.18136460635560891,-0.08907738566859784,-0.10186189374056168,0
0.008384097757859393,0.17198330703030842,0.16356225482515707,0
0.11600599759062405,0.10272521461162563,0.0237424822082815,0
-0.06422818443101484,-0.14172680650791689,-0.164870565147865,0
-0.04974779811058431,0.1333399669652042,-0.2160030382710398,0
0.034770826412826805,0.05123272593670197,0.09350079495229255,0
-0.00797182294293128,-0.03843641375926507,-0.2485147365247874,0
0.026980512433453577,-0.05584657875273892,-0.09055049806093596,0
-0.14406982506567986,0.004292906359062973,-0.014494974734093783,0
0.026963225211779664,0.075428202869681,-0.24933424583121422,0
-0.07937778037145099,0.07472665149193672,-0.006257282919617481,0
0.22569434574571803,0.12340605370545597,-0.10230553019977484,0
0.013957586622044348,0.0098260411940034,-0.024731940894242015,0
0.04438808871674635,0.006660371204411719,-0.07388385962998216,0
-0.008635570784280278,0.09119867905829533,-0.15469879143888843,0
0.0024239036220905777,0.1554046757534926,0.10937374861454306,0
0.1856945405931597,-0.06701826576157643,-0.031642875555667103,0
0.13062818026611903,-0.06897067097940988,-0.04525180281697699,0
0.009842152731654999,0.1332309258723154,-0.03557482627322991,0
0.028164302445639496,0.1656001290140077,0.02896087403885569,0
0.08655693327106687,-0.08991376527682819,-0.011997700029374052,0
0.15779735090698788,0.035616530275139245,0.2619205154839263,0
0.012886858352448408,0.01987933564667884,0.023776334055603837,0
0.11054131786569542,-0.0931631620603074,-0.05066058576369872,0
0.04882921901481319,-0.04531038357561181,-0.028386109065638845,0
0.06453058310344596,0.0961979127408983,0.20416544155285551,0
0.29304473885689036,-0.06125621106731558,-0.1054332770068875,0
-0.10932699364801993,0.07900507878174479,0.06706932648529404,0
-0.13968557866330344,0.10573742597259826,0.02205876184790391,0
-0.05841204082696641,0.13586139504946987,0.001695043552315957,0
0.06233278336714452,0.02218811381137498,0.04990415906675096,0
-0.1705261455689544,0.06482308144600005,0.205619114464093,0
0.0002082282546655043,-0.17497641792904206,-0.13081178988524145,0
-0.08338424283610413,-0.06895293355269382,-0.04656472328376596,0
0.15307880590751718,0.04689121580965164,-0.06922695658946908,0
0.037247413662726034,0.07001800852290448,-0.14715926534597693,0
-0.027345855121825954,0.12223539348847552,-0.2098531890832785,0
0.16570237044474792,0.047261810068093435,-0.19558996296502995,0
0.1824651439274232,-0.07430163296539442,-0.05603180944393894,0
0.012658842554862815,0.1371448387244943,0.03744948490079916,0
-0.04916937161082229,-0.1602677938233209,0.012266897320354946,0
-0.00013241319033281573,-0.025742460176388274,0.07556290015948725,0
0.04944675011008788,0.13814788881415305,-0.20533193889384968,0
-0.26753188204222494,0.21993718659998757,-0.0008001361897717597,0
-0.06298890441562688,0.119836700687985,-0.009456125156608363,0
-0.0817831520500761,9.390474039862658e-05,-0.07059295071045572,0
-0.0036815089966462603,0.15805070452388315,-0.14294886167589305,0
0.10929097249911324,-0.09129371628357906,-0.06274620456073952,0
0.20289421347680747,-0.09061661929230981,0.025124051081671706,0
0.1736359776533887,0.0854227810220119,-0.06823412635471048,0
-0.06359287098091611,0.014409338113394315,-0.0014883884906883387,0
0.05547953401060604,-0.15246980911909266,-0.10667329492874143,0
-0.2310147859784698,0.1542853698598157,-0.03350255489648808,0
-0.045060171417443784,0.012590018501870585,-0.10324569913097957,0
-0.13717290597687196,0.09624496337473118,0.09335408053527834,0
-0.15049048262508719,0.0665973349068557,0.09371276269688707,0
0.11171632190690145,0.005973417421649533,0.1688738981218109,0
0.1162316511117036,-0.06935104841431702,0.1476644686547837,0
0.014273364030180298,0.04757750986304823,0.0852804044284242,0
-0.061451721980742606,-0.0514471104156798,-0.01119222160476694,0
-0.0807455266223903,0.22538268085267107,0.07703775691016063,0
0.09872348908362888,-0.05122885508159947,-0.10760716772548445,0
-0.08601380290132749,-0.0018322723415340398,-0.03768231476956033,0
0.05340549030085297,-0.1418255724617042,-0.20642750125308176,0
0.14184052243949447,-0.012019194743587786,0.06825490022653953,0
0.13527956570019503,0.026731036017864696,0.16614545292059274,0
0.15511106967912053,0.06394912024091413,0.028749029826388984,0
-0.04526458783596018,-0.023561521551693075,-0.001875938722713002,0
-0.1053922568967146,0.01600951614016854,0.016404753748414252,0
-0.023037583215554783,0.082165592993508,0.16820844504855506,0
-0.04562873475174508,-0.006464373253256335,-0.029687797664112704,0
-0.13083875561145267,-0.07229527598123224,0.0048811545718948045,0
-0.04908594471288944,-0.21122800088326504,0.14621842410020588,0
-0.03597113232259207,0.039602050731675,-0.040978600756340126,0
0.05735913923277543,0.014095765010249825,-0.02468351884587975,0
0.13461901193312026,-0.15836169201156094,0.018398126585004997,0
0.0020443442609306343,0.05669123922825589,0.07658488096249388,0
-0.09265242498434476,-0.01523252892521227,0.06007125238595721,0
-0.035001841417858524,-0.057259020191611346,0.03734928637183343,0
0.016376827067703315,0.0014265403314204174,0.0913012536435176,0
-0.07275542174792085,-0.04555516699067882,0.09288526841617475,0
0.10762177673968593,0.11369618659849222,-0.25147194844746174,0
-0.12119469701110218,0.2506440909307017,0.055777896008285435,0
0.020727649036798745,-0.018799045864440894,0.03798301859215256,0
-0.06676677115812805,0.019564496434683342,0.08658766576981261,0
0.057510286742873354,-0.02910593590484539,-0.1732430164379729,0
0.022590615802037153,0.12357848615382748,-0.1008909523390109,0
0.07282293216912454,0.04919605358086007,-0.04147058383791927,0
-0.004563239751890594,0.03817892375024735,-0.0014810651546503751,0
0.11445174954532422,-0.09287468789135833,-0.14192023369651094,0
0.0322464229450689,-0.0677414846432313,-0.048436477342489515,0
-0.013128776524532901,-0.0022355934360071515,-0.12652440110636073,0
-0.012997737569296387,-0.017659179650475174,-0.03920595024143211,0
0.08019039870062972,0.15689160022751097,-0.08938144317643941,0
0.1443562835725538,0.09611382884369933,-0.15412307647324405,0
0.08683541431008124,-0.11419104936682112,0.15164105081271873,0
-0.011251535211257081,0.10541840094915206,0.053011465610426835,0
0.12381396781345154,0.04860486253654133,0.06992634537635926,0
-0.08658756686244842,0.17527165698729832,0.10630103108694883,0
0.09050422459758205,-0.06896822688222691,-0.03645931138989802,0
0.18169884814569082,0.014490294730896733,0.025357762595853817,0
0.037969449523944016,0.14278312765974202,0.010186134201060867,0
0.05728854561937539,-0.19395240179121823,-0.06522982938379987,0
-0.18597212583478007,-0.05764197662155032,-0.027736471957982834,0
-0.07003827867836775,-0.0019527708381457218,0.03131336206740939,0
-0.0083808743037094,-0.08097656303629007,-0.04129956225995948,0
-0.14118905375613852,-0.06733088373949409,-0.24264388132012896,0
-0.0710165597733604,-0.1954921981791651,0.18239222619388226,0
0.05676277010870108,0.049096594105420104,0.11302821872436497,0
0.03188170743543644,0.005053045117164395,-0.21797194918782978,0
-0.16783545791745114,-0.10047665902971488,-0.05983881769445265,0
-0.07097085696196687,-0.04410935793933707,0.18414984965120762,0
-0.010044231030788124,0.0010019925523660842,-0.10528493994126045,0
0.0036937026503910796,0.014386438268378371,-0.029879528617803987,0
0.1538170247468393,-0.07358404673238737,0.07321430623097462,0
0.06442412921666621,0.0990766294368622,-0.000794211816444334,0
0.08517523367024535,-0.09933719954724773,0.17135610636195708,0
-0.10541719171025313,-0.05462356522026282,-0.12930721745411863,0
-0.062800218030746,0.10710205258556658,-0.09991559460542557,0
0.0029670895203229805,-0.15185874800273885,-0.005606783687092295,0
-0.028146531525696725,0.17264446925013116,0.11292632944210079,0
0.02787678888134669,0.11921312878425903,0.04579046267784866,0
-0.06354729112975126,-0.004087077371956009,-0.17637575535714853,0
0.1052583910170488,-0.026545839912060654,-0.01076389255040033,0
0.21466598976715587,0.00434467398802508,-0.043735764252288416,0
-0.0901742407518276,0.035120789915991026,0.10633473112704704,0
0.15840172302683148,-0.004648313972657706,-0.014020269977773057,0
-0.14826448097503142,-0.054000822883654535,0.08971141289918019,0
-0.06483850662775138,0.038275963869831495,0.06270753561866814,0
0.02704457171093549,0.02497964872961827,0.08036594127118235,0
-0.10724941922944738,0.015295832084982789,0.15189492353388678,0
-0.04008087616697469,-0.00026701649334800906,-0.03999352760063154,0
-0.01754809401129116,-0.004964813956103596,-0.04138796905609628,0
0.05650637111600468,-0.014496433357257763,-0.018064570770467227,0
-0.0821224628926037,-0.10386650457844211,-0.09533405757602167,0
-0.06353969189430314,0.0011370152909872225,-0.05238294724149445,0
0.05280308323506037,0.04986642242059856,0.16831976661089615,0
-0.16743565085924605,-0.1276293187569254,0.007972102615099999,0
-0.04476700171165355,0.05355526634381306,-0.02321584437248546,0
0.10154399693781878,-0.1445632820646553,0.07522422521505515,0
-0.10502534447978434,-0.06008110559494165,0.10729726982441652,0
-0.05463018023612729,-0.045667645113136195,-0.013506529730903147,0
-0.08510480434274523,-0.036293605063393346,-0.02502909466955085,0
0.10671931693925628,-0.15038020842914226,-0.08161339384367537,0
-0.03389976573436842,0.005445291169089885,0.03203489461097831,0
-0.012398265524616373,-0.011390555977988047,-0.0782371443109789,0
0.0307121695017337,0.05011970453566803,-0.0275230525932749,0
-0.0624376073796186,0.08311020839814443,0.20973057736190187,0
0.008843877887275278,0.17885392813151157,0.12278431034751035,0
0.10833796382771171,-0.07249709161557319,-0.009924652465895275,0
-0.13623012116011698,0.10558489244965652,0.06730041714849862,0
-0.03813385704593904,-0.067101638405558,0.10110862255703579,0
0.011074935375322649,0.01125411993796575,0.041791521548255245,0
0.12578353464067982,-0.17393211206429038,0.10101856540462702,0
-0.14030405723209347,-0.08257011231520019,0.14649092151706705,0
0.022647637554813457,-0.058274176869772244,0.11008436961484665,0
-0.01606044714619076,-0.0804750847082786,0.028775618369268716,0
-0.07062742419113237,-0.03441518818313022,-0.07653141098849883,0
-0.028750437627353628,0.08671108326789927,0.011458560625165266,0
0.10225323849597744,0.053716282094356096,0.13314528418403931,0
0.13818810721333485,0.20041059251430604,-0.15454223214682958,0
-0.0031687575163663016,0.28262164182919336,-0.06827134507489765,0
-0.009900487523310186,0.028744801263475808,-0.08776527158295395,0
-0.10717601838949975,0.026792001239498486,-0.009492194620128389,0
-0.0469146435149361,-0.09852826619053956,-0.08341823195680209,0
-0.03803176005538465,0.0946174593555334,-0.11798903832765376,0
-0.03880930828933493,0.04795107879788246,0.11691202281449975,0
0.008908808014886156,-0.09906826284680492,-0.03732033083873995,0
-0.021105952811270076,-0.00782619944578919,-0.018484788740167426,0
-0.006932859107053839,0.0524545967175347,-0.003323880623924206,0
-0.02552206239910487,0.10786880156917225,-0.014955967411863742,0
-0.09664736095041057,-0.07157312497776999,-0.04650226389921652,0
0.06145772654260373,0.1464640075192066,-0.08085915233506905,0
0.05386218420018715,0.2362243007024406,0.07543919086487326,0
-0.12297698638137866,-0.016602039248002867,0.19552133913040443,0
0.01639335198318617,-0.03944556794943091,-0.07678485249732175,0
0.027630341033278095,-0.14349250568910796,0.19177165275400532,0
0.04529159957446713,0.11381644676080055,0.017107823978844274,0
-0.10938391139106488,0.06465765044875922,0.011688940269410869,0
0.07415573408437563,0.08199346883534692,-0.08243622186559224,0
-0.028007629761919856,0.024543094843617275,-0.026662458919859428,0
0.05512378915278815,0.008251071356935685,0.06928904507955533,0
-0.007038250640787231,0.17906085174051253,0.05948640386444877,0
0.15509279755416205,0.09710179358630118,0.055010084231013404,0
0.019413604909962454,-0.07658862785989932,0.011727425698589054,0
0.10320428345344367,-0.06106615495549475,0.08603324600594499,0
-0.010985636193374317,-0.026901920613193516,-0.041300781766827416,0
0.03347393139566675,-0.14034714925840833,-0.09426356165000464,0
-0.10099689236239354,-0.1425414628441468,0.09271295293403072,0
-0.06533967679007928,0.025818830801195892,-0.006506711924589097,0
-0.19535589802414544,-0.17462119359303194,0.035434749157991434,0
0.0267880837195148,0.18149341638874195,-0.06213348949581955,0
-0.1169926075674046,0.06017475277990991,0.014988429820856217,0
-0.03144593449169302,-0.28111739211630454,-0.009531995981638702,0
0.19334978674205594,0.04157186347758328,-0.07624875888104825,0
-0.10176241546951029,0.06404089310924298,0.09044520974007453,0
0.13596332884332665,-0.03565546216112877,-0.12031177062090725,0
-0.08037855631847812,0.22543292819875982,-0.06299433357761369,0
0.11810817294204463,0.16405921366094056,-0.06422555726242106,0
-0.02022725718264953,-0.0010830361689540562,-0.02349963629480195,0
0.2413722264465109,-0.11022193877532963,0.09844188616752374,0
0.07271009497599634,-0.19167214325441484,0.10402752884471432,0
0.04699819837712367,0.13648249854502856,0.024714481395476412,0
-0.014440910462158738,-0.009717567571897064,-0.035545342660592054,0
0.08807512569688038,-0.12446524928033437,-0.03667486854799788,0
0.11157968303750286,0.01250154499087681,0.002628743780631531,0
0.033138279013776605,0.2255786396792756,-0.2631720984016241,0
0.10492111018325674,0.16939671101554798,0.037339565456700176,0
0.049586880743843396,3.9016781084341203,0.1936522059108411,1
0.015874193274151484,-0.11566298974105811,0.015533969343651794,0
0.14117376876975704,-0.22523223706315576,-0.015059246943695757,0
-0.12380721746613133,-0.06410177862540688,0.02077085672726798,0
-0.05880004309861586,0.03515273920106221,-0.09529236639282795,0
0.039911829234169416,0.13672676943396678,-0.019712781759899902,0
0.003315638699963629,0.065799512700487,0.0999729149931401,0
-0.08733417754631252,0.014493892347692392,-0.14345102883793168,0
-0.02337396581217591,-0.01214087962530333,-0.22294134779113223,0
-0.06875869591822785,0.1013704685881995,-0.0850743837932998,0
-0.2192051529478466,-0.004085393140881847,-0.04319979584780358,0
-0.009965886525903933,0.027011734852509413,0.20301352997868458,0
0.11350534956797638,-0.09069334642695207,0.05074257567930112,0
-0.01750014365589272,0.046746141424400714,0.02134034131814011,0
0.029333786527673867,-0.07079640753740553,-0.1116863548731347,0
-0.0026251265496246507,0.13562198064787892,-3.8749606889243773,1
-0.15882262131905653,-0.016285410613707373,-0.11535594438179714,0
0.0352164076184449,0.06978158999190662,-0.06376259177730942,0
0.15161155681886396,0.033347161368491196,0.0043008681491924165,0
-0.11723436490233428,0.008263123036222628,-0.09187050973830987,0
-0.10285134468763552,0.05590781185796234,-0.10597402707998992,0
-0.05002204715638752,0.04306390999805029,0.021179145100937498,0
-0.011191567589256487,-0.21480714224492498,-0.05375964271688477,0
0.037705457608353754,0.017279701986900806,-0.005475863710396462,0
-0.050369474447892616,-0.23369250715583037,0.0313780288925197,0
0.0376447054850269,-0.08391271423851654,0.04729467391770356,0
0.05049723669967929,-0.0362069167864106,-0.0697106882414682,0
0.08506219414221046,-0.19093640969312867,-0.2841835673273687,0
-0.24744057825101584,0.10897686214180438,0.0671077698058403,0
-0.08667185842964292,-0.09676932061260379,0.023655346208470457,0
-0.10947472452421106,0.08643084188679083,0.14869693823543606,0
-0.05281327918575918,-0.09798258755355027,-0.09866510019286207,0
0.11913389401517432,0.05563588034968339,-0.08501174778511521,0
-0.03731399388960568,0.09721424811066914,-0.03779711996416515,0
-0.1067853343813172,0.17835072498101698,-0.014974151346798959,0
-0.09877987626927609,0.14537374425321878,-0.1003827894684874,0
-0.1636202160339078,-0.00998247320050777,-0.0881421890840572,0
0.269597256351433,-0.015375954651037969,0.17785402043416276,0
0.09095180529421976,0.026656812840644452,0.04095542273073524,0
-0.038569572440566836,-0.1694943305227529,-0.08500277111810561,0
-0.2055746544968483,0.042530877290558176,-0.1470517833011975,0
-0.09489014562480635,0.09203851392760261,-0.13044838074799323,0
-0.052563770268779,-0.044533978775610404,0.08701842378233299,0
0.12005606582206943,-0.07760763400919267,-0.09741750832726681,0
0.0565603408106667,0.05551817502890638,0.03923878982600676,0
0.040357117662500774,-0.060902110201431596,0.18963357148364643,0
0.024927001457047498,0.07611531888796261,-0.1236873224029914,0
-0.0785179095872058,-0.16392165712293816,0.03855336913661176,0
0.036306814870774785,0.040890224331186754,0.1445440328829762,0
-0.08074733244656242,-0.03879191170236179,-0.030082344271780838,0
-0.14847956418279648,-0.10733946027392956,-0.09787186189765636,0
-0.07350402221961803,-0.009701637441044682,0.0348395960455119,0
0.0949022788265508,0.1087831748106105,0.008558766815009894,0
-0.016871324269637517,0.002889985532335237,0.20246130883052685,0
0.09360654834309412,0.16711267998951662,0.08829702787246432,0
-0.026242543207690778,-0.11348825372673271,0.032130991891489886,0
0.03864468428756438,-0.062156791534898226,0.03872404575378213,0
0.16079765844356697,-0.06977512487526143,0.14031672978095763,0
0.0004883009889970394,-0.018158936509608696,0.08505542878099591,0
-0.11862965555148107,-0.012666524814386702,0.005698022516621933,0
-0.025700461657534118,0.13467432779926597,-0.16351338480206723,0
0.008757828497651653,-0.14987791919802226,-0.013183352681500294,0
-0.020757006871103798,0.08976357251971986,0.03407472219294973,0
0.036640169986293464,-0.04209033289698828,0.09682124298636148,0
-0.13266001439869818,-0.06410347492942114,0.06848140535032714,0
-0.2350151389513893,0.11737106725712738,0.10367260993390844,0
0.044713733109206864,0.12708965827203839,-0.13718028561152934,0
0.0865797825934473,-0.06724108008935634,0.009443884431179855,0
0.06805941062738484,-0.12944485843608405,0.1647628874291609,0
0.14508122514773247,0.11202495129655946,0.18181988256503287,0
0.017429551712093313,0.07177318523216829,-0.03225257740350209,0
0.08260964356055973,-0.018460513507599415,0.05923976293088761,0
0.1149043054098895,0.18752609829150887,0.09767462809106549,0
-0.02231141438826608,0.05809907690765416,0.05594383993064065,0
-0.07401848644484102,0.0973303160179223,-0.2046464881054357,0
0.06268370526252474,0.07036642153865451,-0.0014501197680108274,0
0.16072836120846326,0.018829276627015654,0.04173702720162406,0
0.05971587886303419,0.16969500296817386,0.027330789346852926,0
0.07931324866394052,-0.1302014177248966,-0.10528108333008722,0
0.02184700630902249,0.09785755539850954,0.03586427665466701,0
-0.019818082034156293,-0.08332842954246039,0.06263112492126809,0
0.10561461702291985,0.13592270459397565,-0.03256579752728732,0
0.07428428618547679,0.01723542967099352,-0.0035169692009604523,0
0.14371835317066925,-0.08183997240912483,0.17403700688845333,0
-0.05733241320665305,-0.08894431110613304,-0.06063753941266364,0
0.13724700327332048,-0.0751699813173812,0.08271734685348756,0
0.04448532174255386,-0.11168742653268221,-0.016766534538663797,0
-0.09787939664203225,0.048088667143209585,0.025148020113035574,0
0.0593260342080921,-0.005133243207295839,-0.00116615440492523,0
0.009797109706341157,0.014925182676118849,-0.13934870457209653,0
-0.03552505971947879,-0.13444219319190517,0.09459184692049322,0
0.04599249765906322,-0.08510766608243762,-0.06033260081935559,0
-0.11234995992918198,0.07126362928592282,-0.007191207167542077,0
-0.24175800061786804,-0.000667392704996997,-0.06283571061032306,0
-0.043994120416239485,-0.18306407561014354,-3.915558640471698,1
-0.03695308811775743,-0.05080850857821857,-0.17363661961989157,0
-0.16524408431338639,0.03972688593949535,0.12111343283253354,0
-0.1188328713265658,0.03492828669902652,0.05709097894255304,0
0.0907167658421015,-0.11243714700555976,-0.09735997590710206,0
0.14863909069682724,0.012864769153251793,-0.09700223442102957,0
-0.1771103309190063,-0.06227139975512083,-0.07520063224557466,0
0.0782965715470165,-0.05811836350838545,-0.028799231207584177,0
0.0229065245001069,0.008572507925607728,0.22827696719367632,0
0.057597563811468105,-0.04598517962716723,-0.09240499115101652,0
-0.12120055034494404,-0.06986711836520774,-0.0308821446276988,0
-0.1616655367278607,0.11610873780186765,-0.03948130426980059,0
0.09007793145663484,-0.0381819616603576,-0.017130223418372996,0
-0.03856069388926468,-0.0832850237582023,0.005749009752504173,0
-0.08933177256883414,-0.09756798924564362,0.24748174884635837,0
-0.06148744360771563,0.04560483721975831,0.04227468853838748,0
0.28813255963527606,0.0028993669682106484,0.12263645320718655,0
0.05153239848664701,-0.05837910923067763,0.0821375306372682,0
-0.19685191246289208,0.07501664959444915,0.030816319003666326,0
0.31163598351349076,-0.02252223544755368,-0.10404143117346641,0
-0.022876361870423845,0.05699230673525635,0.03965836177446565,0
-0.051517573235143735,0.08712258054099592,0.15028100295250885,0
0.07415910799386956,-0.05227499332679797,0.1694275472775982,0
0.0010500876727333247,-0.014221931169852554,0.007103949989542437,0
-0.12324263525401057,-0.05029723200359118,0.006621524654333025,0
0.03820185007280031,-0.06157442552296662,-0.05779819466579923,0
0.15637477613034803,0.020445436018747713,0.06298913695263059,0
0.08201050844772369,0.08373250395678895,0.03493197137134883,0
0.04989849251912517,0.08770130515962055,-0.06166949215413632,0
0.19712642374499523,0.061064200878354985,-0.1399654305320762,0
3.997742997046627,0.049219144811864866,-0.09198572424491781,1
0.1778445788367305,-0.03552935547221891,-0.07286183413598832,0
0.028101110624049283,0.040276219577199235,0.0022197282365456097,0
0.10114161812215286,-0.030284027273481475,0.045285106038970666,0
-0.2092623733135969,0.20297751204209652,0.050454796085355524,0
0.05376127994643909,0.04665267287513266,-0.032439547983540255,0
-0.14888066910956085,-0.06962585229100499,-0.08987168576620934,0
-0.046122355892532586,-0.0754486778110255,-0.019011556520065573,0
0.003253978723165977,0.09541682479709723,-0.0582796253922469,0
0.013446850607557757,-0.1111859316865595,-0.10992201520882545,0
-0.12976580355546694,0.054956389462355454,0.16456585591035544,0
-0.2433416387449424,-0.051046107009957944,-0.05848869948403493,0
0.09801214964281948,0.1471953618421632,0.058411325155347076,0
0.03890602981990898,0.004441860335038147,-0.026447937594252843,0
0.054729918210911166,0.052625261680557325,0.20276084879105968,0
-0.010537117215229966,0.012245651350165022,-0.0405435794795099,0
-0.17107795473740836,-0.12118805691910049,-0.0949037969544783,0
0.1003327530021462,-0.051739360754129465,-0.03737966942912186,0
0.0363714946014422,-0.13852440557941414,-0.17310343020839883,0
-0.009734842510558582,-0.01753795457041751,0.0841729273141776,0
0.04936170898638881,0.1683961583668552,-0.14883546000576603,0
-0.10422608556279292,0.29382077661039085,0.14053805702125266,0
-0.09211516385521218,0.050550683786475904,0.10340817618948278,0
0.12666247467284483,0.019258054864977524,0.06064209377233002,0
-0.07333837343135828,0.12636030164474774,-0.034906398853528475,0
-0.029018653129837237,-0.15258941832297343,-0.00039145837319394045,0
-0.06534116781413273,-0.056864237413522804,-0.013430279096191801,0
-0.1129378063688608,0.1624873207457238,0.01455028263774948,0
-0.022658859037216858,0.05965195952459376,-0.04574721867987125,0
-0.007867623781565832,0.1330558242160762,0.13571236760302174,0
0.07159064844804079,-0.04044205555308298,-0.25817265934558664,0
-0.028480290840805646,0.0792314977965102,-0.04269991642611304,0
-0.005497630921194884,0.06321218408844446,-0.022092320096374476,0
0.00770896686627082,0.04444243775985624,0.00671579182351349,0
0.023927940811972866,0.013706820523523662,0.023013625393732678,0
-0.07026379189335892,0.18908235445759666,0.06067919752960003,0
-0.024736857181092246,-0.08173170909574211,-0.05767534954951501,0
-0.07452525066173031,-0.2009999098866181,0.013266210237377223,0
-0.06624888626862759,0.1090847149951268,0.14087461732898293,0
0.056407678459710724,-0.08636824637775374,-0.06541653313400467,0
0.020500311346258182,0.07935079098224708,0.09658948963941484,0
-0.16136769852805702,-0.08386127047895935,0.05163205718235714,0
-0.2822395145547062,0.06990461754806067,0.007390217844579528,0
0.05448169671640375,-0.021777892397602305,-0.08885264277038236,0
0.044930407978587564,-0.02266610804856981,-0.11589677027030348,0
0.047504994771662964,-0.04501606534226634,0.03175300892628367,0
-0.07527746919910729,0.006438727186495442,0.025378472274473735,0
0.029411513759241656,0.017185892848194485,0.19198749297804207,0
0.06848164217050268,-0.0037998958097934,0.13618276581142727,0
0.046820074974988746,0.07803289236092176,-0.023841952799162024,0
0.12873319420355375,0.04492101780955532,-0.10108453401404163,0
0.025456548162392525,0.007941986701061192,0.041628833572982825,0
-0.0617224995679206,0.032251838964836604,4.064982088055069,1
0.1256542970817129,0.1010628460165066,-0.09162858493529112,0
0.05379892826583929,4.040420457036806,0.19723903387858632,1
0.15308810901641348,0.08608177214969294,-0.06903807655116301,0
0.05916028143837069,-0.1749057393238497,-0.00960595639360578,0
0.0681732408894664,0.14400070149012142,0.07329693472211758,0
-0.0029204698631709355,-0.003583090006892829,0.024179049685229947,0
-0.09586471724101299,-0.025581379648440462,-0.07817431995246903,0
0.1564551044744831,0.04054635790367393,0.01089018008192533,0
0.1750178665824624,-0.05760772311852304,0.051839131227734106,0
-0.06809122544284367,-0.019123992804249663,0.06913776278418687,0
0.05212573862681468,-4.090342872014517,-0.08669522755378084,1
0.007691981598820895,0.03217684617593946,0.06691984753936306,0
-0.26933301906859153,0.005900713856756179,-0.04033806184156615,0
0.09289296802651154,-0.1787012396262466,-0.1659347998368158,0
-0.04199783610790023,0.001820352771132157,0.06422246729779305,0
0.14569870209353541,0.057246248751520734,0.10388888933789714,0
-0.007573184999965942,-0.033053612984038395,0.044738056562954986,0
3.9697741485983307,0.0918340199339666,-0.033781303192830174,1
0.07608067406091679,0.02859653678750154,0.016805996643252937,0
0.18780097453433897,0.008225337716269274,0.04198346519044708,0
-0.041274028065796345,0.031598510775423194,-0.022916954176230398,0
0.0642807105450691,-0.05296588518302441,-0.09533246791813295,0
-0.13058970451586122,-0.07022821394986493,-0.001586832088261731,0
0.18861763309108,-0.14512390105123688,-0.04265719613295543,0
-0.05315525055838775,-0.10970089184379056,-0.006758239799939086,0
-0.08280265603232556,0.036901466874350725,0.20912171943535818,0
-0.03796011105141561,0.20443144829231039,-0.028043505964414628,0
0.12202082921062007,-0.006735234041797065,-0.09564907208468303,0
0.06408683063479952,0.11390468625516861,0.014795847089797365,0
-0.10115638509823047,0.05533959195472163,0.08274412349661547,0
-0.05532606697864561,-0.07137809968057399,0.1428428626683369,0
0.15622035921950045,0.12266300001969846,-0.07238904619362131,0
-0.15168561998875962,-0.007908499283824585,-0.01493431494733599,0
-0.06312671759069091,-0.10022445633427673,0.008110411842278098,0
-0.03624066559037287,0.06348706802598035,-0.19573720661539432,0
0.18922106588005358,-0.070921045114878,0.05820166980588835,0
-0.11037213125968225,0.04664314029729829,-0.08991526847727663,0
-0.11670299113766694,-0.10635655794498233,0.22693003490921196,0
0.048193435632786046,0.0616609668332426,0.09375098170596997,0
0.019637402597379963,-4.016856701078598,-0.14717465573380148,1
0.05458319517802729,-0.14188412030327932,-0.0125064169226354,0
0.09272277785661023,-0.16664825038549747,-0.1622766148705895,0
0.11538714825228256,0.14400095538690524,0.048767937219538995,0
-0.0063687416459159915,0.08235028243030901,-0.10943109763975858,0
-0.05632360325256178,-0.12257974774419006,-0.02008923328250708,0
-0.06664796678538198,0.16864844205300283,0.013849686119627164,0
0.04269240156965911,-0.07945543692546518,0.15620909905863473,0
-0.05223126490096012,-0.15287635704133767,0.06274802285664909,0
-0.1302655546431165,-0.08153482234370374,-0.028870361237774617,0
-0.15585410110623243,-0.05461312148220149,-0.09041243561993834,0
-0.1540340555347968,0.17605152586364523,-0.0036176924568475013,0
-0.18471038846165844,0.06167293597200792,0.06291401035141347,0
-0.05922256189885492,0.08257430514370347,-0.12806339140834316,0
0.1369342765501318,0.026390152612679157,-0.218452164784456,0
0.2691482081557728,-0.12732344883618912,0.09466681739964405,0
0.028931381241191302,-0.07095883425324943,0.003870929433313549,0
-0.049433997614305614,-0.08832438100251058,-0.09152393597485266,0
-0.19505259337845587,0.028748402484418175,0.21280250407705792,0
-0.14333109216426118,-0.20908829896066392,0.1503494837006273,0
0.061653585722509875,-0.10965389430835902,-0.03251111244423486,0
0.11176765934418031,0.06429855354979118,0.032205180904047545,0
0.03380697376307095,-0.05180859135581561,-0.18485831140042827,0
0.020456099971387344,-0.030900890066410676,-0.08741646030452285,0
0.08867657166831866,0.08131369335225204,0.10617861105390095,0
-0.07455905421874327,0.14749839115432922,0.016978907938928988,0
0.19380922420881916,-0.009408494655468494,0.18583853165948447,0
-0.06232027341927472,0.015025398829224924,-0.12965687934389644,0
-0.024710832452775732,0.03852352170610071,0.28120381880048323,0
-0.043059547716098184,-0.13130771996704105,-0.08721699416712426,0
-0.0388005938298506,0.05426989742538403,-0.08621661828590299,0
0.04281359240048512,-0.03069133187789201,-0.02383963607209834,0
0.08807751184503976,0.010637938852198742,-0.09723254190721031,0
-0.09208493992932461,0.07260709448191814,0.009006915196231691,0
0.12973184864556322,-0.047988011406346266,0.081381684478357,0
-0.05372787261172532,-0.025183440481306076,-0.00991523187529742,0
-0.09059975896671772,0.01609210018819153,-0.0095099818702361,0
0.03768681415289517,-0.011854636112551262,0.07493442161642243,0
0.1372484018316557,-0.04088696401932883,0.01479341844710818,0
0.08123352757881547,0.08276969204198584,0.11047829011696841,0
0.10410963827190547,-0.1074614177807663,0.08251500391381705,0
-0.060179995517449014,-0.0226010548671666,-0.06484675670439999,0
0.034587111693787774,0.05399599520348108,-0.012442114447436921,0
0.049674712851643356,-0.2011843799066818,-0.09078142467368332,0
-0.007137179083136391,-0.03818611881640724,-0.1554853911408691,0
-0.07583964131808896,-0.023959860926006007,0.06497250973452783,0
-0.1770640303347889,0.08529897500916472,0.1385446077487859,0
0.07396096018422922,-0.07107082370075589,-0.033184253287993605,0
-0.009363809206513854,-0.07878222025840825,0.03867543056520325,0
-0.023261733790552852,0.01664428131970106,0.0685631559501606,0
-0.053520018655306915,0.1258260431978779,0.19973290839037358,0
0.14865899002688282,0.10098119134831277,0.13758023092975497,0
0.11061007179517467,0.1386497997581536,0.033324915515390956,0
0.05481271622372086,0.0073400387294244585,0.07090967451121981,0
-0.13297608701150584,-0.001418481025757498,0.17080914811427164,0
-0.06733557914827785,-0.1647896882842359,-0.1891954651371099,0
0.004095916999550086,0.008775633527438497,0.013076804251729288,0
0.07804653965327181,-0.04348113720729072,-0.029557035861561276,0
0.015737023377664763,-0.0643981751197305,0.09421419268191789,0
-0.008117666440522002,-0.10486114312638734,-0.08816865062461154,0
0.047469759563806974,-0.0008021520276653585,0.019625675009743958,0
0.05082393907475146,0.005941772322946248,-0.06320826477013625,0
-0.05541216616093694,0.0007528378007308773,0.08686183762164867,0
-0.09732213968060975,-0.12169664372627664,0.011338584808592511,0
0.0369988891013573,-0.06747496863099166,-0.08520545170613567,0
0.0872439935577394,-0.0028126041654524974,0.06930261739847644,0
-0.08756906517873113,0.03135179352296154,0.09418940765531818,0
0.04918619768119685,0.20090058232293392,0.023504367639360348,0
-0.053410976379822575,0.040889061254692126,0.03402844194230055,0
0.05382263026922754,-0.17752234687285345,0.11639954455672259,0
0.14816664579930408,-0.1305144498627034,-0.01997243878395687,0
-0.0011154536944198786,-0.09866562037128132,0.10489192927365674,0
0.01114056639470317,0.10670046965444567,0.07615978188452882,0
0.11890320866522677,0.18627392624132502,-0.03713841355975354,0
0.03207905272699702,-0.04245080419767749,0.00016572369402551747,0
0.13971313461479737,-0.015518082525853627,0.03301053731444783,0
0.12926780672289936,-0.29421571007541053,-0.04856770127018789,0
0.11146935240252837,0.10251221244819696,0.06772881522252559,0
0.09758590593001285,0.06771717605102913,-0.03068262706224294,0
-0.06639161696804333,0.07376427346707355,-0.08583377145924194,0
0.02197512722621694,0.005256613893730444,-0.2108982207699396,0
-0.0903695281850667,-0.01472536641843835,0.2092119094414008,0
-0.17178700153411727,-0.11287953910702431,0.054349554465599616,0
0.19528416116947334,-0.2543833131807915,0.07740697526877795,0
0.04905031584711508,-0.06643329760481141,-0.05684152306759517,0
0.02015051367990441,-0.13446596906589253,-0.10295597245759147,0
0.052447243913523116,-0.08566378760101678,-0.036657484826358305,0
0.012478979361361808,0.12607694564407468,0.0825245719210315,0
0.10287643694753289,0.052446002023997296,0.09432708657948312,0
0.07097772009607534,-0.20747907881476518,-0.032677577376331986,0
0.048495784404457024,-0.0823964255337671,-0.03745932265682933,0
-0.28853972099884,0.06903661280988481,-0.1184333145269577,0
0.11089182936584395,0.024356336273192426,-0.015361000800661082,0
-0.033511570676660926,0.18960531433596017,-0.12105236022214672,0
-0.031043517852083976,-0.10554187147569474,0.2227212354273823,0
-0.04661425121466309,0.09802535004570903,-0.11749314535131682,0
0.12236217339936953,0.09774327830156637,-0.09066118536900486,0
-0.0773796096889587,0.18120653880983326,-0.11263857278069266,0
0.060258813468062916,0.0666112838375763,-0.024506242905916645,0
0.050544433538207034,-0.0634483488520984,0.03632583146936879,0
-0.15545249861821836,-0.13795150567130074,0.07878617098168914,0
0.09430174733803953,0.1976204229904611,-0.22790987269469443,0
-0.03784182748076687,-0.20859026413118845,-0.08894741677148005,0
0.07072303608099777,0.13332845390330947,-0.05504539633543304,0
-0.046111742720981244,0.15340950222519711,0.07174646253686029,0
-0.006106262336403529,0.09566216810612256,-0.03403782840979186,0
-0.02704407291642698,-0.05059084506184456,-0.034731075922127375,0
0.029357865827045256,-0.041322430182443456,-0.04741149789762272,0
-0.17068627623518975,-0.13467305327382137,0.028474438448243378,0
0.09475954036211731,-0.061287771636519675,0.05691116366999613,0
0.02568137595713378,0.10621199965961992,-0.08744324519477148,0
-0.12982624566288103,0.2303279927572664,0.15156129526718842,0
-0.032383790974461195,0.035282448904781695,0.07929541542436816,0
-0.0869869678843289,-0.03225828203599323,-0.21873302542780057,0
-0.08275102771963527,-0.03722989627388682,0.05797378233303239,0
0.1173546016781682,-0.018452372232987877,0.06287196124789986,0
-0.06357055795086829,0.09851885000161793,-0.005678335375790128,0
0.028015057290795477,0.11214302467865056,0.04065496980922517,0
0.04004175856331918,0.057200741472094155,-0.06651262801810702,0
0.09458578504974005,-0.06896939763547838,-0.21540511197434997,0
0.05318994606599418,-0.011588836841853592,-0.16957330886319463,0
0.15843832865824842,0.05504534511505913,-0.030086955642072408,0
0.18118075896451205,0.028187045019159203,-0.04591037261138305,0
0.029429706359426468,-0.18583336220450275,-0.01879439984048065,0
0.009435656713383807,0.015270770769326647,-0.06312022241834814,0
0.0018703712185087315,0.1228425106590412,0.10309996740070415,0
0.029409951171913452,-0.06491636271524522,-0.24147176658985267,0
-0.22327722647178905,0.0106756396692829,-0.08544484281838183,0
-0.005237014292729519,0.09245622334866273,-0.11806353751103438,0
0.0822399104642858,0.03663040515202346,0.07411197492768754,0
-0.15451492248108392,-0.10552571333554861,-0.11685017824297145,0
-0.07008385709088329,0.15449296599694914,-0.08258643751626402,0
-0.04218188723775129,0.06799595568397598,-0.09245616623712527,0
0.058737680271598904,0.040416945541153396,0.006620375040643542,0
0.04298268088734045,-0.06516323103806809,0.06981617330529712,0
-0.07915905508367942,-0.16885403638253002,-0.041061968129509095,0
-0.23484011667401328,0.10854252162722487,0.08060219937152134,0
0.08038936949151937,-0.27872361677683877,0.13117132418328023,0
-0.0655722541997327,-0.12565837211242348,0.12285263122771212,0
0.01623245349053614,-0.07500785628682001,-0.00968707549162686,0
-0.028176018077081023,0.057755054833839886,0.16976885877952455,0
0.061089040025230995,4.00653235328388,-0.10794660974267595,1
-0.010219008153161341,0.12756835612055292,-0.050174816528952976,0
0.0253463745599707,-0.16596547354796887,0.029629210517602318,0
-0.039826415079713205,0.019164570342830107,-0.10331389963886249,0
0.034192846357633755,0.04267664014376657,-0.02002799246244184,0
0.07695452505210082,-0.2425070845453378,0.13827250967338187,0
-0.034101271885321,-0.05488785109044796,0.0686756418917354,0
0.11038308631701277,-0.015503478983625483,0.0625553341856401,0
0.055357162787582986,0.19118994527130592,-0.003872666913469337,0
-0.12155890592146712,0.003560041066058368,9.396291604661224e-05,0
0.03182918234697926,0.2035969658048039,0.03521397273072779,0
0.005611483700632227,-0.14221978287890222,-0.09550881166824458,0
0.04521156968319136,0.08064282390442061,0.012796072148398197,0
0.21586283319634322,-0.02671667238943173,0.11121167021081693,0
-0.09656039495994215,0.011688512853220524,-0.07343574373474009,0
0.010408936857567665,0.1195350734494155,-0.10515065791833261,0
0.0002474201694122551,-0.0031963662448141294,0.07853754961237357,0
-0.16140356190826777,0.05524788258038035,-0.11307670087984678,0
0.14974734674186593,0.00023255737098251854,0.07364916998962982,0
-0.004031707079060604,-0.11680301265873468,-0.051949963025481605,0
0.04642098732352229,-0.066052308058322,-0.05478153646595871,0
-0.06949119209898973,-0.15483643201306785,-0.06942413037046823,0
-0.0818153317859962,0.03842321429131021,-0.09379292096112407,0
0.08643421095711894,-0.044943041035654906,0.04808984848422829,0
-0.07267578890178615,-0.009140965461021033,0.07990870801873656,0
-0.1449956132397828,-0.18948527667441195,-0.004651947433891254,0
0.04812688272206849,0.02185048857063372,-0.12891596762248966,0
-0.13263750797477114,0.16911290589271535,0.02310687655363738,0
0.15319226815827314,-0.11023460884184016,0.013628973696899117,0
-0.09940209900660224,-0.04874146076629596,-0.07051428705206797,0
-0.0354235756500806,-0.18406632120945896,0.12487832019206213,0
-0.013231881330122253,0.07984198886538274,-0.12008989665667236,0
0.012529266259465946,-0.04825303936489689,0.028275000905272876,0
0.08971514866630509,0.0017231993572861951,-0.052619427654299826,0
-0.1672256478727856,0.0719559714037471,-0.018370322574062844,0
-0.13189390670495357,-0.14457097638895974,-0.042651743013670744,0
-0.06215147253565065,0.03760457736243792,0.2659937709454924,0
-0.08057116090153503,0.06163782067747412,-0.09400782332238998,0
-0.11493748299890166,0.04957228012786847,0.37093508984034085,0
0.14566514741961514,0.06072798216339538,0.036309635217875884,0
-0.05945568097384812,0.1252536242978489,0.048954633580892463,0
-0.0638822698943309,0.11029972068307917,-0.056589224106788065,0
0.06170360890417858,-0.23482922120274058,0.016856290772879205,0
-0.06032069367244502,0.04554590907339672,0.026193641452797612,0
-0.13386414625758344,0.1063315254840846,0.23596082103779104,0
-0.15773011913917803,0.012547174841224737,-0.09405655551150517,0
-0.048075466918468965,-0.09013266267295696,0.031702336907993865,0
-0.15730846760278125,-0.06216611988070402,0.12400321719453702,0
-0.03002994476706979,-0.023977883749526845,-0.06723115470122135,0
-0.1627668839068166,-0.004844040209479872,-0.03136927023900418,0
0.20734845996139414,-0.10744616225623134,0.04456721473893232,0
0.0671862260737719,-0.02794911074309385,0.07082965187894909,0
0.11350922210017676,0.09372793027311958,0.08308264706099446,0
-0.04270536186869245,0.0028631120869113125,-0.052637540291594266,0
0.06522741160507849,0.13002050289023181,-0.008065883246025635,0
0.1548125779728658,-0.01299030167333391,-0.02432384086725457,0
0.11371836635520008,-0.02512289637351164,0.23330513669089492,0
-0.03456600864640135,-0.16015895504057373,0.13839672610239537,0
-0.18909521918796834,0.05575660378533808,-0.04603217238621699,0
-0.15140638881342416,0.1260966391995278,-0.05668244043730023,0
-0.15521728804563528,0.19286983965007332,-0.0026351207361509834,0
-0.02807694157768233,0.08898176489495144,-0.1030139352080505,0
0.08910573963670865,-0.03124370667072117,-0.08502884680412166,0
-0.055465041939257755,-0.026630836855169617,-0.027943654213125543,0
-0.022171012676460173,-0.019189800282092745,-0.009155571735361771,0
-0.08147901531704177,0.08756638574716892,-0.03281358757952286,0
-0.03856794402444027,-0.04057494289515936,-0.02781527219767951,0
-0.1521155888743181,-0.07491395488753812,0.16107759948370998,0
0.023731798292587605,0.005500542833339079,0.07378554999108684,0
0.10710454948656867,0.045160557045788946,0.0991552991830842,0
-0.03185003315584946,-0.10229963541438669,0.1393425300731468,0
-0.18171735436866993,0.06478284166894482,0.18603615769470924,0
0.016776054670663298,-0.18655637388152926,0.1397691424301563,0
0.2699597464173746,0.05008584394821406,0.06150091015104347,0
0.014480039372115373,0.027091108764423596,0.043239604855933464,0
-0.00791160079784361,0.04702469350685155,-0.09994071533219313,0
-0.011402017295622924,-0.03776652011799498,0.02233344928486609,0
0.033314594690993196,-0.12809833452008174,-0.009387500561130439,0
0.04726781966444213,-0.11874404826356706,-0.14375012301752219,0
0.17550168849078493,-0.012839054304967177,-0.18412447524511386,0
0.04000378402580076,-0.13137580212820582,-0.10460125101060964,0
0.0891416405339028,0.022808264579328837,0.05250879961239322,0
0.04732476199979355,0.04224582253927477,-0.10307538009069679,0
0.022575927382384075,0.09057309325017282,-0.05470461266197407,0
0.03482652131990058,0.1006505876005353,0.15068704375463868,0
-0.12701474143077304,0.024842897897739653,-0.10306696037342152,0
0.07170265228835342,0.04316771075640727,-0.03966333241462709,0
-0.0659959637535938,0.018348199654302146,-0.042900479633215076,0
0.049197274242163046,0.19943271795584994,-0.11266426963941541,0
-0.07077101275500228,-0.006621869679325232,-0.014418723667986237,0
-0.02827751866620572,0.02953450549806443,0.1669191723714501,0
-0.08259857097423735,0.001431131531277421,0.07459140735048081,0
0.0104519474558257,-0.0469017749172461,0.19799523141782505,0
-0.03493511268841371,-0.10556358966525577,0.05673018364549487,0
-0.001933539797956044,0.0362345744868835,-0.09698848719395461,0
-0.029226199808437936,0.1430742387438261,-0.10057062690550114,0
0.14523764963321154,-0.041104503457366985,-0.2956478829564689,0
0.10335209563170407,0.12427219501550234,0.004931364450356006,0
0.12653617813180612,-0.007792348918090349,-0.06490821513722189,0
0.002632751825408563,-0.001925524513539125,0.0259852578118028,0
-0.05252083636632478,-0.12567456403758026,-0.11897678705350662,0
0.09009369894316695,-0.0047278524728528,-0.053204127150565675,0
0.06353160744838131,0.031608690611706944,-0.09889040171335627,0
0.12751169494442904,-0.14300871029682938,-0.09197589016246982,0
0.0971097679502706,0.12090141871827481,0.03321301603151685,0
-0.04628712192248618,-0.007396411589437184,-0.05430360560925826,0
0.018682943220332326,-0.09813939601156225,0.012514471381045285,0
0.09740744525459191,-0.006088979680872672,0.057901276593408935,0
-0.05350853367716446,-0.021526332691458486,0.08472113859456082,0
-0.12019730048836447,-0.1174918198241211,-0.012883226026785386,0
-0.005269944271271426,0.042561846919040865,-0.00727286377334616,0
-0.14765499784955266,0.20384440536455922,0.16110372784159,0
0.12037034829280631,-0.07987750316096318,0.02651774584606675,0
0.06723985791833403,0.004010880042600877,-0.15709601927858075,0
-0.05683401684024661,-0.019141707615343284,0.06079667945071054,0
-0.14084360073866092,0.11739129084647429,-0.022025248666499485,0
0.05712717173895609,0.14724531537931304,0.09464072947525987,0
-0.09976427024726506,-0.0007788778865530687,-0.1940173589858285,0
0.029615864298512453,0.07954123404977043,0.05266277510325116,0
-0.09097916900943806,0.22207718933650342,0.1540175206901122,0
-0.12620273863110018,0.23029565506407557,-0.20750561496686493,0
-0.12277445391150393,-0.10270908366581227,-0.05297972643872462,0
-0.1595849507240366,-0.07443630729416371,-0.06108321233306845,0
0.03457197469301136,-0.05991332553344919,-0.012137816819936809,0
0.05911775373291021,-0.10628577064160274,0.08227560947600523,0
-0.116749172779684,-0.0815817758900155,-0.028254531049176596,0
-0.013487255776330285,-0.0738334583448956,0.057113378907334415,0
0.09092579404729717,0.026879824879336697,0.0564644644220798,0
0.08303665782649802,-0.1391317923529378,0.11256580829679375,0
0.14645744312061235,-0.029074015616116625,0.13847187313145184,0
0.04914880292107831,0.09383499904791025,0.13016836389026917,0
-0.000775539541586438,0.03291693557430265,0.058386308854079055,0
-0.015533343761057947,-0.07485072716221294,0.14149880445415225,0
-0.09299775192578019,0.1263874256504108,-0.05297206206525179,0
0.07052170745389595,0.23287138831498583,0.11733507534983681,0
-0.03140222361971903,-0.009265759258097174,-0.035128103153415295,0
0.1437939531334396,0.038037598514438054,-0.04193254366230692,0
0.16666216849787485,-0.12499868227387259,0.06935734696569701,0
-0.0238579241468224,0.028601854084467044,0.08451302318229907,0
0.04952298680904324,0.04885653426978765,0.03810340736813204,0
0.08648696766837509,0.14899514987406873,0.06412307447884763,0
-0.06823028012078257,0.07313031661580549,-0.16182302358155543,0
-0.11271708052407914,0.049392591856165964,-0.12108408880310673,0
0.022592614134348873,-0.046582408824274495,-0.1377253519276905,0
0.06228115000214816,0.18676021967568746,-0.2036356718819429,0
-0.1631458278529829,0.04205728439140168,0.05516300741354885,0
-0.0880164710211965,0.0032767619651682778,0.13085699056190866,0
0.005968074108305933,0.023643832799647678,-0.268746014740735,0
-0.03101352817216428,-0.07593146632852846,-0.14812749942380685,0
0.04510393808619378,0.04063116162664492,0.07604317900812904,0
0.16146934568785126,-0.11817020152740064,-0.015534809079037374,0
-0.24183789640440112,-0.0985141326881763,-0.01013110619661347,0
-0.07803502168898607,0.01426053324357654,0.008940986454420157,0
0.0688798163716841,-0.017968716380321475,-0.07990350882902068,0
-0.05887759988654634,0.18996432997044385,-0.07886020798692864,0
-0.058923359695438916,0.173713984194368,-0.010048841811828508,0
-0.024079794053146506,0.019752257535013626,0.08939669437279862,0
-0.1554856928725797,-0.19886484403165003,0.10081926267451713,0
0.05743670451407357,0.0031100559514194784,0.00234700123039193,0
0.02260901711115786,-0.025435720789840896,0.07063704278866703,0
0.0332305576945777,-0.12694783904831167,-0.032082405974792255,0
-0.046470777054723106,-0.03275524325623051,0.00196567113537962,0
0.033138674739458494,0.028467961234060236,-0.09628956985298019,0
-0.16813221736582945,-0.01197537787175292,-0.05532274241799432,0
0.0513419498400324,-0.032288043451308895,0.03328787795722087,0
0.04326061703331785,-0.04607079348907966,-0.04416557291031907,0
0.038679058363243285,0.12229572810684781,-0.19808113999223692,0
-0.12208936763710088,-0.07893083769012886,-0.011262459803613767,0
0.12065388993195636,-0.023206996226263567,0.1296348968051471,0
-0.09504573966037355,-0.18497429998026332,-0.03104308285773044,0
-0.07789948134753333,0.049712740501217,-0.19176034044229495,0
-0.11769164765523255,-0.09993254070067156,0.011568583484185643,0
-0.019372280539244432,0.1173144441034002,0.040057874475526035,0
0.003143233908270702,-0.08874340410639964,-0.0703531058671134,0
-0.09823874109575871,0.07129221058962654,-0.03975094254516798,0
0.01757539752226851,0.06633243151025311,0.0012943892340508524,0
-0.01067121988139277,-0.07770672132598128,0.0430265219993036,0
-0.20229567840860752,-0.05727948020096832,0.08861271746416716,0
-0.03999616996735754,3.9348651077073526,-0.11201569696682563,1
-0.006708921021961665,-0.1724099407380918,-0.02670919179825757,0
0.04684758776952984,-0.006282719408802988,0.05600974689783546,0
-0.09189802099513988,-0.04814082670733282,-0.07756774158143678,0
-0.06856031716100225,-0.09833393851867002,0.11993879516789954,0
-0.15102537934203392,0.10041664178372085,-0.13934730865272704,0
8.511028856126336e-05,-0.1402956162804791,0.0615356069340833,0
0.08733230967477475,-0.13047542887589927,-0.019840634883831403,0
0.06237960735053866,0.019400118284098072,-0.1691190003684766,0
0.05848397271620437,0.02836753584710382,0.01724195782834229,0
1.956713038851934,-0.0030247374199338563,0.004817470009613175,0
1.9085778765887031,-0.0027962775328795476,-0.10797479860698203,0
2.017767479225859,0.08240585427923826,0.03972460999521756,0
2.067222509552497,-0.14110509017890555,0.0177951759580624,0
2.0648023578007697,-0.09711180366021416,0.004557529940014383,0
2.1863962589690704,0.1897654126316845,-0.03702445535297565,0
1.9860942337614438,0.02394949611329803,-4.070521432034982,1
2.0208418692150247,-0.0678092971486533,0.03447997869805685,0
2.14126208614171,-0.0870275628683113,-0.3086071715540833,0
2.043972585621879,-0.13903063732758966,-0.10997339768826689,0
1.9737420615034904,0.014782777716736355,-0.08969148056085025,0
2.0246945810811954,-0.08393754785812044,-0.14496502546118392,0
1.9917794021712365,-0.14364010368890942,-0.06787962790666918,0
1.9530833352293107,0.10449827850901361,0.014824690333640101,0
2.007341044575057,-0.27263055075977083,0.06496014151619516,0
2.1147406310072503,-0.022243618043694808,0.08759600558300647,0
2.121023852776497,-0.01993591632254849,0.11975189218690806,0
1.932667259345089,-0.03940509534699656,0.05786694089536942,0
1.8967398512287834,-0.18493479355792636,0.10609305301919512,0
1.8745698929385286,0.10580659759433922,0.1052639027045089,0
1.8201080824852545,0.14979382553905185,0.20444915896989413,0
2.1256507197185797,0.17326480857061152,0.006596259346542914,0
2.01476450287864,0.05872493288223296,-0.09843817890694924,0
2.0283714644952044,0.2389462731012643,-0.07283926641015141,0
2.1165964712388043,-0.022925701757585563,-0.03335568743767816,0
1.744097284806358,0.13194438329993677,0.12302128065828273,0
2.000093361331663,-0.21543359427690645,-0.17433759652987724,0
2.0126831151231825,0.01126653169353373,-0.04787271874848925,0
1.9076481038514046,-0.013962038809964092,0.07350141696569272,0
1.8401804181046386,-0.0033794157414431224,0.07030260079043284,0
1.982948410243418,0.10444403485227867,-0.05894030223544802,0
1.9719386760496211,0.14143403486978956,-0.011946008298383158,0
2.025373971510885,0.07431649202675125,0.061354022247181145,0
2.0788334526697487,-0.047752069964527334,-0.12464326945800347,0
2.0022735549528576,-0.004305075346428465,-0.05515332534362236,0
1.9412252614851004,-0.0777989695220115,0.09963670032047674,0
1.7932926649379182,0.06719634916012128,0.12081407567836285,0
2.012157648665596,0.04329732636064535,-0.00019012690975404192,0
2.0778143143416035,-0.05044104033175193,-0.136108023805583,0
1.9727436395629663,0.0028796789062838306,-0.00180257961057193,0
2.1148339035451706,0.07882944462214678,0.045429776526048425,0
2.008201867898664,0.07665086581764485,0.16871962900811566,0
1.9398222257550768,-0.11890189183105336,-0.06420676477380019,0
2.0620139256721717,0.012853523855019028,0.002835752699340882,0
2.1188165847955154,-0.08889036413170992,-0.03613020248446093,0
1.8863591850088726,0.002644475579781801,-0.053786149610602754,0
2.033018178622218,0.018247113158477397,0.06843959061324167,0
1.8252907048990923,-0.0006370951127767333,0.09686577509833683,0
2.1232930170621245,0.12349362381826823,-0.118407984537832,0
1.9930748739928306,-0.014282904628639634,0.13968381756371806,0
2.031044766957376,0.07281147384212502,-0.0416815390187021,0
2.0107773702145537,-0.04130967585443341,0.034849937625506186,0
1.8697493982842284,-0.04968140095088847,-0.04085822006506541,0
2.074357628502355,0.05277608883634788,0.10631467379089994,0
1.915688309302474,-0.06836897938804223,-0.09768360988362275,0
1.955501652519997,-0.06410642176460783,0.05436814044463563,0
2.111066013676964,-0.19084418743451506,-0.005321921380126533,0
1.9503417974919146,-0.02028145628300254,0.0965668078002173,0
2.1489132657330696,0.037064368955595665,0.037392649776843236,0
1.9433476301582702,0.011293961138809412,-0.06761414718007525,0
1.9652760643153104,0.13394391725748003,0.06263879842202189,0
2.068877545242917,0.040877692706425606,0.10533673437026368,0
1.9730439257455583,-0.03176808732234941,-0.12250739529580908,0
2.0289984723279044,0.03339503471605582,-0.02295230540446193,0
1.8306071652960005,-0.09836511218535432,0.0741471667978698,0
2.00400838450857,0.056946628909095715,0.02853489090427256,0
2.029283514387972,0.14646318163961083,0.042592911729396075,0
1.7933358903621772,-0.08449273289345251,0.14085011736166883,0
1.8796071266383547,0.08498759219359552,-0.08701962166034194,0
2.0817781310771544,-0.18529860865977774,0.0682478117957359,0
2.0504378326590613,0.029724676075961166,-0.21850254505840488,0
1.964592283376831,-0.10147627464473885,-0.08188769358713723,0
2.074672076148432,0.03355426406198009,0.04514451214975407,0
1.8749572124360683,-0.05947200673196704,-0.3006469367142106,0
2.0567339894424084,0.03364291865398455,-0.011041693388919641,0
1.7949997926517196,0.13984426499853211,-0.08460408627681394,0
1.7990033349379693,-0.06257833057086865,0.049842745650680115,0
2.0961252932166583,0.2004651239657969,-0.08631533928102784,0
2.138139799581098,-0.09085531497503518,-0.17791202348507243,0
2.065665358536484,-0.020663976204094277,0.08572652434334072,0
2.0168476948447807,-0.02679525773388344,0.05746271660649337,0
1.9854041980533321,-0.14420686104568367,-0.1453909415288783,0
1.8847163951729886,-0.1606196955887784,0.04467314857203559,0
2.0469097676597783,0.10711970527068473,-0.12099841923209181,0
2.0171140011643236,0.08676811989992744,-0.11590087029490964,0
2.2562855705727944,-0.005397105083427258,0.12841287677353483,0
1.9431845804012602,0.02040634326717335,0.10281374452601572,0
2.044649364172919,-0.08084631777082038,-0.03894868403938709,0
2.0017782404509257,0.07020274867182144,-0.0031359272786896705,0
2.1666823396618033,0.019625176048542414,-0.04757084389339808,0
1.8934784569626353,0.04376801658953861,0.23281801548877198,0
1.9556503136900254,0.0460979307167293,0.09278489035712005,0
1.9463228834441373,0.13015704618579507,-0.14447297378011892,0
1.975873080230133,0.05022354446053806,0.044427158519247924,0
1.9984234282906872,0.009945243330738483,-0.08703547790876763,0
2.1083100860243125,-0.1347917069507455,-0.028846033078596147,0
2.0671275880447535,0.0863617544707462,-0.21384855285486634,0
2.053445579158164,-0.032332905350540786,-0.02945420082706169,0
2.131955205890685,-0.10180233544388917,0.17045591698762935,0
1.9972277952564814,0.07320303049019268,-0.017309386082961856,0
2.073688107105079,-0.060136722592160664,-0.045445237906621895,0
2.0683428377439657,-0.040746902496281545,0.023374143897599783,0
1.8610549028841743,0.0437441664649063,-0.003771271660355869,0
1.9895052207710073,-0.18260039401681086,-0.044927642495442954,0
1.9388532425750502,-0.04939114835498975,-0.01235727874874945,0
1.9692422228802688,-0.05932641186642114,-0.011395937730253727,0
2.2135297658732482,-0.23522216572409596,0.05257581947402551,0
1.9884827074102982,0.0630632263544945,-0.09831562960224702,0
2.114080288438061,-0.17426097415268757,0.020237568037844753,0
2.031101268645222,0.09812441744116555,-0.0312976838454427,0
2.0122024271948127,0.031315695105188904,-0.06963449864832612,0
1.9605316922622151,0.04341008267019481,-0.02516432133621878,0
2.136273688289993,-0.04182330236299435,-0.1545523411649839,0
1.8444431363091687,-0.0601662459887666,0.010912670438418558,0
2.0152278621470403,-0.12425940009023723,-0.024362488058330144,0
2.080364082306009,0.1194883021981899,-0.11738959263510838,0
1.9805495196080753,0.08492466346807825,0.15001326906929924,0
1.9630198014172795,0.0968668059700079,-0.008884707812261866,0
2.0799699970199748,0.007004726651112209,-0.0170065052518338,0
1.9876018505353203,0.07882115084122097,-0.061626251808675495,0
2.036008408115182,0.2008870242955276,0.08085922109465393,0
1.9911573691736446,-0.13986727225307644,-0.19127721991451854,0
1.8360016925258444,0.1187588390393082,-0.04854685087810129,0
1.9831463791813118,-0.09120255536601636,-0.04760668876585347,0
1.9846297345643031,-0.1325449125383589,0.07644822368866275,0
1.8583399417627422,-0.19796867179856456,-0.06085961909325778,0
1.9427533432509536,-0.07456977736990417,0.08332783807788702,0
1.9447738169930067,-0.027133658754751645,-0.055616726738691225,0
2.213534678486254,0.04924054678166383,-0.1451774505415094,0
2.0102929045261035,-0.15702169623708415,-0.12333107747011751,0
2.014636055626381,0.03167744971262315,-0.025662366514280718,0
2.1366657017957187,0.0044545305124780495,-0.05730505211124192,0
2.070229474288309,-0.08841006488388456,-0.00476128825730537,0
2.182502859506417,-0.10552974084403505,-0.061432350889789544,0
2.107352716147982,-0.0645645932319115,0.14370639085833123,0
1.9854823242363615,0.07324357869831376,-0.03966168889504253,0
1.8802505056642111,0.15886683206139185,0.11002660320903679,0
2.0513263842255225,-0.05001390441436389,0.0165778133426009,0
2.0099668307984095,-0.10839528166083204,0.02430513517456293,0
1.9060859947535682,-0.041445007465870445,-0.008392909758838593,0
2.160259311336757,-0.05676414287943842,0.10682859897007745,0
1.8776792070474986,0.04964254848278919,0.061096083502744036,0
1.886020421845458,-0.07477033528244163,-0.09677082515572337,0
2.1307722906420565,0.04335483601106013,-0.1514222388400402,0
1.8837534918453462,-0.2613760392172974,0.16284436317958073,0
2.0307029118471096,0.08333292894115128,-0.10107734963060527,0
2.086392086805079,-0.05512342783620969,-0.02621476698566343,0
2.110459866641829,0.030985003493773686,0.0922998566008151,0
1.8511596114719973,0.2210103991124271,0.037486029190199076,0
1.9180353023139856,-0.10098478061072103,0.12999649879105923,0
2.0458670373857886,-0.12823033941055423,-0.08311994913347277,0
1.8521057907437954,0.01790601550141478,-0.04994287383828899,0
1.9677127585448353,-0.09600071029245504,-0.2676157844726676,0
1.9406943219010677,-0.012519039842247318,-0.04610920249412491,0
1.9927940188291113,0.0941555645862917,-0.06381517117535415,0
2.1807551590834304,0.1717240081438358,-0.12152068934267612,0
2.128966421456308,-0.11650001706708664,0.056383935504846466,0
2.0688432920403375,0.05560861933874494,0.04403260270184173,0
1.9440711920401008,0.0653804661805084,-0.015596828936777916,0
1.981127155537017,0.11060209862131612,0.07843299336971063,0
2.1491071048769412,0.011457782839586459,-0.06482067344405382,0
2.0099129234739586,0.04443857153091627,-0.23183372041438155,0
2.0121422159745372,-0.18660047414606507,0.03870327317804842,0
1.8520148294658074,0.0381725284326689,0.03716857777161737,0
1.997481906137987,-0.052577617127420255,0.020093092062577516,0
1.929392486459008,0.06366631358072951,-0.014736737657803768,0
1.9751084841341349,-0.040085445092009585,-0.0431784691063119,0
1.7543227769271412,0.04904123695917048,0.0897426452049846,0
1.9254760840696847,0.07034020293129496,-0.09125281914692022,0
2.0041953852328183,0.11744017702331014,0.19204939838142193,0
2.0212800151043124,-0.01858244492940517,-0.08990572118772952,0
2.086139272967349,0.01590368030861161,-0.20225491312099808,0
2.017698241931451,0.008788197657153255,0.09751202387030387,0
2.1010397753881938,-0.1038467777389866,0.10859278600787557,0
1.9511209319915133,-0.025238048559526834,-0.006842119589542745,0
2.099414617397271,-0.1123174743542536,-0.14087039185078842,0
2.033195800223587,-0.09093481698295691,-0.09555597899554866,0
1.908656133667421,0.07720703001766566,0.0777880815556754,0
2.021113066950602,0.013731806966098888,0.14491887089497235,0
1.9552494127790543,-0.03653946942380947,0.007884754233915665,0
2.196395959187267,0.040608969442940276,0.1018010174926868,0
1.942953651627235,0.01773405235749404,-0.025984897146883842,0
2.140295578107256,-0.029225949963688665,-0.013029999857695276,0
2.281285585131249,-0.01654042686957156,-0.15708233530092386,0
2.088032548653808,-0.10221592557703768,-0.11041127564027485,0
2.0460027669016423,-0.10800958499014027,0.028711779107879767,0
1.947386882312375,0.06451236162578187,0.12671586862609632,0
2.067481834531627,-0.11320148495021372,0.1440145861452817,0
2.163049464268434,0.11111796914093197,-0.10671073599857846,0
1.998482732682309,-0.12757821099231134,-0.026381116720210568,0
2.091709623458628,0.270402180106255,-0.14158919113511526,0
1.9076711403078443,0.06295479649117838,0.04915283977786401,0
1.9962281425452486,-0.1300564376920242,0.027953915736072733,0
2.001285704064649,0.1426378913615298,-0.10806833227005273,0
2.108178453022901,-0.04112765126017703,-0.08096601672434038,0
2.0116950300660217,-0.1332212017771776,-0.0714662585098159,0
2.024757634746947,0.05378855109084412,0.028470505716855412,0
1.9078490446581255,-0.01652405594837655,0.056956166947154996,0
2.03042635316824,-0.14225787025721168,-0.0659559395525298,0
1.925408793067456,-0.028779491577844974,0.29930168334214585,0
2.033520016656052,0.05960758070818589,-0.11521528307960571,0
2.0805820178741508,0.005093198651184447,0.05619169949836298,0
2.011075570297582,-0.030259886152614653,0.08134562385501995,0
1.8231053613347064,-0.22028877940794694,-0.14717351750769783,0
1.9193813972893992,0.07259451929392373,0.0763322116941167,0
1.8782955881941032,0.0648444320824384,0.036971649508866646,0
2.114431359948937,0.16516318333471613,0.10759105852518816,0
1.8170972701335761,0.007057667620609179,-0.07335143348601257,0
2.0897620612579466,-0.11911480057850288,-0.1015058089451735,0
2.005828535686395,0.03461054254477194,0.19765083191961688,0
1.8379461609500898,-0.0020762941008741057,-0.10664064906139384,0
2.1220423278762595,-0.026764585822895027,0.054660585309461475,0
2.07993221240543,-0.020538147959577105,-0.1871378112677038,0
1.9763321665118225,-0.06110365393343147,-0.017973926048712927,0
2.0548883916558176,-0.1659776287692413,-0.08438945710113477,0
2.138269337578358,0.10700343360502924,-0.11501107158335351,0
2.1052639911071656,-0.02812502066082591,0.010302588029389458,0
2.0386541579275317,0.18678374591079827,0.14036763137778596,0
2.0420618534678385,0.0010366770505688073,0.036914550670002294,0
2.1162314009927563,-0.01446008136706102,0.0074099482310252445,0
2.063434963399732,-0.016895848546034264,0.07395876655979311,0
1.8230625190210263,-0.007401222892011549,0.08541538684727391,0
1.9721300862862148,0.03475832247005361,-0.02738752498745449,0
1.9452612742202546,0.10115752555303902,0.10742909426970125,0
2.026826405310893,-0.07227825451081088,0.0016743186106026064,0
1.9154388575465204,-0.142049218163979,0.06745937943666568,0
1.9259298235612672,-0.11793753064452933,-0.08007423526663739,0
2.0423403454738693,-0.16782812536662328,-0.08035305532743425,0
2.0159993503789977,0.07532219881282212,0.12664049955022114,0
2.050993417086073,-0.005252925006508924,0.129091116749548,0
2.08843239880092,0.09080266321203707,0.027989326488966144,0
2.2175208245351428,0.007711723422431001,0.0878875295295275,0
1.8927008576459228,0.036847140314513714,-0.06413603141568351,0
1.9395085579633569,0.1287292167813458,0.07763941870923247,0
1.9371765678553279,-0.06559421872528952,-0.08468427302217779,0
2.0052271619246094,0.10501648234574663,0.07286925586827522,0
2.049415061181118,-0.1267022937059043,-0.16089338220746152,0
2.0450849278496643,0.08233683946588316,-0.10279341087511107,0
1.9558235265052004,0.09030456246277316,0.17647610906083164,0
1.97897993722625,-0.09576360352337436,-0.05987215485575978,0
1.9162126578831906,0.05865923620340949,-0.00020212570807941926,0
1.8477285570768196,0.09836211995344922,-0.01406267824802811,0
1.9601240237928186,-0.06982737246642919,0.028769912429544433,0
1.901660373162813,0.07761410565184333,0.09938085673062752,0
1.9087082612814188,-0.05106657052728804,-0.1564415132650817,0
1.9629468650231499,-0.05219399653448582,-0.054225440389061366,0
2.137648163853115,0.1213250457758573,0.02819034501470154,0
1.9815645557961783,0.10658002266116864,0.03036196675851323,0
2.094347057551087,0.14060243034392791,-0.038563803340399695,0
1.9476549395623899,0.06386926325794072,0.05578259325778654,0
2.0903710417633574,0.06823528848934186,0.06294031313238914,0
2.0492403190574335,0.0020434303408963066,-0.20666190944843332,0
2.002173693730514,-0.012784621599217623,0.10690695569278486,0
1.8683663662912824,-0.09657153323533912,-0.10593921931874024,0
2.1609226362994876,0.05568667869570583,0.05160346487735661,0
1.836793426584583,-0.018510587696642967,-0.12914920305216476,0
2.073670113149351,-0.0694917227823624,0.14336083847050524,0
2.0269694590554086,-0.07170645830329546,0.02358011122778673,0
1.9138647348579427,0.18563121383554265,-0.03926130786181264,0
2.0212906022789197,0.10301308136802063,-0.06734248684020985,0
2.0371431441724077,0.12889917284745914,0.06450083540544692,0
2.077904480622127,-0.027681858120903804,0.04410135650612833,0
2.1979514833424676,-0.036582581575241455,0.16155591673811923,0
2.0035020374832095,-0.024022483038744158,-0.04830381061868032,0
1.7640622684202631,0.01563184834652561,-0.008238354804025778,0
2.083268381985522,-0.027933121021993763,-0.07587407372340221,0
2.0307591440551818,0.09682733444881388,0.05511458604531225,0
1.9803352519204767,0.06685343515564138,0.11053302295882511,0
2.061649724058338,-0.08986629389406664,0.08081723305000876,0
2.1117653934418863,0.08506859700677624,-0.11711039882667768,0
2.034203379339014,-0.10271442863762169,-0.022240899497137697,0
2.128823422854768,-0.10002200353455691,0.038477296363917196,0
2.000257816563403,0.08311973828384851,-0.054486461434064194,0
2.17400754984853,3.9309229918646325,-0.05600601808980765,1
2.0286868441326265,0.020401092989704297,0.1546748482614617,0
2.0741759162643216,0.06889913278731379,0.05398307524985151,0
2.0421493809669946,-0.020782956385540088,-0.1650865591245981,0
1.9667342341199685,-0.07604595769919777,0.0331952426067723,0
1.9873626589850348,-0.11066260330839002,-0.21921238351919264,0
2.1116768545923312,0.050381746331879175,0.03779294731320513,0
2.0416959689180882,0.13353792918311533,-0.07534043799742757,0
1.9800524767076855,-0.040400404414031116,-0.13547625952208184,0
1.968865917297401,0.005004475485890229,-0.12198107910721667,0
1.9962013367921179,0.01721399730196274,-0.13181917100434382,0
2.062535548257868,0.1847632695146384,0.03925732562293063,0
2.0542663995362758,-0.08436666080380671,-0.09421175310172364,0
1.7483643656768555,0.05361342927478679,-0.08563363613097714,0
1.8034116762265495,-0.04282326807471797,-0.05636301005783009,0
2.1123747781670548,-0.07023810764465606,0.09808589104185235,0
2.109344998752536,-0.03354475837336085,0.05895352479096826,0
1.9817093330228783,-0.14860747860380863,-0.007842868232537754,0
2.1004094355841945,0.1556028480295637,0.12434669422719709,0
1.8696500315048938,-0.051941014578764634,-0.0002176542199782743,0
2.118816966922738,0.10604766798014437,0.1538443460220897,0
1.9104042981589489,-0.060298222033319075,-0.091955044139718,0
1.7771506360510578,0.09872672104017353,-0.06311325535333763,0
1.9225001246736613,-0.002064719207989933,-0.057957707607209696,0
2.0196574212892915,0.16027751316653793,-0.14268232198814773,0
1.8241774461923654,-0.04688375155631783,-0.030835196267206252,0
2.0471930900881916,0.1159027330418861,-0.07532001632155332,0
1.9789402813108234,0.05666872418446747,0.055044825610774895,0
2.1006427820053992,0.0867826463605713,0.11723298842457922,0
2.214357080233662,0.06592909906622316,0.05887871504553882,0
2.093843258512934,-0.008403161154209726,-0.15412572858626844,0
1.8842876058949432,-0.06421581620012999,-0.10078279832622801,0
2.0569031580776076,0.09734184044043198,-0.12446935210082773,0
1.9139081003141882,0.1250602873181923,-0.05086428607196867,0
2.2003117980962448,0.010842473770878727,0.16632139195845722,0
2.086738943921527,0.15682089631000878,-0.0963864110635921,0
1.832670808087018,0.05494417967678962,0.05292214657091531,0
2.0590349747072083,0.005925065645020562,0.0747143114463462,0
1.8902664258137052,0.10870460075621209,0.005571165751043601,0
1.8488752746636956,-0.1074460997017043,-0.11543998311540433,0
1.923456325580814,-0.06883727884584322,-0.09209625756753999,0
2.01652084623975,0.20924595212005426,0.03721074150386716,0
2.0935242071774343,0.08285631488900846,0.20088123522076531,0
2.051614881905685,-0.24704587125067556,-0.013342478141988119,0
1.9547798093250883,-0.00510646534469936,0.15311505642760959,0
1.8863775429012435,0.033690807142024076,0.08794592934068342,0
2.025625384907498,-0.10578639066766171,-0.006685361661193029,0
1.9820475103867943,-0.10023620650706717,0.0951200287117393,0
2.1157103979320726,-0.0012682965856863283,0.17959494865431405,0
2.0188813113022155,0.16457014407448,0.010145507511781936,0
2.074062478972411,0.01202180516361772,0.09803812372281862,0
1.900428148861549,-0.1008568432966742,-0.12344890692802842,0
1.8854169424354894,0.09840032125197819,0.006238298403809899,0
1.9986480425705324,-0.09721611434333202,-0.008737207768520798,0
1.9952134088096736,0.11534739891487185,-0.0016668288063142384,0
2.0716563911976857,-0.09984080752768404,-0.013366407670336415,0
1.7464808458910785,0.12236386239422736,-0.03901814303209118,0
1.87441658779037,0.0652605069978898,-0.003107226602484694,0
1.9769207904701556,0.12883361338317295,-0.04977022488403705,0
2.1303656281795096,-0.029871924827810738,0.297724983640911,0
2.0804606708167106,-0.059932513409834624,-0.0019463798149859182,0
2.0464132110413127,0.15501611523541278,0.10058193205068773,0
1.8360879920611164,0.018406837753600018,-0.060526146722942854,0
1.718150150649408,0.006631845659354974,0.018224615308203903,0
2.074939563128885,0.018350732572805034,-0.08664931318673798,0
1.9775603544324452,0.18186859505486244,-0.06645973180516578,0
1.9976987351644353,-0.002131455081145155,0.05149801784596687,0
5.991690708942887,0.07747118846176732,0.05548761955135143,1
2.051198774264166,-0.17960571407896764,0.1014837531370912,0
1.8278188910507644,0.11739396615785323,-0.0017414665361896228,0
1.852083011399043,0.11834927656408399,-0.044691225991753715,0
2.0988081798728873,0.10632338915063105,-0.0006264229244082548,0
2.0094946870533064,0.053806972229017994,-0.23222557873957547,0
2.15529582146087,-0.17162912653048318,-0.28114012057724297,0
2.0282464011542483,0.05794452004490306,0.10993308470626176,0
1.961240139668519,-0.04078039178168013,-0.012910215079705701,0
1.9712630357224705,0.06540535772585238,-0.014530469384314688,0
1.7974133173421463,0.011201686474317133,-0.14103846609814102,0
1.9586784729850673,0.19912900438210482,-0.15447264462301163,0
1.8904360677764138,-0.043414728738080305,-4.0195657908868645,1
2.034142528695354,-0.0015399204377979684,-0.09276430971072466,0
2.04038532021901,-0.04333430991485579,-0.19831987263562725,0
2.0025554415227558,-0.047340776441673726,-0.2011395430479883,0
1.9836576841169007,0.03689202165326532,-0.08907039447159143,0
1.916902857767586,0.10582622772215347,0.058086771511446825,0
1.8951258909359971,-0.057416789747614584,-0.09854888617991953,0
1.9044291349337084,0.19055036255955216,0.19019217922591622,0
1.9224658893431938,0.05716373017573079,-0.049297905539457045,0
1.9881060921841114,0.1318510286950333,-0.14957930585677182,0
2.1427251556948397,0.03694560111852739,0.10335219775264273,0
2.037651359667952,-0.002277129531556322,0.0089352936656882,0
1.963812903813941,-0.12537438974163462,-0.059067457295913096,0
1.9841580998128292,-0.00748030878252413,-0.04866999878670386,0
1.9999507240929157,-0.04577358314765925,0.08560366257802099,0
1.9874247353680252,-0.10496302329322134,0.015114663164052229,0
2.0292216738188693,-0.0077155922622530225,0.11597538427014485,0
2.083832858864327,0.046128442670581075,0.1022194599075748,0
1.989479885402271,-0.055513923204256424,0.02734558107244646,0
1.7970516841844177,0.09236029053708732,0.14320321172989112,0
1.9083998874259347,0.15932028702459794,-0.006385281307230108,0
1.9479048571959714,-0.0993710842838898,-0.04054664874934339,0
1.8716002205495255,-0.023899948529342213,0.08086258742521575,0
2.0421682653140083,-0.05495998699397488,0.012781898915185653,0
2.085655942104206,-0.025176848604142595,0.057168409532329933,0
1.9999123473919396,0.12076746459637433,-0.05826008172709144,0
2.0803903075592567,0.029187460965241448,-0.05091620188983329,0
2.0201809476953985,0.004870241078953397,0.009608797443375144,0
2.0312252216433224,0.051265096566485535,0.049379665451262135,0
2.090233225423251,0.025291742930004274,0.08086382429984851,0
2.0080502586486055,-0.11347954541798777,0.14703254401817303,0
1.9429624650820956,0.014194027710348906,-0.03977374669513565,0
2.1143001887394783,0.024310573950701575,0.007251290816309291,0
2.044363716779997,-0.052389132200959344,0.046748084513353834,0
2.0794270246712308,-0.12844024291842834,0.19196439552252434,0
2.019283871145595,0.018914799967767362,-0.13396800019574348,0
1.9180155248583208,-0.09507599155739423,-0.046608876445026315,0
1.9485169839956564,0.04497769649392175,-0.04832326389606664,0
1.8845165229537166,-0.03859328668045586,0.01989491938666955,0
2.1248836962658584,0.12950029579260158,-0.07079113784132282,0
2.012313613079833,-0.05112895305041624,0.059519180056611734,0
2.078837885439815,0.036809023137481404,0.058373146844227855,0
1.9057558695462382,0.00019731157526642101,0.22549919458351547,0
1.8913490770249768,-0.024175842560876737,-0.025843470171255045,0
2.1005743585806904,0.007973587593524045,0.023069504013874587,0
1.8843273812046868,-0.042098260926094346,0.1510956599757655,0
1.897357068026436,0.014292658325492029,-0.027807572608210047,0
2.122361728975097,-0.04245441430914839,-0.056704941589252,0
2.0130035713454393,-0.0759657337725682,-0.07493638886997397,0
1.9407886608879452,-0.1545762145152839,-0.04347886684051012,0
2.0464198471690005,0.008055952122716082,-0.12625864960308736,0
2.0306756993190302,0.1308924221272217,0.049036806165615704,0
6.116324351414086,-0.002804579201639571,-0.015905978432412725,1
1.9655020550515578,-0.0009704757698168077,-0.021172323472550336,0
1.9856322053855326,-0.09884379445551238,-0.2611441304622712,0
1.828541355280826,-0.011125683798942396,-0.11874255125628777,0
1.920137812540861,0.06482779499035278,0.10657515919138372,0
2.0095103847309566,0.1406137226092927,-0.08359734175185843,0
2.0059004791395036,0.1861704711812874,0.01607789374532851,0
2.1448887529888205,0.018593553520583346,-0.06133897905932008,0
2.1116207666498052,0.14157960788485377,-0.04379454772908217,0
1.974538146292641,-0.026980425968917088,-0.07797034808591667,0
2.0840252389847524,-0.10604065083374033,-0.06262041363716667,0
2.1361347998375675,-0.002874669215053152,-0.11339461346786317,0
2.0530960510507974,0.022078177830194896,0.06691098937007271,0
2.133056367149791,-0.2190993258825642,0.07935821243135945,0
1.9866141367693277,0.07194153280312741,0.026664948736406943,0
2.061802347792707,0.04975302821465352,0.13620459855993425,0
2.104636727428475,0.010398041388859877,0.21912635823498233,0
2.2339754856478318,0.027503081693808926,0.06019135910881456,0
1.8496144358518989,-3.8989780620710235,-0.11002584802043353,1
1.9503544682970964,0.16097706283129098,0.07195293066065137,0
1.9495479648500658,0.02876862320979606,-0.012658396200595494,0
2.01787071321763,0.07069740540235077,0.021631905038847654,0
1.9550468736852098,0.06305113725501088,-0.0009732897450696158,0
1.8783203491805185,0.23292030484436255,-0.2090312259669311,0
2.034358905209437,-0.11673932970268236,-0.048451049893003334,0
2.1777656274445243,0.07423643972446796,0.006508683748711564,0
2.042745594868113,0.16215171056698724,0.12531760316586824,0
2.1021601295674754,-0.11280208404842718,0.04811579867053344,0
1.9385697044792922,0.07190274562438312,0.10981359419253006,0
2.066442715199016,0.07049897651302221,0.02038160966025166,0
2.0310486771042346,0.03507729544575921,-0.017645740294837734,0
1.993227975724889,0.011476612320445499,-0.0838434494859024,0
1.9691465296791886,-0.038556593163765446,0.059636613211185165,0
2.0636769388973377,-0.0866662573572913,-0.029223512715525774,0
1.89987752227691,0.06960191062916635,0.023690306891732738,0
2.103404323476938,-0.04149577707153873,0.06497766092744245,0
1.8371287410097101,-0.004093767907709978,0.22017103860526455,0
2.053704416749688,-0.15087215784716762,-0.0890148372884727,0
2.115717707071379,-0.08711676748269989,-0.07860106358540164,0
2.150965169208554,0.012532494561796136,-0.10078870510137304,0
1.9690679614654665,0.000711684099080266,-0.01645071399675776,0
1.9713747094493066,-0.11790551488590893,0.07955837634024099,0
1.945248783484177,-0.01274782144932618,-0.16142207845288037,0
2.0866810689913615,0.04914200061936556,-0.03778807565097043,0
2.1192316573504995,-0.0850682372645993,0.009620258645468097,0
2.0681423030209456,0.07814061665757789,-0.1663039071050075,0
2.034131706440681,0.1428451226457815,0.22011471988078007,0
1.9336906564437517,0.096574107453987,-0.11990907445785047,0
1.9793543889790364,0.09606838689234036,0.029314163640788923,0
1.8728511873393705,-0.17177764793230657,-0.012233888928543584,0
2.0135284660951025,0.03894339960865845,-0.0819862905913612,0
1.99988163400737,-0.12738217696061355,-0.14071564670036038,0
1.9720206086204397,-0.0014374458637623395,-0.11734730070833546,0
2.084891275186484,-0.14514432907693328,-0.05089684454614506,0
2.0409043215439753,-0.052036436172488945,-0.1982383357400753,0
1.8906360734956706,-0.025609624571324416,-0.026394991365067896,0
2.101665204491784,-0.08750312108658254,0.01814252039905814,0
2.1146322610936763,0.0021664324527591937,0.010995523401835693,0
1.8304518311457036,-0.029021563146149943,0.11833469041672572,0
1.9845560651904859,0.06893246491111728,-0.037616473268559734,0
2.1447638129328572,-0.15715070238988912,0.0863432224187144,0
1.7930441745805914,-0.12396305382773953,0.06331464694979203,0
2.08370303373703,-0.009981042941011589,-0.02786854444461126,0
1.8495796346638558,-0.01713896467230876,-0.04592210636283095,0
1.8325106945998029,-0.098824285972088,0.06598207011785011,0
2.1236922492174433,-0.0939624514300792,-0.04840293141583886,0
1.893148833885302,-0.03833122893262178,-0.048955212948440546,0
1.9584501624503712,0.02471845102399072,-0.08067746918979185,0
1.9297630683407785,0.05846296166059567,0.1172696637439291,0
1.9456465784638344,0.008938548766818767,-0.0764582650140328,0
2.1876178768562844,-0.2667599694063116,-0.09370447290965736,0
2.124054904410789,0.03536033282083009,-0.05480195841454386,0
2.016396240933223,-0.10456415317507882,0.01702555793463119,0
1.9977207839436557,0.08717172120116237,-0.008463562787254604,0
1.942593998435733,-0.13941474070469212,-0.14079216648708495,0
2.059970670046394,0.0772058195377287,-0.11704081876902893,0
1.978925475374063,-0.033828824892801805,-0.11369183856951666,0
2.0272123013849086,-0.03440475898078523,-0.06295572084804667,0
2.0451020854375828,0.11727354618381283,0.048620705461121114,0
2.1651908294355158,0.07803737508774189,0.1291766766373754,0
1.9397374210709282,0.06665355313272445,-0.054730773574105364,0
1.8897211489887267,0.093448962681635,-0.01646139483968691,0
2.1690968556343417,-0.10329080449838438,0.03659327536039255,0
1.9498795936089786,-0.16016911613378926,-0.014085678887870635,0
1.8055040982910788,0.06960170395348252,0.08515981989863536,0
1.9141020331297087,0.1379665530256764,0.04260763790551179,0
2.120866653384872,0.1396451695432095,-0.2693973824801625,0
2.1257370189244726,-0.1201889018519091,0.20088810918047584,0
1.8571397708661914,-0.1850116492623733,0.12837456406140468,0
2.1000420845023857,-0.03604532060993805,0.1406916344553196,0
1.9558273021407462,-0.026562551945187945,-0.05135163438974832,0
2.1481858634753075,0.08257406786236293,0.029707679424400203,0
2.069011605607849,-0.15273065471221675,-0.11397049371712749,0
1.9502568110923129,-0.056629959467794914,-0.11559463243976716,0
2.1914188110969417,0.043078844312914276,0.022418199581588395,0
2.028102407941445,0.07203828441753216,-0.1447747319856643,0
2.1015807423230792,0.13318759048122786,-0.013386368437376703,0
2.0715290684889127,0.22929907067262942,-0.03656262811322244,0
2.0624398959437586,0.018788716066455914,0.13429675342663847,0
1.9046916600911474,-0.06279823828659918,-0.07363009899725391,0
1.988588844382971,0.11221058219300653,-0.019794398276088875,0
-2.099200549703493,0.02348347362122845,-0.19744141069066873,1
2.0955433156297416,0.08855311967897,-0.031108154478121833,0
1.8170822216288638,0.0006577697202208224,-0.025431436205086318,0
1.925644584528264,0.09131009789924374,0.17345314568357448,0
1.9071913961640061,-0.26362630672996046,-0.1699977383518497,0
1.9443055793147828,0.04952619710684213,-0.020447939854882836,0
1.8665364138314176,-0.0065192245931146465,0.05646420244634868,0
2.0032600736700767,0.00725377073341425,-0.015846624976765093,0
2.1046012154156877,0.08780713487207648,-0.13173951556979177,0
1.9207979157753132,-0.02947845158027488,0.16976168165668415,0
2.1276023456147004,-0.05203195514152342,-0.06196671367158051,0
1.9666489818908601,0.10853179254196424,0.21853600341741042,0
1.8410385794057944,-0.0459162988696397,-0.08083838273918527,0
1.9157360172259046,0.008628385578200613,-0.0003431099606920532,0
2.037443506884198,0.0021867314609193508,0.1112649590169874,0
2.2369695368447893,-0.03816059467160798,0.00513663964978287,0
1.978941862567145,-0.2312780009945108,-0.07529698190406486,0
1.9653592890127858,0.11659408829259042,-0.05632426880263041,0
1.8265019952548291,0.05883747877204753,0.20725949078353795,0
2.095670066111724,0.033129864794720826,0.030811143989506812,0
1.9976918059687852,-0.013129436030560791,0.08632688854031179,0
2.0040957423982833,0.13164066986137588,0.19830645314546566,0
2.1933056734610004,0.09002584000059022,0.028980144664366315,0
1.9363451043741229,-0.013932837491903724,-0.1178698893866103,0
2.010408591298275,-0.1847005141587326,0.1318020961859984,0
2.1245068099487296,-0.03784862965938322,0.042973076285885904,0
1.9556917255382582,0.07487459040197757,0.01336690683089363,0
1.7942298280986644,0.08657168431515488,-0.18713463669565172,0
1.9257677961773485,-0.06338384486277839,0.031344949787110596,0
1.9055234041176323,-0.015991257658201703,0.08364879759069523,0
1.8568660651210802,-0.018671328058174657,0.09668117787415176,0
1.972499033039916,0.04006417285302241,0.0695553161981629,0
2.11955422071779,0.12826267994136206,0.19861533932616812,0
1.878547800048216,0.13238256786750693,0.07504505208925365,0
1.9215905038638794,0.2885436620578746,-0.044257705976083514,0
1.9689378876146466,0.1496972138174928,-0.04913125636221304,0
2.003576347945349,0.08229048685952,0.03662144470225918,0
1.9118784545446788,0.044928241570648224,-0.05212525686418123,0
2.1083988964027496,-0.13058839241716133,0.09099477012772177,0
2.0263540972926273,0.0020807531200403343,0.060709953042278664,0
1.901098616614273,-0.06537880705164524,0.09335606841099693,0
1.972222923538834,-0.12184030338747134,0.03487496107247209,0
2.099540749977689,0.02698266781363706,-0.01574430903076474,0
1.9636186560723723,0.07057833987997625,-0.05523776868935391,0
1.9209406721864992,-0.22529088261499158,0.06282741055437828,0
1.9932766125696721,0.07991838599424538,-0.11502234449040634,0
1.811920980009858,0.17982252957296305,0.11752623180588512,0
2.0059987833196278,-0.10015024944316178,0.06767149165543766,0
1.9417317052749696,-0.011035500557673276,0.04229642385180908,0
2.117464699448239,0.16144091568919808,-0.11510864089904944,0
1.920995333592254,-0.03875780638446971,-0.050376334941727774,0
1.9972947602566153,-0.03021707112113549,0.03375767990292431,0
2.081504446009821,0.12449895199439052,0.007175296504642419,0
1.802552294281294,-0.08863090523726914,0.1365438583348202,0
2.010089145731291,-0.01188857961731092,0.10761589877491724,0
2.038465171392796,-0.09128754545839618,0.07184510122973638,0
2.071810082935512,0.006700090292532582,0.12460705837250118,0
1.9322601542206612,0.12715765524590705,-0.07762845824970771,0
1.8963506338112581,-0.016956702697348988,0.06819303452724715,0
2.108219425002948,-0.11167818818871736,0.027230750067822954,0
2.0158837112362904,-0.22684070639294138,-0.07061318953166126,0
2.139840157116504,0.03456592786761333,-0.11502099292936492,0
1.948424431483435,-0.002938074209772934,-0.08454227632176547,0
1.996831926584664,0.040897494082126735,0.10702697736510487,0
2.0978717427885316,-0.008140910602190781,-0.1094995425086378,0
1.933848194506484,-0.12498643790738358,-0.05616996359325488,0
1.8546442348538672,0.07037211979805824,0.15259388953665654,0
2.0164567837701055,0.033699058672355724,0.05293091603516908,0
1.8393970390433156,0.04452444942167018,-0.04366373458638553,0
1.9264923923387447,-0.0863104359927339,-0.0860744927518477,0
1.965680536506922,-0.04624096645276037,0.044974192490081416,0
1.9678473431046928,-0.09500183482819474,-0.012511764935687078,0
1.9701585045745795,-0.0659507977102278,-0.061334988517566025,0
2.0552601918301576,-0.02968634794806096,0.21523811640050897,0
2.067284341320949,-0.1713221487535804,-0.2386956027080349,0
1.8002403235465438,0.06711230751985604,0.15695742476567043,0
1.863477010827985,-0.11405851276753949,0.04456341618297556,0
1.8957651544670155,0.09720598442491764,-0.03783831636135715,0
1.9136601901811052,-0.1670947834319404,-0.2409196476965117,0
2.159150781167511,0.08518417526418953,0.027033260374013154,0
2.0481950915754887,-0.20737239726793094,-0.1483125037566449,0
1.988651661506587,0.13027819047588401,-0.026940602880488586,0
2.027952953256584,0.12441462206360139,-0.03926529763584357,0
2.059271496076538,-0.06261917637735939,0.0063570819456292005,0
2.082889781037501,0.09395584265555085,-0.13134645793489613,0
2.0882484991376464,0.2041622146584588,-0.03940836594449296,0
1.947507343917268,0.012800073667567758,0.08676910032435241,0
2.143087010479279,-0.16515891250823567,-0.09713558555109886,0
1.9579939086032097,-0.02492134978996766,0.045146676374479444,0
2.073654744860851,0.0476010099024901,0.014587831366313992,0
2.015357858393144,0.16293083127354896,-0.0800762756816118,0
2.1335731939346148,-0.004032004744827936,-0.17102686793865612,0
1.985792280510311,0.06316776934185801,-0.07130757700648048,0
2.058915926378427,0.0654740766947483,0.06417776157203017,0
2.34363657791114,0.14543623445627113,0.022404334031678307,0
2.124340141527453,-0.005362643665906405,0.034695142557328765,0
2.0020651041092723,-0.12330412802120488,0.034402094150857855,0
1.9716366458271932,-0.14710167730932655,-0.20429382485835773,0
1.890495029949661,-0.003799707728515208,0.06059444529692485,0
2.12007797185309,0.02183538935732464,0.06411268674302906,0
1.965843800284172,0.036335041776578834,-0.06837672475154564,0
1.9012112067834566,-0.0006823026603890524,0.10516833159039328,0
2.041345522437799,0.11603599999328484,-0.08228717964230386,0
1.970237746878535,-0.02679728620126154,0.0510992745340685,0
1.8584479090635428,-0.0794944111440971,-0.11953885933689357,0
2.0013046900421525,0.024756880175205165,-0.049632976748853724,0
1.9390583260403715,-0.0016381213114719682,-0.055735251781893494,0
2.0752920994712514,0.004595191707021682,-0.014123847737102506,0
1.8725622134277415,0.06184117799041516,-0.004949482413046482,0
2.06091681186705,-0.0385437228529622,-0.013642962746886578,0
2.0640686422980017,-0.10241291108629046,0.04148488983851004,0
2.063259240096193,-4.03197124586001,-0.0705138907788105,1
2.079241054925822,-0.05410489269655769,0.14222741253274804,0
1.9003153671581265,-0.024698235344542727,-0.0223575284478816,0
1.9542544504666313,-0.0037254819137545383,0.025335762525885465,0
2.046193256564551,-0.05373376208609677,0.13618121755412932,0
2.0096365839308548,-0.18772986334055505,-0.03923173965080621,0
1.7496109488932907,-0.030987317325868614,0.10196651521319844,0
2.019970334617908,0.022884041842747962,-0.033848061424223926,0
1.8266671548027094,0.012190667510834183,-0.0628029952451241,0
1.9535030915015406,0.05585137186440941,0.05073627462048175,0
2.0508196616561962,-0.09249246073087714,-0.00807734186959529,0
1.8940194282304912,0.13647795968672438,0.08428979231110928,0
1.9833036638195343,0.06742680365505559,0.020472233759142967,0
2.0938277496296784,0.0452089190292133,0.09031990312806298,0
2.0274563103014356,-0.0041928961934175665,0.12566846304803803,0
2.006003425031354,-0.2210072398635099,-0.16008036761025266,0
2.209920112173976,0.1370334494018485,0.02097184869872276,0
2.0217201151134674,-0.0959797458461713,-0.23087701459748847,0
1.8211829551534575,-0.13844438472534368,0.20082172410258847,0
1.8900995990270335,-0.04993680592277996,-0.09792226839857665,0
2.0359954238743367,0.09316378546517068,0.10628849168690545,0
1.98303294924965,0.009664662029590557,0.04272661000949102,0
1.8006478485095854,0.10896224637155061,0.2009473070813871,0
1.9955490216363765,0.024035497890939322,0.10721732771222588,0
2.1318913960384016,-0.1685111772685849,-0.11270667127775476,0
1.992893032620446,0.06356177301013188,0.04934960026872649,0
2.0461323416767807,0.08567309597004683,-0.10988992894444925,0
1.9541505614914976,-0.07406668413118182,-0.014696123363567244,0
1.8715799088276683,-0.1879747008096427,0.053387945573315804,0
2.1148393057516106,-0.1309446946557822,0.02495711119988754,0
2.002095717238736,-0.05050822628217005,0.11404801074394813,0
1.9133855628146068,-0.03430150282869854,-0.035830630781973696,0
1.8810198733311507,-0.1018411951302481,0.15111937410287504,0
2.1820607647325754,0.09125126116343979,0.057097680069131976,0
2.1190282024255223,0.06487964769310113,-0.11036701110909192,0
2.196901882344215,0.09141945866556198,-0.004585979202555102,0
2.090639518168524,-0.03722264976286367,0.08576919649086956,0
2.2474508448861923,-0.015833551131190282,-0.026886617806116033,0
1.875888624474169,-0.009486485661582241,-0.04631751589777454,0
2.158134854864297,-0.07431188146048633,-0.01687200789344403,0
1.9806796392324488,-0.027938080508635665,0.04674903446712069,0
1.9199058178327029,-0.0036623548104956897,0.021493325017194267,0
2.1274038079130193,0.12075831726340656,-0.04834322051104792,0
1.9687184359275236,-0.09289219447824199,-0.11066775258432937,0
2.0836229792805323,-0.05407684072866779,-0.01844282752140115,0
1.8098858508126958,-0.03907934741370867,-0.1557911521668307,0
1.9216950620461077,0.2138319663513344,0.00501788789945827,0
1.9632368897486046,-0.006335239682538124,-0.14948361921996584,0
2.0054717897862684,0.03615666023158795,-0.06350073300188053,0
1.9757134315290417,-0.07916901594485343,0.12675890107067903,0
1.9544410182056677,0.250617466602625,0.022789728728614782,0
2.018108808325025,-0.09906446587464575,-0.04019307171451989,0
1.9763191352381755,-0.05365269590676667,0.007349366636379195,0
2.1037233359079512,0.051478947219155774,-0.04356203242447009,0
1.9013168984196767,0.07890387626453707,0.10007405033684869,0
1.9551288338637138,0.09582635818901611,0.0363236554940419,0
2.0171003240222793,0.05678091056239755,0.0864566864707178,0
1.908889799568924,-4.0857772398723124,-0.19227654524396642,1
2.0672759506203495,-0.18924606093389695,0.00647105702115882,0
1.9266822685033838,-0.0644317203449846,-0.009605391653649431,0
1.9500553868545363,0.16150909368432181,0.06684227038634628,0
1.977919260657305,-0.05786213121230959,-0.06092459918819596,0
1.9288008174674565,-0.0009600085981500616,0.07740475431714418,0
1.998670454466436,-0.1309715002586135,-0.012185954582761165,0
2.044962811658432,0.15280067440193867,-0.0067229020911595315,0
2.2505740696354652,0.12626708680295806,0.013596581781232181,0
2.056100002446549,0.1499785228218516,-0.15196797916331453,0
2.0359214710629963,-0.10328256671212793,-0.07413835672293013,0
2.199416007734682,0.07292390063682846,-0.08765544096663794,0
1.9389016217408457,0.04106625552501017,-0.051925201527321066,0
2.1787316280196163,0.008947127554829988,0.0424250914956134,0
1.9802883787909276,-0.12225227235146262,-0.08378293301155265,0
2.088931770423044,-0.085190320735377,-0.056386367189057485,0
2.1594114404330567,0.10803042251994868,0.024390879251254372,0
2.122574304361843,0.022796562015376054,0.3038323910288363,0
2.133277541486545,0.01666488001462351,0.11640480748735026,0
1.8743915786235155,-0.04153768621493642,-0.10685131652429519,0
2.0362927766373664,0.05342790169862788,0.09566396150275876,0
1.9135065781863845,0.09785811136319857,0.12393236179930599,0
1.9480237302914127,0.08535285996349934,-0.14830921963447655,0
1.9424630499129287,-0.08234072271735149,0.15515497859357535,0
1.9767006585191333,-0.0019618495679554165,0.0669191353063277,0
1.9811518401429091,0.05311855171758702,-0.08169183402132217,0
1.7107543300873314,-0.11507449613494375,0.09805428052268678,0
2.1603745778957286,0.17410421681099175,0.024841271105053186,0
2.1136216420299676,-0.06300339927065565,-0.015119409508773505,0
1.866448385006598,-0.12905047385916363,-0.05630044913331862,0
2.0882694584247403,0.06893903647092761,-0.030614203230845207,0
2.1085664927020935,-0.030594108329451017,-0.0439844031136744,0
2.105585738807827,0.21578066909152624,0.061875506647378856,0
1.8733573229707412,0.02704378333749854,0.06977069545052353,0
1.9655326176342782,0.13150903251327623,-0.15005941434563014,0
1.7361327784465805,0.0025428578602075865,0.05531914358498263,0
2.056788450584937,0.10337120489019046,0.04503777196969571,0
2.186141529230643,0.15280211619324072,-0.07375535854933087,0
2.0224580149780094,0.0364036387681209,0.0734511459053165,0
1.8384440392439416,-0.001633130142473644,-0.07825112434668353,0
1.9455021105346213,-0.002430242641547367,0.14482314071366983,0
1.9572122259178795,0.056605939983062514,-0.04348679181690365,0
1.8880106672406018,-0.04174882377304275,0.2739331129472997,0
2.0028520803423557,0.05326056392237799,-0.06168970387158826,0
1.890185731283235,0.056274528705752724,0.18986006153623058,0
1.9164293585324221,-0.08224133281689622,-0.07791027639211698,0
2.0313408368352515,0.07768854464091876,0.0016704493941994134,0
1.8823930815328247,0.23047683768530877,0.006980265677550385,0
1.9726284057051844,-0.06112363613440822,0.12828366431594568,0
1.9525800965291955,0.018750271562820674,-0.16997343046453164,0
2.107303069287042,0.09983173626449184,0.09326386371891504,0
1.8233110189256334,0.004695085020006314,0.0434855779786837,0
1.96786936705455,-0.010499268667064993,-0.0007087781804215454,0
2.1115108705029786,0.16320498304527065,-0.02327925408543495,0
2.1418166635145433,-0.02850805920506369,-0.2059555186190814,0
2.011457524169903,-0.036622205502902114,-0.07709948309396818,0
1.9553647584540057,0.22679636869283268,0.0879999903578371,0
2.0368046873055277,0.011082625574591236,0.05473273541778596,0
2.0386104913550063,0.11965020942036067,0.03855390764830982,0
2.127572523680401,0.16400019430574483,0.08816670532507617,0
2.0737260667160773,-0.06420113642905659,-0.019574779351540474,0
1.8990614647810824,0.02873480131004895,-0.002584611819902832,0
1.8662557905701116,-0.12475084323029309,-0.018390422640989324,0
1.9300758298487737,0.07694303068566621,0.17267320614502868,0
2.0149815323803084,-0.06570166869181457,-0.09993513228523603,0
2.153291834933348,0.010321219664749796,0.047077123295358486,0
1.9415969147722683,0.010714670052208681,-0.049329821007185,0
1.8222120786446099,-0.11464706374220031,0.017874612105851197,0
2.0511163042550544,0.16584086703370585,0.07232834005538363,0
2.073339013613489,0.0615704325328921,0.0720816176524465,0
2.0852061442728966,0.04129531640652641,-0.01338101435045004,0
1.9680273284208825,0.03817154606703592,-0.11807906385314237,0
2.1023447586059287,-0.23594066419362092,-0.00010689962981049433,0
1.9622919616856485,0.14610340819451145,0.051143391465781986,0
2.0901171586363976,-0.08219513142504954,-0.009987974849528021,0
1.9852507716196794,0.10217705555297192,-0.009158365521365458,0
1.8163387683440693,-0.03264815394365458,-0.04340927805497067,0
1.984232161081658,-0.01663719508049534,0.23052341953906297,0
2.026073482608825,0.08820628608865852,-0.00619877355815582,0
2.0488814270018256,0.11925588409781962,0.09727558834908782,0
2.0952849766333403,0.02749897311012846,-0.03257344280119861,0
2.080147018988134,0.08049006541014544,-0.00460626006980074,0
2.0450025293501612,0.014283463282118694,-0.09039531691093353,0
1.8927371529351176,0.036516835024702134,0.2577116028794388,0
2.043510863596482,-0.2826474418044628,-0.02532151131596378,0
2.2059621440670965,0.11515474730009939,-0.08935866772037575,0
1.9931878669661327,0.1232514249247664,0.011921164205400618,0
2.009806032284658,0.15670807933716457,0.07549032869316062,0
1.84721602792513,-0.04060420849480895,-0.2303475165052288,0
1.9386411964821417,-0.07799556832262139,-0.03340045393779787,0
2.1226143523776444,0.19236902204454429,-0.053772154222389804,0
2.1303873185101785,0.026952257621097167,0.04098641405079845,0
2.0166866082606383,0.09662727203808677,0.06592412075309875,0
1.8472381627068621,0.012985870625558851,0.04733666470990299,0
1.9689683166213867,0.042793917997120894,-0.002649629720974638,0
1.8719046813625106,-0.05448402921956467,0.22273876466225123,0
2.087282492250172,0.05376527494154998,0.004396477852300815,0
2.0232434012636134,-0.04287500813810287,-0.1728960305024386,0
2.145525486386678,-0.06378357088174923,-0.1253615605871459,0
2.0024250222209843,0.04034987578342813,-0.12257023727483561,0
1.964803432692738,-0.0887440584829554,-0.09451817349019048,0
2.1437164663593937,0.11526419126115271,-0.12552308609778925,0
1.7284069810063938,0.09021713788131318,-0.15567955154933819,0
1.983010360148341,-0.09280916172895459,-0.0319530955645097,0
2.1126635793279176,0.12090870114028707,0.08287289090318506,0
1.9403077940829223,0.18422004572739187,0.015977898123551743,0
2.0232455695434757,0.24492941422836456,-0.09128454506971959,0
1.8370656801268508,-0.006176866813923731,-0.040367184902221215,0
1.9760188684922055,0.16092982485748736,0.11938765213089349,0
1.9646214005277243,0.10778081893992436,0.24963314214006296,0
1.9383333109552001,0.2326094016119165,-0.1343147770764515,0
1.9549411078161036,-0.09425034875435755,0.01121747858592137,0
1.9994131893489018,0.029359648146352377,-0.02524729125617883,0
1.9458618335661306,0.14405972526662822,0.06351621354925262,0
1.8854694502388414,0.11725620634674926,0.10547545969828653,0
1.8381578305281667,0.16153746849590295,0.20614438481382993,0
1.953999412939782,-0.011901628804918444,-0.0439589957480633,0
1.9901545050169465,0.013125030816878908,0.10569055025111312,0
1.9350597445082836,0.07235122516280329,0.005136546439148779,0
1.9486657956885478,-0.054971955517055617,0.0929618758398725,0
1.9540107206967026,0.09906204125657804,0.029666470186606248,0
1.9218307267078414,0.013451093874051521,-0.09826869735581147,0
1.872501288340859,0.018131862043560557,0.011143693958262972,0
2.0154492339106724,-0.2470076863795924,-0.2255670642791494,0
2.1057020385994463,0.02832911532504756,0.03304561743931023,0
1.9651911298375824,-0.01953652243174793,0.05717244308898506,0
1.9178193440832516,0.05153782383454129,0.06437339203538776,0
2.204120587061966,-0.009540733831740901,0.03441876894673149,0
1.9203033495908863,0.04866702822949631,-0.05777180398812071,0
2.1276519122513258,0.06399213861851961,-0.016267211707250925,0
1.973757593920594,0.14248695518294013,0.01738533670113165,0
2.1146618614513906,-0.1056646494769825,-0.07025578219541084,0
1.9846552261685044,0.18753668543277702,-0.11032692743609816,0
1.92825728004417,0.06334773180342441,-0.053571210540649984,0
1.8885241680928995,-0.09735857512950805,-0.027741054035916663,0
1.981630394722194,-0.106673294060882,-0.05915979475332881,0
2.0800202360544175,-0.10504048016253438,-0.012141696445529149,0
2.0395779940620886,-0.14069754435365203,-0.026699496318333245,0
2.1615514002467187,0.016278551826787016,0.06476661267671216,0
2.007037017445848,0.00737648430518317,-0.0372186807820608,0
1.879102308742664,0.07811508704154482,0.15133403684448532,0
1.9632809463752592,-0.005769235518514402,0.13511268172833935,0
1.9255491602842907,-0.09451039404539602,-0.11048778209324217,0
1.7510040671104625,-0.06685597902505108,-0.18215816146950753,0
1.9342872835184273,0.0768837561433181,0.005575914904392885,0
2.016852551711132,-0.10475431263040172,0.13997229629872146,0
2.1043792351301804,-0.11631650081038701,0.01833402450910817,0
1.9714964732053752,0.10753238582982852,-0.07578155957816507,0
2.1162238632721886,-0.1397336901381059,-0.18101461458787108,0
1.8601853696230313,-0.06272211989652772,-0.009415475976184022,0
2.05571553336787,0.308283937687483,0.06540185423967625,0
1.984386760197774,0.0025082619795571796,-0.009888584710192402,0
1.9896309933259977,-0.027317340065434393,0.06583003193221985,0
2.0381775665233253,-0.08074063839483014,0.06386942798177307,0
1.9695448077825952,-0.02713213082686146,-0.1218059976099216,0
1.6077132548505726,0.04685847050807471,-0.005745493637425402,0
2.0369489803668888,-0.11885751309838233,0.11114498483889837,0
1.9490421659884396,0.004841010081027519,-0.023121321869972566,0
1.8168699912371111,-0.1166655264597668,0.1272358131604366,0
2.0603562717107633,0.005062474092326708,-0.001563339182639273,0
1.8900996632410305,-0.050481447997644646,-0.10313173600056294,0
1.9935133497778013,-0.0014101315937463201,0.03344885743291044,0
1.9076956939261969,0.06393959567732273,0.012617793427886352,0
1.8154736238919655,-0.11879449562963516,0.19446386113799385,0
1.925529449197818,-0.0268765997805632,0.05107239174144902,0
1.764023081609551,-0.05151725811378219,-0.06845843076746606,0
1.833711262011927,0.1450502196467162,0.019959030471584833,0
1.974628368004604,0.14090400833907146,-0.06808112236099083,0
2.0804321969202113,-0.06655795601365361,0.14795568374802495,0
1.8263612933237396,0.0017823041002024234,-0.0052124069901877184,0
1.8426411248472172,-0.058767619750807035,0.02841732897918245,0
1.9109708796538558,-0.10057642498761309,-0.049809349542367154,0
1.9440373924204486,-0.026485843390517558,-0.11212476735401052,0
2.1329265434038276,0.10708983522713073,-0.14068144526718157,0
2.008393152228523,-0.0429094950009338,0.10800996207263724,0
2.0607698082060772,0.04819708425031951,-0.0911386232613659,0
2.0504177301901714,8.20960762576361e-05,0.03861925838902458,0
1.9902396080060054,-0.05490944612412361,0.047721171286502384,0
1.9271945410762976,0.20856885908409453,-0.13034392729305272,0
2.064902148255807,-0.01751664716102203,0.15654499857567045,0
2.013995346979109,0.11054460418719114,-0.16414708769780595,0
2.204008159906243,-0.0030978557824467737,0.04951652794768928,0
1.913428626957493,-0.08235141808493852,0.0008875777833086415,0
1.9660563560692583,0.1296222876847982,0.012302628564187588,0
2.0430187939524025,-0.033575048117566224,-0.004310915211981288,0
2.0409162565768546,0.12321111327128896,-0.0862485724771287,0
2.0040971750576326,0.16937777978101923,0.276906757192489,0
1.8629673352446763,-0.14454754938377773,-0.052772138071073775,0
1.9156461164742349,0.27607639841981935,-0.08728218581960942,0
2.256531254041467,-0.0024610250527822364,-0.011923605793227954,0
2.050033156558046,-0.07954386973231825,-0.013147067632995793,0
2.0605263424536093,-0.22877693118759554,-0.07126989372184786,0
1.8748957234693693,0.07318895344580063,-0.013983470134789393,0
1.9617467451464377,0.04219250786781209,0.08259012517204098,0
2.1017655850146038,0.05430079412390452,-0.09640939323062107,0
2.0185127613178677,0.015961727260971555,0.02625254162756704,0
1.99104572720696,-0.021506592537769487,-0.03384888565404113,0
2.125600925679317,-0.07038068183502537,0.1278735995705697,0
1.9245855890057275,0.08206549239569873,0.2660482279357303,0
1.9370646806501322,0.004117268716110705,-0.0043262188155734895,0
2.0394357797460243,0.02106816616063805,-0.07318643383243147,0
2.1588028037967337,0.05866664888196969,0.07497913054148445,0
1.95458123282304,-0.25769918679826065,-0.005135123059239189,0
1.9481051761946744,-0.2694490389602689,-0.12908368470228898,0
1.9174273744502877,-0.05514141567563341,0.030559536263859113,0
2.0077738100740636,0.3543682673641258,-0.10149236286610058,0
1.961025290658062,-0.006666816193977698,-0.039442699678156105,0
2.0127452645816044,0.011393455075648663,0.08456727386634408,0
1.9773464164894925,0.09198109404314397,-0.007535622950030448,0
2.0012242000250535,0.18352004176546557,0.019650999128724103,0
1.8942207627852734,0.1914847617836647,-0.20465630499510798,0
1.8788988503105326,-0.039717839302633576,-0.031044621609373005,0
2.1068571823167397,-0.04378900345260948,-0.08378360078673135,0
1.9783957718969907,-0.10718215477579436,0.07191930648264797,0
2.0214177393919135,-0.020538818374665157,-0.08899160489490611,0
2.061328040589623,-0.15544381038495556,-0.0437846340820988,0
1.9959442865801789,-0.24289333248805434,0.057753436684293585,0
2.012165412623339,0.2701628311976409,0.025187522382718798,0
1.9807143631192974,0.04573130462412672,0.133916194525291,0
1.8192691532534584,-0.0696243235541017,-0.13194396297559016,0
2.069545642923411,0.1394805555331988,-0.0723840646958129,0
2.026009033615643,0.0998168194228306,-0.10587651249223394,0
2.0368568841085373,-0.08592834928817865,0.14552986095372633,0
2.101772046633803,0.12571886898355392,-0.01927865729235763,0
1.942010196101962,0.13214580849601795,0.007624895088482006,0
2.1287877581409673,0.13167667630694588,-0.16751433475562372,0
1.9174518084270473,-0.14563721912556168,-0.056746854239412906,0
2.036134388365388,-0.033089611838134796,0.1121543472804007,0
2.057805574844904,-0.19512810989457116,0.20940096717254686,0
1.8966228160656315,-0.01034245021736948,-0.0823534632697609,0
1.9734742765881355,0.07051350735874173,-0.04783559546376054,0
2.0306470265651466,-0.05820438923083585,0.07440018275731465,0
2.113955288087125,-0.06859986361170255,-0.13328773450850903,0
2.06617434556242,0.06863419860050253,0.1227100639535131,0
1.8030118734074114,0.03055182134928558,-0.10402016713626568,0
1.762631252262107,-0.06160663606526241,0.05318746385777745,0
1.8896246347777046,-0.0062212006826351885,0.01902622185316972,0
2.0563252726843233,0.019368761558415583,-0.18828270460934562,0
2.167342635832751,0.008212513411578519,-0.04821923456486478,0
2.133149496683667,0.0037334111257854834,-0.03932947035186331,0
2.1727295581060964,0.09291780370512975,0.06742409826958207,0
2.0389632987895583,-0.13691084419993318,-0.09526781791878612,0
1.9091870270300282,0.11928906848107382,0.01304193784722626,0
1.9350440251105256,0.11206471210366405,0.04863812373263891,0
2.0164031705170777,0.007155294456817056,-0.03648279279088037,0
2.0489952447967257,0.01161275988576494,0.03455933979437594,0
2.0586777969619874,-0.1139748591871074,-0.15319388810764525,0
2.0351049192084547,-0.021929520716067415,-0.08672319786924923,0
2.0006539245374273,0.11652200355640263,0.03912888566759755,0
2.0378656858615094,-0.04853438321666645,-0.03114606652676152,0
2.160131401081875,-0.07980178596998672,0.09778519976170197,0
1.9019728700828125,0.12987113473826506,-0.1393541765251563,0
2.1095314157250162,0.04491671030385527,0.020344015626195918,0
2.024447824715956,-0.13493525391172873,0.007814522999787523,0
1.8179448902690387,0.018569180939743635,-0.05686901008428779,0
1.9654843030062106,-0.028001491696728643,0.0107135499243318,0
1.9626073844360161,-0.21190052119202296,0.24849233725446412,0
1.9501982957911828,0.016748992243274256,0.08520384981654441,0
2.00491702243678,-0.0026691333773971484,-0.09465642541016354,0
2.2327635635655176,0.06561147814840566,-0.011773567846580004,0
1.976987900586794,0.00583337447681026,-0.044129423796984105,0
1.9804522164216667,-0.04299717404047304,-0.05556951706756633,0
2.051856398710899,0.02617383215408463,0.05028569222070903,0
1.9115605698921416,-0.03979840179429092,0.06534093432455355,0
2.073555138109506,0.04102504187062168,-0.013034118784300948,0
2.046156484312294,0.04439649054233092,-0.0024283189494267578,0
2.100317807124776,-0.056271503154466745,0.10163466805117993,0
2.184880136719998,-0.06303572335739398,-0.12713357680550083,0
1.985054210218359,0.1568157390310864,-0.011172555493112368,0
2.083214802776869,-0.15431679699647605,0.16061615722902925,0
2.097523546438517,0.2751931074444238,-0.02984735354048137,0
1.9416314787221003,0.1220229260281651,0.13071760669616,0
2.078085017267834,0.026122636340760504,-0.0016124882257688789,0
1.943631174391571,0.06903651204350131,-0.1253789632471328,0
1.9382941441448385,0.027131895004447085,0.3498492875044782,0
1.9444500655862302,0.013252288678114022,0.11945674451164959,0
1.8617535934151102,-0.03741819830055112,-0.07776924926729892,0
1.9939571486024419,-0.04466425347937514,0.15581888163168545,0
2.1384968166399165,-0.05468073651386779,-0.06575763715393106,0
2.0675737078000718,-0.13176731606157774,-0.09699535589868308,0
2.011389558333065,0.13200144025812038,-0.011861707401288182,0
1.948995510747246,0.0736407492158076,0.08388668840941908,0
2.0396606837763853,-0.05842920055486939,0.12353797361502486,0
1.8674849167876235,0.050892221080885716,0.10614269366227787,0
1.8900901998885928,-0.0431933863372207,-0.019922604149934714,0
2.056870393685419,-0.029414391363486628,0.13952443788288757,0
2.008188522831365,-0.029439122114055402,0.08164057717585776,0
1.9079150514793146,-0.12787206069871745,-0.20059110428459023,0
2.1135827390339585,-0.18180724584962146,0.04018232496107419,0
2.00369100200203,0.061075519496453005,0.06393032776018143,0
1.8861264319000595,0.08888700809639316,-0.07189803660333349,0
2.090813230574524,-0.004414853875654414,0.10277744611819609,0
2.0155309965474655,-0.12940419726033867,3.9361961714947378,1
2.144728308919149,-0.08120211257954142,0.126019602478502,0
1.7697999816657024,0.08370242822572321,0.1015072512127714,0
1.9071381470428332,0.22439829738628864,0.14020683093392297,0
2.090991788916432,0.29225842579640465,-0.03236399522678215,0
1.8100884017029566,0.07934008522508261,0.10099620665722558,0
2.108006901027681,0.07949678985458239,-0.03434092196047211,0
1.9863491960350632,0.19041621304178044,0.033026615096931757,0
1.8994332502808764,-0.061831509810698106,0.1222902052241502,0
1.884747155731242,-0.07255646949971477,-0.12997740275894662,0
2.149686308398895,-0.13595344566846426,0.1029261837627872,0
1.9140456377198276,0.1368410304624765,-0.02082915530538366,0
1.9863675998061516,-0.14286784825974042,-0.09319712600620156,0
2.1438388907425643,0.15095281526103552,0.06258464548650976,0
1.9693195603122924,0.11821297285226771,0.024217359940459548,0
2.0042403751759847,-0.0782870380047554,0.09616884945523639,0
1.9341394138619274,-0.09693888190878569,0.05850611284150991,0
2.076656796914632,0.08053036216727874,-0.20675011338564825,0
1.8218943762677973,-0.11474315658901416,0.06327769062406394,0
2.021465040827056,-0.0013803331608449054,0.09721358666756222,0
1.9530778002499698,-0.09273683836183808,-0.05343321992514576,0
2.057007006087981,-0.057815668497896315,-0.0659184682193763,0
2.15062381646915,-0.07412300464669527,0.17696051552774122,0
1.856120460743283,0.10665385190102486,0.04514249763494566,0
1.8975660842785946,-0.04316962990937537,-0.06131524584212398,0
2.1027647656145563,-0.0733696801830666,-0.12705484755915003,0
1.869981799139751,0.0410674251059104,0.0832090664142146,0
1.9182649089381483,-0.06454446856660913,0.1603227807555253,0
2.1525504398232163,-0.21887392213143403,-0.016459814136833697,0
1.9913320403088985,0.024749637583917027,-0.13200657358514356,0
1.9562478479122616,0.03207972426364913,-0.24407170945254966,0
2.104917410958801,-0.08625097454946318,-0.0045019541163614065,0
1.9799326600370815,0.10537110527811462,0.016100827719441987,0
1.9603336430908342,-0.21849548855362633,0.11253108066224304,0
1.9972569510958447,-0.06335721430066359,-0.17315177192951295,0
-0.10059822199473326,0.06543080460903607,-0.08230901459064759,0
0.00900512648849258,-0.06661049994989889,0.071548310789411,0
-0.016293497111759037,0.01823578558562774,-0.03965213111707539,0
0.0750414072901868,-0.11089068085391698,-0.0978630147294629,0
0.1485405523316687,-0.0774073096999383,0.007945331837923631,0
-0.3298818262811424,-0.02805291156499855,-0.05685397303706921,0
0.038464439909467435,-0.03936764248182039,0.0057021382116547396,0
0.20259241533127192,0.036511611729767135,-0.07619350264193937,0
0.14366055103804523,-0.07690741495943476,-0.2513170881167145,0
-0.020049736667508436,-0.00676430175883285,-0.12254388836032326,0
0.07696305093615821,0.10862728845726444,0.031400182238192006,0
-0.12704755995283515,-0.01941016376360969,-0.10611294164853402,0
-0.07574716793439554,-0.08287869450493615,0.036244132935250015,0
0.012936576491690936,0.10021095142485999,0.08013424583799655,0
0.0010486997219755104,0.03451777375281456,-0.0581673153319259,0
0.06818346483693993,0.05120788122435117,0.047339765772202,0
0.09694861129968525,0.16828450844646617,-0.08472628737130328,0
-0.08349052561226789,0.011797634925955851,0.009439177951831235,0
-0.08149677093619122,-0.09390010866780135,-0.019814287262262684,0
-0.05325195832246652,0.056922819832431575,-0.010111124743750784,0
0.1734048214656584,0.030118842061759923,-0.03181684752185989,0
-0.03251220852307664,0.12226046995850365,-0.049616159199828265,0
0.028351548977456172,-0.08358175144156074,-0.04421968740437057,0
0.1824637637298864,0.18708567509464702,-0.1370879130308725,0
0.09399451874697905,-0.06973374711884987,0.024745095358455694,0
-0.05900779575384586,0.2145038964118917,0.10330660594750188,0
-0.024106416487096244,-0.0858439186290708,0.05413400449682371,0
-0.08068547228010747,-0.06707732573812601,-0.3107014974289412,0
-0.28665694606842856,-0.02366812640397459,-0.03770244768625806,0
0.024532287669128166,0.08425990407727812,0.03219990439709359,0
-0.059174313327021645,-0.17004305140967244,0.18271376488505228,0
0.04596760376581077,0.04774621601525254,0.15650267074109137,0
0.048303696527015244,0.1533528717243574,-0.007725957571465599,0
0.02076853995303984,-0.016709263562403133,0.10732222859294652,0
0.119457881979243,0.10842057878671818,0.07925300322651119,0
-0.11383647358137838,4.002186220995219,0.12605253749429887,1
-0.02393239216567463,0.021983512825133375,-0.024457339760883462,0
0.01435997139505143,-0.10035867163042905,-0.11113151158975919,0
-0.10878900701396593,0.13227020679104953,0.13282428624023906,0
0.21849293159045244,0.05210653011016656,0.18431077417134203,0
-0.07458179847933652,-0.035778469278876714,0.044763768484235994,0
-0.012806074190094961,-0.19066423606564237,0.012046043615604601,0
-0.20146483771731485,0.05623832489738804,0.08265829936251998,0
3.858646840154236,0.16442971720562327,-0.042638331669058706,1
0.03693315080974563,-0.09369070788499274,0.13002969020055585,0
0.06506343247004075,-0.073443190326874,-0.0541154102243499,0
0.09951742708305945,-0.030029230486569386,0.06464616681861313,0
0.11116055657023197,0.022180619614050528,0.04835336936134992,0
-0.16399784654307545,0.07392108029292085,0.029571194181162837,0
0.22820611525206036,0.10497913604135543,0.04119929650924819,0
-0.02056249593852124,-0.026970029713928742,-0.08305079253568116,0
-0.12215702920934249,0.12770857674415956,-0.06258661324073171,0
-0.04649504809379776,0.07323417278480919,0.02914434270543243,0
-0.12565828132910792,0.1192233262727563,-0.07762543636335603,0
-0.1021536181674227,0.06159901502716263,-0.10588259547657666,0
-0.16985214509458654,-0.1833322336748629,-0.07211228209328169,0
-0.07693622071806633,0.016215755371232578,-0.001729127530998506,0
-0.008321234490551646,0.13115934261707912,0.1479918880407584,0
0.12704119307393982,0.07049451113913849,0.0661625582488831,0
0.0623512073420076,-0.13665812548428238,-0.03988371405441271,0
-0.043935898968520674,0.016614045310473734,0.06636494616512832,0
0.0769226295415155,0.18855182644180202,-0.04277063225946845,0
0.005801952159048872,0.020363887521090293,0.12003377170116268,0
0.08166951910557178,-0.00634181598085407,-0.13563577046527892,0
0.1643022242587926,0.12388737567278092,-0.24325367138873163,0
0.33748988385814005,0.06633658210715675,0.07356909288887128,0
0.032795409563015486,0.12261342244048344,-0.003304930136108504,0
0.11194956923311837,-0.0567699105588569,0.17499489063990548,0
0.1151440292951733,0.11792819191595727,-0.016496432485755563,0
0.08529099463689416,-0.06276914724772054,0.09075722404010128,0
-0.0008662908808074413,0.0837255237660182,-0.07830358508985504,0
-0.0005964328379724957,-0.08606810953354127,-0.07021082486866949,0
-0.04985841347792938,-0.056406538618499404,0.12558853140646928,0
-0.03377566004867868,-0.04811078494980259,0.021456116186092094,0
0.10227142708354447,-0.07930401556865548,-0.004959690094529748,0
-0.009745933092933666,0.046248945058575526,0.06224696817578157,0
0.008923916436258655,0.1142766586515533,0.07095700549081123,0
0.0875574926404944,0.1064772855571434,-0.22063677159157524,0
0.16320792336903395,0.19655663074614313,-0.05150118021447961,0
0.10809233152665379,0.2091028518240509,-0.037602645343463,0
-0.1606525525972201,0.0596367525523579,0.08110592817762075,0
-0.06397292212279457,-0.05620270698480776,-0.059489085048076366,0
-0.13104051154796156,-0.08992433593985047,0.09175800567730563,0
0.029472537112763597,-0.02530584775829563,-0.01298625064513205,0
0.010029003285737014,-0.08306542823853331,-0.013070825668504841,0
0.1104724383572599,-0.09618097511679259,0.058769136743677376,0
-0.08925318671298009,-0.06816179891632966,0.05786659113680705,0
0.1551534259317719,0.009871525717999811,-0.06382690936713209,0
0.044582907303694554,0.1020367482906136,0.12628716536812873,0
0.08926528125742943,0.03755056069012095,-0.038552425906031806,0
-0.0345782525651784,-0.07315950903511055,-0.11396152530212392,0
-0.16223111391126965,0.09420813193725924,-0.041094500244166644,0
0.1055821400083163,0.03189165137627525,0.01743299892683868,0
-0.04621744997089963,-0.10502841547418731,-0.12503779357537906,0
-0.06106070170125155,-0.1449415633503551,4.043048966849722,1
0.09679803546701331,-0.010987628366850974,-0.038929958063810624,0
0.014935738145951137,0.08121658150133348,-0.06322720210630221,0
0.03206673637111599,-0.06258689673778355,-0.037155509109270124,0
-0.05143359214785853,-0.09055814494281873,0.08172786080613566,0
-0.023193140371851283,0.05921886076244631,-0.0935337972054263,0
0.20299872369610106,-0.08729551147184833,0.22901799094221867,0
-0.013156278628846952,-0.035456546575754526,-0.17542378720566526,0
0.08483014460407319,0.0010043713356298154,-0.06429786144210652,0
0.022983665704795597,-0.054124759870152965,0.16049261937876752,0
0.10248389538401306,-0.11908086598346819,-0.12256477631377244,0
-0.13231450507423723,0.16001110047761183,0.002951643382420063,0
0.003092810478958655,-0.05082027637842689,-0.13552118498250385,0
0.14764191517282585,0.1585438563062962,0.041271535615318544,0
-0.001303187787635128,-0.07836449252758235,0.09021119941600891,0
-0.1631934195144529,0.037337105215189584,-0.03165389329241446,0
0.04833391701936375,-0.009696767058650062,-0.006117373016191088,0
-0.14954433907202955,0.049781435748038935,-0.03344632952231588,0
0.032891755901439744,-0.03267703486820155,0.09549784850483715,0
0.1657733482613997,-0.02323932631170295,-0.058468513363958224,0
0.010588437511843445,-0.05478018101409779,0.0620835609775918,0
-0.06091313323072778,0.08792483699710144,0.1153935183441778,0
0.09146415883655479,0.08767153466882498,-0.10358634096292885,0
0.05237777826593251,-0.09769504999184557,-0.0905428870461733,0
0.05902034519023284,-0.054745060664734516,-0.05275887224198739,0
0.13797445877041245,-0.12118065531018077,-0.15452150714518653,0
-0.055404982790627125,0.03263028047693375,0.009068435879924048,0
0.04463289600945884,-0.020958193957486132,-0.0018320474685601393,0
-4.081154568558642,-0.084652128789611,0.16773776357389797,1
0.013010213976743562,-0.09283084004659763,-0.005867254111756589,0
-0.21630870347894504,0.007798770318108623,0.12112036252824554,0
-0.1512077143482115,-0.1945719864088703,-0.00882834871826792,0
-0.028289944324530976,-0.046398054552871486,-0.05313350938265034,0
-0.10930342034614034,0.05854636028493446,0.08291488926295663,0
-0.08405599541907215,0.2443003143550426,0.21987275596221834,0
0.018309297563925974,0.08839265319941662,0.01767438437010566,0
0.08226490509912134,0.0576501601299185,-0.029933460207876895,0
0.06890559214577084,-0.13296148911180536,-0.018707190286624237,0
-0.08111710479087579,-0.028139043845874897,0.15049761092216776,0
-0.05421604673492461,0.02166256171535842,-0.026061758280152465,0
-0.06412519555161031,-0.2025739887367918,-0.016070851205485463,0
-0.057140943950852036,0.01885114127785575,0.07681443236796806,0
0.3176513295417802,-0.1641000502440264,-0.15431046018440941,0
-0.05978308257143092,-0.07017491303661165,-0.09182357991013984,0
-0.062483923845947226,-0.028102414155393524,0.14931768197389736,0
-0.23441879620520042,-0.005185403447339778,-0.044735972286744224,0
-0.07079350550825347,-0.14953591022512744,-0.10115210783007189,0
0.04237529052001711,0.011568010481299136,-0.08102209135733097,0
0.014271787445166504,-0.09063090962223377,-0.1897901612763114,0
-0.07719544968456356,0.18344697816398292,-0.10032452522655243,0
-0.07783706719950567,-0.014316466969016457,-0.08619544263547822,0
0.1540165437072815,-0.11123764751695436,0.09757339736880796,0
0.04870113955553125,-0.04584409535361272,0.1412945016151191,0
0.04050710977599874,0.0176517670567865,-0.04382390286569742,0
0.0872098536267941,-0.04699509867133272,0.061798208357381146,0
0.038571777026820325,0.1330843553873818,-0.05407514248911604,0
0.010430538078902115,-0.03588828524814253,0.024108634605976918,0
0.0984167481849372,-0.013069210852515842,-0.042136680516278155,0
0.10015265481399989,0.24569546487263816,-0.047552327114711315,0
-0.07698080967896163,-0.0029124130094327644,-0.08401015662546296,0
0.03936992127324057,-0.03979878892973414,0.012343012538898704,0
-0.0750744370835787,-0.06710140954857241,-0.018668813098861665,0
0.029264040276415677,0.053217894225028685,-0.1787962745412698,0
0.05186381968613644,0.01225580449255615,-0.04319765544960358,0
-0.08886396751922573,-0.08322311619654148,-0.14518414477616115,0
0.19359893095495082,-0.08239265837025743,0.011815051924650526,0
0.04442202993665599,0.02711565000789631,-0.08473542499153341,0
-0.2860848012892592,-0.09621023058730498,-0.027935809084799125,0
0.11422640562873553,0.29787822725620566,-3.8215036384440007,1
0.1314489832331749,-0.18174006062375492,-0.08503676170637746,0
-0.17577948858406386,0.08777886781764124,-0.013910317162162992,0
0.035033538401633896,0.25304184979991934,0.23618344157867766,0
-0.012273322738595292,-0.07571782705405168,0.17409790284805293,0
-0.019672487663999205,-0.045205519490311985,-0.04206666255946367,0
0.09152920129232965,-0.01706873487139302,0.07875110237786866,0
-0.18011954034944663,-0.16189519390087512,-0.15462065292571744,0
-0.15640790151415612,0.015320171006325413,-0.07428528019319862,0
0.006050823206750389,-0.22172384279461457,0.20015434154994188,0
-0.017814924377508343,-0.04027540046889974,0.03328805721504965,0
0.020372852311398407,0.0010433232768805513,0.19113030498286854,0
-0.2598632651247172,0.049943087286181936,-0.09849409737532454,0
0.022827846210900254,-0.007185734460438416,-0.09972140177090114,0
-0.0980009145970706,0.003923747921628663,-0.01628290845961365,0
0.14209832800191885,-0.07183932363449043,-0.08622493553669157,0
-0.0648249906796001,-0.0655773443949809,0.16355614716126457,0
-0.08587410787179023,-0.02878324264516345,-0.07287820510619951,0
-0.10360524606886637,0.005567338724913924,0.15383774067163206,0
0.016891214991513314,0.11222107542824876,-0.029137914101620366,0
-0.15144079471275937,0.07807482919063616,0.018083280956630487,0
0.07220870987012588,-0.06874692268595009,0.05506184120597214,0
0.03987292608077599,-0.033271699690314745,0.20012746663026015,0
-0.0033725178694487636,-0.13148525420937088,-0.004335779164190628,0
-0.0835685756064709,-0.02518791989335022,0.19499092207024757,0
0.03424865782768889,-0.10826374030995434,-0.18441059916033323,0
-0.03846937632631321,-0.14122083305915187,0.05966999704127912,0
-0.0671511587497187,0.03917614483626341,0.1451197618698846,0
-0.12438044057904754,-0.09431601475640106,-0.1255889732376994,0
0.0618277139499934,-0.0636902526224029,0.008673363783598322,0
-0.22447285804352052,0.03137389710996322,0.0796569336832522,0
0.07082696938077826,0.020086171155691824,-0.044471365099779975,0
0.04988483304518888,-0.10066727944493128,-0.07710976885148199,0
-0.04124358542972356,-0.05898635091707863,0.1405472348715697,0
-0.0047762377348451596,0.011865210859155704,0.04488579007672414,0
-0.03479844891619139,-0.0033230146090410216,0.18087210939772144,0
0.06326838597034642,0.13256192111583479,0.00875043433357473,0
-0.08626150989973091,0.04800843163043466,0.1809567651606944,0
0.1064527734963787,-0.04382685509122549,0.07367324754520248,0
0.1048860150814657,0.03277415234537597,-0.06909597648518245,0
0.06801061011098118,-0.09125217187967682,-0.03418183428281394,0
0.13772507139634932,0.08639238480138611,0.03882194239531043,0
-0.17969757500870584,0.015473743632716072,0.0280150871910912,0
0.03164126591516674,-0.1140716098731009,0.08392911455166734,0
0.06641261558190059,-0.17184529181241356,0.05254042649491419,0
0.009051135067486797,-0.022620062666275392,-0.010820859340087113,0
-0.0006925550492992579,-0.021893075519409163,-0.1454109145429103,0
0.17467237692258974,-0.10517488763049715,-0.1728644787895165,0
0.09694271317553746,-0.162037029838624,-0.05825521121165933,0
0.11582620938444142,-0.24883205580021373,-0.009429998463534725,0
-0.06876605006855897,0.13872471707787234,-0.0020770451916963077,0
-0.1433132191040313,-0.05102415686451011,0.009299171152989503,0
-0.004409874472430566,0.03396083640135918,-0.016023550056938212,0
0.13211258002001483,0.07576149336491916,-0.0014438975501324116,0
-0.081882699339475,0.3115041836458243,0.05051367639429403,0
-0.11773074734189724,-0.21911515422293948,-0.07070845622469506,0
0.11843339440436398,-0.03593443641244165,-0.028272079517029005,0
0.05756504678384603,-0.10796051180025285,0.09936157647352255,0
0.21940754005607715,0.040470717593329694,0.24280330985889131,0
-0.2745927294017014,0.15305677966673253,-0.04720428083576359,0
0.050532031478004585,-0.15638016778348757,-0.1626120013896003,0
-0.017888383865045997,0.10855345183540499,-0.072229208762956,0
0.02993738408271141,0.034462121080017435,-0.05497233638406299,0
0.04887710149780495,-0.26060195715131834,0.013967060408752872,0
-0.06273609656076812,-0.10131213280045777,-0.05792249121856718,0
-0.05172399105320298,-0.17859020895281352,0.14298674484676105,0
-0.047343749867006596,0.10685180318147117,0.0006926183407845464,0
0.05598185103749734,0.20190705000952494,-0.02416691826434419,0
-0.04263196278588124,-0.12718022539795135,0.15488400543587275,0
-0.026832829125101206,-0.08529615643493374,-0.002440852357701869,0
-0.06947265727235219,-0.07492079566973088,0.1294449168509851,0
0.1548741093995023,-0.1122960172180893,-0.10480184667478742,0
-0.11861860510509406,-0.0467859101873676,-0.025359343430461173,0
-0.010577897052942419,0.1452234749518105,-0.07214505289697423,0
-0.03192577463371979,0.1304935526726186,-0.06881254063011981,0
0.04337157035865493,0.03225161230370514,-0.11136411554490594,0
-0.20190813498879343,-0.22684406359276799,0.056661178393514866,0
0.09964719513201291,-0.10786408133209727,0.12298663846318679,0
-0.06872058408236785,-0.09623268120694181,0.034850909831924036,0
-0.07641512970877809,-0.06302168942326364,0.04986632265957407,0
-0.04160970426848982,3.5622237539248436e-05,-0.01279815983126535,0
0.0977124670039532,-0.17296287568950364,-0.15914785226331774,0
-0.09021233793063486,0.051834507481894256,0.04360512141273331,0
0.07473012359482877,0.24164512408218086,0.07035589666005297,0
0.049179100837645824,0.09407952422866768,-0.04879856293981849,0
-0.00130340278071961,0.14688767485775753,0.04136281382073611,0
-0.07707370321040936,0.10237607706251935,0.04339225939362445,0
-0.12591419510880938,-0.04045453085491031,0.22443066547667476,0
-0.06783991479417574,0.058782855460453524,-0.006804624287557836,0
-0.06252845450020796,0.006686625928010748,-0.043800126246137494,0
-0.04509874854345497,0.0014711840436156067,0.09467838458412794,0
0.08696143545946218,-0.13171742962611915,-0.24643383140845576,0
0.04062084528618141,-0.06409119697403881,-0.007567230186996373,0
0.08541465915627074,0.08178265298731952,0.10834636509547842,0
-0.158765176554747,0.051763044217025544,-0.15364140591639497,0
0.0028205515239167426,-0.060466219561895324,0.11639145040534145,0
0.13555843410736187,-0.14811252007855083,0.1904259468217968,0
-0.028279342231212735,0.007614734909227119,-0.05439592109434047,0
0.05472681981881653,-0.10562646327623991,-0.07462729369407084,0
0.01585634025691901,0.12607963601400057,-0.06601150495492057,0
0.0695548423699419,0.049289953366718244,0.02003261735495359,0
0.0736022786530113,-0.08423686433234419,0.0672846054482064,0
-0.19225141610695462,0.037241248771522954,0.1366758193650157,0
0.06852189904410531,-0.088238134304364,0.04820350232357153,0
0.012430107220568393,-0.0015936599801383402,-0.0673330393530121,0
-0.019395089076622504,0.08395511147102575,-0.02408489241936504,0
0.06325131279385521,0.11931850797705486,-0.18410889796463184,0
-0.11195966101946662,0.03656859098145517,0.06578698718902497,0
0.0006565712461579204,-0.13311186272743245,-0.03348168343857603,0
0.12953928524944078,-0.04568750729401642,0.09881677510223102,0
-0.12268819889562327,-0.08937605512912933,-0.08086513502120111,0
0.056596862706183464,0.09929064164634543,0.13675060642429332,0
-0.14816255879823542,0.0012327100128433311,0.16396035701258485,0
-0.15649479504398084,-0.09071560220681024,-0.12296237183113612,0
-0.018962111683637827,0.1693680321654523,-0.03191804693270891,0
-0.09035802822149756,0.02343771290204623,-0.0033032945737999325,0
0.014798485506620555,0.04327477363359428,0.2287923102783196,0
0.1263141775541729,-0.015785023217074336,0.10709011418895131,0
-0.06113851096706305,-0.15354771565254324,0.14181943483096507,0
-0.04501626594956437,0.09179914032539971,0.08230635167944103,0
-0.13200911151885283,-0.0030624634307989617,0.06928824859904778,0
0.07194387596987793,0.11812270387608599,0.023516586461274486,0
-0.08818175759120536,-0.05181190157201315,0.02470442283757494,0
0.07167822189051462,-0.10881015674328123,-0.28514742164886914,0
0.17163304116394276,-0.15277236270380215,-0.005077123791427874,0
-0.037040895197109874,0.10598674439386745,0.20300777043033516,0
0.024669522135541397,0.15938249133471583,0.06825846322544293,0
0.19002930267575557,-0.10945337339298358,0.0434602516507116,0
0.02307304867396504,-0.0465695683790005,0.10390464385714496,0
0.011388310317866081,-0.17372969395978485,0.012197289963042512,0
0.12336158963724737,-0.09109520410295119,-0.041340556688811064,0
-0.13168602650581213,0.06593694018820775,-0.1319357044629173,0
0.16387010636751667,0.07483968002010581,-0.014424110606695378,0
-0.21520992387243043,-0.1574670080295081,-0.0448155152436208,0
0.05086711571215692,-0.006879265684552569,-0.13678270170227144,0
0.05001457708426463,0.10382483642508462,0.03667706437994699,0
0.06208481771388692,0.04665409746399345,0.10390388671523298,0
-0.021917894262220333,-0.0040436402808458555,0.00461434626144046,0
0.17182022480328327,-0.19065239439035803,-0.09392378853498737,0
0.13255130926617967,0.16676278859141624,-0.05115641674661947,0
-0.07430285303156664,0.079958388157649,0.028169568376949623,0
0.009548139293852466,0.1366874526834229,0.046257505409708875,0
-0.049486451211849775,-0.12906810416987263,0.05657487305214435,0
0.10995450877284879,0.047273624212008834,-0.09575774911765295,0
-0.024942228899103483,-0.2786999100483279,-0.03420670261517749,0
0.09559128798269804,0.00043760058412716744,0.03266307991487747,0
0.18348721095108023,-0.18490584471246158,-0.06096290950783374,0
-0.21219790242616293,-0.20188136150189467,0.08956764954468775,0
0.022443069777976634,0.08221040276583973,0.06370938990346751,0
0.1507633858037387,-0.08131915189651484,-0.10123309639474687,0
0.09950705618805959,0.045986488353334964,0.006836704769807663,0
-0.07759621464259245,0.07771070635339587,0.08017809024548596,0
0.01137489587438439,0.12553094096752507,0.09142470908863051,0
-0.02401724886327663,0.16019743766896158,-0.14442118683262933,0
-0.08877420098406551,0.012611050272276393,0.13917069880983543,0
-0.12997460073796394,-0.06218488408945688,-0.11904418670081618,0
0.24543502687981952,-0.06147845787869899,0.0709998019707839,0
0.20406855603703497,0.19684250767107364,0.0746244281183437,0
-0.0918504280633627,0.2625875121893704,0.010362328945967876,0
0.04466265717458895,-0.14980909399521875,0.05681567377927578,0
-0.053617334730640835,-0.033233971801526256,-0.1022433055081879,0
0.1492643323873936,-0.06298615731706951,0.03443303729345181,0
0.12918866940336535,-0.15090124890395465,0.1704172961137415,0
0.02047864726456694,-0.02827451090090313,0.054875569112947734,0
0.06736285054632163,-0.11054677762771832,-0.04756011153082242,0
-0.08537471894314042,0.027282986112836707,-0.02018421277216107,0
0.10957063469188047,-0.10706685534509142,-0.1386483011908676,0
-0.10382013162947819,0.1216294459171057,-0.11437818409001124,0
-0.19030333700697102,-0.14389033845243618,-0.09511855097316604,0
-0.13019192243698932,0.06585272829349753,-0.09526148987586315,0
0.14068492133346996,0.06596953946894316,0.0819623168465971,0
-0.09152109094989301,-0.03463052087961464,-0.10803837763583941,0
0.15649454823885742,0.08768439509616768,0.10089557035851021,0
0.07135924925309793,-0.003732427200145714,0.051282058243635346,0
-0.08476978278762455,0.024605756229505366,-0.09175706790848409,0
-0.027401677898223203,-0.13627776347389411,0.15340070805764475,0
0.0898211575082205,-0.06834061026517196,-0.049827406264218665,0
0.0725632075878738,0.06180061245047498,-0.006972076739119386,0
0.22748366741832543,0.11316697933443405,0.011350805382558558,0
0.046592816682522825,0.0834501501349712,0.041701982098207975,0
-0.12449592729567552,-0.07456118836474647,-0.08611847912793569,0
0.007828243667935124,0.10683224411698547,0.022036051464420253,0
0.009898391036075439,-0.13266869247477908,-0.10408753624355978,0
-0.04049804024870949,-0.0795161385211971,0.13708643167309692,0
-0.017981784432003805,-0.15278299792861144,0.2707524423880913,0
-0.037086259728565656,0.09316430514706171,-0.009224110177603837,0
0.02588145029731427,0.013456006610146854,0.07308112274464086,0
0.04497658614096624,-0.14649226726668008,-0.000954886856989848,0
0.038047214707511906,-0.0366631290850915,0.02984013116996801,0
-0.056678644005382375,0.006062557214136347,-0.2011859341825995,0
0.05790707329943299,-0.11881123422522617,-0.023779033847252176,0
0.12028281410373098,0.19486160082490267,0.006332299125255302,0
0.19736242690208622,0.004683994357818728,-0.199779486810832,0
0.06923763993225121,0.08521062518097636,0.15971172044875429,0
0.017050063976532512,0.05025459359058271,0.19582511679327752,0
-0.12560490797506083,0.12898963412278927,-0.059056321872892684,0
0.018957991087164654,-0.1395052709479132,0.0324806893190036,0
-0.06336251784066708,0.026052077625651524,-0.1433094704656082,0
0.13786805405349334,-0.21846156848863077,0.03390013690294384,0
0.11837995320118391,-0.019399428946475658,0.15666087529747794,0
0.0669242416230928,0.10339151040081095,-0.04441136830591195,0
-0.20055621514594738,0.014950772618408315,0.03881126515377746,0
0.01680211141480074,-0.008412258250804678,-0.09450442696897597,0
-0.016100227068265412,-0.12193780862425224,0.031293414629200496,0
0.022692114886928932,0.09823302339217176,-0.1325808513494739,0
-0.07390572722114397,-0.003345782779948613,0.1012964766718524,0
-0.04125645785993815,0.07431018403790135,0.013698778343423909,0
-0.1001693417995311,0.0022051816735671618,0.1385940107108955,0
0.05736554349933799,0.021577619750276472,-0.16471784213236196,0
-0.148047284391661,0.0731687742901703,-0.06594627162650811,0
-0.012607019757203373,0.020666703784163305,-0.008973369235490204,0
-0.05870681362228061,-0.027737626158986513,0.11508164339040083,0
-0.04284640036006812,0.0021993208502841394,-0.1731160535701028,0
-0.051189182060646654,0.1643508558834306,0.13361209515243244,0
0.05583396897326812,0.06486232782211958,0.09946605903757506,0
0.019884022145444553,-0.22380827659960786,0.3532610161401137,0
-0.19577578144796337,-0.05849350434873937,0.03030509175063575,0
0.10158177738513663,-0.1531786838609704,0.20876262374178622,0
-0.19125344843279007,0.041995550827277246,0.06802529191264231,0
0.07659201463197961,0.05328170454151322,0.018958109518843337,0
-0.09564318517138899,0.015780045710138083,-0.21079234185919804,0
0.19404194452495382,0.08159625463832298,0.11236795671117945,0
-0.13659746252297403,-0.0792197251594811,0.025316393739731692,0
-0.07139023641305509,0.05845043209676235,-0.09293236111613347,0
-0.14226545842891755,0.0314104594643299,-0.022643743901979013,0
0.0866092830898561,0.07628020343387934,0.05313045430606466,0
0.08952204618839887,-0.06923215755254633,-0.050855014033828506,0
0.007234509830816549,0.2789689910472852,-0.05989024746163699,0
0.0975220407606492,0.0666983784390128,-0.009586118924013773,0
0.1670250479346685,-0.21070838982611428,0.08296841362540508,0
0.03175742279125125,0.03985914657339525,-0.1087924503714921,0
-0.07666505686219444,0.01998733790044999,-0.08625543886483396,0
0.024806332720894636,-0.06264929141299011,0.1031797490339904,0
0.14413397625020555,0.09705202432059694,0.1256089538634041,0
-0.13645282785159618,0.056654029671968725,0.09772056130720536,0
0.12112811483709288,-0.04134634205665647,-0.02234961295966444,0
-0.17818343435088002,-0.08861316661303721,-0.06967643641246793,0
-0.09513429088553178,1.9217959513719783e-05,0.2490782686448928,0
0.07746535004449967,-0.06462390137664376,0.249600785063073,0
0.028479150603765793,0.10390005200872716,-0.055493452926071524,0
-0.15678998509688136,0.004468931474052028,-0.10612072841297092,0
-0.01433724991729337,0.10217579694799316,-0.11367161912014567,0
0.030685545784093434,0.12759194866409193,-0.15055654861791287,0
0.10349860340573556,-0.01983121295678479,0.03725795546169583,0
3.905678668580573,0.004571655191145312,-0.18376299815730174,1
0.10909498531053721,0.029606298370883355,-0.06547322283171188,0
0.15718043941234483,-0.034198159346976904,0.09678658538115428,0
-0.07865203465234985,-0.04081112981325244,0.026340630629252383,0
-0.1080813049005702,-0.2228925130313767,-0.17978001463677254,0
0.2705488116576717,-0.1023226651608626,-0.042060385258155204,0
0.08498461485465343,0.11300823800703577,-0.04393257830164124,0
-0.0822983950987381,0.32376203079508037,-0.03697333007639299,0
0.15509800623450554,0.05549318814012182,0.07982002347466878,0
0.05599688010760963,0.10119786836483868,0.013576121619817319,0
-0.1402600338648116,0.08085763990270994,-0.06230464064904667,0
-0.1246453646167211,0.06359385251299755,0.15251301749732735,0
0.03901454103254852,-0.00032899068891977597,-0.04625515759242145,0
-0.048058218547838705,0.10673531980075034,-0.04632647560674285,0
-0.10400461246034343,0.0004040768141553959,0.06236195560375765,0
0.07090756504876104,-0.007820703229914697,0.220927957190709,0
-0.057897706057111614,0.028152841187603153,0.04617559116989744,0
0.04552323633796588,-0.019180208828045095,0.03407750029521222,0
-0.09913770070133716,0.0026867426001802104,-0.0958867047785729,0
0.07151318560661445,-0.07209371128533586,-0.07393800929119997,0
0.06537256307778082,-0.08918889346412079,-0.014587284240109494,0
-0.07108818891418152,0.07215981319094027,0.1405445185803702,0
0.06170181264476002,-0.05291032808842756,-0.157386803238445,0
0.10489739913379581,-0.04972884124838233,-0.014584665084419607,0
0.06240330395450179,-0.04058116297512453,-0.20182688559516118,0
-0.06081005520489768,0.15244950616117622,-0.10557531458767491,0
-0.15465271947672696,-0.005278500950462424,-0.03510413557610897,0
-0.0712197452773024,0.002136461151606836,0.17066301405449233,0
-0.10568195947891575,0.02244187469983572,0.12109065263547387,0
0.0016165570763961583,-0.1991246397250962,-0.12650835763643348,0
-0.0344846660102149,0.04198860184725037,-0.2512362200892473,0
-0.09042997048748759,-0.044258770291715384,-0.07815523909667581,0
-0.03643246541154608,-0.06755219218867489,0.09327970995999632,0
0.20078486886663086,0.033956174621463976,-0.16962876305855945,0
0.09730036259984894,0.025473680582687883,-0.12281050625070694,0
0.1361755768770333,-0.04301627033293489,0.05430679421646112,0
0.040782811067647896,0.09180475913028223,-0.026990006291538415,0
0.11225795523969401,-0.0038933798491242472,0.04324725290598372,0
0.06540336477534904,-0.2318110393439691,-0.09167553906733637,0
0.01736238849455712,-0.04361706013141023,0.08084504738737706,0
0.01142077827123166,-0.04361323507662823,-0.17768109547820313,0
0.03841139243260202,-0.0244554636319191,0.010772568286186187,0
0.05166924365678902,0.033967260546063555,-0.15358456989459982,0
0.06595138702464239,0.08988961368298401,0.006544194570352784,0
-0.09294484949251489,0.06679858120552822,0.02152036702077129,0
-0.09202981014839572,-0.01534343334343101,0.05387331145150205,0
-0.0180052737318982,0.10221524730599803,0.020983851071913043,0
0.06776560531331349,0.027964814331458088,0.11345525397514065,0
-0.1673886729971612,0.012829543013606918,-0.04493440259791401,0
4.053720457649047,0.10655810408338387,-0.025137791289287583,1
-0.15325305748594586,-0.018103995226758866,-0.10721795382970943,0
0.06643954799282356,0.089113102274575,0.12124633912936558,0
-0.12850431655080147,0.09885185659816276,-0.1211331772476681,0
-0.022144860991020254,-0.035380442264338584,0.08980719263361776,0
0.029202835382283483,-0.023551920672635403,0.026131907690581702,0
0.025120459110908457,-0.06634323378338212,-0.05248443296621816,0
-0.11556184862165648,-0.009178666321506839,0.11669466871509426,0
0.06926347987723801,0.0477567860305426,0.023442794279891804,0
0.004248146577540168,-0.004440573765980315,-0.0817327633615734,0
0.23988129594864446,0.1465575186851051,-0.1137711668577921,0
-0.03873425287656997,-0.035642383573910405,-0.16047007817101974,0
-0.0025123366150441875,-0.09233107704241718,-0.013438835135547314,0
-0.15447983460924108,-0.1758090605603162,-0.26187763965208893,0
-0.10762392700462367,0.2051451761039243,0.01180279543439839,0
-0.08074689435032778,0.06932425754861621,-0.10642526305165954,0
0.005341242801384065,0.04218882765893167,0.009688785670414105,0
-0.04795382486899928,-0.07878594287437003,-0.11163292537876568,0
-0.025775683071237454,-0.16917093852546294,0.14130954235841586,0
0.06824707704308672,0.01032525035139428,0.06400450446614094,0
-0.0028702442518649,-0.11120974764343952,-0.004849766762469019,0
0.11041735700977387,0.09349473622483571,-0.06186992420081325,0
-0.0021671758587974914,-0.12124359952520197,0.15356476226749896,0
-0.052479560294081296,0.10934619080699762,-0.06918480307536826,0
0.003715285382057907,-0.10992400691035838,0.040014217666139336,0
-0.06236976211744852,0.08770928558568496,0.06653771389713106,0
-0.13119958764670872,0.10746596917896084,0.003880171103448344,0
0.25069951810441354,0.2073016501111448,-0.019671651073166773,0
-0.043205565365821236,0.17524662093673077,-0.09514906342399973,0
0.02812651168767189,-0.121904515947151,0.05141324653173375,0
0.06654669220682553,-0.0038839599345431874,0.2315877329072351,0
-0.1105060898943602,-0.07966451665294016,-0.0069221037439800796,0
-0.07547581333837326,-0.12408166154491707,0.12858297837271923,0
-0.07655091360658803,-0.003166133705567882,-0.08920353210022897,0
-0.12930988685887995,-0.0541068661270714,-0.06271796740309545,0
0.04209631791149211,0.014299909907048353,-0.019780597111868997,0
-0.09221134634272213,-0.03126577985246435,0.007158270334331009,0
-0.1360933467402746,0.02445943432855337,-0.05334378340530306,0
-0.04103117416062809,0.19482155081292177,0.09581155381691547,0
0.051669128473827236,0.03947790302529498,0.11668736601403058,0
0.03357461089335497,-0.04873900172250923,0.325549265864596,0
0.008172461204181844,-0.034317285317792705,-0.09810517661578001,0
-0.07819120101068282,0.012988240178462125,-0.0479262155848955,0
0.055633071757741986,0.02507935137220061,0.1171304648237736,0
0.026079924290616504,-0.09325738857844515,-0.05384921921295963,0
-0.02008717406467379,-0.08879282641922354,0.06497617111444383,0
-0.162603109695701,-0.0284771023679967,-0.0628109818821504,0
-0.05143715168094426,-0.034682420051753336,0.13374951808847726,0
-0.08896750638745624,0.09167114983501673,-0.11876863023629099,0
-0.06261870431123992,-0.03783051235885789,0.06668985526778319,0
-0.11165105463955467,-0.00846981646787926,0.13045963046807485,0
0.009119795803174789,-0.013600216771760557,-0.16201992551787392,0
0.11291805586443147,-0.16575662545156622,-0.01579451311714473,0
0.03339251802945052,-0.022962978561638613,-0.12705013153089204,0
0.030689176228567962,-0.10608134233600988,-0.19409718197749742,0
0.11957081204626485,-0.1694385387003573,-0.043441684272760406,0
0.031959600791894284,-0.09265779131300222,0.0051932989652370785,0
-0.09855418161258438,0.035981137906767185,-0.17053065033466167,0
0.11164054176195554,0.08167896941981839,0.2113089762020735,0
0.0009391590601341417,-0.09251557880928069,0.12146939816387742,0
0.0008280715184186618,-0.05987339294904942,0.07912120760886629,0
-0.11243736772049202,-0.14695559801834174,0.1479166342776332,0
-0.005815518554431401,-0.0328292699293242,0.08877756683531433,0
-0.00024267761657058773,0.20776778491540654,-0.1144384775770732,0
0.02639506327942532,-0.11137505997296862,-0.07807023012860934,0
0.08099217470238695,0.049055238722809515,-0.11441908398373385,0
-0.024113473443784103,0.13720834138679097,-0.07189541407652746,0
-0.03323229260366225,-0.11048484541105355,0.036054531715230355,0
0.1401408316552246,0.06530131088854814,0.15895433814760696,0
-0.003538664329192126,-0.12005970727173099,-0.12036977179866351,0
0.013778955371446239,0.03278196101605357,0.11239457223114235,0
0.060060831492796264,-0.16707254111989012,-0.010986933428398585,0
0.050054400364922286,-0.18715307486154859,-0.07111050249220353,0
-0.046708399678591604,0.20430852594864862,0.10389323222244798,0
-0.0343937735597832,0.08875307175160503,0.14202968163774157,0
-0.00023315221834828437,0.019199907130123567,0.00014597396593634036,0
0.08467279343753174,-0.16575428628705824,-0.009996690559149382,0
0.08556568149945934,0.09830809775427991,-0.05859948710064642,0
-0.049903770751575205,0.11122769263746979,0.08535191067262989,0
0.08342899172527664,-0.15465869812679872,-0.06361904441990981,0
-0.08359585610780734,0.1837600509376335,0.015818933681142525,0
0.02102221003596812,0.23451677949727695,0.06364844281116211,0
-0.05611790832528338,0.07823060984635803,0.07435602866715434,0
0.04359049512461667,0.007726788668453168,0.06181000584563754,0
0.1957593114684252,0.0377393543735282,0.04570199212577533,0
-0.11351415150299511,0.034631155381307815,0.07177841162038022,0
0.023494079235957147,-0.0011018322250916067,-0.014715007463656027,0
-0.0944128979911823,0.05296930316928094,-0.02813816358157964,0
0.057420525248341986,0.0423483289011259,-0.04231195412716037,0
0.06677264572192265,0.07349851678476381,0.04137203464961506,0
0.06316531875218699,-0.01630663009694336,0.14297467276564405,0
-0.21076686028387448,0.10374189781632025,0.10973116710388003,0
0.07392138152256514,-0.11986928978984764,-0.007130093492807462,0
0.15812517627189426,-0.06150765381736706,-0.024848353010872824,0
0.11738279870931517,0.15734868539849134,0.1069660005047498,0
-0.006193842408579896,-0.16203826802017945,-0.20489430661024738,0
0.07360744936821643,0.049406994204641834,-0.24565674989178934,0
0.07897840117362986,-0.06901858914409979,-0.05894407800682621,0
0.09646528909246577,-0.001242803697775608,-0.10187199181852687,0
-0.10235512717516791,0.04148500377660875,0.04823386482692837,0
0.012490501979766623,0.0793491462479245,0.03159175929028424,0
0.012334997139187204,0.14781469077558637,-0.15517807306049292,0
-0.04036886458716227,-0.13166045142811625,-0.10709922547791868,0
0.021167921838607932,0.019119831519345803,0.005023008573751976,0
-0.1095358160949616,-0.03699978188713872,0.1938718890547648,0
0.08093947836816641,0.0835880099818982,0.10679195815716505,0
0.02109634524327136,0.04743367502228962,0.09986515045393014,0
0.18884647414976669,0.1631579915403873,0.12535629761873424,0
-0.19704265780737393,0.08772250067625265,0.032016888510658856,0
0.09323282026417505,0.16285663316689503,0.1393496106003639,0
-0.2797990944265669,-0.06404523824842435,0.052511224022860375,0
0.12389900642489093,0.04408261290369006,0.009313667721703296,0
-0.1344242922690699,-0.05326173854285761,0.09691442842017177,0
0.02593848290485495,-0.08069056723369451,0.0009439234908804653,0
0.21117885744937556,-0.015592010355049538,0.1689431294483781,0
-0.12996692938245152,0.0893780609799324,-0.059611374728861646,0
-0.090002957896904,-0.08496297090602482,-0.09246662203457855,0
-0.12684585083015806,-0.21095092382116878,-0.14595990583595073,0
0.025877011706948727,-0.14102783415721457,-0.14247603130118244,0
-0.0384538828198064,-0.07022595473825623,0.02658201785477346,0
-0.01642166614821756,0.021461375215410028,-0.08995559836047934,0
0.014353930205646083,0.04948100098528254,-0.16563768671013462,0
0.05050808676996719,-0.12921068921149564,0.013114044689070632,0
0.008629463422999232,-0.1347059534453384,0.08464139593158658,0
0.0542341567769154,0.051614845494480956,0.07033013826199999,0
0.044097329436318146,-0.11537606764853209,-0.01617709170833924,0
0.05960204097993256,-0.0694839047811654,-0.10490247438598435,0
-0.10864645439600869,0.03729809083475612,0.042703806603918766,0
0.16310951859010087,-0.12387740979378029,-0.0054461539392718465,0
0.01738788326517432,0.04477980774160746,-0.09073748934274312,0
0.10725944297280315,-0.01632557389498302,0.1265576762687978,0
0.06935595453786997,0.05418886394643169,0.15459159360435704,0
-0.13390337074044775,-0.01783273137353793,0.012566421705869463,0
0.16335399797657257,-0.015072046694045127,-0.10780168331666827,0
-0.1766296343652607,0.0024521399817036033,0.018512774393257696,0
0.10763533246780113,0.000917767322002594,-0.16626221236687802,0
0.040393528667325256,0.025646567125287414,0.0030989870990394885,0
-0.13495214988979154,0.27160459200662074,-0.037683986733001225,0
-0.013484125358249908,-0.0841326680426119,-0.06786374742851506,0
-0.03444637398498698,-0.06469900123344317,-0.015093525217340562,0
-0.029197754159182295,-0.05750938529696025,-0.14985419627605262,0
0.13450575666764283,-0.08366735466892253,-0.030608822860701664,0
-0.019249402122325045,0.06768754421123528,-0.025581957652553156,0
-0.041327719673984215,0.04173591613212333,0.013597389993717734,0
-0.16174085208574915,-0.045324807108046906,-0.11968123287769948,0
0.037902598481580896,0.03246002015798037,-0.22738532610959591,0
-0.0478279283468703,0.009483395397348238,-0.019960164435339278,0
0.02972984358604712,0.10051061778526219,0.02404314635286131,0
0.03365454607361616,-0.08084935664766599,0.08964843761011798,0
-0.0922303073241078,0.20411814303998957,0.1217124462521791,0
-0.00431406616301144,-0.016918552042547493,-0.09567225668021817,0
-0.043269695124246325,0.06736110764912787,-0.034384315762615775,0
0.08270635163637974,0.11501105670441346,-0.03732325336131967,0
-0.029964143640298382,0.0279172393948776,-0.028932768015932333,0
0.05626084142106014,-0.006380768914447096,-0.014721049277914467,0
-0.029876122327840815,0.01938904549403149,0.1340343473356764,0
-0.05645301869397758,0.016857142486814896,0.019089718622059302,0
-0.006750915345476345,-0.06980510257353177,0.08867489484875878,0
-0.07977191440236217,0.016255814227502895,0.09664212573203503,0
-0.16104972537774712,0.003065403012893227,0.04967930750522677,0
0.06425182340035737,-0.14416128532629494,-0.021024997899428896,0
-0.11005405016430303,-0.3210943718968775,0.07412595134493163,0
0.009440426623092465,0.10849091839694053,-0.09813392773972072,0
-0.010991233569763406,-0.0033210783434933335,-0.04073976035318903,0
0.04107647076988408,-0.015255232161935901,-0.039762826702916934,0
0.09441694882903949,-0.07201354650718032,0.020329997014115506,0
0.14363005578066987,0.02780777788427601,0.08441965220791849,0
-0.09134030047956514,0.047064437643674274,0.0299267454478222,0
-0.11466193091582984,0.13507741760891012,-0.023878182508055804,0
-0.053077496023500294,0.11546593885968026,-0.052935969008420625,0
-0.06343248121042662,0.12277592665134851,-0.01379844983105148,0
-0.06318048762635724,-0.03262975453699819,-0.06160864462613617,0
-0.0937439937056471,0.07460582617911375,0.02172427679553597,0
-0.0283875841885943,-0.11106480643457749,0.06607036873569659,0
0.05915174121877953,-0.10879263041846887,-0.024603634673180625,0
-0.18810457988251716,0.11771116333242806,-0.026115762571507696,0
-0.03206872701445868,0.050873316830628804,0.14205775476579482,0
0.12057203661491663,-0.004116564193796782,0.11248716326461539,0
-0.07412723094678893,0.13911465786084917,-0.06368053002275144,0
0.043916045573467205,-0.004724628488691585,0.048859224172140454,0
-0.09534539294658312,-0.12178532295881404,0.12877996623654053,0
0.0589731021713471,4.001883015866219,-0.020099288425046744,1
-0.20972679245269613,-0.015138995224615433,0.09906777293238145,0
-0.016179752705409046,0.019522683129706307,0.013840055325556358,0
-0.24373330019218056,0.12504956594114547,0.07874593689820941,0
0.08040034169067499,0.15719329783072086,-0.06221728373324258,0
-0.11402158055653998,-0.022671261435138673,-0.02582541073179726,0
-0.0673166872269837,0.019248981528090868,0.08408263889264501,0
0.01350683065015519,-0.0615678343268966,0.07827071013884351,0
-0.1439798573866765,0.052805172701285485,0.09540104489375889,0
-0.02304181017114707,0.026583107519633643,0.09982510751328133,0
0.1368424041538037,0.05535197705170261,0.19334385050431088,0
0.04756265305369334,0.0035276479472157417,0.006442308587222755,0
-0.06318622339240039,-0.20553575952741557,-0.002694444121732939,0
-0.046605964921056446,-0.11750517765802007,0.009092992232938132,0
-0.12068023397426782,0.09665340848862582,0.037212536971195614,0
0.016216598239913938,-0.1898355869578779,-0.07855402551315842,0
-0.04933487947331778,0.16492224230461752,-0.12515931816331474,0
-0.09023106123046759,0.004114006996340941,0.013347176692117142,0
0.09826963633976532,-0.000802848987234085,-0.01099489220017363,0
-0.041498254362073314,-0.1070727904196116,-0.1656108705389746,0
-0.11488686564409677,0.10055624080604585,-0.21228808099649782,0
0.07995160743747697,-0.13211309074288338,-0.11113356555953435,0
-0.06644865528983855,0.12435599496316499,0.06638440081987533,0
0.205265445330362,-0.0008307252209782765,-0.012040928876711179,0
0.21794744311966396,0.05090963233094591,0.19329133480576985,0
-0.06507205393841699,-0.04487098003977724,0.08164919020657203,0
-0.12487142190908061,-0.014293116632580483,0.061726985433338516,0
-0.15745478376784247,0.16562765972971027,0.05478189313261417,0
0.10619928984734704,0.11613834313914209,0.05591230571749587,0
-0.0027859565040855867,0.12628423726802532,0.08120592400870341,0
-0.002320550150728877,0.0639496325875288,0.03973791399987173,0
0.07908244673301451,-0.09384749514869646,-0.16946150749413702,0
-0.12619985104866743,0.0037398602716458753,-0.06677900218465986,0
-0.0032824889590767135,0.10331938012255937,0.052608565167405856,0
-0.034118407985255554,-0.08087928372442879,-0.1052743289235688,0
0.13083888060263393,-3.98888827647503,-0.09865499506187674,1
-0.12209847855276612,-0.007065602730855585,-0.14780454035095358,0
-0.0015612096524264716,-0.14297876296250905,0.055403925330713415,0
0.18555996790581497,0.13171994035752535,-0.002739209478816462,0
-0.10156464352901101,0.19799342120610297,0.15183582828130998,0
0.03951844792764858,-0.03170578375195975,0.1120802678057552,0
0.015303465470760558,-0.011634739589504955,-0.14597882336597617,0
-0.014275169719449497,0.07982254712496488,-0.10536763264457333,0
0.08169261301809191,0.05555724873561527,-0.3481733212704466,0
-0.016759529416983818,-0.05740775595646819,-0.028561908383266263,0
-0.010415990729648352,0.23986436689047885,-0.26938802476028995,0
0.0851940558494346,0.026081571130245486,-0.12780114385666239,0
-0.05742815395830839,0.001092626820977497,0.06163040887010734,0
-0.09114299179572297,0.004988994384168964,0.10879535277140134,0
-0.04467488474877185,-0.15489253988739016,0.12242546214951047,0
0.005672219645437143,0.029225589273272724,-0.09715160711141972,0
-0.025498394362523547,0.14158054458101796,0.04726016339873505,0
0.03302997379636496,-0.162339441045521,-0.027943824223271914,0
0.03248590802300008,-0.13387394820129558,0.13729645737523877,0
0.05999571999808424,-0.07653545219407065,0.01482436107807057,0
0.17663297772602232,0.04964832649581601,0.16897245543630574,0
0.08497561660002312,-0.06639862413914638,-0.1725806249422409,0
-0.08821348101398657,-0.25034445326428995,0.2393080412878118,0
-0.21551531205524577,-0.02448774976754641,-0.0489500721963344,0
0.17021000556388144,0.010006863426234374,0.06471931245235739,0
-0.022943896517381237,-0.06073509707663978,0.0986332167292765,0
-0.016968421497250107,-0.011234099581967485,-0.07759427533652324,0
-0.006423411322606114,0.06213980829563951,-0.06171352940983841,0
-1.8390527873654044e-05,0.01963262957580938,-0.10176412082271352,0
-0.04198425485964761,0.009771675501226911,0.09023050229631951,0
-0.05652824275650129,0.049946318595295996,0.19412064861391823,0
0.15443571161474118,-0.0682283385672366,0.06900129734494005,0
-0.11395838892456223,-0.10602170525476087,-0.11961100777666141,0
-0.04285463392821281,0.09932489130084227,0.07436654802323098,0
0.03996316336029843,0.10226773727957872,0.06615135679315588,0
-0.04849073417875216,-0.06776393040995687,-0.028929467778604195,0
-0.04657086325922852,0.2119702996027104,-0.018759355019121075,0
0.10528475919478211,0.14024935115272769,0.04706359159835444,0
-0.09834414734445501,0.07831657292917628,0.18821969631394941,0
0.09240731654203034,0.010563480870831636,-0.1017316802706402,0
-0.14428099415699444,-0.015961806486489764,0.14993739486568433,0
-0.039038208199579066,-0.20184211318027026,-0.0742705862121045,0
0.06945055532045079,0.020231446702903822,-0.02166434968929113,0
0.07085681518155566,-0.004126662611196358,-0.02749561845239501,0
-0.05976003514743285,0.14288087303397587,-0.025198466875173756,0
0.015662857837030756,0.02572747226994094,-0.14253549876703048,0
-0.004502957631531691,-0.00019686159171419413,-0.06925995270788973,0
-0.059995161357221286,-0.14158423700753708,0.06659174605583172,0
0.10991049344890642,-0.013437491859184914,-0.022950682508819993,0
0.009444451782360195,-3.9643264251008277,-0.008277677869650389,1
-0.055033562122388524,0.12580797776598443,0.08687574080463822,0
-0.05054818496168483,0.06198680766349998,-0.0007267155990345933,0
-0.055894462908807965,0.0008828377413092,0.05864664504659942,0
0.15792385894086314,0.036803359374326404,-0.0035440597287381423,0
-0.12323384991215686,-0.040865026413045354,-0.050083621344778534,0
-0.028707878844911456,-0.06121808672305499,-0.037908831875471734,0
-0.08387349415498317,-0.014204716816911834,0.0965200083195868,0
-0.02616285009227731,-0.08857482476650075,0.04706204924259605,0
-0.0651864506898802,0.14052028283842644,-0.11441476017873456,0
0.039221733377560866,0.06878629592973197,-0.16031814194846405,0
-0.1884504205574823,0.037433048212906765,-0.07743684959000001,0
0.061745842803129204,-0.08185755167271204,-0.16397712707023984,0
-0.18039247243304185,-0.1777559752388528,-0.07747396249920296,0
0.029029424244620627,-0.11349232473828497,0.052567949822674445,0
-0.058680419504243624,0.15341091786106542,-0.06843552345300127,0
0.05727739339553453,0.1669382906992217,-0.11246336007829201,0
0.009136842987834029,0.008571648117788185,-0.031343033619121455,0
0.049804380835146767,0.01695387453673781,0.024784044872728964,0
-0.08055295770026977,0.07931927458540777,0.10597399841461204,0
0.14157535525998186,-0.20208555923026963,0.14951488666339682,0
0.004297408977771178,0.22130378474814574,0.07253828828560414,0
-0.09188293482134575,-0.10837295616479597,-0.08626473973427934,0
0.030571647464346503,-0.15773716524042874,0.016200304738430437,0
0.12678928951152077,0.04566675629630884,-0.008215910790496354,0
-0.19886450575382766,0.03689931954434874,0.023957952943370636,0
0.08495341600592678,0.08124948185297327,0.0009335743647080619,0
0.06772684775673173,0.014295607419475298,0.00412081616317926,0
0.016769529690973874,0.12723753971333215,0.04477661072667578,0
-0.047637834801549706,-0.02336050395862667,-0.06351301462009934,0
-0.027784444375402246,-0.05151878597845913,0.06725150525562759,0
0.05874486306333002,-0.0708257364071148,-0.04283384472385143,0
0.15984868042887326,0.007757560624833947,0.14605059897515774,0
0.01431541972590163,-0.009211367096658296,0.007734745612389639,0
0.07344100263899099,-0.07592529041659457,0.014518731136690097,0
0.0016830570468270819,0.03629300406749993,0.017168558425811397,0
-0.01746818478538364,-0.07601766031226109,0.06747533017161068,0
0.07978357225633033,0.12590052051048797,0.14375453503677257,0
0.028813784353904828,0.1439037801030713,0.16136030422788195,0
-0.10199437400439951,0.08633708513247976,-0.07366853082761617,0
-0.2503631570960435,-0.046768884773965236,-0.01005195024744825,0
-0.025579333876203966,0.09742181608321604,-0.0022922974354638876,0
-0.17937203235815888,-0.02825105331653585,0.02059343479018448,0
0.010326776511546547,-0.17174294146697444,-0.07144951515320096,0
-0.09835208534799966,0.0888908784784377,-0.05816814707387086,0
-0.050422484018471686,-0.07791695872870638,0.0248081707219806,0
-0.09783673725754209,0.05447963854795699,-0.19839023379379903,0
-0.16035376125065223,0.015152505631705235,0.14116556986947015,0
0.05649997447540961,0.07477636826431117,0.025177574623170697,0
-0.1220554676907719,0.027920562674355522,0.02485325885198942,0
0.015867619164190088,-0.09945687634863881,0.0807433847018506,0
-0.08430169793529209,-0.018015340663060056,-0.08837652941197434,0
0.10789794968842972,0.13088583734070575,-0.2045845367110645,0
0.04844075812261935,0.1366873926951324,-0.019891306744009154,0
-0.057305136348835065,0.08119299284663503,-0.07375672339101928,0
-0.007715721562720854,-0.05377340724441451,-0.042464983429767116,0
0.1933666218597028,0.11551425178263547,-0.024592297682090137,0
-0.108950206702524,-0.03574093482033391,-0.09095812161513081,0
0.026030472239867014,0.03502571033889096,-0.004270576773560086,0
-0.02271006687811224,-0.07082022325368803,-0.06097641877360946,0
0.13454085447819059,-0.13308295541818824,-0.016438751073183194,0
-0.07305387577474647,0.05868734250068802,-0.0324948769562356,0
-0.14271045102293958,0.023280530576585187,-0.037864533544744255,0
-0.0680278976776109,0.09198487456635836,0.09291943930113511,0
-0.15831281256488466,-0.1450477808857093,-0.032775097821595205,0
0.10567801938143523,-0.18795607068911405,0.03097251527919159,0
-0.041714521876036255,0.013014538362594811,0.14199385009168997,0
0.08038413551389,0.1251853645947756,-0.13102587281782227,0
0.14055194470773977,0.09128078679408184,-0.035962285155053286,0
0.17151781897583687,0.05943010638059151,0.10218652290701491,0
0.09124916123207254,-0.07289582321357949,-0.14331426455618287,0
0.28275650255763124,-0.11979917062749353,0.09247442749521328,0
0.14943171637216665,0.055991438755749204,0.04389548199125696,0
0.003207135762316841,0.09828308292137114,0.15161714183125097,0
-0.12776296301287504,-0.024707990893812967,0.03621435303369942,0
-0.02437065873212836,-0.04865546964775822,0.07641530430804112,0
0.2174632071902054,0.24346093856987794,0.09137022080200204,0
-0.05942795001102152,-0.02241276248907201,0.03630170799485943,0
-0.011150654252595656,0.15734871787138338,0.04243806324348004,0
0.04928201850809586,-0.10412823759119577,-0.0048839736228319134,0
0.1054921028123667,-0.08092320455871053,-0.011737155693405657,0
-0.002082364961315444,0.12304344010286979,-0.003161739792023478,0
-0.17818518417475696,-0.0031564862321872772,-0.10401832004848435,0
0.21992343156985733,0.06487738049381611,-0.17008205999125828,0
0.1291416358322132,0.09063580924257877,-0.0036890240454276325,0
-0.05640260040310269,-0.12545044165463576,-0.06254944508305257,0
0.11174647666636234,0.10192636686254067,0.05433804885787789,0
-0.06746178447315071,-0.08271113625488413,-0.18083751461211808,0
-0.0205599346575315,-0.02841990183015731,-0.005500633677619034,0
0.015065097289757507,0.1158298027374616,-0.2051574712423049,0
0.04919350100040656,-0.026867643048211348,-0.07042604981354725,0
0.227601583124091,0.018172527479208566,-0.10948775898248837,0
-0.1294813991062201,0.06359259911271216,0.08441670826200708,0
0.004847818684567284,-0.025648678175794016,0.12845741590168977,0
-0.005192261084077825,-0.21383400942133696,0.039666461192226554,0
-0.03835031307366845,0.16060593500430073,-0.10737208798817342,0
-0.03339812955882057,0.14820493277722185,0.2218775022714027,0
-0.11538775745383267,0.1280044013741845,-0.03810842484361515,0
0.11372449351576482,0.024249596555620083,-0.08540869068675709,0
0.20351864463458214,-0.04920347793466018,-0.13910227460753175,0
0.11823216880745557,-0.03486970285022845,-0.10994612832182896,0
-0.03572230277019533,0.052628757533177,-0.039931421479271534,0
0.13346364718050793,-0.1529273655722658,-0.0075983167090783055,0
-0.12171997139965232,-0.08677121293067114,0.07272623735299107,0
0.14061919034822518,0.04107840495731597,0.017882103251631472,0
0.10092813210560617,0.09121259411813692,0.07130118263997455,0
-0.0008724040609508063,0.23265638115867518,0.0926940508865538,0
0.018333620255703478,0.02635059967752656,-0.06396806211128801,0
0.10689675765287904,-0.03248401165856839,-0.3125625380047173,0
-0.0427946275471694,0.01060688358879145,0.08582341686699178,0
-0.10622002314873175,-0.03933536833310565,0.11871020067496646,0
-0.1010659504121668,-0.07472400976151891,-0.023253902053856926,0
-0.1090779107691033,0.14318424094275853,0.18184861191182686,0
0.12766859075459322,0.026659616081396283,0.10126865499577489,0
0.06772699283656836,-0.13117988327733096,-0.036748722568556734,0
0.11735327592296033,0.10798758821664284,0.11193681182539253,0
-0.05610208957536511,-0.08155797720502068,0.09569139806807458,0
-0.022938025131136432,-0.03610773690818537,-0.09451404595954549,0
-0.24411723518639838,0.10383698005546649,0.006741009626960642,0
0.16128466399391894,-0.030903088367212013,-0.18755487538124196,0
0.15632318009954857,0.01988334191963022,0.12040900006646349,0
-0.15954128825319022,-0.027583957705427816,0.10011227319360677,0
-0.0463152512372478,-0.002206818061391144,-0.05987424628642338,0
0.05029205656562744,0.0631265996215147,0.07376840410351837,0
0.05742116496460558,-0.12510264203589802,-0.11703445885308406,0
0.14352872778155842,-0.11618512840058011,0.055145338735798105,0
0.03169687362062625,0.029814406750513025,-0.024313078474473296,0
-0.0037901482596254215,-0.06729647888499464,0.011935330798893395,0
-0.12392906657241468,-0.0852919585250935,0.001574869915543572,0
-0.02285724401661345,0.03962559397844295,0.16596240932157513,0
-0.05147871379729646,-0.031246762098798744,0.0041191351452424555,0
-0.04600345515977697,0.09373839420962597,-0.08221149246374232,0
-0.044566389089045075,-0.004807559631859875,0.01706955141217967,0
-0.10720476171239005,0.2396671897598871,-0.006573661900018133,0
-0.17965236618422922,0.04398902825441522,0.03725789835954633,0
0.02780013731443586,0.01123548106956641,-0.0050462946250055185,0
-0.1247758767791283,-0.011586235556234156,0.05366208419680109,0
0.029658561515984835,0.19809908690690833,0.04069529866660649,0
0.1655996995160203,0.13760707133595254,-0.0210314606365153,0
0.08572475667321704,-0.09750095904925023,-0.038059752593555804,0
0.04103352152542123,0.10215649718693041,-0.09987545879267525,0
-0.09578083129612348,0.05624172913804644,0.11575223803690166,0
0.11699196055896571,-0.0015847133757682552,0.01718618864014852,0
-0.06986941328443537,-0.06378531548385216,-0.07080304526983298,0
0.16067222729031475,-0.11818108342917107,-0.034491310035661575,0
-0.000377533747799682,0.2860548115452816,-0.14554696093739494,0
-0.023038518534142866,0.09269362250251334,0.10651012887762884,0
-0.1371284809437474,0.041087553665876686,-0.005166542004339043,0
-0.060186635066058196,0.2567830426522257,0.007449959246391838,0
-0.21868906892910447,0.017464707744100805,0.0824441389689899,0
-0.0092746237985017,-0.0738495248393773,0.15321222286752692,0
-0.1632351379974884,0.06456237347178771,-0.06566086322962862,0
-0.14434417544073286,-0.12071648929740826,-0.04227739368543575,0
-0.05616169057344986,0.054560103767096024,0.046459828355580546,0
-0.22116922908461906,-0.013532381196226018,0.09980353415327559,0
-0.0019059089350109129,-0.05251395590805755,0.13535831429586467,0
-0.13659694790682053,0.11477635809592904,4.078616567735464,1
0.1313561079266911,-0.14495109648274088,-0.06414974385346366,0
0.07893718107865381,0.04770145904366725,0.0425317342173579,0
0.010764534934654606,-0.046057990970907785,-0.048599651848939905,0
0.059052237876946814,0.2551986065314407,-0.10313799294179438,0
0.07685609912494211,-0.05963567932943328,-0.04031901999447865,0
-0.10817047117583745,-0.044147926110337556,0.21018735976881522,0
0.0016053214041857446,0.12767740576086956,-0.07164197365926732,0
-0.054647850785521285,-0.1391666909382869,0.23084339060089418,0
0.16353704467163205,-0.012283060508127244,-0.003858075295255953,0
0.0024831003493574356,-0.07884336968260214,0.042958571988567375,0
-0.06085963949014459,0.008473858233598405,-0.019257969818739624,0
-0.10001359047242793,-0.0032428512994029206,0.0974655981943014,0
-0.1712106248497493,-0.007690608613775367,-0.07912419906198032,0
-0.002749768318984044,0.13798328339715793,0.10762352301235661,0
0.05661394349559737,0.1510912224880916,-0.002784050003976456,0
-0.07964308855593172,-0.09317425167247192,-0.06292504990748395,0
-0.060091178489794395,0.13870667472993883,-0.09549950526158038,0
0.024410116387424914,-0.12329822812359961,-0.17081336981339734,0
0.047923439264551455,0.10425822732711941,-0.06808866797276833,0
0.15939717404574033,0.06820766299976583,-0.005836447028710172,0
0.03171849624613349,0.020960644231621237,-0.11195936183908291,0
-0.09473612828936116,0.149157905658318,-0.11096565984400118,0
-0.05626916482297745,-0.043837620205017955,-0.06400001170489808,0
-0.11882818471084605,0.013330467581271328,0.03966358516551693,0
0.06768513587937001,0.01677033055622503,0.040411595491780666,0
-0.006554267599468657,-0.03601611951979478,0.09603835384434861,0
0.01165084445631337,-0.0848008791483394,0.011035735815056869,0
0.02416255138450199,-0.07943356288091408,0.06474284880076438,0
-0.07248256104765964,-0.017996093310138277,-0.003985474179439514,0
0.24644346631692648,0.12721275370636156,0.02880729242028734,0
-0.06864768495592187,0.16708337638936224,-0.1325406179059387,0
0.017119194210816657,0.00967034555636409,0.05374400908426938,0
-0.05125026432872964,-0.21168855522064228,0.19639671617997162,0
0.16292108938840277,-0.10101424418818049,-0.016596558959691473,0
0.039893486547096756,0.14696531193990872,0.015623207756238336,0
-0.06442977789612596,-0.09511380478367143,0.06702544141146433,0
-0.07474219426477023,-0.1859980830477547,-0.053244421442756776,0
0.04288491913774924,0.27045982317682066,-0.07701119233754193,0
-0.017077911800573338,-0.07025310691112364,0.034006510214354135,0
0.08976796230907912,-0.04558010821029326,-0.05427548947350746,0
0.0016860108748665262,-0.038290877946658336,-0.007372139134104932,0
0.03166752429808701,0.19825813465356554,0.14595312655098108,0
-0.020819578309914866,0.045815584546466996,0.04155024652787747,0
-0.05594095987689782,0.09717371414176718,-0.014608238187284479,0
-0.021330215175920944,-0.06561951453229366,-0.10433728647848922,0
0.1155406814582686,-0.15076286849352885,-0.0057087849472883855,0
0.030788492626619996,0.014658115100125595,0.11977819549978218,0
-0.07088650651013761,0.03080099500725746,0.08820002337702994,0
4.10149206761782,0.06469981916069795,0.06569631661062257,1
-0.15056125589380404,-0.0001765056780700313,-0.07130325819420122,0
0.09948505430609954,-0.2272480877363651,-0.010139991977409987,0
0.03560905829940188,0.08402716703760009,-0.0006659501961411723,0
-0.09134298486390346,-0.09211419614819016,-0.05326035217970378,0
-0.1345566096739812,0.02916821725954549,-0.06974386409539078,0
0.019667971116012584,-0.1201786537171814,-0.01624747880982152,0
-0.12171966006373602,-0.05195761905585705,-0.11270969833833265,0
0.10883351330255664,-0.10559970517379136,-0.15212219248868109,0
-0.0689243568835837,0.04023588989679268,-0.3096928789264462,0
-0.07005636429293775,0.06395577960034937,0.05534975383760228,0
0.07491603676626805,0.13920857963837305,-0.0025271241628534126,0
0.04524279998825593,0.007488722703565345,0.10049261713015965,0
0.13189486861279942,-0.07210970502946991,0.12965942674157524,0
0.0159054321455792,0.10816795074370378,-0.019352437055124252,0
0.00016705190584203128,0.07516841938084222,-0.10137834483622499,0
0.2359260214250393,0.07139354677996203,0.04133084481381023,0
0.11798856428948078,0.0177401181817752,-0.12957323586652345,0
-0.07044630581705705,0.17809871422452808,-0.005473723474584715,0
-0.08302566361086472,0.05628827188802489,0.08989421715731653,0
0.026148407381014035,0.012571585701970318,0.11878280495162995,0
-0.16477016920853527,-0.0017384681344456004,-0.06981964278999833,0
0.14605648860533973,0.1867840074313671,-0.01873220900041283,0
0.08636682868734769,0.0031597374478325143,0.009774902397498886,0
0.017483587342724403,-0.20241384627532094,-0.10060662383077107,0
-0.12620403738706196,0.07349610247367498,-0.028334484119194404,0
-0.08232219361774501,-0.14152172140747082,0.1177423806200346,0
0.041040098249866715,-0.1815608382898558,0.09279719555650046,0
-0.037167187814312955,0.07677216251944566,-0.031201957820520307,0
-0.008010488808090813,0.14938515951790496,0.051686896761075456,0
0.0013272525643871435,0.10298466496970363,0.12767477763889565,0
-0.0771182497939848,-0.08475698000296705,0.026713159225876356,0
-0.21257165851349585,0.25892850793966743,0.05571056449290941,0
0.03919719937523538,-0.015361655350522028,0.05445633787295026,0
0.02288274093820152,0.1003414840787029,-0.09967298396637514,0
-0.010864956007367345,-0.09510688130161482,-0.033921386712212065,0
0.07141384395212357,-0.05145090195225767,0.05561092507369711,0
-0.022326788551166425,0.0593518169988315,0.057626895452271856,0
0.15432827492931994,0.03664811945462517,0.03911786604644044,0
-0.12492062899795811,-0.013139292099050626,0.017499189404627993,0
0.06369785596027225,-0.12262533689626753,-0.0505928611069469,0
-0.038156122087808414,-0.0379285105045741,-0.033211704840170594,0
-0.0666677336248189,0.16268804085119395,-0.0628730132713161,0
0.00608124141426045,0.03073448750406839,0.015958056570023367,0
0.1067244944885058,-0.11749939433442587,0.12635869783021964,0
0.0024980878622735403,-0.056287507261287596,0.011779728752523679,0
0.06892994113616976,0.2165252494187759,-0.06271462658096195,0
0.0770373930504458,-0.11901731461122306,-0.0325171177821609,0
-0.314683822947646,-0.08298579288362279,-0.012192138881328016,0
-0.01989176539462967,-0.10701513463400195,0.1461195505125039,0
-0.0675728019759513,-0.06503926314907751,0.11417683612373189,0
0.16584596095144788,0.1555311719639257,0.25166849131157837,0
-0.05203449801689086,0.016121577562142202,0.1240837246887005,0
0.005228392715165653,-0.03936340629760566,-0.0384967427230652,0
0.066933024108994,-0.06494615218971829,0.02167999867148643,0
0.15336458562568153,0.018447824592887553,0.013478704543382748,0
-0.026883385038751303,0.022889133171873594,0.009702316636460708,0
0.14056841173191836,-0.017506879978076897,0.07171315397513102,0
0.015488114539192242,-0.11691524581163266,-0.10873520448872626,0
0.08780534541735066,-0.035709207180689304,-0.07080396079952873,0
0.11724909610743753,-0.004700409735160369,0.13868878584881733,0
0.04560512478353121,-0.007026916702047793,0.06314281778456668,0
-0.028341195369808805,0.018773475452871193,0.02865815025783779,0
0.14939187700736692,-0.04207377366547096,-0.022073222760907885,0
-0.08829441484751441,0.036213656935491355,0.0752035686919327,0
-0.22460237462930965,0.022803966073153003,-0.05284121195645783,0
0.03160226904813119,-0.1272898010543535,0.13260867230682463,0
-0.05875260740980592,-0.04846067810066418,-0.09935075423455327,0
-0.027337691009431144,0.10433102477264827,0.16930869031042858,0
0.0002271290917490048,0.005246318858384356,0.08368125456337394,0
0.04045279601623397,-0.07670050679243332,0.003938757641015322,0
0.09959663046437907,0.07203409292982488,-0.05216410348248878,0
-0.017187050237357584,0.0004905400759924317,-0.009585965426206598,0
0.046270680601120474,-0.06443726937789383,-0.07200079388426037,0
0.014340708133716452,-0.09907263081213633,-0.07989550457556766,0
